timestamp,temperature,humidity,pressure
2021-01-01 03:00:00,5.2,100,1020.5
2021-01-01 06:00:00,6.6,100,1021.6
2021-01-01 09:00:00,10.2,92,1018.7
2021-01-01 12:00:00,10.6,92,1017.2
2021-01-01 16:00:00,8.0,91,1018.3
2021-01-01 17:00:00,5.3,97,1018.7
2021-01-01 18:00:00,4.2,99,1018.6
2021-01-01 19:00:00,4.0,99,1018.4
2021-01-01 20:00:00,4.0,100,1018.2
2021-01-01 21:00:00,4.2,100,1018.1
2021-01-01 22:00:00,4.7,99,1017.9
2021-01-01 23:00:00,4.9,99,1018.0
2021-01-02 00:00:00,5.3,99,1017.7
2021-01-02 01:00:00,5.1,99,1018.1
2021-01-02 02:00:00,5.6,99,1018.5
2021-01-02 03:00:00,8.8,100,1019.8
2021-01-02 04:00:00,9.7,88,1019.9
2021-01-02 05:00:00,11.9,81,1020.5
2021-01-02 06:00:00,11.8,88,1020.2
2021-01-02 07:00:00,14.2,71,1018.6
2021-01-02 08:00:00,14.1,71,1017.6
2021-01-02 09:00:00,12.8,88,1016.4
2021-01-02 10:00:00,15.0,69,1016.2
2021-01-02 11:00:00,14.4,78,1015.8
2021-01-02 12:00:00,13.6,88,1015.0
2021-01-02 13:00:00,12.5,89,1015.4
2021-01-02 14:00:00,11.6,92,1015.4
2021-01-02 15:00:00,11.7,91,1015.7
2021-01-02 16:00:00,10.9,93,1016.3
2021-01-02 17:00:00,11.6,91,1016.1
2021-01-02 18:00:00,11.0,93,1016.0
2021-01-02 19:00:00,11.5,90,1015.9
2021-01-02 20:00:00,11.6,88,1015.4
2021-01-02 21:00:00,11.9,87,1015.4
2021-01-02 22:00:00,9.6,94,1014.9
2021-01-02 23:00:00,10.7,90,1014.3
2021-01-03 00:00:00,11.0,90,1014.3
2021-01-03 01:00:00,11.8,87,1014.4
2021-01-03 02:00:00,12.0,88,1014.9
2021-01-03 03:00:00,12.8,88,1015.3
2021-01-03 04:00:00,13.5,86,1015.9
2021-01-03 05:00:00,14.9,82,1016.5
2021-01-03 06:00:00,16.6,72,1015.4
2021-01-03 07:00:00,16.5,84,1014.9
2021-01-03 08:00:00,17.0,85,1014.6
2021-01-03 09:00:00,19.0,68,1014.1
2021-01-03 10:00:00,17.8,85,1013.5
2021-01-03 11:00:00,17.3,90,1013.4
2021-01-03 12:00:00,18.4,78,1013.2
2021-01-03 13:00:00,14.5,95,1014.1
2021-01-03 14:00:00,14.8,93,1014.7
2021-01-03 15:00:00,15.0,91,1014.9
2021-01-03 16:00:00,14.9,91,1015.2
2021-01-03 17:00:00,14.5,94,1015.8
2021-01-03 18:00:00,14.5,93,1015.9
2021-01-03 19:00:00,14.0,95,1015.9
2021-01-03 20:00:00,14.4,95,1015.7
2021-01-03 21:00:00,14.4,95,1015.6
2021-01-03 22:00:00,14.3,96,1015.6
2021-01-03 23:00:00,14.6,95,1015.5
2021-01-04 00:00:00,14.7,95,1015.7
2021-01-04 01:00:00,14.2,96,1016.4
2021-01-04 02:00:00,13.8,96,1016.9
2021-01-04 03:00:00,14.0,93,1017.9
2021-01-04 04:00:00,16.1,90,1018.3
2021-01-04 05:00:00,17.4,84,1018.7
2021-01-04 06:00:00,18.8,72,1018.3
2021-01-04 07:00:00,18.3,82,1017.1
2021-01-04 08:00:00,18.8,80,1016.2
2021-01-04 09:00:00,21.8,66,1016.7
2021-01-04 10:00:00,17.7,90,1015.7
2021-01-04 11:00:00,17.5,90,1015.7
2021-01-04 12:00:00,20.2,76,1014.9
2021-01-04 13:00:00,16.0,92,1016.0
2021-01-04 14:00:00,15.6,93,1016.0
2021-01-04 15:00:00,14.9,94,1016.4
2021-01-04 16:00:00,14.9,93,1016.5
2021-01-04 17:00:00,14.7,94,1016.7
2021-01-04 18:00:00,14.2,94,1016.5
2021-01-04 19:00:00,14.2,94,1015.7
2021-01-04 20:00:00,13.6,94,1015.3
2021-01-04 21:00:00,13.0,95,1015.1
2021-01-04 22:00:00,14.3,93,1015.4
2021-01-04 23:00:00,14.4,92,1015.0
2021-01-05 00:00:00,14.2,92,1014.9
2021-01-05 01:00:00,14.1,93,1015.3
2021-01-05 02:00:00,13.8,93,1016.0
2021-01-05 03:00:00,14.2,89,1016.6
2021-01-05 04:00:00,15.6,87,1016.7
2021-01-05 05:00:00,16.7,82,1017.4
2021-01-05 06:00:00,19.0,66,1017.1
2021-01-05 07:00:00,17.1,84,1016.3
2021-01-05 08:00:00,17.7,84,1015.8
2021-01-05 09:00:00,19.0,68,1014.8
2021-01-05 10:00:00,17.2,87,1014.9
2021-01-05 11:00:00,16.4,90,1014.4
2021-01-05 12:00:00,16.0,90,1014.6
2021-01-05 13:00:00,15.6,88,1014.3
2021-01-05 14:00:00,15.4,89,1015.0
2021-01-05 15:00:00,14.8,87,1014.9
2021-01-05 16:00:00,14.9,84,1015.3
2021-01-05 17:00:00,14.7,85,1015.3
2021-01-05 18:00:00,14.7,85,1015.2
2021-01-05 19:00:00,14.3,90,1014.9
2021-01-05 20:00:00,14.2,91,1014.5
2021-01-05 21:00:00,14.3,92,1014.5
2021-01-05 22:00:00,14.8,93,1014.6
2021-01-05 23:00:00,14.3,95,1014.8
2021-01-06 00:00:00,12.2,94,1014.8
2021-01-06 01:00:00,12.6,94,1015.5
2021-01-06 02:00:00,13.2,95,1016.3
2021-01-06 03:00:00,13.8,97,1017.1
2021-01-06 04:00:00,14.4,95,1017.8
2021-01-06 05:00:00,15.2,94,1018.1
2021-01-06 06:00:00,16.4,85,1017.5
2021-01-06 07:00:00,15.9,93,1016.9
2021-01-06 08:00:00,17.1,83,1016.4
2021-01-06 09:00:00,19.4,72,1014.8
2021-01-06 10:00:00,17.3,80,1015.5
2021-01-06 11:00:00,16.5,87,1015.3
2021-01-06 12:00:00,18.0,80,1014.8
2021-01-06 13:00:00,14.1,97,1016.0
2021-01-06 14:00:00,13.5,99,1016.4
2021-01-06 15:00:00,12.4,100,1016.6
2021-01-06 16:00:00,12.6,99,1016.7
2021-01-06 17:00:00,12.4,99,1016.6
2021-01-06 18:00:00,12.3,99,1016.7
2021-01-06 19:00:00,11.9,98,1016.5
2021-01-06 20:00:00,11.4,99,1016.4
2021-01-06 21:00:00,11.0,99,1016.1
2021-01-06 22:00:00,10.5,99,1015.8
2021-01-06 23:00:00,10.4,100,1015.4
2021-01-07 00:00:00,12.0,100,1015.2
2021-01-07 01:00:00,12.0,100,1015.5
2021-01-07 02:00:00,11.9,99,1016.0
2021-01-07 03:00:00,12.8,88,1017.1
2021-01-07 04:00:00,12.7,97,1017.0
2021-01-07 05:00:00,13.8,95,1017.2
2021-01-07 06:00:00,13.0,97,1017.4
2021-01-07 07:00:00,16.8,80,1015.7
2021-01-07 08:00:00,17.6,74,1014.9
2021-01-07 09:00:00,14.8,87,1015.2
2021-01-07 10:00:00,17.8,71,1013.7
2021-01-07 11:00:00,16.8,77,1013.5
2021-01-07 12:00:00,14.0,91,1014.0
2021-01-07 13:00:00,12.7,91,1013.9
2021-01-07 14:00:00,11.6,93,1014.4
2021-01-07 15:00:00,10.4,95,1014.6
2021-01-07 16:00:00,11.0,90,1015.0
2021-01-07 17:00:00,10.1,94,1014.8
2021-01-07 18:00:00,10.3,94,1014.8
2021-01-07 19:00:00,9.9,96,1014.5
2021-01-07 20:00:00,10.2,97,1014.3
2021-01-07 21:00:00,10.0,98,1014.0
2021-01-07 22:00:00,9.8,99,1013.6
2021-01-07 23:00:00,9.5,99,1013.3
2021-01-08 00:00:00,8.2,99,1013.6
2021-01-08 01:00:00,8.1,99,1014.1
2021-01-08 02:00:00,8.1,99,1014.9
2021-01-08 03:00:00,11.0,100,1016.1
2021-01-08 04:00:00,10.2,98,1017.0
2021-01-08 05:00:00,11.1,97,1017.8
2021-01-08 06:00:00,15.2,81,1017.1
2021-01-08 07:00:00,15.1,75,1016.5
2021-01-08 08:00:00,16.6,62,1015.4
2021-01-08 09:00:00,17.4,57,1014.3
2021-01-08 10:00:00,16.7,61,1014.5
2021-01-08 11:00:00,16.0,67,1014.3
2021-01-08 12:00:00,15.2,74,1014.0
2021-01-08 13:00:00,11.7,78,1014.6
2021-01-08 14:00:00,11.1,82,1015.1
2021-01-08 15:00:00,10.2,89,1015.6
2021-01-08 16:00:00,9.0,92,1016.0
2021-01-08 17:00:00,7.6,95,1016.6
2021-01-08 18:00:00,7.2,94,1016.6
2021-01-08 19:00:00,7.1,94,1016.7
2021-01-08 20:00:00,7.1,94,1016.7
2021-01-08 21:00:00,7.1,94,1016.8
2021-01-08 22:00:00,7.3,94,1016.6
2021-01-08 23:00:00,7.7,94,1016.3
2021-01-09 00:00:00,7.3,95,1016.3
2021-01-09 01:00:00,9.2,96,1016.7
2021-01-09 02:00:00,9.3,96,1017.2
2021-01-09 03:00:00,11.6,92,1018.0
2021-01-09 04:00:00,12.0,85,1018.5
2021-01-09 05:00:00,13.5,81,1018.9
2021-01-09 06:00:00,12.6,84,1019.2
2021-01-09 07:00:00,16.4,68,1017.5
2021-01-09 08:00:00,17.1,65,1016.5
2021-01-09 09:00:00,14.0,80,1016.4
2021-01-09 10:00:00,17.0,67,1015.2
2021-01-09 11:00:00,16.1,73,1015.0
2021-01-09 12:00:00,12.6,88,1015.9
2021-01-09 13:00:00,11.9,88,1015.5
2021-01-09 14:00:00,11.1,90,1015.9
2021-01-09 15:00:00,10.3,92,1016.3
2021-01-09 16:00:00,9.5,93,1016.5
2021-01-09 17:00:00,8.7,94,1017.0
2021-01-09 18:00:00,8.0,95,1017.0
2021-01-09 19:00:00,7.5,95,1017.0
2021-01-09 20:00:00,7.2,96,1016.8
2021-01-09 21:00:00,7.0,96,1016.7
2021-01-09 22:00:00,6.7,97,1016.4
2021-01-09 23:00:00,6.5,96,1016.4
2021-01-10 00:00:00,6.1,97,1016.4
2021-01-10 01:00:00,5.4,100,1017.1
2021-01-10 02:00:00,6.0,99,1017.8
2021-01-10 03:00:00,8.6,86,1018.9
2021-01-10 04:00:00,7.8,97,1019.1
2021-01-10 05:00:00,8.8,97,1019.5
2021-01-10 06:00:00,10.2,82,1019.6
2021-01-10 07:00:00,12.1,85,1018.2
2021-01-10 08:00:00,13.3,79,1017.0
2021-01-10 09:00:00,12.4,74,1016.8
2021-01-10 10:00:00,14.8,70,1015.2
2021-01-10 11:00:00,14.2,73,1014.9
2021-01-10 12:00:00,11.0,88,1015.8
2021-01-10 13:00:00,10.0,90,1015.2
2021-01-10 14:00:00,9.4,92,1015.8
2021-01-10 15:00:00,9.1,93,1016.1
2021-01-10 16:00:00,8.8,93,1016.4
2021-01-10 17:00:00,9.4,95,1017.2
2021-01-10 18:00:00,9.1,94,1016.9
2021-01-10 19:00:00,8.3,93,1016.5
2021-01-10 20:00:00,7.7,91,1016.3
2021-01-10 21:00:00,7.5,91,1016.1
2021-01-10 22:00:00,6.9,93,1016.0
2021-01-10 23:00:00,6.0,96,1015.8
2021-01-11 00:00:00,5.1,98,1015.7
2021-01-11 01:00:00,4.5,99,1016.1
2021-01-11 02:00:00,5.5,96,1017.0
2021-01-11 03:00:00,9.2,87,1017.8
2021-01-11 04:00:00,10.1,87,1018.5
2021-01-11 05:00:00,12.0,81,1019.0
2021-01-11 06:00:00,11.6,76,1019.6
2021-01-11 07:00:00,14.3,72,1018.0
2021-01-11 08:00:00,15.2,70,1017.1
2021-01-11 09:00:00,14.4,62,1017.0
2021-01-11 10:00:00,16.4,65,1015.5
2021-01-11 11:00:00,15.5,71,1015.5
2021-01-11 12:00:00,10.6,80,1016.3
2021-01-11 13:00:00,11.8,83,1016.0
2021-01-11 14:00:00,10.4,89,1016.5
2021-01-11 15:00:00,10.0,91,1016.7
2021-01-11 16:00:00,9.3,92,1016.9
2021-01-11 17:00:00,8.4,94,1017.0
2021-01-11 18:00:00,7.6,96,1017.6
2021-01-11 19:00:00,7.2,97,1017.3
2021-01-11 20:00:00,6.7,98,1017.3
2021-01-11 21:00:00,6.3,99,1017.0
2021-01-11 22:00:00,6.4,100,1016.8
2021-01-11 23:00:00,7.3,100,1016.7
2021-01-12 00:00:00,7.5,100,1016.5
2021-01-12 01:00:00,7.6,100,1016.7
2021-01-12 02:00:00,6.9,96,1017.8
2021-01-12 03:00:00,7.8,94,1018.9
2021-01-12 04:00:00,8.2,98,1019.0
2021-01-12 05:00:00,9.3,98,1019.3
2021-01-12 06:00:00,10.8,75,1019.1
2021-01-12 07:00:00,12.2,87,1017.6
2021-01-12 08:00:00,13.4,82,1016.5
2021-01-12 09:00:00,14.4,63,1016.3
2021-01-12 10:00:00,14.4,74,1015.4
2021-01-12 11:00:00,13.6,77,1015.2
2021-01-12 12:00:00,14.2,67,1015.0
2021-01-12 13:00:00,9.8,94,1015.3
2021-01-12 14:00:00,8.7,95,1015.9
2021-01-12 15:00:00,7.9,97,1016.3
2021-01-12 16:00:00,7.5,97,1016.6
2021-01-12 17:00:00,6.7,98,1016.6
2021-01-12 18:00:00,5.6,100,1017.3
2021-01-12 19:00:00,5.5,100,1017.0
2021-01-12 20:00:00,6.1,100,1016.7
2021-01-12 21:00:00,6.2,100,1016.5
2021-01-12 22:00:00,6.7,98,1016.1
2021-01-12 23:00:00,6.8,98,1015.7
2021-01-13 00:00:00,6.5,99,1015.8
2021-01-13 01:00:00,6.2,99,1016.2
2021-01-13 02:00:00,6.7,99,1017.2
2021-01-13 03:00:00,8.2,95,1018.3
2021-01-13 04:00:00,7.6,97,1018.9
2021-01-13 05:00:00,8.7,96,1019.2
2021-01-13 06:00:00,9.2,84,1018.5
2021-01-13 07:00:00,12.5,83,1017.0
2021-01-13 08:00:00,14.4,75,1015.7
2021-01-13 09:00:00,11.8,76,1015.4
2021-01-13 10:00:00,15.5,65,1013.6
2021-01-13 11:00:00,14.7,71,1013.3
2021-01-13 12:00:00,10.2,87,1014.5
2021-01-13 13:00:00,10.0,90,1013.8
2021-01-13 14:00:00,9.0,92,1014.2
2021-01-13 15:00:00,7.7,94,1014.8
2021-01-13 16:00:00,6.7,95,1015.3
2021-01-13 17:00:00,7.6,94,1015.8
2021-01-13 18:00:00,6.2,97,1016.0
2021-01-13 19:00:00,4.6,100,1016.4
2021-01-13 20:00:00,4.6,100,1016.4
2021-01-13 21:00:00,4.9,100,1016.4
2021-01-13 22:00:00,5.6,99,1016.3
2021-01-13 23:00:00,5.8,99,1016.5
2021-01-14 00:00:00,6.0,99,1017.1
2021-01-14 01:00:00,6.1,99,1017.8
2021-01-14 02:00:00,6.0,99,1018.3
2021-01-14 03:00:00,5.2,100,1019.8
2021-01-14 04:00:00,6.9,98,1019.6
2021-01-14 05:00:00,8.0,95,1020.0
2021-01-14 06:00:00,7.8,100,1020.0
2021-01-14 07:00:00,11.5,83,1018.3
2021-01-14 08:00:00,13.2,76,1016.9
2021-01-14 09:00:00,10.8,90,1016.2
2021-01-14 10:00:00,14.4,70,1015.3
2021-01-14 11:00:00,14.6,69,1015.2
2021-01-14 12:00:00,11.0,88,1015.7
2021-01-14 13:00:00,12.7,77,1015.6
2021-01-14 14:00:00,11.3,83,1016.0
2021-01-14 15:00:00,10.7,86,1016.1
2021-01-14 16:00:00,10.5,87,1016.2
2021-01-14 17:00:00,9.7,91,1016.0
2021-01-14 18:00:00,8.3,96,1015.6
2021-01-14 19:00:00,7.7,97,1015.3
2021-01-14 20:00:00,7.6,98,1015.1
2021-01-14 21:00:00,7.4,98,1015.2
2021-01-14 22:00:00,7.2,99,1015.0
2021-01-14 23:00:00,6.6,100,1015.1
2021-01-15 00:00:00,6.2,100,1015.1
2021-01-15 01:00:00,6.4,100,1015.3
2021-01-15 02:00:00,6.0,100,1015.6
2021-01-15 03:00:00,7.6,100,1016.4
2021-01-15 04:00:00,8.0,99,1016.9
2021-01-15 05:00:00,9.0,98,1017.6
2021-01-15 06:00:00,9.8,95,1017.7
2021-01-15 07:00:00,12.5,83,1016.6
2021-01-15 08:00:00,13.8,77,1015.7
2021-01-15 09:00:00,13.4,84,1014.9
2021-01-15 10:00:00,14.8,71,1014.5
2021-01-15 11:00:00,15.2,70,1014.2
2021-01-15 12:00:00,12.6,88,1014.3
2021-01-15 13:00:00,9.5,90,1014.6
2021-01-15 14:00:00,8.7,89,1014.8
2021-01-15 15:00:00,8.1,89,1015.0
2021-01-15 16:00:00,6.9,93,1015.3
2021-01-15 17:00:00,6.0,96,1015.5
2021-01-15 18:00:00,5.6,98,1015.4
2021-01-15 19:00:00,5.1,100,1015.5
2021-01-15 20:00:00,5.2,100,1015.1
2021-01-15 21:00:00,6.0,100,1014.8
2021-01-15 22:00:00,6.4,95,1014.7
2021-01-15 23:00:00,6.4,99,1014.8
2021-01-16 00:00:00,6.4,99,1014.8
2021-01-16 01:00:00,6.4,99,1015.1
2021-01-16 02:00:00,6.5,99,1015.4
2021-01-16 03:00:00,8.2,100,1015.9
2021-01-16 04:00:00,7.5,98,1016.9
2021-01-16 05:00:00,8.1,98,1017.2
2021-01-16 06:00:00,10.0,97,1016.3
2021-01-16 07:00:00,10.6,92,1015.8
2021-01-16 08:00:00,11.5,88,1014.7
2021-01-16 09:00:00,11.4,88,1013.3
2021-01-16 10:00:00,12.8,83,1012.6
2021-01-16 11:00:00,12.7,83,1012.2
2021-01-16 12:00:00,10.6,92,1012.1
2021-01-16 13:00:00,9.7,96,1012.0
2021-01-16 14:00:00,9.1,97,1012.2
2021-01-16 15:00:00,8.9,98,1012.4
2021-01-16 16:00:00,8.6,98,1012.4
2021-01-16 17:00:00,8.3,98,1012.7
2021-01-16 18:00:00,7.8,99,1012.7
2021-01-16 19:00:00,7.8,99,1012.9
2021-01-16 20:00:00,8.3,100,1013.6
2021-01-16 21:00:00,8.2,100,1013.7
2021-01-16 22:00:00,7.7,100,1013.7
2021-01-16 23:00:00,7.8,100,1013.9
2021-01-17 00:00:00,7.9,99,1014.2
2021-01-17 01:00:00,7.9,98,1014.9
2021-01-17 02:00:00,7.9,99,1015.6
2021-01-17 03:00:00,7.8,100,1017.4
2021-01-17 04:00:00,9.7,94,1017.5
2021-01-17 05:00:00,10.7,91,1018.3
2021-01-17 06:00:00,10.0,90,1018.6
2021-01-17 07:00:00,12.5,82,1017.5
2021-01-17 08:00:00,13.7,76,1016.5
2021-01-17 09:00:00,15.2,72,1015.7
2021-01-17 10:00:00,15.7,69,1015.2
2021-01-17 11:00:00,15.3,74,1015.1
2021-01-17 12:00:00,15.0,76,1015.2
2021-01-17 13:00:00,10.2,92,1015.6
2021-01-17 14:00:00,9.2,94,1016.3
2021-01-17 15:00:00,8.7,95,1016.7
2021-01-17 16:00:00,9.0,94,1017.2
2021-01-17 17:00:00,9.3,94,1017.5
2021-01-17 18:00:00,9.4,94,1017.7
2021-01-17 19:00:00,9.3,94,1017.7
2021-01-17 20:00:00,8.4,95,1017.8
2021-01-17 21:00:00,7.8,96,1018.0
2021-01-17 22:00:00,7.4,96,1017.8
2021-01-17 23:00:00,7.3,97,1017.6
2021-01-18 00:00:00,7.0,97,1017.7
2021-01-18 01:00:00,6.9,97,1018.1
2021-01-18 02:00:00,6.9,97,1018.6
2021-01-18 03:00:00,10.0,100,1019.2
2021-01-18 04:00:00,11.6,88,1019.8
2021-01-18 05:00:00,14.7,82,1020.1
2021-01-18 06:00:00,14.0,78,1019.6
2021-01-18 07:00:00,17.8,72,1018.3
2021-01-18 08:00:00,18.6,69,1017.5
2021-01-18 09:00:00,17.8,62,1016.9
2021-01-18 10:00:00,19.0,68,1016.0
2021-01-18 11:00:00,18.5,72,1015.8
2021-01-18 12:00:00,17.6,72,1015.7
2021-01-18 13:00:00,13.7,90,1015.9
2021-01-18 14:00:00,12.8,90,1016.1
2021-01-18 15:00:00,12.5,89,1016.2
2021-01-18 16:00:00,11.8,90,1016.3
2021-01-18 17:00:00,11.0,91,1016.1
2021-01-18 18:00:00,10.7,91,1015.7
2021-01-18 19:00:00,9.8,93,1015.4
2021-01-18 20:00:00,8.4,97,1015.1
2021-01-18 21:00:00,9.9,96,1014.1
2021-01-18 22:00:00,9.6,96,1013.7
2021-01-18 23:00:00,8.8,96,1013.5
2021-01-19 00:00:00,8.2,96,1013.7
2021-01-19 01:00:00,7.8,96,1014.1
2021-01-19 02:00:00,8.0,96,1014.7
2021-01-19 03:00:00,9.4,95,1015.5
2021-01-19 04:00:00,12.8,83,1015.7
2021-01-19 05:00:00,15.7,76,1016.2
2021-01-19 06:00:00,14.4,72,1016.3
2021-01-19 07:00:00,18.6,66,1015.0
2021-01-19 08:00:00,19.3,63,1014.2
2021-01-19 09:00:00,21.0,42,1013.8
2021-01-19 10:00:00,19.3,64,1013.1
2021-01-19 11:00:00,18.3,72,1012.9
2021-01-19 12:00:00,18.8,63,1013.1
2021-01-19 13:00:00,13.4,90,1013.9
2021-01-19 14:00:00,12.6,91,1014.3
2021-01-19 15:00:00,11.8,92,1014.6
2021-01-19 16:00:00,11.0,93,1014.9
2021-01-19 17:00:00,10.2,95,1014.9
2021-01-19 18:00:00,9.6,96,1015.0
2021-01-19 19:00:00,9.2,96,1014.7
2021-01-19 20:00:00,9.0,96,1014.6
2021-01-19 21:00:00,9.1,96,1014.0
2021-01-19 22:00:00,8.9,96,1013.8
2021-01-19 23:00:00,8.7,96,1013.7
2021-01-20 00:00:00,8.4,96,1013.7
2021-01-20 01:00:00,8.0,96,1014.3
2021-01-20 02:00:00,7.3,97,1014.6
2021-01-20 03:00:00,9.8,97,1016.4
2021-01-20 04:00:00,11.7,87,1015.8
2021-01-20 05:00:00,14.1,81,1016.2
2021-01-20 06:00:00,14.2,71,1016.5
2021-01-20 07:00:00,17.5,67,1014.7
2021-01-20 08:00:00,18.3,63,1013.8
2021-01-20 09:00:00,18.4,50,1013.4
2021-01-20 10:00:00,18.5,62,1012.9
2021-01-20 11:00:00,17.7,69,1012.8
2021-01-20 12:00:00,16.2,58,1013.3
2021-01-20 13:00:00,12.5,88,1013.4
2021-01-20 14:00:00,10.7,94,1014.7
2021-01-20 15:00:00,9.9,97,1015.3
2021-01-20 16:00:00,9.5,97,1015.7
2021-01-20 17:00:00,8.9,97,1015.6
2021-01-20 18:00:00,9.3,96,1015.3
2021-01-20 19:00:00,8.9,96,1014.8
2021-01-20 20:00:00,8.2,97,1014.5
2021-01-20 21:00:00,7.6,97,1014.0
2021-01-20 22:00:00,7.5,98,1013.4
2021-01-20 23:00:00,7.6,97,1013.2
2021-01-21 00:00:00,7.7,96,1013.3
2021-01-21 01:00:00,7.2,95,1013.5
2021-01-21 02:00:00,6.3,96,1013.7
2021-01-21 03:00:00,7.8,100,1014.3
2021-01-21 04:00:00,10.6,86,1014.4
2021-01-21 05:00:00,13.4,75,1014.7
2021-01-21 06:00:00,12.2,88,1014.3
2021-01-21 07:00:00,17.0,61,1013.6
2021-01-21 08:00:00,17.9,57,1012.6
2021-01-21 09:00:00,18.6,46,1011.6
2021-01-21 10:00:00,17.9,57,1011.5
2021-01-21 11:00:00,16.8,66,1011.4
2021-01-21 12:00:00,18.6,36,1010.9
2021-01-21 13:00:00,11.1,84,1011.9
2021-01-21 14:00:00,9.9,89,1013.0
2021-01-21 15:00:00,8.7,92,1013.3
2021-01-21 16:00:00,9.0,91,1013.6
2021-01-21 17:00:00,10.4,88,1013.9
2021-01-21 18:00:00,9.8,91,1014.2
2021-01-21 19:00:00,9.2,92,1014.0
2021-01-21 20:00:00,8.0,94,1014.2
2021-01-21 21:00:00,5.6,98,1014.1
2021-01-21 22:00:00,5.1,98,1014.2
2021-01-21 23:00:00,5.1,97,1014.1
2021-01-22 00:00:00,4.8,98,1014.0
2021-01-22 01:00:00,4.8,98,1014.2
2021-01-22 02:00:00,4.7,98,1014.5
2021-01-22 03:00:00,9.2,100,1016.0
2021-01-22 04:00:00,10.9,85,1015.5
2021-01-22 05:00:00,13.8,78,1015.9
2021-01-22 06:00:00,10.8,97,1017.3
2021-01-22 07:00:00,17.3,65,1014.9
2021-01-22 08:00:00,18.2,62,1014.0
2021-01-22 09:00:00,13.8,82,1014.6
2021-01-22 10:00:00,18.3,63,1012.6
2021-01-22 11:00:00,17.4,71,1012.1
2021-01-22 12:00:00,14.6,80,1013.0
2021-01-22 13:00:00,13.3,87,1012.4
2021-01-22 14:00:00,12.4,87,1014.1
2021-01-22 15:00:00,12.0,88,1014.5
2021-01-22 16:00:00,11.7,88,1014.4
2021-01-22 17:00:00,11.5,88,1014.4
2021-01-22 18:00:00,11.1,90,1014.0
2021-01-22 19:00:00,11.1,90,1013.6
2021-01-22 20:00:00,11.1,90,1013.1
2021-01-22 21:00:00,11.2,89,1012.6
2021-01-22 22:00:00,11.1,91,1011.9
2021-01-22 23:00:00,11.0,91,1011.5
2021-01-23 00:00:00,11.2,91,1011.3
2021-01-23 01:00:00,11.0,91,1011.4
2021-01-23 02:00:00,10.9,91,1011.7
2021-01-23 03:00:00,12.8,86,1012.2
2021-01-23 04:00:00,13.4,81,1012.3
2021-01-23 05:00:00,15.2,75,1012.4
2021-01-23 06:00:00,17.0,61,1013.0
2021-01-23 07:00:00,17.7,65,1011.9
2021-01-23 08:00:00,18.2,65,1011.1
2021-01-23 09:00:00,18.4,59,1010.3
2021-01-23 10:00:00,18.2,70,1010.3
2021-01-23 11:00:00,17.8,75,1010.5
2021-01-23 12:00:00,17.0,74,1010.3
2021-01-23 13:00:00,14.6,91,1011.2
2021-01-23 14:00:00,14.5,89,1012.1
2021-01-23 15:00:00,14.0,96,1012.8
2021-01-23 16:00:00,13.9,96,1013.5
2021-01-23 17:00:00,12.6,97,1014.1
2021-01-23 18:00:00,11.6,97,1014.5
2021-01-23 19:00:00,10.5,97,1014.7
2021-01-23 20:00:00,9.6,98,1014.7
2021-01-23 21:00:00,9.1,99,1014.8
2021-01-23 22:00:00,8.5,99,1014.8
2021-01-23 23:00:00,10.4,100,1014.7
2021-01-24 00:00:00,10.4,100,1014.8
2021-01-24 01:00:00,10.5,99,1015.1
2021-01-24 02:00:00,10.5,100,1015.9
2021-01-24 03:00:00,9.8,95,1017.4
2021-01-24 04:00:00,11.1,98,1017.3
2021-01-24 05:00:00,11.6,95,1018.0
2021-01-24 06:00:00,12.0,85,1018.6
2021-01-24 07:00:00,14.1,72,1017.8
2021-01-24 08:00:00,14.9,69,1017.2
2021-01-24 09:00:00,14.2,74,1017.1
2021-01-24 10:00:00,15.4,64,1016.1
2021-01-24 11:00:00,15.0,67,1016.2
2021-01-24 12:00:00,12.4,84,1016.8
2021-01-24 13:00:00,10.3,89,1016.5
2021-01-24 14:00:00,9.8,91,1017.1
2021-01-24 15:00:00,9.1,92,1017.9
2021-01-24 16:00:00,8.3,93,1018.3
2021-01-24 17:00:00,7.7,94,1018.3
2021-01-24 18:00:00,7.3,95,1018.3
2021-01-24 19:00:00,7.1,95,1018.2
2021-01-24 20:00:00,7.2,95,1018.1
2021-01-24 21:00:00,7.4,95,1017.7
2021-01-24 22:00:00,7.3,95,1017.0
2021-01-24 23:00:00,6.9,96,1016.6
2021-01-25 00:00:00,6.8,96,1016.5
2021-01-25 01:00:00,6.5,96,1016.9
2021-01-25 02:00:00,6.2,96,1017.4
2021-01-25 03:00:00,8.0,100,1019.3
2021-01-25 04:00:00,10.9,78,1018.9
2021-01-25 05:00:00,13.2,69,1019.5
2021-01-25 06:00:00,11.6,81,1020.9
2021-01-25 07:00:00,16.6,57,1019.4
2021-01-25 08:00:00,17.3,54,1018.4
2021-01-25 09:00:00,17.6,51,1018.0
2021-01-25 10:00:00,17.4,55,1017.1
2021-01-25 11:00:00,16.6,63,1016.9
2021-01-25 12:00:00,16.6,54,1016.9
2021-01-25 13:00:00,11.7,81,1017.2
2021-01-25 14:00:00,10.5,85,1017.5
2021-01-25 15:00:00,9.5,88,1017.7
2021-01-25 16:00:00,8.5,91,1018.5
2021-01-25 17:00:00,7.9,92,1018.6
2021-01-25 18:00:00,7.2,93,1018.5
2021-01-25 19:00:00,6.6,93,1018.2
2021-01-25 20:00:00,6.1,94,1017.9
2021-01-25 21:00:00,5.8,94,1017.7
2021-01-25 22:00:00,5.7,95,1017.2
2021-01-25 23:00:00,5.5,95,1017.2
2021-01-26 00:00:00,4.9,96,1016.7
2021-01-26 01:00:00,4.5,97,1017.1
2021-01-26 02:00:00,4.3,97,1017.6
2021-01-26 03:00:00,5.4,100,1019.4
2021-01-26 04:00:00,10.7,83,1018.5
2021-01-26 05:00:00,13.5,75,1018.9
2021-01-26 06:00:00,17.0,43,1019.0
2021-01-26 07:00:00,16.8,61,1017.8
2021-01-26 08:00:00,17.6,56,1017.2
2021-01-26 09:00:00,20.2,33,1017.3
2021-01-26 10:00:00,17.7,54,1016.1
2021-01-26 11:00:00,16.7,62,1016.0
2021-01-26 12:00:00,18.6,34,1016.5
2021-01-26 13:00:00,11.8,78,1016.5
2021-01-26 14:00:00,10.6,84,1016.9
2021-01-26 15:00:00,9.5,88,1017.1
2021-01-26 16:00:00,7.7,90,1018.4
2021-01-26 17:00:00,7.1,91,1018.5
2021-01-26 18:00:00,6.6,92,1018.4
2021-01-26 19:00:00,6.0,92,1018.2
2021-01-26 20:00:00,5.8,93,1017.8
2021-01-26 21:00:00,6.1,92,1017.6
2021-01-26 22:00:00,6.1,92,1017.1
2021-01-26 23:00:00,5.5,94,1016.9
2021-01-27 00:00:00,4.9,94,1016.5
2021-01-27 01:00:00,4.7,95,1016.9
2021-01-27 02:00:00,4.5,95,1017.3
2021-01-27 03:00:00,8.4,89,1018.1
2021-01-27 04:00:00,10.5,80,1018.3
2021-01-27 05:00:00,13.3,71,1018.9
2021-01-27 06:00:00,17.4,40,1018.2
2021-01-27 07:00:00,16.5,57,1017.6
2021-01-27 08:00:00,17.1,56,1017.4
2021-01-27 09:00:00,21.0,22,1016.0
2021-01-27 10:00:00,17.3,54,1016.6
2021-01-27 11:00:00,16.4,62,1016.4
2021-01-27 12:00:00,18.0,40,1015.8
2021-01-27 13:00:00,11.1,81,1016.5
2021-01-27 14:00:00,10.0,86,1017.1
2021-01-27 15:00:00,8.7,89,1017.5
2021-01-27 16:00:00,7.5,91,1018.2
2021-01-27 17:00:00,7.5,90,1018.3
2021-01-27 18:00:00,7.7,89,1018.3
2021-01-27 19:00:00,7.3,90,1018.1
2021-01-27 20:00:00,6.0,93,1018.2
2021-01-27 21:00:00,5.3,95,1017.8
2021-01-27 22:00:00,7.0,91,1017.3
2021-01-27 23:00:00,7.0,91,1016.9
2021-01-28 00:00:00,4.9,96,1016.8
2021-01-28 01:00:00,4.5,96,1017.0
2021-01-28 02:00:00,4.5,96,1017.7
2021-01-28 03:00:00,3.8,96,1020.1
2021-01-28 04:00:00,10.5,82,1019.4
2021-01-28 05:00:00,13.4,72,1019.9
2021-01-28 06:00:00,16.0,59,1020.3
2021-01-28 07:00:00,17.0,57,1019.0
2021-01-28 08:00:00,17.8,52,1018.1
2021-01-28 09:00:00,19.2,51,1017.8
2021-01-28 10:00:00,17.7,55,1017.8
2021-01-28 11:00:00,17.0,61,1017.5
2021-01-28 12:00:00,16.0,77,1017.1
2021-01-28 13:00:00,11.1,82,1017.5
2021-01-28 14:00:00,10.3,84,1017.9
2021-01-28 15:00:00,9.8,87,1018.4
2021-01-28 16:00:00,8.9,90,1018.5
2021-01-28 17:00:00,7.5,92,1018.6
2021-01-28 18:00:00,6.6,93,1018.5
2021-01-28 19:00:00,6.2,94,1018.6
2021-01-28 20:00:00,6.0,93,1018.6
2021-01-28 21:00:00,5.9,93,1018.6
2021-01-28 22:00:00,5.9,92,1018.3
2021-01-28 23:00:00,5.3,95,1017.8
2021-01-29 00:00:00,4.6,97,1017.6
2021-01-29 01:00:00,4.1,97,1018.2
2021-01-29 02:00:00,3.9,98,1018.7
2021-01-29 03:00:00,4.0,90,1020.5
2021-01-29 04:00:00,10.5,85,1019.9
2021-01-29 05:00:00,13.6,76,1020.5
2021-01-29 06:00:00,17.2,42,1020.3
2021-01-29 07:00:00,17.1,59,1019.6
2021-01-29 08:00:00,17.7,56,1018.8
2021-01-29 09:00:00,20.0,31,1018.7
2021-01-29 10:00:00,17.5,55,1018.0
2021-01-29 11:00:00,16.7,61,1017.8
2021-01-29 12:00:00,17.8,39,1018.1
2021-01-29 13:00:00,11.3,83,1018.3
2021-01-29 14:00:00,10.1,88,1018.8
2021-01-29 15:00:00,8.9,90,1019.0
2021-01-29 16:00:00,8.0,91,1019.1
2021-01-29 17:00:00,7.3,91,1019.3
2021-01-29 18:00:00,6.7,91,1019.2
2021-01-29 19:00:00,6.1,92,1018.8
2021-01-29 20:00:00,5.6,93,1018.4
2021-01-29 21:00:00,5.2,94,1018.1
2021-01-29 22:00:00,4.9,95,1017.4
2021-01-29 23:00:00,4.8,95,1017.1
2021-01-30 00:00:00,4.4,95,1017.0
2021-01-30 01:00:00,4.0,96,1016.9
2021-01-30 02:00:00,4.0,96,1017.4
2021-01-30 03:00:00,8.0,89,1018.4
2021-01-30 04:00:00,10.1,81,1018.3
2021-01-30 05:00:00,12.8,69,1018.7
2021-01-30 06:00:00,16.8,38,1018.0
2021-01-30 07:00:00,16.4,54,1017.6
2021-01-30 08:00:00,17.3,50,1016.6
2021-01-30 09:00:00,21.0,22,1015.0
2021-01-30 10:00:00,17.3,52,1015.5
2021-01-30 11:00:00,16.6,60,1015.4
2021-01-30 12:00:00,18.6,31,1014.4
2021-01-30 13:00:00,10.4,85,1015.7
2021-01-30 14:00:00,9.2,88,1016.2
2021-01-30 15:00:00,8.2,89,1016.5
2021-01-30 16:00:00,7.5,90,1016.8
2021-01-30 17:00:00,7.4,90,1017.0
2021-01-30 18:00:00,7.7,88,1017.1
2021-01-30 19:00:00,7.2,89,1016.9
2021-01-30 20:00:00,6.5,90,1016.6
2021-01-30 21:00:00,7.4,89,1016.4
2021-01-30 22:00:00,7.4,89,1016.1
2021-01-30 23:00:00,6.1,92,1015.8
2021-01-31 00:00:00,4.5,96,1015.6
2021-01-31 01:00:00,3.7,98,1015.8
2021-01-31 02:00:00,6.9,89,1016.4
2021-01-31 03:00:00,8.0,86,1018.2
2021-01-31 04:00:00,11.2,81,1017.7
2021-01-31 05:00:00,14.3,72,1018.4
2021-01-31 06:00:00,17.6,51,1018.0
2021-01-31 07:00:00,17.8,56,1017.8
2021-01-31 08:00:00,18.6,52,1017.1
2021-01-31 09:00:00,20.4,38,1016.8
2021-01-31 10:00:00,18.7,52,1016.4
2021-01-31 11:00:00,18.1,59,1016.4
2021-01-31 12:00:00,19.8,40,1016.6
2021-01-31 13:00:00,13.9,70,1017.2
2021-01-31 14:00:00,14.1,67,1018.1
2021-01-31 15:00:00,12.3,75,1018.7
2021-01-31 16:00:00,11.9,78,1019.3
2021-01-31 17:00:00,10.9,82,1019.5
2021-01-31 18:00:00,9.1,89,1019.4
2021-01-31 19:00:00,8.5,90,1019.6
2021-01-31 20:00:00,8.7,88,1019.6
2021-01-31 21:00:00,6.8,94,1019.6
2021-01-31 22:00:00,6.3,94,1019.2
2021-01-31 23:00:00,6.7,92,1019.1
2021-02-01 00:00:00,6.6,91,1019.3
2021-02-01 01:00:00,7.4,91,1019.7
2021-02-01 02:00:00,5.7,97,1019.8
2021-02-01 03:00:00,8.2,95,1021.8
2021-02-01 04:00:00,12.0,82,1021.1
2021-02-01 05:00:00,15.1,75,1021.6
2021-02-01 06:00:00,19.0,56,1020.9
2021-02-01 07:00:00,18.6,56,1020.7
2021-02-01 08:00:00,19.3,52,1019.9
2021-02-01 09:00:00,23.0,15,1018.4
2021-02-01 10:00:00,19.7,53,1018.5
2021-02-01 11:00:00,18.9,61,1018.1
2021-02-01 12:00:00,20.0,32,1017.6
2021-02-01 13:00:00,13.0,83,1018.4
2021-02-01 14:00:00,11.8,86,1018.9
2021-02-01 15:00:00,11.1,88,1019.3
2021-02-01 16:00:00,10.3,91,1019.6
2021-02-01 17:00:00,9.4,93,1019.6
2021-02-01 18:00:00,8.5,92,1019.3
2021-02-01 19:00:00,8.3,93,1019.0
2021-02-01 20:00:00,8.1,93,1018.8
2021-02-01 21:00:00,7.9,94,1018.4
2021-02-01 22:00:00,7.5,94,1017.9
2021-02-01 23:00:00,7.1,94,1017.6
2021-02-02 00:00:00,6.7,95,1017.5
2021-02-02 01:00:00,6.4,95,1017.7
2021-02-02 02:00:00,6.3,95,1018.0
2021-02-02 03:00:00,10.4,87,1019.3
2021-02-02 04:00:00,13.4,77,1018.9
2021-02-02 05:00:00,16.4,68,1019.0
2021-02-02 06:00:00,19.8,59,1018.2
2021-02-02 07:00:00,19.9,56,1017.8
2021-02-02 08:00:00,20.7,52,1017.0
2021-02-02 09:00:00,23.0,43,1015.5
2021-02-02 10:00:00,20.6,51,1015.9
2021-02-02 11:00:00,19.8,59,1015.7
2021-02-02 12:00:00,19.8,52,1015.1
2021-02-02 13:00:00,15.1,72,1016.2
2021-02-02 14:00:00,13.9,75,1016.6
2021-02-02 15:00:00,12.4,81,1017.0
2021-02-02 16:00:00,11.2,87,1017.3
2021-02-02 17:00:00,10.3,90,1017.6
2021-02-02 18:00:00,10.7,87,1017.5
2021-02-02 19:00:00,11.5,87,1016.8
2021-02-02 20:00:00,10.8,90,1016.5
2021-02-02 21:00:00,10.5,90,1016.5
2021-02-02 22:00:00,10.3,90,1016.5
2021-02-02 23:00:00,9.8,92,1016.5
2021-02-03 00:00:00,8.4,95,1016.2
2021-02-03 01:00:00,9.0,94,1016.5
2021-02-03 02:00:00,9.2,94,1017.0
2021-02-03 03:00:00,13.4,84,1018.1
2021-02-03 04:00:00,13.6,85,1018.9
2021-02-03 05:00:00,14.4,88,1019.3
2021-02-03 06:00:00,19.2,61,1017.6
2021-02-03 07:00:00,16.7,69,1018.4
2021-02-03 08:00:00,16.4,72,1017.6
2021-02-03 09:00:00,20.6,60,1014.8
2021-02-03 10:00:00,15.6,78,1015.6
2021-02-03 11:00:00,17.0,67,1015.7
2021-02-03 12:00:00,18.2,57,1014.7
2021-02-03 13:00:00,13.6,79,1016.5
2021-02-03 14:00:00,13.5,79,1017.2
2021-02-03 15:00:00,12.1,86,1018.0
2021-02-03 16:00:00,12.2,86,1018.1
2021-02-03 17:00:00,10.4,92,1018.2
2021-02-03 18:00:00,10.1,94,1018.3
2021-02-03 19:00:00,9.7,94,1018.9
2021-02-03 20:00:00,8.5,95,1018.2
2021-02-03 21:00:00,7.9,96,1017.8
2021-02-03 22:00:00,7.7,96,1017.9
2021-02-03 23:00:00,7.2,96,1017.3
2021-02-04 00:00:00,7.6,95,1017.3
2021-02-04 01:00:00,7.2,94,1017.8
2021-02-04 02:00:00,7.2,93,1018.2
2021-02-04 03:00:00,13.6,69,1017.9
2021-02-04 04:00:00,14.4,70,1019.3
2021-02-04 05:00:00,15.4,68,1019.9
2021-02-04 06:00:00,17.4,56,1020.8
2021-02-04 07:00:00,16.8,66,1019.0
2021-02-04 08:00:00,17.4,61,1017.8
2021-02-04 09:00:00,17.2,56,1018.5
2021-02-04 10:00:00,17.6,61,1016.6
2021-02-04 11:00:00,16.9,65,1016.3
2021-02-04 12:00:00,12.8,72,1017.7
2021-02-04 13:00:00,11.5,83,1017.4
2021-02-04 14:00:00,11.5,82,1017.6
2021-02-04 15:00:00,11.4,81,1017.9
2021-02-04 16:00:00,10.5,86,1018.0
2021-02-04 17:00:00,8.7,92,1018.2
2021-02-04 18:00:00,8.4,94,1017.9
2021-02-04 19:00:00,8.3,95,1017.4
2021-02-04 20:00:00,6.4,93,1018.6
2021-02-04 21:00:00,6.5,92,1018.4
2021-02-04 22:00:00,7.3,89,1018.0
2021-02-04 23:00:00,7.0,90,1017.9
2021-02-05 00:00:00,6.5,93,1017.8
2021-02-05 01:00:00,6.0,94,1018.1
2021-02-05 02:00:00,5.5,96,1018.8
2021-02-05 03:00:00,9.2,92,1020.5
2021-02-05 04:00:00,11.6,79,1020.2
2021-02-05 05:00:00,14.3,71,1020.6
2021-02-05 06:00:00,17.4,49,1020.6
2021-02-05 07:00:00,17.2,61,1019.7
2021-02-05 08:00:00,17.8,59,1018.8
2021-02-05 09:00:00,19.0,46,1018.3
2021-02-05 10:00:00,18.0,56,1017.7
2021-02-05 11:00:00,17.2,60,1017.5
2021-02-05 12:00:00,18.0,51,1017.3
2021-02-05 13:00:00,13.1,80,1017.4
2021-02-05 14:00:00,11.9,85,1017.9
2021-02-05 15:00:00,11.2,87,1018.4
2021-02-05 16:00:00,10.3,91,1018.7
2021-02-05 17:00:00,9.2,92,1019.0
2021-02-05 18:00:00,8.5,93,1019.1
2021-02-05 19:00:00,7.9,94,1018.9
2021-02-05 20:00:00,8.0,94,1018.3
2021-02-05 21:00:00,7.8,94,1017.9
2021-02-05 22:00:00,7.7,94,1017.6
2021-02-05 23:00:00,7.0,94,1017.3
2021-02-06 00:00:00,6.7,94,1017.2
2021-02-06 01:00:00,6.6,94,1017.9
2021-02-06 02:00:00,6.9,93,1018.7
2021-02-06 03:00:00,12.4,84,1020.1
2021-02-06 04:00:00,12.9,76,1020.2
2021-02-06 05:00:00,15.5,67,1020.4
2021-02-06 06:00:00,18.0,53,1020.2
2021-02-06 07:00:00,18.6,55,1019.5
2021-02-06 08:00:00,19.2,53,1018.5
2021-02-06 09:00:00,20.8,47,1017.5
2021-02-06 10:00:00,19.2,53,1017.6
2021-02-06 11:00:00,18.6,56,1017.5
2021-02-06 12:00:00,18.8,54,1017.5
2021-02-06 13:00:00,13.7,80,1017.8
2021-02-06 14:00:00,12.5,84,1018.4
2021-02-06 15:00:00,11.5,87,1018.7
2021-02-06 16:00:00,10.7,89,1018.7
2021-02-06 17:00:00,9.9,91,1018.8
2021-02-06 18:00:00,9.3,92,1018.7
2021-02-06 19:00:00,8.5,94,1018.3
2021-02-06 20:00:00,8.0,94,1017.9
2021-02-06 21:00:00,8.0,95,1017.5
2021-02-06 22:00:00,7.5,95,1017.2
2021-02-06 23:00:00,7.0,96,1017.0
2021-02-07 00:00:00,6.9,95,1017.1
2021-02-07 01:00:00,6.9,95,1017.6
2021-02-07 02:00:00,6.9,96,1018.1
2021-02-07 03:00:00,12.4,84,1018.7
2021-02-07 04:00:00,12.9,79,1019.3
2021-02-07 05:00:00,16.3,68,1020.0
2021-02-07 06:00:00,17.8,62,1019.4
2021-02-07 07:00:00,19.5,56,1019.0
2021-02-07 08:00:00,20.2,53,1018.0
2021-02-07 09:00:00,22.0,32,1016.5
2021-02-07 10:00:00,20.4,52,1016.9
2021-02-07 11:00:00,19.7,56,1016.7
2021-02-07 12:00:00,20.0,45,1016.0
2021-02-07 13:00:00,14.1,82,1016.9
2021-02-07 14:00:00,13.6,82,1017.6
2021-02-07 15:00:00,12.4,85,1018.0
2021-02-07 16:00:00,11.4,88,1018.3
2021-02-07 17:00:00,11.1,88,1018.7
2021-02-07 18:00:00,11.2,87,1018.8
2021-02-07 19:00:00,10.8,89,1018.7
2021-02-07 20:00:00,10.6,90,1018.7
2021-02-07 21:00:00,9.5,91,1018.4
2021-02-07 22:00:00,9.1,91,1018.0
2021-02-07 23:00:00,9.7,89,1017.8
2021-02-08 00:00:00,10.4,87,1017.8
2021-02-08 01:00:00,10.2,88,1018.0
2021-02-08 02:00:00,8.4,92,1018.4
2021-02-08 03:00:00,8.6,95,1019.6
2021-02-08 04:00:00,14.5,78,1019.4
2021-02-08 05:00:00,17.5,68,1019.5
2021-02-08 06:00:00,19.8,59,1019.3
2021-02-08 07:00:00,21.0,56,1018.8
2021-02-08 08:00:00,21.8,53,1017.8
2021-02-08 09:00:00,22.4,45,1016.3
2021-02-08 10:00:00,22.0,53,1016.6
2021-02-08 11:00:00,21.3,57,1016.2
2021-02-08 12:00:00,20.8,54,1015.3
2021-02-08 13:00:00,15.5,83,1016.1
2021-02-08 14:00:00,14.0,89,1016.5
2021-02-08 15:00:00,13.1,89,1016.9
2021-02-08 16:00:00,12.1,90,1017.2
2021-02-08 17:00:00,11.4,92,1017.2
2021-02-08 18:00:00,11.9,90,1016.9
2021-02-08 19:00:00,13.4,87,1016.5
2021-02-08 20:00:00,13.0,87,1016.0
2021-02-08 21:00:00,12.0,90,1015.4
2021-02-08 22:00:00,9.6,95,1014.6
2021-02-08 23:00:00,8.9,97,1014.4
2021-02-09 00:00:00,8.9,96,1014.1
2021-02-09 01:00:00,8.6,97,1014.4
2021-02-09 02:00:00,8.8,96,1014.7
2021-02-09 03:00:00,8.6,95,1019.6
2021-02-09 04:00:00,15.8,80,1015.5
2021-02-09 05:00:00,18.6,71,1015.5
2021-02-09 06:00:00,20.0,64,1015.3
2021-02-09 07:00:00,22.0,56,1014.8
2021-02-09 08:00:00,22.3,53,1013.8
2021-02-09 09:00:00,22.8,50,1013.0
2021-02-09 10:00:00,22.7,49,1012.4
2021-02-09 11:00:00,22.0,54,1012.3
2021-02-09 12:00:00,22.0,53,1011.9
2021-02-09 13:00:00,19.6,63,1012.7
2021-02-09 14:00:00,18.7,69,1013.5
2021-02-09 15:00:00,18.2,69,1013.8
2021-02-09 16:00:00,13.4,86,1013.9
2021-02-09 17:00:00,12.0,93,1014.1
2021-02-09 18:00:00,11.2,95,1014.0
2021-02-09 19:00:00,11.1,95,1013.9
2021-02-09 20:00:00,10.3,96,1013.9
2021-02-09 21:00:00,10.1,96,1013.6
2021-02-09 22:00:00,9.8,97,1013.1
2021-02-09 23:00:00,9.0,98,1012.8
2021-02-10 00:00:00,8.9,98,1013.1
2021-02-10 01:00:00,8.3,99,1013.5
2021-02-10 02:00:00,8.5,98,1014.3
2021-02-10 03:00:00,11.0,100,1015.6
2021-02-10 04:00:00,15.1,84,1015.2
2021-02-10 05:00:00,18.3,73,1015.4
2021-02-10 06:00:00,19.0,72,1015.2
2021-02-10 07:00:00,21.8,54,1014.3
2021-02-10 08:00:00,22.3,53,1013.4
2021-02-10 09:00:00,22.4,54,1012.5
2021-02-10 10:00:00,22.3,52,1011.9
2021-02-10 11:00:00,21.7,55,1011.7
2021-02-10 12:00:00,19.3,70,1012.1
2021-02-10 13:00:00,16.1,79,1012.6
2021-02-10 14:00:00,14.7,83,1013.3
2021-02-10 15:00:00,16.7,74,1013.8
2021-02-10 16:00:00,12.6,88,1014.4
2021-02-10 17:00:00,11.8,90,1014.7
2021-02-10 18:00:00,11.2,91,1014.8
2021-02-10 19:00:00,11.3,91,1014.7
2021-02-10 20:00:00,13.0,88,1014.3
2021-02-10 21:00:00,12.6,90,1014.0
2021-02-10 22:00:00,12.2,93,1013.5
2021-02-10 23:00:00,10.9,95,1013.1
2021-02-11 00:00:00,10.9,96,1013.2
2021-02-11 01:00:00,10.7,97,1013.8
2021-02-11 02:00:00,8.8,99,1014.6
2021-02-11 03:00:00,12.4,91,1015.0
2021-02-11 04:00:00,15.8,83,1015.6
2021-02-11 05:00:00,18.6,75,1015.9
2021-02-11 06:00:00,20.7,68,1015.8
2021-02-11 07:00:00,21.9,61,1015.0
2021-02-11 08:00:00,22.6,59,1014.3
2021-02-11 09:00:00,23.0,58,1013.2
2021-02-11 10:00:00,23.0,57,1012.7
2021-02-11 11:00:00,22.3,59,1012.3
2021-02-11 12:00:00,20.1,71,1012.3
2021-02-11 13:00:00,17.1,81,1012.6
2021-02-11 14:00:00,15.6,87,1013.2
2021-02-11 15:00:00,14.5,90,1013.7
2021-02-11 16:00:00,13.7,92,1014.2
2021-02-11 17:00:00,12.6,93,1014.4
2021-02-11 18:00:00,13.4,92,1014.7
2021-02-11 19:00:00,12.8,94,1014.5
2021-02-11 20:00:00,11.2,97,1014.2
2021-02-11 21:00:00,10.3,98,1013.9
2021-02-11 22:00:00,10.0,99,1013.5
2021-02-11 23:00:00,9.7,100,1013.5
2021-02-12 00:00:00,9.2,100,1013.8
2021-02-12 01:00:00,10.1,100,1014.2
2021-02-12 02:00:00,10.1,100,1014.7
2021-02-12 03:00:00,11.6,97,1015.2
2021-02-12 04:00:00,13.7,96,1015.9
2021-02-12 05:00:00,17.0,86,1016.5
2021-02-12 06:00:00,20.1,72,1016.6
2021-02-12 07:00:00,22.0,59,1016.0
2021-02-12 08:00:00,23.2,54,1015.6
2021-02-12 09:00:00,23.5,51,1014.9
2021-02-12 10:00:00,23.4,51,1014.4
2021-02-12 11:00:00,22.7,55,1014.1
2021-02-12 12:00:00,20.0,73,1014.0
2021-02-12 13:00:00,16.1,84,1014.2
2021-02-12 14:00:00,14.9,88,1014.8
2021-02-12 15:00:00,14.1,89,1014.9
2021-02-12 16:00:00,13.6,89,1015.2
2021-02-12 17:00:00,13.5,92,1015.5
2021-02-12 18:00:00,12.5,94,1015.5
2021-02-12 19:00:00,12.0,95,1015.2
2021-02-12 20:00:00,12.8,94,1015.1
2021-02-12 21:00:00,13.1,94,1014.6
2021-02-12 22:00:00,11.7,96,1014.0
2021-02-12 23:00:00,10.9,98,1013.8
2021-02-13 00:00:00,10.6,98,1013.7
2021-02-13 01:00:00,11.3,100,1014.4
2021-02-13 02:00:00,11.6,99,1015.1
2021-02-13 03:00:00,13.0,96,1015.7
2021-02-13 04:00:00,15.8,88,1016.3
2021-02-13 05:00:00,18.1,79,1016.5
2021-02-13 06:00:00,19.9,71,1016.6
2021-02-13 07:00:00,21.3,64,1016.1
2021-02-13 08:00:00,21.9,59,1015.5
2021-02-13 09:00:00,22.1,58,1014.6
2021-02-13 10:00:00,22.2,58,1014.3
2021-02-13 11:00:00,21.7,60,1014.3
2021-02-13 12:00:00,20.8,71,1014.2
2021-02-13 13:00:00,16.4,86,1014.5
2021-02-13 14:00:00,15.5,89,1014.8
2021-02-13 15:00:00,15.1,91,1015.1
2021-02-13 16:00:00,15.0,91,1015.2
2021-02-13 17:00:00,14.6,92,1015.5
2021-02-13 18:00:00,13.8,94,1015.6
2021-02-13 19:00:00,12.8,96,1015.6
2021-02-13 20:00:00,11.7,97,1015.4
2021-02-13 21:00:00,11.3,97,1015.2
2021-02-13 22:00:00,11.3,97,1014.8
2021-02-13 23:00:00,11.6,97,1014.5
2021-02-14 00:00:00,11.6,98,1014.7
2021-02-14 01:00:00,10.8,99,1014.7
2021-02-14 02:00:00,10.4,100,1015.3
2021-02-14 03:00:00,12.0,100,1016.7
2021-02-14 04:00:00,13.0,98,1017.1
2021-02-14 05:00:00,15.1,92,1017.3
2021-02-14 06:00:00,14.8,91,1017.4
2021-02-14 07:00:00,20.7,67,1016.4
2021-02-14 08:00:00,21.8,59,1015.3
2021-02-14 09:00:00,21.4,69,1014.0
2021-02-14 10:00:00,22.2,59,1013.5
2021-02-14 11:00:00,21.7,61,1013.3
2021-02-14 12:00:00,22.0,49,1012.8
2021-02-14 13:00:00,16.3,87,1013.7
2021-02-14 14:00:00,15.2,90,1014.0
2021-02-14 15:00:00,14.3,93,1014.5
2021-02-14 16:00:00,13.7,94,1014.6
2021-02-14 17:00:00,12.9,95,1014.6
2021-02-14 18:00:00,12.1,96,1014.6
2021-02-14 19:00:00,11.7,98,1014.4
2021-02-14 20:00:00,11.2,99,1014.0
2021-02-14 21:00:00,10.7,100,1013.7
2021-02-14 22:00:00,10.8,100,1013.3
2021-02-14 23:00:00,11.3,100,1013.0
2021-02-15 00:00:00,11.6,100,1012.8
2021-02-15 01:00:00,11.6,100,1013.0
2021-02-15 02:00:00,10.7,100,1013.6
2021-02-15 03:00:00,11.2,100,1014.9
2021-02-15 04:00:00,13.1,97,1015.6
2021-02-15 05:00:00,15.0,91,1015.7
2021-02-15 06:00:00,14.8,93,1015.5
2021-02-15 07:00:00,20.1,73,1014.4
2021-02-15 08:00:00,21.5,67,1013.4
2021-02-15 09:00:00,23.4,36,1011.8
2021-02-15 10:00:00,22.1,63,1011.9
2021-02-15 11:00:00,21.8,64,1011.6
2021-02-15 12:00:00,22.0,62,1011.2
2021-02-15 13:00:00,16.6,88,1012.0
2021-02-15 14:00:00,15.5,92,1012.5
2021-02-15 15:00:00,14.8,94,1013.0
2021-02-15 16:00:00,13.4,95,1013.2
2021-02-15 17:00:00,12.6,97,1013.1
2021-02-15 18:00:00,12.2,98,1013.0
2021-02-15 19:00:00,12.3,98,1012.8
2021-02-15 20:00:00,12.2,99,1012.6
2021-02-15 21:00:00,12.1,99,1012.3
2021-02-15 22:00:00,12.8,98,1011.8
2021-02-15 23:00:00,12.2,100,1011.6
2021-02-16 00:00:00,11.1,100,1011.8
2021-02-16 01:00:00,10.2,100,1012.1
2021-02-16 02:00:00,10.8,100,1013.0
2021-02-16 03:00:00,11.6,100,1014.4
2021-02-16 04:00:00,13.9,97,1015.2
2021-02-16 05:00:00,16.6,89,1015.6
2021-02-16 06:00:00,16.4,87,1015.2
2021-02-16 07:00:00,20.8,69,1014.6
2021-02-16 08:00:00,22.0,60,1013.7
2021-02-16 09:00:00,23.4,66,1012.2
2021-02-16 10:00:00,22.5,56,1012.4
2021-02-16 11:00:00,22.1,59,1012.3
2021-02-16 12:00:00,22.6,63,1011.4
2021-02-16 13:00:00,16.9,86,1012.5
2021-02-16 14:00:00,16.0,90,1012.9
2021-02-16 15:00:00,15.6,91,1013.4
2021-02-16 16:00:00,14.2,94,1013.8
2021-02-16 17:00:00,13.1,95,1014.1
2021-02-16 18:00:00,13.1,94,1014.1
2021-02-16 19:00:00,12.4,97,1014.1
2021-02-16 20:00:00,12.4,97,1014.1
2021-02-16 21:00:00,12.2,98,1014.0
2021-02-16 22:00:00,11.7,99,1013.7
2021-02-16 23:00:00,10.9,100,1013.5
2021-02-17 00:00:00,10.8,99,1013.8
2021-02-17 01:00:00,10.6,100,1014.2
2021-02-17 02:00:00,10.7,100,1014.8
2021-02-17 03:00:00,12.4,100,1016.1
2021-02-17 04:00:00,15.0,96,1016.3
2021-02-17 05:00:00,17.9,86,1016.6
2021-02-17 06:00:00,15.4,93,1016.7
2021-02-17 07:00:00,22.0,68,1015.5
2021-02-17 08:00:00,23.0,60,1014.5
2021-02-17 09:00:00,23.4,67,1013.3
2021-02-17 10:00:00,23.5,55,1013.3
2021-02-17 11:00:00,23.1,56,1013.2
2021-02-17 12:00:00,22.4,63,1012.7
2021-02-17 13:00:00,17.2,84,1013.6
2021-02-17 14:00:00,16.5,87,1014.2
2021-02-17 15:00:00,15.1,93,1014.9
2021-02-17 16:00:00,14.4,93,1015.3
2021-02-17 17:00:00,14.0,94,1015.6
2021-02-17 18:00:00,14.5,94,1015.7
2021-02-17 19:00:00,14.6,95,1015.4
2021-02-17 20:00:00,14.1,97,1015.8
2021-02-17 21:00:00,13.6,99,1015.6
2021-02-17 22:00:00,13.2,100,1015.3
2021-02-17 23:00:00,12.6,100,1015.2
2021-02-18 00:00:00,10.9,100,1015.4
2021-02-18 01:00:00,11.0,100,1016.2
2021-02-18 02:00:00,11.6,98,1017.0
2021-02-18 03:00:00,11.2,100,1018.9
2021-02-18 04:00:00,14.0,98,1019.3
2021-02-18 05:00:00,16.7,93,1019.9
2021-02-18 06:00:00,18.6,75,1019.5
2021-02-18 07:00:00,21.7,64,1019.1
2021-02-18 08:00:00,22.7,57,1018.0
2021-02-18 09:00:00,24.6,51,1016.7
2021-02-18 10:00:00,23.1,53,1016.8
2021-02-18 11:00:00,22.6,56,1016.6
2021-02-18 12:00:00,23.0,50,1016.2
2021-02-18 13:00:00,17.0,85,1017.2
2021-02-18 14:00:00,16.2,88,1017.6
2021-02-18 15:00:00,15.6,89,1018.3
2021-02-18 16:00:00,14.7,92,1018.7
2021-02-18 17:00:00,13.9,93,1018.8
2021-02-18 18:00:00,13.1,94,1018.9
2021-02-18 19:00:00,13.0,94,1018.9
2021-02-18 20:00:00,14.1,92,1018.5
2021-02-18 21:00:00,14.1,93,1018.2
2021-02-18 22:00:00,14.1,95,1017.9
2021-02-18 23:00:00,13.7,96,1017.7
2021-02-19 00:00:00,13.3,98,1018.0
2021-02-19 01:00:00,10.9,100,1018.9
2021-02-19 02:00:00,11.2,100,1019.7
2021-02-19 03:00:00,14.2,100,1020.9
2021-02-19 04:00:00,17.4,85,1021.5
2021-02-19 05:00:00,19.9,77,1022.1
2021-02-19 06:00:00,16.6,94,1022.3
2021-02-19 07:00:00,23.3,59,1021.3
2021-02-19 08:00:00,24.1,54,1020.3
2021-02-19 09:00:00,23.0,68,1018.9
2021-02-19 10:00:00,24.2,50,1018.9
2021-02-19 11:00:00,23.5,54,1018.5
2021-02-19 12:00:00,21.5,67,1018.5
2021-02-19 13:00:00,17.9,78,1019.1
2021-02-19 14:00:00,16.9,82,1019.6
2021-02-19 15:00:00,16.1,84,1020.0
2021-02-19 16:00:00,15.4,87,1020.2
2021-02-19 17:00:00,14.1,91,1020.1
2021-02-19 18:00:00,13.2,92,1019.9
2021-02-19 19:00:00,12.4,93,1019.7
2021-02-19 20:00:00,12.0,93,1019.5
2021-02-19 21:00:00,12.2,95,1019.0
2021-02-19 22:00:00,11.4,96,1018.8
2021-02-19 23:00:00,10.9,97,1018.7
2021-02-20 00:00:00,10.4,98,1018.7
2021-02-20 01:00:00,10.1,100,1019.1
2021-02-20 02:00:00,10.5,100,1019.5
2021-02-20 03:00:00,14.2,92,1020.1
2021-02-20 04:00:00,17.7,81,1020.7
2021-02-20 05:00:00,20.4,70,1021.1
2021-02-20 06:00:00,22.1,60,1020.8
2021-02-20 07:00:00,23.1,55,1020.0
2021-02-20 08:00:00,23.8,54,1019.2
2021-02-20 09:00:00,24.0,53,1018.6
2021-02-20 10:00:00,23.9,53,1018.3
2021-02-20 11:00:00,23.2,56,1018.2
2021-02-20 12:00:00,21.5,65,1018.3
2021-02-20 13:00:00,18.5,76,1018.6
2021-02-20 14:00:00,16.7,83,1018.9
2021-02-20 15:00:00,15.0,90,1019.1
2021-02-20 16:00:00,14.1,91,1019.1
2021-02-20 17:00:00,13.3,92,1019.1
2021-02-20 18:00:00,12.8,93,1018.7
2021-02-20 19:00:00,12.0,95,1018.9
2021-02-20 20:00:00,11.8,95,1018.6
2021-02-20 21:00:00,11.8,95,1018.2
2021-02-20 22:00:00,11.4,96,1017.2
2021-02-20 23:00:00,11.6,96,1017.2
2021-02-21 00:00:00,11.2,97,1017.2
2021-02-21 01:00:00,10.8,97,1017.6
2021-02-21 02:00:00,11.3,98,1018.1
2021-02-21 03:00:00,14.6,91,1018.9
2021-02-21 04:00:00,17.7,82,1019.4
2021-02-21 05:00:00,19.8,74,1019.6
2021-02-21 06:00:00,22.3,62,1019.4
2021-02-21 07:00:00,23.5,55,1018.5
2021-02-21 08:00:00,24.2,51,1017.7
2021-02-21 09:00:00,24.4,50,1016.7
2021-02-21 10:00:00,24.2,51,1015.7
2021-02-21 11:00:00,23.6,54,1015.5
2021-02-21 12:00:00,23.7,57,1014.3
2021-02-21 13:00:00,18.2,79,1015.8
2021-02-21 14:00:00,16.7,87,1016.6
2021-02-21 15:00:00,16.3,88,1016.9
2021-02-21 16:00:00,16.0,88,1017.1
2021-02-21 17:00:00,14.5,93,1016.8
2021-02-21 18:00:00,14.4,93,1016.6
2021-02-21 19:00:00,15.6,90,1016.4
2021-02-21 20:00:00,15.1,92,1016.4
2021-02-21 21:00:00,12.6,96,1016.0
2021-02-21 22:00:00,12.3,96,1015.6
2021-02-21 23:00:00,12.2,96,1015.4
2021-02-22 00:00:00,12.8,94,1015.5
2021-02-22 01:00:00,13.1,93,1015.6
2021-02-22 02:00:00,14.3,91,1015.9
2021-02-22 03:00:00,15.0,96,1017.2
2021-02-22 04:00:00,19.2,77,1016.9
2021-02-22 05:00:00,21.8,67,1016.9
2021-02-22 06:00:00,24.2,52,1016.8
2021-02-22 07:00:00,24.8,53,1016.4
2021-02-22 08:00:00,25.5,50,1015.4
2021-02-22 09:00:00,27.6,34,1013.5
2021-02-22 10:00:00,25.6,48,1013.6
2021-02-22 11:00:00,24.9,52,1013.3
2021-02-22 12:00:00,26.0,47,1012.7
2021-02-22 13:00:00,19.0,76,1013.5
2021-02-22 14:00:00,17.7,80,1013.9
2021-02-22 15:00:00,16.1,89,1014.8
2021-02-22 16:00:00,16.1,88,1015.0
2021-02-22 17:00:00,16.3,86,1015.1
2021-02-22 18:00:00,15.5,89,1014.7
2021-02-22 19:00:00,15.2,89,1014.2
2021-02-22 20:00:00,14.8,91,1013.8
2021-02-22 21:00:00,14.3,91,1013.1
2021-02-22 22:00:00,14.4,90,1012.6
2021-02-22 23:00:00,14.9,88,1011.9
2021-02-23 00:00:00,15.3,87,1012.0
2021-02-23 01:00:00,14.9,88,1012.5
2021-02-23 02:00:00,13.9,91,1013.2
2021-02-23 03:00:00,16.0,90,1014.3
2021-02-23 04:00:00,20.0,73,1014.5
2021-02-23 05:00:00,22.8,61,1014.6
2021-02-23 06:00:00,25.4,50,1014.3
2021-02-23 07:00:00,26.4,45,1013.5
2021-02-23 08:00:00,27.2,40,1012.5
2021-02-23 09:00:00,30.0,34,1010.8
2021-02-23 10:00:00,27.1,39,1011.1
2021-02-23 11:00:00,26.5,44,1010.8
2021-02-23 12:00:00,27.2,47,1010.2
2021-02-23 13:00:00,22.9,56,1011.1
2021-02-23 14:00:00,18.8,73,1011.6
2021-02-23 15:00:00,17.4,80,1011.9
2021-02-23 16:00:00,18.2,74,1012.7
2021-02-23 17:00:00,15.9,87,1012.8
2021-02-23 18:00:00,15.6,91,1012.7
2021-02-23 19:00:00,15.1,92,1012.2
2021-02-23 20:00:00,14.8,93,1011.9
2021-02-23 21:00:00,15.2,90,1011.4
2021-02-23 22:00:00,15.0,90,1010.6
2021-02-23 23:00:00,14.9,88,1010.4
2021-02-24 00:00:00,13.1,89,1010.5
2021-02-24 01:00:00,14.7,84,1010.8
2021-02-24 02:00:00,14.6,84,1011.3
2021-02-24 03:00:00,17.2,74,1012.4
2021-02-24 04:00:00,20.2,70,1012.4
2021-02-24 05:00:00,23.4,57,1012.7
2021-02-24 06:00:00,28.6,31,1012.0
2021-02-24 07:00:00,26.8,42,1012.0
2021-02-24 08:00:00,27.2,40,1011.6
2021-02-24 09:00:00,30.8,19,1009.6
2021-02-24 10:00:00,27.3,40,1010.2
2021-02-24 11:00:00,26.7,45,1010.0
2021-02-24 12:00:00,28.6,28,1008.6
2021-02-24 13:00:00,21.0,68,1010.2
2021-02-24 14:00:00,20.1,67,1010.8
2021-02-24 15:00:00,17.9,73,1011.3
2021-02-24 16:00:00,16.9,80,1012.2
2021-02-24 17:00:00,15.7,85,1012.4
2021-02-24 18:00:00,15.9,81,1012.1
2021-02-24 19:00:00,15.4,81,1011.7
2021-02-24 20:00:00,14.5,83,1011.0
2021-02-24 21:00:00,14.2,82,1010.5
2021-02-24 22:00:00,13.8,80,1010.1
2021-02-24 23:00:00,13.3,75,1009.7
2021-02-25 00:00:00,13.3,71,1009.4
2021-02-25 01:00:00,13.3,66,1010.0
2021-02-25 02:00:00,13.6,66,1011.1
2021-02-25 03:00:00,17.4,86,1011.8
2021-02-25 04:00:00,19.9,54,1012.3
2021-02-25 05:00:00,23.0,48,1012.8
2021-02-25 06:00:00,29.0,29,1011.2
2021-02-25 07:00:00,27.3,36,1011.0
2021-02-25 08:00:00,28.4,32,1010.0
2021-02-25 09:00:00,31.8,18,1008.1
2021-02-25 10:00:00,28.1,38,1008.4
2021-02-25 11:00:00,27.1,46,1008.1
2021-02-25 12:00:00,29.2,24,1006.8
2021-02-25 13:00:00,21.2,66,1007.8
2021-02-25 14:00:00,19.6,72,1008.4
2021-02-25 15:00:00,17.6,81,1008.9
2021-02-25 16:00:00,16.6,84,1009.1
2021-02-25 17:00:00,17.4,77,1009.9
2021-02-25 18:00:00,15.6,83,1009.7
2021-02-25 19:00:00,15.2,83,1009.1
2021-02-25 20:00:00,16.3,75,1008.8
2021-02-25 21:00:00,14.5,84,1008.3
2021-02-25 22:00:00,16.5,74,1007.7
2021-02-25 23:00:00,16.4,73,1007.2
2021-02-26 00:00:00,13.9,81,1007.1
2021-02-26 01:00:00,13.7,87,1007.9
2021-02-26 02:00:00,13.4,90,1008.6
2021-02-26 03:00:00,19.4,72,1008.9
2021-02-26 04:00:00,20.9,64,1009.6
2021-02-26 05:00:00,23.9,53,1009.7
2021-02-26 06:00:00,29.4,29,1007.9
2021-02-26 07:00:00,27.8,35,1008.7
2021-02-26 08:00:00,28.6,34,1007.5
2021-02-26 09:00:00,32.0,25,1004.8
2021-02-26 10:00:00,28.9,38,1005.4
2021-02-26 11:00:00,28.4,42,1005.1
2021-02-26 12:00:00,29.4,35,1003.9
2021-02-26 13:00:00,24.0,59,1005.2
2021-02-26 14:00:00,22.8,61,1005.5
2021-02-26 15:00:00,21.6,66,1006.1
2021-02-26 16:00:00,21.1,67,1006.5
2021-02-26 17:00:00,21.6,59,1006.3
2021-02-26 18:00:00,20.0,58,1006.6
2021-02-26 19:00:00,18.8,60,1006.0
2021-02-26 20:00:00,18.2,62,1005.8
2021-02-26 21:00:00,18.8,57,1005.0
2021-02-26 22:00:00,19.1,61,1004.3
2021-02-26 23:00:00,19.2,62,1004.2
2021-02-27 00:00:00,18.4,64,1004.0
2021-02-27 01:00:00,18.4,60,1004.5
2021-02-27 02:00:00,18.2,72,1005.6
2021-02-27 03:00:00,19.8,71,1006.5
2021-02-27 04:00:00,22.5,60,1007.3
2021-02-27 05:00:00,24.5,54,1007.3
2021-02-27 06:00:00,26.0,52,1006.9
2021-02-27 07:00:00,27.0,44,1007.1
2021-02-27 08:00:00,27.6,41,1006.2
2021-02-27 09:00:00,28.2,40,1005.1
2021-02-27 10:00:00,28.1,29,1004.4
2021-02-27 11:00:00,27.1,29,1004.5
2021-02-27 12:00:00,24.6,26,1005.9
2021-02-27 13:00:00,21.8,42,1005.7
2021-02-27 14:00:00,20.1,44,1006.9
2021-02-27 15:00:00,18.4,46,1008.0
2021-02-27 16:00:00,15.6,60,1008.9
2021-02-27 17:00:00,15.6,58,1009.4
2021-02-27 18:00:00,14.2,65,1009.8
2021-02-27 19:00:00,14.3,61,1009.4
2021-02-27 20:00:00,13.0,66,1009.2
2021-02-27 21:00:00,13.4,63,1008.8
2021-02-27 22:00:00,13.1,65,1008.6
2021-02-27 23:00:00,12.2,69,1008.4
2021-02-28 00:00:00,11.1,73,1008.6
2021-02-28 01:00:00,10.9,73,1009.3
2021-02-28 02:00:00,11.7,76,1010.6
2021-02-28 03:00:00,16.0,67,1012.3
2021-02-28 04:00:00,18.6,56,1012.3
2021-02-28 05:00:00,21.8,41,1012.5
2021-02-28 06:00:00,24.8,42,1013.4
2021-02-28 07:00:00,24.4,37,1011.9
2021-02-28 08:00:00,25.0,33,1010.9
2021-02-28 09:00:00,27.0,32,1009.5
2021-02-28 10:00:00,25.2,29,1009.4
2021-02-28 11:00:00,24.8,28,1009.8
2021-02-28 12:00:00,24.8,44,1009.6
2021-02-28 13:00:00,18.8,56,1010.2
2021-02-28 14:00:00,17.3,61,1011.2
2021-02-28 15:00:00,16.6,62,1012.2
2021-02-28 16:00:00,15.0,70,1012.6
2021-02-28 17:00:00,13.9,74,1013.0
2021-02-28 18:00:00,13.4,76,1012.7
2021-02-28 19:00:00,13.2,81,1012.8
2021-02-28 20:00:00,12.5,83,1012.7
2021-02-28 21:00:00,12.6,80,1012.4
2021-02-28 22:00:00,11.8,83,1011.9
2021-02-28 23:00:00,11.0,86,1011.8
2021-03-01 00:00:00,11.5,82,1012.0
2021-03-01 01:00:00,10.9,84,1012.6
2021-03-01 02:00:00,11.4,84,1013.3
2021-03-01 03:00:00,16.0,85,1014.9
2021-03-01 04:00:00,19.1,62,1015.4
2021-03-01 05:00:00,21.7,53,1015.8
2021-03-01 06:00:00,24.4,44,1015.3
2021-03-01 07:00:00,24.3,39,1015.4
2021-03-01 08:00:00,24.9,34,1014.7
2021-03-01 09:00:00,27.2,24,1013.4
2021-03-01 10:00:00,25.0,30,1013.5
2021-03-01 11:00:00,24.7,32,1013.8
2021-03-01 12:00:00,25.0,28,1013.6
2021-03-01 13:00:00,18.9,53,1014.1
2021-03-01 14:00:00,17.6,58,1015.0
2021-03-01 15:00:00,16.3,64,1015.7
2021-03-01 16:00:00,15.3,68,1016.2
2021-03-01 17:00:00,14.4,72,1016.4
2021-03-01 18:00:00,13.9,73,1016.3
2021-03-01 19:00:00,13.4,74,1016.4
2021-03-01 20:00:00,12.8,75,1016.3
2021-03-01 21:00:00,12.0,78,1016.1
2021-03-01 22:00:00,11.6,78,1015.5
2021-03-01 23:00:00,11.2,78,1014.9
2021-03-02 00:00:00,10.8,78,1014.9
2021-03-02 01:00:00,10.1,81,1015.1
2021-03-02 02:00:00,11.5,75,1015.3
2021-03-02 03:00:00,19.0,46,1015.8
2021-03-02 04:00:00,18.1,55,1016.5
2021-03-02 05:00:00,20.7,46,1016.2
2021-03-02 06:00:00,25.0,30,1015.1
2021-03-02 07:00:00,24.0,36,1015.3
2021-03-02 08:00:00,24.8,34,1014.3
2021-03-02 09:00:00,26.8,22,1012.3
2021-03-02 10:00:00,25.5,30,1012.4
2021-03-02 11:00:00,25.0,32,1012.1
2021-03-02 12:00:00,26.2,19,1011.5
2021-03-02 13:00:00,19.2,52,1012.2
2021-03-02 14:00:00,17.4,60,1012.9
2021-03-02 15:00:00,15.8,67,1013.5
2021-03-02 16:00:00,14.9,70,1013.6
2021-03-02 17:00:00,14.0,72,1013.7
2021-03-02 18:00:00,13.2,74,1013.6
2021-03-02 19:00:00,12.8,75,1013.3
2021-03-02 20:00:00,12.9,69,1013.2
2021-03-02 21:00:00,12.2,73,1012.9
2021-03-02 22:00:00,11.5,78,1012.5
2021-03-02 23:00:00,11.0,80,1012.2
2021-03-03 00:00:00,10.3,82,1012.1
2021-03-03 01:00:00,10.4,80,1012.1
2021-03-03 02:00:00,11.4,81,1012.4
2021-03-03 03:00:00,19.4,53,1012.8
2021-03-03 04:00:00,19.7,54,1013.8
2021-03-03 05:00:00,22.5,44,1013.8
2021-03-03 06:00:00,27.0,26,1012.2
2021-03-03 07:00:00,26.1,33,1012.8
2021-03-03 08:00:00,26.8,30,1011.9
2021-03-03 09:00:00,28.8,32,1010.2
2021-03-03 10:00:00,27.0,30,1010.2
2021-03-03 11:00:00,26.4,33,1010.0
2021-03-03 12:00:00,26.8,34,1009.7
2021-03-03 13:00:00,19.8,63,1010.8
2021-03-03 14:00:00,18.5,67,1011.6
2021-03-03 15:00:00,17.8,64,1012.2
2021-03-03 16:00:00,17.3,60,1012.3
2021-03-03 17:00:00,16.9,60,1012.5
2021-03-03 18:00:00,15.8,63,1012.2
2021-03-03 19:00:00,15.0,67,1012.0
2021-03-03 20:00:00,14.7,68,1011.8
2021-03-03 21:00:00,12.7,79,1011.7
2021-03-03 22:00:00,12.7,77,1011.3
2021-03-03 23:00:00,13.6,72,1011.3
2021-03-04 00:00:00,11.2,83,1011.3
2021-03-04 01:00:00,11.1,82,1011.6
2021-03-04 02:00:00,12.0,81,1012.3
2021-03-04 03:00:00,17.6,69,1013.2
2021-03-04 04:00:00,20.1,56,1013.1
2021-03-04 05:00:00,23.8,42,1013.8
2021-03-04 06:00:00,26.6,32,1013.1
2021-03-04 07:00:00,27.4,26,1013.2
2021-03-04 08:00:00,28.0,24,1012.3
2021-03-04 09:00:00,29.6,30,1010.6
2021-03-04 10:00:00,28.1,25,1010.7
2021-03-04 11:00:00,27.3,28,1010.4
2021-03-04 12:00:00,28.6,29,1009.7
2021-03-04 13:00:00,20.7,57,1011.1
2021-03-04 14:00:00,19.6,59,1011.8
2021-03-04 15:00:00,18.2,59,1012.2
2021-03-04 16:00:00,17.4,58,1012.6
2021-03-04 17:00:00,16.7,62,1012.9
2021-03-04 18:00:00,15.9,71,1013.0
2021-03-04 19:00:00,15.1,78,1012.6
2021-03-04 20:00:00,14.3,81,1012.2
2021-03-04 21:00:00,14.1,82,1011.6
2021-03-04 22:00:00,13.9,83,1011.4
2021-03-04 23:00:00,13.2,85,1011.4
2021-03-05 00:00:00,12.7,86,1011.5
2021-03-05 01:00:00,12.4,86,1011.9
2021-03-05 02:00:00,13.6,80,1012.5
2021-03-05 03:00:00,20.2,58,1013.0
2021-03-05 04:00:00,20.2,56,1014.0
2021-03-05 05:00:00,23.1,46,1014.1
2021-03-05 06:00:00,26.6,38,1012.9
2021-03-05 07:00:00,27.0,33,1013.1
2021-03-05 08:00:00,27.7,31,1012.1
2021-03-05 09:00:00,29.0,27,1010.6
2021-03-05 10:00:00,28.0,28,1010.5
2021-03-05 11:00:00,27.4,30,1010.1
2021-03-05 12:00:00,28.0,31,1009.7
2021-03-05 13:00:00,21.7,47,1010.2
2021-03-05 14:00:00,19.3,60,1011.1
2021-03-05 15:00:00,17.8,64,1011.7
2021-03-05 16:00:00,16.3,68,1012.1
2021-03-05 17:00:00,15.4,69,1012.1
2021-03-05 18:00:00,14.8,70,1012.0
2021-03-05 19:00:00,14.2,70,1011.7
2021-03-05 20:00:00,13.8,71,1011.5
2021-03-05 21:00:00,13.3,73,1010.9
2021-03-05 22:00:00,12.5,77,1010.5
2021-03-05 23:00:00,12.2,78,1010.3
2021-03-06 00:00:00,11.7,80,1010.4
2021-03-06 01:00:00,11.1,80,1011.1
2021-03-06 02:00:00,12.7,74,1011.7
2021-03-06 03:00:00,18.8,65,1011.8
2021-03-06 04:00:00,20.6,47,1012.5
2021-03-06 05:00:00,23.8,37,1012.4
2021-03-06 06:00:00,27.6,22,1011.5
2021-03-06 07:00:00,26.4,31,1012.4
2021-03-06 08:00:00,27.3,28,1011.5
2021-03-06 09:00:00,29.6,22,1009.1
2021-03-06 10:00:00,27.1,25,1010.1
2021-03-06 11:00:00,26.0,30,1009.6
2021-03-06 12:00:00,27.2,32,1008.0
2021-03-06 13:00:00,21.6,42,1009.7
2021-03-06 14:00:00,19.6,44,1010.0
2021-03-06 15:00:00,18.6,63,1010.2
2021-03-06 16:00:00,17.8,61,1010.6
2021-03-06 17:00:00,17.5,56,1010.2
2021-03-06 18:00:00,18.1,48,1009.9
2021-03-06 19:00:00,19.4,38,1010.1
2021-03-06 20:00:00,20.8,34,1009.8
2021-03-06 21:00:00,20.5,37,1009.2
2021-03-06 22:00:00,19.7,41,1008.9
2021-03-06 23:00:00,19.0,39,1008.9
2021-03-07 00:00:00,19.1,40,1009.1
2021-03-07 01:00:00,19.6,44,1009.5
2021-03-07 02:00:00,19.9,47,1009.6
2021-03-07 03:00:00,21.6,53,1010.1
2021-03-07 04:00:00,23.2,46,1011.2
2021-03-07 05:00:00,25.1,43,1010.7
2021-03-07 06:00:00,26.8,41,1011.3
2021-03-07 07:00:00,29.5,31,1010.7
2021-03-07 08:00:00,29.8,29,1009.9
2021-03-07 09:00:00,27.4,42,1009.6
2021-03-07 10:00:00,29.0,30,1008.4
2021-03-07 11:00:00,27.5,34,1008.1
2021-03-07 12:00:00,24.4,40,1007.8
2021-03-07 13:00:00,24.2,40,1008.6
2021-03-07 14:00:00,23.1,39,1009.0
2021-03-07 15:00:00,21.4,50,1011.1
2021-03-07 16:00:00,20.5,57,1012.1
2021-03-07 17:00:00,20.0,61,1012.2
2021-03-07 18:00:00,19.4,65,1012.1
2021-03-07 19:00:00,19.0,66,1011.5
2021-03-07 20:00:00,18.4,71,1011.4
2021-03-07 21:00:00,18.1,72,1010.7
2021-03-07 22:00:00,18.2,69,1009.8
2021-03-07 23:00:00,19.3,57,1009.7
2021-03-08 00:00:00,18.7,57,1010.4
2021-03-08 01:00:00,17.6,62,1011.9
2021-03-08 02:00:00,17.9,66,1012.9
2021-03-08 03:00:00,20.2,51,1011.9
2021-03-08 04:00:00,22.3,57,1014.3
2021-03-08 05:00:00,24.1,49,1014.8
2021-03-08 06:00:00,28.6,34,1012.4
2021-03-08 07:00:00,27.2,39,1013.8
2021-03-08 08:00:00,29.6,33,1012.3
2021-03-08 09:00:00,30.4,34,1010.3
2021-03-08 10:00:00,29.4,33,1010.8
2021-03-08 11:00:00,28.8,34,1010.8
2021-03-08 12:00:00,28.0,48,1009.9
2021-03-08 13:00:00,23.8,56,1011.8
2021-03-08 14:00:00,22.9,55,1012.6
2021-03-08 15:00:00,21.5,59,1013.0
2021-03-08 16:00:00,20.5,63,1013.1
2021-03-08 17:00:00,18.6,70,1013.5
2021-03-08 18:00:00,17.9,73,1013.6
2021-03-08 19:00:00,16.8,76,1013.5
2021-03-08 20:00:00,16.6,76,1013.2
2021-03-08 21:00:00,16.4,76,1012.6
2021-03-08 22:00:00,16.4,73,1012.1
2021-03-08 23:00:00,16.0,73,1011.9
2021-03-09 00:00:00,14.5,83,1012.4
2021-03-09 01:00:00,14.8,80,1013.0
2021-03-09 02:00:00,16.4,74,1013.7
2021-03-09 03:00:00,20.2,51,1012.0
2021-03-09 04:00:00,23.0,51,1015.0
2021-03-09 05:00:00,26.1,43,1015.1
2021-03-09 06:00:00,28.0,48,1014.4
2021-03-09 07:00:00,28.9,37,1013.7
2021-03-09 08:00:00,29.4,39,1012.5
2021-03-09 09:00:00,31.4,40,1011.1
2021-03-09 10:00:00,28.9,28,1011.1
2021-03-09 11:00:00,28.6,29,1011.2
2021-03-09 12:00:00,29.8,42,1009.8
2021-03-09 13:00:00,23.2,54,1011.3
2021-03-09 14:00:00,21.3,63,1011.9
2021-03-09 15:00:00,19.9,73,1012.5
2021-03-09 16:00:00,19.3,75,1013.0
2021-03-09 17:00:00,17.8,85,1013.4
2021-03-09 18:00:00,18.0,82,1013.1
2021-03-09 19:00:00,17.5,83,1012.9
2021-03-09 20:00:00,17.6,81,1012.6
2021-03-09 21:00:00,17.9,79,1012.0
2021-03-09 22:00:00,16.6,85,1011.5
2021-03-09 23:00:00,15.9,88,1011.4
2021-03-10 00:00:00,15.6,89,1011.8
2021-03-10 01:00:00,14.5,81,1011.9
2021-03-10 02:00:00,16.5,79,1012.6
2021-03-10 03:00:00,21.6,74,1013.7
2021-03-10 04:00:00,23.1,54,1014.2
2021-03-10 05:00:00,25.8,45,1014.2
2021-03-10 06:00:00,29.4,40,1012.9
2021-03-10 07:00:00,29.1,32,1013.0
2021-03-10 08:00:00,29.7,30,1011.9
2021-03-10 09:00:00,31.6,35,1010.4
2021-03-10 10:00:00,29.2,28,1010.4
2021-03-10 11:00:00,27.3,36,1010.9
2021-03-10 12:00:00,29.6,35,1009.5
2021-03-10 13:00:00,23.5,51,1011.8
2021-03-10 14:00:00,21.7,59,1012.7
2021-03-10 15:00:00,19.5,70,1013.6
2021-03-10 16:00:00,19.4,70,1014.1
2021-03-10 17:00:00,17.6,78,1014.3
2021-03-10 18:00:00,17.6,77,1014.1
2021-03-10 19:00:00,17.9,75,1013.7
2021-03-10 20:00:00,15.7,86,1013.3
2021-03-10 21:00:00,14.4,91,1012.9
2021-03-10 22:00:00,14.2,91,1012.6
2021-03-10 23:00:00,13.9,89,1012.2
2021-03-11 00:00:00,14.7,86,1012.7
2021-03-11 01:00:00,14.8,87,1012.8
2021-03-11 02:00:00,15.3,88,1013.5
2021-03-11 03:00:00,20.0,62,1014.3
2021-03-11 04:00:00,22.6,58,1015.1
2021-03-11 05:00:00,25.6,47,1015.3
2021-03-11 06:00:00,28.8,34,1014.4
2021-03-11 07:00:00,28.9,30,1014.5
2021-03-11 08:00:00,29.6,28,1013.4
2021-03-11 09:00:00,31.0,31,1011.5
2021-03-11 10:00:00,30.3,25,1011.8
2021-03-11 11:00:00,29.9,26,1012.1
2021-03-11 12:00:00,29.6,40,1011.1
2021-03-11 13:00:00,24.6,44,1012.4
2021-03-11 14:00:00,22.1,54,1013.1
2021-03-11 15:00:00,21.5,55,1013.9
2021-03-11 16:00:00,20.8,55,1014.2
2021-03-11 17:00:00,19.9,56,1014.1
2021-03-11 18:00:00,18.7,67,1014.3
2021-03-11 19:00:00,17.6,72,1014.8
2021-03-11 20:00:00,17.3,76,1014.4
2021-03-11 21:00:00,18.4,68,1013.5
2021-03-11 22:00:00,17.3,73,1012.5
2021-03-11 23:00:00,17.6,57,1012.3
2021-03-12 00:00:00,17.8,55,1012.6
2021-03-12 01:00:00,16.6,59,1013.8
2021-03-12 02:00:00,18.1,55,1015.1
2021-03-12 03:00:00,22.6,40,1014.8
2021-03-12 04:00:00,22.4,49,1016.5
2021-03-12 05:00:00,25.0,38,1017.3
2021-03-12 06:00:00,24.6,44,1017.2
2021-03-12 07:00:00,27.5,33,1016.8
2021-03-12 08:00:00,27.4,32,1016.0
2021-03-12 09:00:00,25.0,43,1015.7
2021-03-12 10:00:00,25.7,38,1016.0
2021-03-12 11:00:00,24.4,44,1016.1
2021-03-12 12:00:00,21.4,62,1016.0
2021-03-12 13:00:00,21.9,53,1016.3
2021-03-12 14:00:00,21.1,56,1016.8
2021-03-12 15:00:00,20.9,56,1017.1
2021-03-12 16:00:00,19.2,57,1017.8
2021-03-12 17:00:00,18.3,57,1018.3
2021-03-12 18:00:00,18.1,56,1018.1
2021-03-12 19:00:00,17.7,58,1017.9
2021-03-12 20:00:00,16.6,63,1017.8
2021-03-12 21:00:00,15.4,70,1017.5
2021-03-12 22:00:00,14.7,72,1017.0
2021-03-12 23:00:00,13.4,69,1016.7
2021-03-13 00:00:00,12.8,69,1017.3
2021-03-13 01:00:00,13.1,65,1017.6
2021-03-13 02:00:00,14.6,60,1018.3
2021-03-13 03:00:00,19.2,60,1018.2
2021-03-13 04:00:00,22.0,41,1018.7
2021-03-13 05:00:00,24.6,36,1018.7
2021-03-13 06:00:00,27.2,31,1018.2
2021-03-13 07:00:00,27.6,31,1017.8
2021-03-13 08:00:00,28.3,30,1016.3
2021-03-13 09:00:00,27.6,36,1015.4
2021-03-13 10:00:00,28.4,31,1014.1
2021-03-13 11:00:00,27.5,33,1013.6
2021-03-13 12:00:00,27.0,34,1013.8
2021-03-13 13:00:00,23.2,47,1013.4
2021-03-13 14:00:00,21.5,52,1013.7
2021-03-13 15:00:00,19.8,62,1015.0
2021-03-13 16:00:00,18.8,62,1015.0
2021-03-13 17:00:00,17.6,66,1015.0
2021-03-13 18:00:00,16.6,72,1014.7
2021-03-13 19:00:00,15.5,79,1014.2
2021-03-13 20:00:00,14.6,85,1013.8
2021-03-13 21:00:00,15.1,83,1013.1
2021-03-13 22:00:00,15.1,82,1012.6
2021-03-13 23:00:00,13.4,90,1012.4
2021-03-14 00:00:00,13.1,90,1012.7
2021-03-14 01:00:00,12.8,91,1013.2
2021-03-14 02:00:00,14.5,84,1013.7
2021-03-14 03:00:00,20.4,66,1014.0
2021-03-14 04:00:00,21.4,59,1014.8
2021-03-14 05:00:00,24.1,50,1014.6
2021-03-14 06:00:00,27.6,38,1013.9
2021-03-14 07:00:00,27.2,38,1013.5
2021-03-14 08:00:00,27.8,35,1012.6
2021-03-14 09:00:00,29.4,32,1011.3
2021-03-14 10:00:00,27.9,34,1010.9
2021-03-14 11:00:00,27.3,36,1010.6
2021-03-14 12:00:00,27.6,42,1010.5
2021-03-14 13:00:00,22.3,55,1011.1
2021-03-14 14:00:00,21.1,57,1011.7
2021-03-14 15:00:00,19.7,60,1012.5
2021-03-14 16:00:00,19.3,69,1013.4
2021-03-14 17:00:00,17.8,77,1013.5
2021-03-14 18:00:00,17.0,80,1013.3
2021-03-14 19:00:00,16.2,85,1013.1
2021-03-14 20:00:00,15.7,86,1012.9
2021-03-14 21:00:00,15.3,87,1012.5
2021-03-14 22:00:00,14.9,88,1011.8
2021-03-14 23:00:00,14.8,87,1011.5
2021-03-15 00:00:00,14.0,90,1011.4
2021-03-15 01:00:00,13.7,90,1011.7
2021-03-15 02:00:00,15.4,82,1012.1
2021-03-15 03:00:00,22.0,55,1012.5
2021-03-15 04:00:00,22.0,54,1013.2
2021-03-15 05:00:00,24.8,45,1013.2
2021-03-15 06:00:00,29.0,30,1012.2
2021-03-15 07:00:00,27.9,37,1012.5
2021-03-15 08:00:00,28.7,35,1011.9
2021-03-15 09:00:00,29.0,33,1010.7
2021-03-15 10:00:00,28.8,34,1010.5
2021-03-15 11:00:00,28.2,35,1010.2
2021-03-15 12:00:00,27.0,47,1009.9
2021-03-15 13:00:00,23.1,54,1010.7
2021-03-15 14:00:00,22.5,55,1011.0
2021-03-15 15:00:00,21.9,56,1011.6
2021-03-15 16:00:00,20.7,62,1012.6
2021-03-15 17:00:00,19.4,69,1012.8
2021-03-15 18:00:00,18.5,74,1012.8
2021-03-15 19:00:00,17.2,81,1012.6
2021-03-15 20:00:00,16.6,85,1012.4
2021-03-15 21:00:00,16.2,87,1011.7
2021-03-15 22:00:00,16.0,88,1011.2
2021-03-15 23:00:00,16.1,88,1011.1
2021-03-16 00:00:00,15.8,90,1011.5
2021-03-16 01:00:00,15.0,93,1011.8
2021-03-16 02:00:00,16.9,85,1012.4
2021-03-16 03:00:00,21.0,72,1013.2
2021-03-16 04:00:00,23.4,61,1013.4
2021-03-16 05:00:00,26.0,50,1013.6
2021-03-16 06:00:00,27.6,43,1013.4
2021-03-16 07:00:00,29.0,35,1012.7
2021-03-16 08:00:00,29.7,32,1011.7
2021-03-16 09:00:00,30.0,30,1010.6
2021-03-16 10:00:00,29.7,29,1010.2
2021-03-16 11:00:00,29.1,30,1010.1
2021-03-16 12:00:00,28.4,35,1010.2
2021-03-16 13:00:00,24.4,49,1010.7
2021-03-16 14:00:00,23.8,50,1011.2
2021-03-16 15:00:00,22.6,53,1011.9
2021-03-16 16:00:00,21.5,56,1012.2
2021-03-16 17:00:00,20.0,63,1012.3
2021-03-16 18:00:00,19.6,65,1012.1
2021-03-16 19:00:00,17.8,72,1011.6
2021-03-16 20:00:00,15.9,81,1011.2
2021-03-16 21:00:00,15.5,84,1010.5
2021-03-16 22:00:00,15.1,86,1010.0
2021-03-16 23:00:00,15.2,85,1009.6
2021-03-17 00:00:00,15.4,83,1010.0
2021-03-17 01:00:00,15.0,85,1010.2
2021-03-17 02:00:00,17.4,77,1010.8
2021-03-17 03:00:00,23.2,55,1011.4
2021-03-17 04:00:00,24.2,52,1012.9
2021-03-17 05:00:00,26.5,46,1012.9
2021-03-17 06:00:00,30.0,28,1011.6
2021-03-17 07:00:00,29.2,35,1012.3
2021-03-17 08:00:00,29.9,32,1011.3
2021-03-17 09:00:00,32.4,21,1009.3
2021-03-17 10:00:00,29.5,31,1010.0
2021-03-17 11:00:00,27.9,36,1010.0
2021-03-17 12:00:00,28.6,32,1008.4
2021-03-17 13:00:00,24.1,55,1009.7
2021-03-17 14:00:00,22.7,58,1010.2
2021-03-17 15:00:00,21.8,62,1010.8
2021-03-17 16:00:00,20.2,70,1011.3
2021-03-17 17:00:00,18.6,76,1011.5
2021-03-17 18:00:00,18.5,76,1011.6
2021-03-17 19:00:00,17.7,78,1011.3
2021-03-17 20:00:00,17.2,78,1010.8
2021-03-17 21:00:00,17.2,78,1010.4
2021-03-17 22:00:00,15.7,86,1010.0
2021-03-17 23:00:00,15.2,89,1010.1
2021-03-18 00:00:00,14.8,91,1010.5
2021-03-18 01:00:00,14.2,92,1010.8
2021-03-18 02:00:00,16.7,79,1011.5
2021-03-18 03:00:00,21.0,65,1012.5
2021-03-18 04:00:00,24.0,52,1012.8
2021-03-18 05:00:00,27.2,41,1012.9
2021-03-18 06:00:00,29.0,37,1012.0
2021-03-18 07:00:00,30.0,29,1012.3
2021-03-18 08:00:00,30.5,28,1011.4
2021-03-18 09:00:00,31.6,30,1009.7
2021-03-18 10:00:00,30.5,27,1009.6
2021-03-18 11:00:00,29.9,29,1009.4
2021-03-18 12:00:00,29.6,29,1008.9
2021-03-18 13:00:00,25.0,51,1010.2
2021-03-18 14:00:00,23.8,52,1010.9
2021-03-18 15:00:00,22.7,55,1011.4
2021-03-18 16:00:00,21.6,59,1011.7
2021-03-18 17:00:00,20.3,66,1012.0
2021-03-18 18:00:00,19.8,70,1012.3
2021-03-18 19:00:00,18.2,77,1012.3
2021-03-18 20:00:00,18.3,75,1011.9
2021-03-18 21:00:00,17.2,80,1011.0
2021-03-18 22:00:00,17.2,79,1010.7
2021-03-18 23:00:00,16.6,83,1010.6
2021-03-19 00:00:00,16.2,85,1010.6
2021-03-19 01:00:00,15.4,88,1011.1
2021-03-19 02:00:00,17.1,79,1011.7
2021-03-19 03:00:00,21.2,70,1012.7
2021-03-19 04:00:00,23.8,54,1012.7
2021-03-19 05:00:00,26.7,44,1012.7
2021-03-19 06:00:00,28.4,46,1012.0
2021-03-19 07:00:00,30.2,32,1011.8
2021-03-19 08:00:00,31.1,26,1010.5
2021-03-19 09:00:00,33.0,16,1008.9
2021-03-19 10:00:00,31.0,26,1008.3
2021-03-19 11:00:00,30.2,28,1008.2
2021-03-19 12:00:00,30.0,32,1008.0
2021-03-19 13:00:00,25.5,42,1008.4
2021-03-19 14:00:00,24.4,41,1009.1
2021-03-19 15:00:00,23.0,42,1009.6
2021-03-19 16:00:00,20.9,58,1010.8
2021-03-19 17:00:00,19.2,65,1011.2
2021-03-19 18:00:00,18.6,67,1011.2
2021-03-19 19:00:00,18.0,69,1011.0
2021-03-19 20:00:00,17.5,71,1010.6
2021-03-19 21:00:00,16.3,76,1010.0
2021-03-19 22:00:00,15.7,80,1009.7
2021-03-19 23:00:00,15.1,82,1009.5
2021-03-20 00:00:00,14.5,78,1009.0
2021-03-20 01:00:00,14.1,80,1009.5
2021-03-20 02:00:00,16.5,71,1010.1
2021-03-20 03:00:00,22.4,61,1010.5
2021-03-20 04:00:00,23.9,48,1010.9
2021-03-20 05:00:00,26.7,40,1010.9
2021-03-20 06:00:00,30.4,29,1010.1
2021-03-20 07:00:00,30.0,29,1010.0
2021-03-20 08:00:00,30.2,32,1009.2
2021-03-20 09:00:00,32.2,26,1007.0
2021-03-20 10:00:00,30.5,29,1007.2
2021-03-20 11:00:00,29.8,31,1006.6
2021-03-20 12:00:00,30.4,29,1005.7
2021-03-20 13:00:00,23.8,57,1006.5
2021-03-20 14:00:00,22.5,59,1006.8
2021-03-20 15:00:00,21.0,64,1007.5
2021-03-20 16:00:00,20.2,65,1008.0
2021-03-20 17:00:00,19.2,69,1008.6
2021-03-20 18:00:00,18.4,72,1008.7
2021-03-20 19:00:00,17.9,75,1008.6
2021-03-20 20:00:00,17.4,77,1008.5
2021-03-20 21:00:00,17.6,77,1007.6
2021-03-20 22:00:00,17.2,78,1007.2
2021-03-20 23:00:00,17.2,78,1007.1
2021-03-21 00:00:00,15.6,85,1007.5
2021-03-21 01:00:00,14.3,91,1007.9
2021-03-21 02:00:00,16.6,80,1008.6
2021-03-21 03:00:00,22.4,66,1009.3
2021-03-21 04:00:00,24.9,53,1010.3
2021-03-21 05:00:00,27.7,41,1010.4
2021-03-21 06:00:00,29.4,30,1010.4
2021-03-21 07:00:00,29.9,34,1010.0
2021-03-21 08:00:00,29.3,36,1009.9
2021-03-21 09:00:00,27.2,35,1010.2
2021-03-21 10:00:00,28.0,40,1008.8
2021-03-21 11:00:00,27.1,42,1009.0
2021-03-21 12:00:00,21.8,69,1007.3
2021-03-21 13:00:00,24.5,51,1009.3
2021-03-21 14:00:00,23.3,55,1010.0
2021-03-21 15:00:00,22.2,61,1010.8
2021-03-21 16:00:00,21.6,62,1011.2
2021-03-21 17:00:00,20.3,64,1011.9
2021-03-21 18:00:00,20.7,60,1012.0
2021-03-21 19:00:00,20.8,59,1011.9
2021-03-21 20:00:00,21.0,52,1011.5
2021-03-21 21:00:00,21.4,45,1011.1
2021-03-21 22:00:00,21.4,46,1010.4
2021-03-21 23:00:00,20.9,48,1010.3
2021-03-22 00:00:00,20.5,50,1010.8
2021-03-22 01:00:00,20.7,49,1010.5
2021-03-22 02:00:00,21.7,47,1011.1
2021-03-22 03:00:00,18.6,81,1013.7
2021-03-22 04:00:00,25.5,42,1012.7
2021-03-22 05:00:00,27.2,39,1012.2
2021-03-22 06:00:00,22.4,66,1012.2
2021-03-22 07:00:00,30.5,31,1012.3
2021-03-22 08:00:00,26.0,48,1013.4
2021-03-22 09:00:00,28.2,40,1010.5
2021-03-22 10:00:00,26.6,39,1011.6
2021-03-22 11:00:00,26.3,44,1011.3
2021-03-22 12:00:00,25.9,47,1011.1
2021-03-22 13:00:00,23.7,53,1011.5
2021-03-22 14:00:00,23.3,52,1011.9
2021-03-22 15:00:00,22.0,55,1012.7
2021-03-22 16:00:00,21.6,54,1013.4
2021-03-22 17:00:00,21.8,53,1013.7
2021-03-22 18:00:00,22.2,49,1014.3
2021-03-22 19:00:00,19.5,62,1013.7
2021-03-22 20:00:00,19.6,60,1013.0
2021-03-22 21:00:00,20.1,56,1012.1
2021-03-22 22:00:00,20.0,56,1011.6
2021-03-22 23:00:00,19.4,59,1011.8
2021-03-23 00:00:00,19.0,60,1011.8
2021-03-23 01:00:00,18.2,63,1013.2
2021-03-23 02:00:00,17.4,80,1016.1
2021-03-23 03:00:00,15.8,91,1016.1
2021-03-23 04:00:00,19.6,69,1015.1
2021-03-23 05:00:00,22.5,56,1015.1
2021-03-23 06:00:00,21.4,62,1014.8
2021-03-23 07:00:00,27.5,38,1013.3
2021-03-23 08:00:00,29.3,32,1011.8
2021-03-23 09:00:00,26.8,46,1013.1
2021-03-23 10:00:00,21.5,69,1014.3
2021-03-23 11:00:00,26.3,45,1011.7
2021-03-23 12:00:00,25.4,44,1012.5
2021-03-23 13:00:00,23.5,57,1012.1
2021-03-23 14:00:00,22.6,57,1012.8
2021-03-23 15:00:00,21.2,57,1014.0
2021-03-23 16:00:00,20.3,56,1014.8
2021-03-23 17:00:00,18.2,68,1015.5
2021-03-23 18:00:00,18.6,60,1014.6
2021-03-23 19:00:00,17.9,53,1015.0
2021-03-23 20:00:00,17.1,55,1014.8
2021-03-23 21:00:00,16.4,59,1014.0
2021-03-23 22:00:00,15.6,65,1013.8
2021-03-23 23:00:00,15.9,65,1014.2
2021-03-24 00:00:00,14.9,72,1014.2
2021-03-24 01:00:00,14.7,72,1015.0
2021-03-24 02:00:00,16.4,66,1015.4
2021-03-24 03:00:00,19.2,65,1015.8
2021-03-24 04:00:00,24.5,39,1016.3
2021-03-24 05:00:00,26.8,33,1016.2
2021-03-24 06:00:00,27.4,32,1016.2
2021-03-24 07:00:00,29.2,25,1015.4
2021-03-24 08:00:00,28.8,25,1014.7
2021-03-24 09:00:00,29.0,26,1012.8
2021-03-24 10:00:00,28.1,23,1013.5
2021-03-24 11:00:00,27.2,25,1013.2
2021-03-24 12:00:00,27.6,33,1012.3
2021-03-24 13:00:00,23.0,41,1014.0
2021-03-24 14:00:00,21.5,44,1014.3
2021-03-24 15:00:00,20.0,50,1014.5
2021-03-24 16:00:00,18.2,57,1014.8
2021-03-24 17:00:00,17.3,61,1015.0
2021-03-24 18:00:00,16.7,63,1015.0
2021-03-24 19:00:00,16.3,66,1014.8
2021-03-24 20:00:00,15.5,66,1014.6
2021-03-24 21:00:00,15.3,68,1014.3
2021-03-24 22:00:00,15.0,74,1013.9
2021-03-24 23:00:00,14.5,78,1013.5
2021-03-25 00:00:00,14.0,78,1013.5
2021-03-25 01:00:00,13.3,79,1013.5
2021-03-25 02:00:00,15.2,72,1013.8
2021-03-25 03:00:00,20.4,59,1014.0
2021-03-25 04:00:00,21.4,50,1015.1
2021-03-25 05:00:00,24.0,42,1015.3
2021-03-25 06:00:00,26.0,40,1014.7
2021-03-25 07:00:00,27.0,32,1014.7
2021-03-25 08:00:00,27.8,29,1013.9
2021-03-25 09:00:00,28.8,23,1012.4
2021-03-25 10:00:00,28.1,28,1012.0
2021-03-25 11:00:00,27.7,28,1011.7
2021-03-25 12:00:00,26.8,31,1011.5
2021-03-25 13:00:00,23.8,42,1012.0
2021-03-25 14:00:00,21.8,48,1012.4
2021-03-25 15:00:00,20.7,50,1013.1
2021-03-25 16:00:00,20.0,51,1013.6
2021-03-25 17:00:00,18.7,56,1013.5
2021-03-25 18:00:00,17.7,61,1013.4
2021-03-25 19:00:00,16.8,67,1012.9
2021-03-25 20:00:00,15.8,75,1012.5
2021-03-25 21:00:00,15.2,79,1012.0
2021-03-25 22:00:00,15.0,81,1012.0
2021-03-25 23:00:00,14.5,84,1011.9
2021-03-26 00:00:00,13.8,89,1012.2
2021-03-26 01:00:00,13.1,91,1012.5
2021-03-26 02:00:00,16.1,80,1012.9
2021-03-26 03:00:00,21.2,60,1012.7
2021-03-26 04:00:00,22.2,56,1013.5
2021-03-26 05:00:00,24.9,48,1013.5
2021-03-26 06:00:00,27.8,30,1012.6
2021-03-26 07:00:00,27.8,37,1012.7
2021-03-26 08:00:00,28.6,34,1011.7
2021-03-26 09:00:00,30.2,25,1009.9
2021-03-26 10:00:00,29.0,30,1009.6
2021-03-26 11:00:00,28.6,29,1009.0
2021-03-26 12:00:00,29.2,30,1008.1
2021-03-26 13:00:00,23.1,54,1009.3
2021-03-26 14:00:00,21.0,61,1009.9
2021-03-26 15:00:00,19.6,66,1010.6
2021-03-26 16:00:00,18.6,67,1010.7
2021-03-26 17:00:00,17.7,70,1010.9
2021-03-26 18:00:00,17.0,74,1010.8
2021-03-26 19:00:00,16.6,77,1010.5
2021-03-26 20:00:00,16.4,79,1010.1
2021-03-26 21:00:00,16.4,82,1009.1
2021-03-26 22:00:00,15.5,86,1008.7
2021-03-26 23:00:00,15.0,89,1008.6
2021-03-27 00:00:00,14.5,91,1008.8
2021-03-27 01:00:00,14.2,91,1009.0
2021-03-27 02:00:00,17.5,78,1009.4
2021-03-27 03:00:00,21.8,64,1009.7
2021-03-27 04:00:00,24.5,53,1011.0
2021-03-27 05:00:00,26.7,44,1011.2
2021-03-27 06:00:00,29.2,34,1010.9
2021-03-27 07:00:00,29.6,34,1010.9
2021-03-27 08:00:00,30.3,34,1010.0
2021-03-27 09:00:00,32.2,25,1007.9
2021-03-27 10:00:00,30.8,32,1008.3
2021-03-27 11:00:00,30.5,33,1007.7
2021-03-27 12:00:00,30.8,32,1006.6
2021-03-27 13:00:00,25.0,55,1008.1
2021-03-27 14:00:00,23.6,56,1008.5
2021-03-27 15:00:00,22.3,61,1009.0
2021-03-27 16:00:00,21.1,64,1009.5
2021-03-27 17:00:00,19.9,69,1009.5
2021-03-27 18:00:00,19.5,71,1009.1
2021-03-27 19:00:00,19.4,72,1008.5
2021-03-27 20:00:00,17.9,80,1008.4
2021-03-27 21:00:00,17.6,83,1007.8
2021-03-27 22:00:00,17.1,86,1007.3
2021-03-27 23:00:00,16.2,89,1007.0
2021-03-28 00:00:00,16.9,85,1006.8
2021-03-28 01:00:00,16.9,85,1006.9
2021-03-28 02:00:00,18.9,79,1007.2
2021-03-28 03:00:00,24.0,64,1007.7
2021-03-28 04:00:00,25.9,54,1008.2
2021-03-28 05:00:00,28.8,42,1008.2
2021-03-28 06:00:00,30.6,42,1008.1
2021-03-28 07:00:00,31.8,34,1007.8
2021-03-28 08:00:00,32.6,32,1006.7
2021-03-28 09:00:00,33.0,30,1004.7
2021-03-28 10:00:00,33.1,30,1004.7
2021-03-28 11:00:00,32.8,30,1004.1
2021-03-28 12:00:00,32.8,35,1003.1
2021-03-28 13:00:00,28.4,45,1004.3
2021-03-28 14:00:00,26.8,46,1004.7
2021-03-28 15:00:00,25.6,47,1005.3
2021-03-28 16:00:00,25.5,48,1005.4
2021-03-28 17:00:00,25.6,47,1004.8
2021-03-28 18:00:00,24.8,50,1005.0
2021-03-28 19:00:00,24.8,50,1005.0
2021-03-28 20:00:00,24.4,51,1004.5
2021-03-28 21:00:00,23.9,52,1004.1
2021-03-28 22:00:00,24.1,51,1003.8
2021-03-28 23:00:00,23.4,54,1003.6
2021-03-29 00:00:00,23.8,53,1003.7
2021-03-29 01:00:00,23.7,52,1004.0
2021-03-29 02:00:00,24.3,52,1004.9
2021-03-29 03:00:00,24.4,58,1005.4
2021-03-29 04:00:00,28.6,42,1005.8
2021-03-29 05:00:00,30.8,34,1005.8
2021-03-29 06:00:00,30.8,40,1004.4
2021-03-29 07:00:00,33.4,25,1004.8
2021-03-29 08:00:00,34.0,24,1003.8
2021-03-29 09:00:00,34.4,26,1002.0
2021-03-29 10:00:00,34.4,24,1002.1
2021-03-29 11:00:00,34.0,25,1001.6
2021-03-29 12:00:00,33.6,31,1000.0
2021-03-29 13:00:00,28.1,44,1001.3
2021-03-29 14:00:00,26.3,46,1001.8
2021-03-29 15:00:00,25.0,51,1002.6
2021-03-29 16:00:00,23.1,59,1002.7
2021-03-29 17:00:00,23.3,57,1002.8
2021-03-29 18:00:00,23.6,50,1002.3
2021-03-29 19:00:00,22.6,47,1001.5
2021-03-29 20:00:00,21.3,48,1001.3
2021-03-29 21:00:00,20.0,51,1000.8
2021-03-29 22:00:00,19.3,59,1000.1
2021-03-29 23:00:00,18.9,60,1000.0
2021-03-30 00:00:00,18.5,64,1000.2
2021-03-30 01:00:00,18.5,68,1000.4
2021-03-30 02:00:00,20.5,60,1000.8
2021-03-30 03:00:00,23.8,64,1000.2
2021-03-30 04:00:00,27.5,44,1000.9
2021-03-30 05:00:00,29.7,40,1000.8
2021-03-30 06:00:00,30.8,38,1000.1
2021-03-30 07:00:00,32.5,32,1000.4
2021-03-30 08:00:00,33.1,30,999.7
2021-03-30 09:00:00,34.4,26,998.1
2021-03-30 10:00:00,33.0,28,998.6
2021-03-30 11:00:00,32.4,28,998.3
2021-03-30 12:00:00,33.0,25,997.6
2021-03-30 13:00:00,28.2,38,999.4
2021-03-30 14:00:00,26.9,37,1000.4
2021-03-30 15:00:00,26.5,35,1001.1
2021-03-30 16:00:00,25.4,39,1001.8
2021-03-30 17:00:00,24.2,41,1002.0
2021-03-30 18:00:00,23.0,43,1001.8
2021-03-30 19:00:00,22.0,44,1001.7
2021-03-30 20:00:00,21.1,42,1001.3
2021-03-30 21:00:00,20.2,38,1000.6
2021-03-30 22:00:00,19.4,34,1000.3
2021-03-30 23:00:00,18.2,28,1000.2
2021-03-31 00:00:00,17.4,24,1000.5
2021-03-31 01:00:00,16.9,24,1000.9
2021-03-31 02:00:00,18.5,28,1001.9
2021-03-31 03:00:00,21.0,28,1002.8
2021-03-31 04:00:00,23.1,25,1003.3
2021-03-31 05:00:00,25.0,23,1003.6
2021-03-31 06:00:00,28.8,15,1002.9
2021-03-31 07:00:00,28.3,19,1002.8
2021-03-31 08:00:00,29.6,18,1002.0
2021-03-31 09:00:00,31.8,12,1001.1
2021-03-31 10:00:00,30.9,12,1000.9
2021-03-31 11:00:00,30.3,12,1000.8
2021-03-31 12:00:00,30.8,12,1000.4
2021-03-31 13:00:00,25.8,20,1001.2
2021-03-31 14:00:00,23.8,20,1002.3
2021-03-31 15:00:00,21.9,24,1003.0
2021-03-31 16:00:00,20.1,29,1003.4
2021-03-31 17:00:00,19.1,32,1003.3
2021-03-31 18:00:00,18.4,34,1003.3
2021-03-31 19:00:00,17.8,36,1003.0
2021-03-31 20:00:00,17.3,36,1002.5
2021-03-31 21:00:00,16.6,36,1002.1
2021-03-31 22:00:00,15.6,36,1001.6
2021-03-31 23:00:00,15.2,33,1001.5
2021-04-01 00:00:00,14.9,29,1001.8
2021-04-01 01:00:00,15.0,25,1002.3
2021-04-01 02:00:00,16.9,23,1003.1
2021-04-01 03:00:00,21.2,17,1003.1
2021-04-01 04:00:00,22.2,17,1003.9
2021-04-01 05:00:00,24.5,16,1004.2
2021-04-01 06:00:00,29.4,12,1002.9
2021-04-01 07:00:00,28.5,15,1003.6
2021-04-01 08:00:00,29.8,14,1003.0
2021-04-01 09:00:00,31.8,12,1001.5
2021-04-01 10:00:00,30.4,11,1001.4
2021-04-01 11:00:00,29.8,11,1001.5
2021-04-01 12:00:00,29.4,12,1001.2
2021-04-01 13:00:00,25.0,20,1002.4
2021-04-01 14:00:00,22.8,23,1003.2
2021-04-01 15:00:00,21.2,26,1004.0
2021-04-01 16:00:00,19.9,28,1004.6
2021-04-01 17:00:00,19.3,26,1005.1
2021-04-01 18:00:00,18.4,26,1005.1
2021-04-01 19:00:00,18.0,26,1004.9
2021-04-01 20:00:00,17.1,27,1004.8
2021-04-01 21:00:00,16.2,28,1004.7
2021-04-01 22:00:00,15.8,26,1004.5
2021-04-01 23:00:00,15.6,24,1004.5
2021-04-02 00:00:00,15.3,23,1004.7
2021-04-02 01:00:00,14.8,23,1005.1
2021-04-02 02:00:00,16.7,23,1005.8
2021-04-02 03:00:00,21.4,18,1006.0
2021-04-02 04:00:00,22.3,15,1007.0
2021-04-02 05:00:00,24.4,17,1006.8
2021-04-02 06:00:00,27.6,14,1006.8
2021-04-02 07:00:00,28.2,12,1006.2
2021-04-02 08:00:00,29.2,10,1005.6
2021-04-02 09:00:00,30.8,6,1005.5
2021-04-02 10:00:00,29.5,9,1004.4
2021-04-02 11:00:00,29.0,8,1004.2
2021-04-02 12:00:00,29.2,11,1004.8
2021-04-02 13:00:00,23.5,18,1005.4
2021-04-02 14:00:00,20.0,26,1006.4
2021-04-02 15:00:00,18.9,35,1007.6
2021-04-02 16:00:00,18.3,36,1008.3
2021-04-02 17:00:00,19.8,30,1008.3
2021-04-02 18:00:00,17.0,37,1008.1
2021-04-02 19:00:00,17.0,36,1008.0
2021-04-02 20:00:00,17.3,34,1008.1
2021-04-02 21:00:00,17.1,34,1008.0
2021-04-02 22:00:00,15.9,37,1007.7
2021-04-02 23:00:00,15.5,37,1007.6
2021-04-03 00:00:00,15.6,36,1007.8
2021-04-03 01:00:00,11.9,49,1008.3
2021-04-03 02:00:00,15.1,45,1009.1
2021-04-03 03:00:00,23.4,28,1009.9
2021-04-03 04:00:00,23.6,28,1010.6
2021-04-03 05:00:00,26.2,21,1010.7
2021-04-03 06:00:00,30.0,14,1010.0
2021-04-03 07:00:00,29.3,18,1010.2
2021-04-03 08:00:00,30.2,16,1009.4
2021-04-03 09:00:00,32.8,10,1007.8
2021-04-03 10:00:00,30.6,15,1008.2
2021-04-03 11:00:00,30.1,17,1008.0
2021-04-03 12:00:00,31.2,14,1007.3
2021-04-03 13:00:00,24.3,31,1008.4
2021-04-03 14:00:00,22.2,33,1008.9
2021-04-03 15:00:00,21.0,33,1009.7
2021-04-03 16:00:00,20.1,33,1010.3
2021-04-03 17:00:00,18.7,36,1010.5
2021-04-03 18:00:00,18.4,38,1010.2
2021-04-03 19:00:00,17.9,38,1010.1
2021-04-03 20:00:00,17.0,41,1009.9
2021-04-03 21:00:00,16.2,43,1009.6
2021-04-03 22:00:00,15.6,42,1009.1
2021-04-03 23:00:00,15.0,44,1008.9
2021-04-04 00:00:00,14.5,47,1009.1
2021-04-04 01:00:00,14.3,53,1009.8
2021-04-04 02:00:00,17.7,42,1010.4
2021-04-04 03:00:00,25.2,30,1010.5
2021-04-04 04:00:00,25.5,28,1011.3
2021-04-04 05:00:00,28.4,21,1011.5
2021-04-04 06:00:00,32.4,15,1010.3
2021-04-04 07:00:00,31.5,15,1010.6
2021-04-04 08:00:00,32.8,15,1009.5
2021-04-04 09:00:00,35.4,13,1007.2
2021-04-04 10:00:00,32.3,17,1007.9
2021-04-04 11:00:00,31.3,19,1007.8
2021-04-04 12:00:00,32.6,16,1006.9
2021-04-04 13:00:00,28.0,28,1008.4
2021-04-04 14:00:00,26.6,23,1009.0
2021-04-04 15:00:00,24.4,27,1009.8
2021-04-04 16:00:00,24.8,27,1010.3
2021-04-04 17:00:00,24.7,28,1010.2
2021-04-04 18:00:00,24.1,32,1009.8
2021-04-04 19:00:00,24.8,29,1009.2
2021-04-04 20:00:00,23.8,29,1009.0
2021-04-04 21:00:00,23.6,30,1008.6
2021-04-04 22:00:00,22.1,33,1008.3
2021-04-04 23:00:00,22.8,32,1008.6
2021-04-05 00:00:00,23.8,30,1008.6
2021-04-05 01:00:00,23.0,33,1009.2
2021-04-05 02:00:00,23.6,35,1010.2
2021-04-05 03:00:00,26.4,38,1009.7
2021-04-05 04:00:00,24.2,41,1010.9
2021-04-05 05:00:00,25.9,39,1011.4
2021-04-05 06:00:00,32.4,27,1010.3
2021-04-05 07:00:00,32.1,23,1010.0
2021-04-05 08:00:00,32.7,21,1009.1
2021-04-05 09:00:00,34.4,21,1007.1
2021-04-05 10:00:00,32.3,23,1007.4
2021-04-05 11:00:00,32.2,23,1007.0
2021-04-05 12:00:00,32.8,23,1006.1
2021-04-05 13:00:00,28.6,28,1007.2
2021-04-05 14:00:00,25.9,35,1008.5
2021-04-05 15:00:00,24.7,37,1008.8
2021-04-05 16:00:00,23.2,40,1008.9
2021-04-05 17:00:00,21.5,45,1009.0
2021-04-05 18:00:00,20.6,49,1009.2
2021-04-05 19:00:00,19.5,55,1009.2
2021-04-05 20:00:00,20.0,52,1008.8
2021-04-05 21:00:00,21.1,44,1008.6
2021-04-05 22:00:00,23.6,36,1007.9
2021-04-05 23:00:00,23.2,40,1007.9
2021-04-06 00:00:00,23.0,41,1007.7
2021-04-06 01:00:00,23.4,39,1007.9
2021-04-06 02:00:00,24.8,37,1008.4
2021-04-06 03:00:00,25.0,45,1008.5
2021-04-06 04:00:00,30.0,28,1009.0
2021-04-06 05:00:00,30.1,29,1009.6
2021-04-06 06:00:00,27.2,41,1009.2
2021-04-06 07:00:00,27.5,39,1009.9
2021-04-06 08:00:00,30.0,31,1009.0
2021-04-06 09:00:00,30.6,28,1005.8
2021-04-06 10:00:00,29.7,36,1008.0
2021-04-06 11:00:00,28.7,37,1008.0
2021-04-06 12:00:00,30.0,29,1004.1
2021-04-06 13:00:00,26.4,38,1006.6
2021-04-06 14:00:00,26.0,36,1007.5
2021-04-06 15:00:00,25.2,34,1008.2
2021-04-06 16:00:00,24.4,35,1008.1
2021-04-06 17:00:00,22.0,47,1009.2
2021-04-06 18:00:00,21.1,54,1009.4
2021-04-06 19:00:00,20.3,59,1009.2
2021-04-06 20:00:00,19.7,64,1009.4
2021-04-06 21:00:00,18.3,77,1008.5
2021-04-06 22:00:00,17.4,84,1009.2
2021-04-06 23:00:00,17.7,82,1009.4
2021-04-07 00:00:00,17.5,83,1009.8
2021-04-07 01:00:00,16.8,86,1011.3
2021-04-07 02:00:00,18.7,77,1012.9
2021-04-07 03:00:00,23.0,67,1012.3
2021-04-07 04:00:00,24.9,49,1013.8
2021-04-07 05:00:00,27.2,40,1013.8
2021-04-07 06:00:00,29.4,37,1012.0
2021-04-07 07:00:00,31.2,29,1012.0
2021-04-07 08:00:00,32.0,24,1011.0
2021-04-07 09:00:00,32.4,26,1009.3
2021-04-07 10:00:00,32.4,19,1009.1
2021-04-07 11:00:00,31.7,21,1008.6
2021-04-07 12:00:00,31.8,26,1007.6
2021-04-07 13:00:00,27.1,32,1008.9
2021-04-07 14:00:00,24.9,38,1009.3
2021-04-07 15:00:00,24.1,39,1010.0
2021-04-07 16:00:00,23.2,42,1010.7
2021-04-07 17:00:00,22.9,43,1010.9
2021-04-07 18:00:00,22.0,46,1010.8
2021-04-07 19:00:00,21.1,48,1010.5
2021-04-07 20:00:00,19.9,52,1009.9
2021-04-07 21:00:00,18.6,56,1009.5
2021-04-07 22:00:00,17.5,61,1009.1
2021-04-07 23:00:00,16.6,64,1008.8
2021-04-08 00:00:00,16.0,66,1008.8
2021-04-08 01:00:00,15.9,65,1009.5
2021-04-08 02:00:00,18.2,55,1010.2
2021-04-08 03:00:00,25.4,27,1010.7
2021-04-08 04:00:00,23.6,36,1010.9
2021-04-08 05:00:00,26.5,29,1010.8
2021-04-08 06:00:00,30.6,17,1010.1
2021-04-08 07:00:00,29.8,19,1009.9
2021-04-08 08:00:00,30.6,17,1009.1
2021-04-08 09:00:00,33.0,14,1007.5
2021-04-08 10:00:00,31.0,15,1007.2
2021-04-08 11:00:00,30.6,15,1006.9
2021-04-08 12:00:00,31.2,19,1006.6
2021-04-08 13:00:00,26.0,27,1007.8
2021-04-08 14:00:00,23.9,30,1008.7
2021-04-08 15:00:00,22.9,30,1009.6
2021-04-08 16:00:00,22.0,32,1010.1
2021-04-08 17:00:00,20.4,37,1010.2
2021-04-08 18:00:00,18.5,43,1010.0
2021-04-08 19:00:00,17.6,46,1009.7
2021-04-08 20:00:00,17.6,49,1009.9
2021-04-08 21:00:00,17.2,52,1009.7
2021-04-08 22:00:00,16.5,56,1009.3
2021-04-08 23:00:00,15.6,60,1009.3
2021-04-09 00:00:00,15.4,60,1009.5
2021-04-09 01:00:00,16.0,57,1010.1
2021-04-09 02:00:00,19.0,49,1011.0
2021-04-09 03:00:00,25.0,34,1010.9
2021-04-09 04:00:00,27.2,27,1011.6
2021-04-09 05:00:00,29.7,19,1011.6
2021-04-09 06:00:00,32.8,9,1010.6
2021-04-09 07:00:00,31.8,15,1010.8
2021-04-09 08:00:00,32.5,13,1010.2
2021-04-09 09:00:00,35.0,5,1008.6
2021-04-09 10:00:00,32.5,12,1008.7
2021-04-09 11:00:00,31.9,13,1008.3
2021-04-09 12:00:00,33.0,6,1007.9
2021-04-09 13:00:00,27.2,22,1008.9
2021-04-09 14:00:00,24.8,25,1009.5
2021-04-09 15:00:00,23.6,26,1010.3
2021-04-09 16:00:00,22.7,26,1010.9
2021-04-09 17:00:00,21.5,29,1011.1
2021-04-09 18:00:00,19.8,33,1011.3
2021-04-09 19:00:00,18.1,38,1011.2
2021-04-09 20:00:00,17.7,43,1011.2
2021-04-09 21:00:00,17.5,44,1010.7
2021-04-09 22:00:00,17.5,44,1010.5
2021-04-09 23:00:00,17.1,46,1010.5
2021-04-10 00:00:00,17.2,46,1010.9
2021-04-10 01:00:00,17.3,49,1011.3
2021-04-10 02:00:00,19.4,46,1011.9
2021-04-10 03:00:00,29.2,14,1011.5
2021-04-10 04:00:00,27.9,26,1012.6
2021-04-10 05:00:00,30.8,19,1012.8
2021-04-10 06:00:00,33.4,8,1011.3
2021-04-10 07:00:00,33.2,13,1012.2
2021-04-10 08:00:00,33.8,12,1011.7
2021-04-10 09:00:00,35.2,5,1009.2
2021-04-10 10:00:00,33.7,12,1010.1
2021-04-10 11:00:00,33.2,13,1009.6
2021-04-10 12:00:00,34.6,8,1008.2
2021-04-10 13:00:00,28.8,23,1010.0
2021-04-10 14:00:00,27.4,23,1010.8
2021-04-10 15:00:00,25.6,26,1011.6
2021-04-10 16:00:00,23.4,30,1012.1
2021-04-10 17:00:00,21.8,34,1012.4
2021-04-10 18:00:00,20.4,38,1012.3
2021-04-10 19:00:00,19.0,43,1012.2
2021-04-10 20:00:00,18.7,44,1011.7
2021-04-10 21:00:00,19.1,41,1010.6
2021-04-10 22:00:00,19.1,41,1010.2
2021-04-10 23:00:00,18.4,44,1010.2
2021-04-11 00:00:00,16.9,48,1010.6
2021-04-11 01:00:00,16.5,56,1011.1
2021-04-11 02:00:00,20.2,44,1011.7
2021-04-11 03:00:00,28.0,23,1011.9
2021-04-11 04:00:00,28.9,26,1012.3
2021-04-11 05:00:00,31.6,20,1012.6
2021-04-11 06:00:00,34.6,12,1011.4
2021-04-11 07:00:00,34.5,14,1011.9
2021-04-11 08:00:00,35.1,14,1011.4
2021-04-11 09:00:00,37.0,10,1009.0
2021-04-11 10:00:00,34.3,14,1010.1
2021-04-11 11:00:00,33.8,14,1010.0
2021-04-11 12:00:00,35.4,12,1008.0
2021-04-11 13:00:00,29.5,22,1011.2
2021-04-11 14:00:00,27.6,25,1011.6
2021-04-11 15:00:00,26.3,30,1012.4
2021-04-11 16:00:00,24.2,34,1012.6
2021-04-11 17:00:00,23.6,34,1012.7
2021-04-11 18:00:00,22.6,36,1012.4
2021-04-11 19:00:00,21.5,39,1012.3
2021-04-11 20:00:00,21.7,39,1011.9
2021-04-11 21:00:00,20.9,41,1011.3
2021-04-11 22:00:00,20.5,36,1010.6
2021-04-11 23:00:00,20.0,38,1010.8
2021-04-12 00:00:00,19.8,39,1011.4
2021-04-12 01:00:00,20.4,44,1011.9
2021-04-12 02:00:00,22.8,35,1012.1
2021-04-12 03:00:00,28.0,26,1012.7
2021-04-12 04:00:00,30.7,19,1013.5
2021-04-12 05:00:00,32.6,17,1013.4
2021-04-12 06:00:00,35.0,18,1012.4
2021-04-12 07:00:00,34.8,17,1013.0
2021-04-12 08:00:00,35.2,17,1012.3
2021-04-12 09:00:00,36.0,12,1010.5
2021-04-12 10:00:00,34.6,16,1010.7
2021-04-12 11:00:00,33.8,17,1010.9
2021-04-12 12:00:00,35.0,14,1008.9
2021-04-12 13:00:00,30.6,22,1011.1
2021-04-12 14:00:00,26.6,31,1011.6
2021-04-12 15:00:00,25.5,34,1012.2
2021-04-12 16:00:00,24.6,35,1012.4
2021-04-12 17:00:00,22.8,39,1012.4
2021-04-12 18:00:00,21.6,42,1012.5
2021-04-12 19:00:00,21.3,42,1012.2
2021-04-12 20:00:00,21.7,41,1011.5
2021-04-12 21:00:00,21.4,43,1010.9
2021-04-12 22:00:00,19.5,51,1010.0
2021-04-12 23:00:00,18.6,54,1009.8
2021-04-13 00:00:00,18.0,55,1010.1
2021-04-13 01:00:00,18.5,55,1010.5
2021-04-13 02:00:00,21.7,46,1010.8
2021-04-13 03:00:00,25.6,32,1011.3
2021-04-13 04:00:00,29.5,28,1011.8
2021-04-13 05:00:00,32.6,21,1011.8
2021-04-13 06:00:00,35.0,12,1010.2
2021-04-13 07:00:00,35.5,14,1011.1
2021-04-13 08:00:00,36.1,14,1010.3
2021-04-13 09:00:00,37.0,8,1008.0
2021-04-13 10:00:00,36.2,14,1008.6
2021-04-13 11:00:00,35.4,15,1008.1
2021-04-13 12:00:00,36.0,12,1006.6
2021-04-13 13:00:00,31.8,21,1008.2
2021-04-13 14:00:00,30.5,22,1008.9
2021-04-13 15:00:00,29.0,26,1010.3
2021-04-13 16:00:00,27.2,31,1010.7
2021-04-13 17:00:00,25.6,37,1010.7
2021-04-13 18:00:00,23.4,43,1010.5
2021-04-13 19:00:00,22.7,45,1010.5
2021-04-13 20:00:00,21.6,48,1009.9
2021-04-13 21:00:00,21.5,47,1009.1
2021-04-13 22:00:00,20.6,50,1008.9
2021-04-13 23:00:00,20.5,47,1007.8
2021-04-14 00:00:00,20.2,48,1008.1
2021-04-14 01:00:00,20.3,50,1008.5
2021-04-14 02:00:00,23.5,41,1009.0
2021-04-14 03:00:00,30.4,22,1009.5
2021-04-14 04:00:00,31.6,25,1009.9
2021-04-14 05:00:00,34.1,21,1010.3
2021-04-14 06:00:00,36.0,14,1008.6
2021-04-14 07:00:00,36.5,16,1009.4
2021-04-14 08:00:00,36.0,15,1009.1
2021-04-14 09:00:00,38.6,8,1006.3
2021-04-14 10:00:00,35.3,15,1007.5
2021-04-14 11:00:00,34.3,16,1007.5
2021-04-14 12:00:00,37.0,11,1004.6
2021-04-14 13:00:00,30.4,27,1008.5
2021-04-14 14:00:00,28.6,32,1009.2
2021-04-14 15:00:00,26.0,37,1009.6
2021-04-14 16:00:00,24.8,40,1010.0
2021-04-14 17:00:00,24.2,40,1010.2
2021-04-14 18:00:00,23.2,42,1010.0
2021-04-14 19:00:00,21.7,46,1009.5
2021-04-14 20:00:00,21.4,47,1009.0
2021-04-14 21:00:00,20.8,49,1008.4
2021-04-14 22:00:00,20.7,50,1007.8
2021-04-14 23:00:00,22.3,38,1007.0
2021-04-15 00:00:00,21.1,42,1007.2
2021-04-15 01:00:00,20.3,50,1007.5
2021-04-15 02:00:00,23.6,38,1008.2
2021-04-15 03:00:00,29.0,23,1008.3
2021-04-15 04:00:00,30.8,25,1009.9
2021-04-15 05:00:00,33.2,21,1010.0
2021-04-15 06:00:00,32.2,21,1009.8
2021-04-15 07:00:00,36.5,14,1008.5
2021-04-15 08:00:00,36.3,15,1007.8
2021-04-15 09:00:00,35.8,13,1006.1
2021-04-15 10:00:00,34.9,16,1006.5
2021-04-15 11:00:00,34.3,17,1006.1
2021-04-15 12:00:00,34.0,18,1005.1
2021-04-15 13:00:00,31.3,22,1006.7
2021-04-15 14:00:00,29.7,24,1007.1
2021-04-15 15:00:00,28.8,25,1007.1
2021-04-15 16:00:00,27.1,27,1007.3
2021-04-15 17:00:00,25.0,31,1007.9
2021-04-15 18:00:00,22.9,38,1007.9
2021-04-15 19:00:00,22.4,41,1007.3
2021-04-15 20:00:00,22.4,41,1006.5
2021-04-15 21:00:00,20.6,46,1005.9
2021-04-15 22:00:00,20.8,44,1005.2
2021-04-15 23:00:00,21.7,39,1005.0
2021-04-16 00:00:00,19.8,45,1005.8
2021-04-16 01:00:00,20.2,44,1006.4
2021-04-16 02:00:00,23.7,35,1007.0
2021-04-16 03:00:00,28.0,31,1006.9
2021-04-16 04:00:00,29.9,23,1007.7
2021-04-16 05:00:00,32.5,20,1007.7
2021-04-16 06:00:00,36.4,13,1005.4
2021-04-16 07:00:00,35.8,15,1006.1
2021-04-16 08:00:00,37.9,12,1004.3
2021-04-16 09:00:00,37.2,12,1002.9
2021-04-16 10:00:00,31.4,30,1005.5
2021-04-16 11:00:00,31.1,26,1005.2
2021-04-16 12:00:00,28.4,32,1006.1
2021-04-16 13:00:00,28.8,34,1006.4
2021-04-16 14:00:00,27.8,35,1006.9
2021-04-16 15:00:00,27.1,36,1007.9
2021-04-16 16:00:00,23.4,57,1009.1
2021-04-16 17:00:00,22.9,59,1009.1
2021-04-16 18:00:00,22.2,64,1008.7
2021-04-16 19:00:00,21.7,64,1008.4
2021-04-16 20:00:00,21.3,64,1007.9
2021-04-16 21:00:00,20.9,66,1007.6
2021-04-16 22:00:00,20.0,69,1008.1
2021-04-16 23:00:00,18.8,83,1009.1
2021-04-17 00:00:00,18.2,84,1009.8
2021-04-17 01:00:00,18.8,89,1009.5
2021-04-17 02:00:00,21.1,77,1010.5
2021-04-17 03:00:00,26.4,43,1009.5
2021-04-17 04:00:00,22.0,68,1012.9
2021-04-17 05:00:00,23.5,59,1013.1
2021-04-17 06:00:00,30.4,32,1009.6
2021-04-17 07:00:00,26.7,46,1012.4
2021-04-17 08:00:00,27.6,43,1011.8
2021-04-17 09:00:00,23.7,64,1011.0
2021-04-17 10:00:00,25.1,60,1010.6
2021-04-17 11:00:00,25.3,58,1010.1
2021-04-17 12:00:00,25.2,52,1008.2
2021-04-17 13:00:00,23.8,61,1010.7
2021-04-17 14:00:00,22.0,67,1011.4
2021-04-17 15:00:00,20.8,73,1012.3
2021-04-17 16:00:00,20.1,76,1012.8
2021-04-17 17:00:00,19.1,77,1013.0
2021-04-17 18:00:00,18.3,81,1013.1
2021-04-17 19:00:00,18.0,81,1012.9
2021-04-17 20:00:00,17.4,81,1012.4
2021-04-17 21:00:00,17.2,82,1012.1
2021-04-17 22:00:00,16.9,81,1012.1
2021-04-17 23:00:00,16.7,80,1012.3
2021-04-18 00:00:00,16.5,79,1012.6
2021-04-18 01:00:00,18.3,69,1014.9
2021-04-18 02:00:00,19.6,64,1014.6
2021-04-18 03:00:00,21.0,73,1013.9
2021-04-18 04:00:00,25.1,45,1014.5
2021-04-18 05:00:00,27.7,37,1014.3
2021-04-18 06:00:00,31.0,29,1012.5
2021-04-18 07:00:00,30.4,29,1013.3
2021-04-18 08:00:00,31.3,27,1012.2
2021-04-18 09:00:00,34.4,22,1010.4
2021-04-18 10:00:00,31.6,27,1010.5
2021-04-18 11:00:00,31.1,28,1010.0
2021-04-18 12:00:00,32.4,25,1008.2
2021-04-18 13:00:00,27.6,38,1010.2
2021-04-18 14:00:00,25.4,43,1010.5
2021-04-18 15:00:00,24.2,46,1011.0
2021-04-18 16:00:00,22.6,52,1011.1
2021-04-18 17:00:00,21.1,59,1010.7
2021-04-18 18:00:00,21.3,50,1010.2
2021-04-18 19:00:00,19.7,56,1009.6
2021-04-18 20:00:00,18.8,61,1009.0
2021-04-18 21:00:00,18.0,66,1008.6
2021-04-18 22:00:00,17.9,68,1008.4
2021-04-18 23:00:00,17.9,67,1008.2
2021-04-19 00:00:00,16.7,68,1008.3
2021-04-19 01:00:00,17.5,69,1008.8
2021-04-19 02:00:00,21.6,56,1008.6
2021-04-19 03:00:00,27.6,29,1008.4
2021-04-19 04:00:00,28.9,32,1009.1
2021-04-19 05:00:00,30.9,27,1009.2
2021-04-19 06:00:00,33.4,21,1007.7
2021-04-19 07:00:00,33.1,21,1008.4
2021-04-19 08:00:00,33.6,18,1007.6
2021-04-19 09:00:00,35.6,7,1005.7
2021-04-19 10:00:00,33.5,20,1006.0
2021-04-19 11:00:00,32.6,21,1005.6
2021-04-19 12:00:00,34.2,10,1004.3
2021-04-19 13:00:00,29.3,28,1005.5
2021-04-19 14:00:00,26.5,34,1006.1
2021-04-19 15:00:00,25.1,35,1006.8
2021-04-19 16:00:00,23.5,35,1007.3
2021-04-19 17:00:00,21.8,39,1007.5
2021-04-19 18:00:00,21.0,42,1007.8
2021-04-19 19:00:00,20.5,43,1007.3
2021-04-19 20:00:00,19.4,48,1006.6
2021-04-19 21:00:00,18.0,53,1006.0
2021-04-19 22:00:00,17.1,57,1005.5
2021-04-19 23:00:00,17.0,58,1005.2
2021-04-20 00:00:00,16.5,60,1004.9
2021-04-20 01:00:00,17.7,62,1005.4
2021-04-20 02:00:00,20.0,53,1006.2
2021-04-20 03:00:00,24.8,34,1007.8
2021-04-20 04:00:00,25.1,35,1008.1
2021-04-20 05:00:00,27.6,29,1008.6
2021-04-20 06:00:00,31.0,21,1007.0
2021-04-20 07:00:00,29.2,30,1008.3
2021-04-20 08:00:00,29.7,29,1007.9
2021-04-20 09:00:00,27.8,34,1006.5
2021-04-20 10:00:00,28.9,24,1006.4
2021-04-20 11:00:00,28.8,24,1005.5
2021-04-20 12:00:00,21.6,74,1008.8
2021-04-20 13:00:00,26.2,30,1006.1
2021-04-20 14:00:00,24.3,34,1006.9
2021-04-20 15:00:00,23.0,40,1007.9
2021-04-20 16:00:00,22.4,45,1008.3
2021-04-20 17:00:00,21.1,53,1008.5
2021-04-20 18:00:00,20.4,58,1007.7
2021-04-20 19:00:00,18.0,77,1007.9
2021-04-20 20:00:00,17.9,82,1007.4
2021-04-20 21:00:00,17.5,86,1007.1
2021-04-20 22:00:00,17.4,91,1006.9
2021-04-20 23:00:00,17.4,91,1007.1
2021-04-21 00:00:00,17.3,89,1007.9
2021-04-21 01:00:00,17.2,89,1008.2
2021-04-21 02:00:00,17.9,87,1008.8
2021-04-21 03:00:00,17.8,90,1010.3
2021-04-21 04:00:00,18.9,83,1011.1
2021-04-21 05:00:00,19.1,82,1011.4
2021-04-21 06:00:00,24.0,60,1010.2
2021-04-21 07:00:00,20.9,73,1010.7
2021-04-21 08:00:00,21.9,66,1010.2
2021-04-21 09:00:00,27.0,46,1008.5
2021-04-21 10:00:00,24.1,55,1008.8
2021-04-21 11:00:00,21.4,71,1009.8
2021-04-21 12:00:00,26.8,42,1007.4
2021-04-21 13:00:00,20.5,77,1010.4
2021-04-21 14:00:00,18.9,85,1011.1
2021-04-21 15:00:00,18.4,88,1011.9
2021-04-21 16:00:00,18.1,89,1012.2
2021-04-21 17:00:00,17.9,89,1012.0
2021-04-21 18:00:00,17.7,89,1012.1
2021-04-21 19:00:00,17.5,91,1011.7
2021-04-21 20:00:00,17.2,91,1011.7
2021-04-21 21:00:00,17.0,90,1011.4
2021-04-21 22:00:00,16.6,90,1011.4
2021-04-21 23:00:00,16.5,88,1011.5
2021-04-22 00:00:00,16.2,90,1012.3
2021-04-22 01:00:00,16.7,87,1012.9
2021-04-22 02:00:00,18.6,77,1013.7
2021-04-22 03:00:00,20.7,66,1013.8
2021-04-22 04:00:00,24.3,50,1012.4
2021-04-22 05:00:00,25.8,46,1012.7
2021-04-22 06:00:00,26.4,43,1012.3
2021-04-22 07:00:00,25.7,47,1012.6
2021-04-22 08:00:00,25.4,49,1012.2
2021-04-22 09:00:00,29.4,36,1009.8
2021-04-22 10:00:00,27.5,37,1010.2
2021-04-22 11:00:00,26.6,40,1010.6
2021-04-22 12:00:00,26.6,33,1008.9
2021-04-22 13:00:00,20.5,71,1012.0
2021-04-22 14:00:00,18.7,83,1012.5
2021-04-22 15:00:00,18.6,81,1012.5
2021-04-22 16:00:00,18.4,79,1012.6
2021-04-22 17:00:00,18.5,78,1012.3
2021-04-22 18:00:00,17.9,81,1012.0
2021-04-22 19:00:00,17.4,84,1011.5
2021-04-22 20:00:00,16.2,87,1011.0
2021-04-22 21:00:00,16.2,87,1010.5
2021-04-22 22:00:00,16.5,84,1011.1
2021-04-22 23:00:00,16.4,86,1011.4
2021-04-23 00:00:00,16.5,88,1011.9
2021-04-23 01:00:00,16.6,89,1013.5
2021-04-23 02:00:00,16.8,87,1014.4
2021-04-23 03:00:00,16.0,85,1014.4
2021-04-23 04:00:00,21.6,60,1012.6
2021-04-23 05:00:00,22.4,59,1013.3
2021-04-23 06:00:00,19.6,76,1011.5
2021-04-23 07:00:00,22.9,54,1012.6
2021-04-23 08:00:00,23.2,51,1012.0
2021-04-23 09:00:00,25.4,45,1010.5
2021-04-23 10:00:00,22.0,50,1010.5
2021-04-23 11:00:00,22.0,45,1010.1
2021-04-23 12:00:00,27.0,39,1008.5
2021-04-23 13:00:00,20.7,61,1010.3
2021-04-23 14:00:00,19.0,67,1010.6
2021-04-23 15:00:00,17.7,71,1011.2
2021-04-23 16:00:00,16.8,75,1011.6
2021-04-23 17:00:00,16.0,80,1011.2
2021-04-23 18:00:00,16.2,78,1011.1
2021-04-23 19:00:00,15.6,81,1011.3
2021-04-23 20:00:00,15.3,83,1011.0
2021-04-23 21:00:00,14.3,81,1010.6
2021-04-23 22:00:00,14.2,81,1010.5
2021-04-23 23:00:00,13.8,82,1010.8
2021-04-24 00:00:00,13.4,83,1011.2
2021-04-24 01:00:00,14.4,78,1011.9
2021-04-24 02:00:00,17.6,64,1012.5
2021-04-24 03:00:00,21.3,51,1013.1
2021-04-24 04:00:00,23.9,44,1013.3
2021-04-24 05:00:00,26.3,35,1013.4
2021-04-24 06:00:00,27.8,37,1012.1
2021-04-24 07:00:00,28.7,28,1012.7
2021-04-24 08:00:00,29.5,26,1012.1
2021-04-24 09:00:00,31.4,22,1009.7
2021-04-24 10:00:00,29.9,25,1010.2
2021-04-24 11:00:00,29.6,26,1009.9
2021-04-24 12:00:00,31.4,14,1007.9
2021-04-24 13:00:00,25.9,37,1009.9
2021-04-24 14:00:00,22.4,49,1010.3
2021-04-24 15:00:00,20.6,57,1010.8
2021-04-24 16:00:00,19.8,60,1011.3
2021-04-24 17:00:00,19.6,59,1011.5
2021-04-24 18:00:00,18.9,60,1011.4
2021-04-24 19:00:00,17.4,64,1011.3
2021-04-24 20:00:00,17.0,64,1010.8
2021-04-24 21:00:00,16.5,73,1009.8
2021-04-24 22:00:00,15.5,78,1009.6
2021-04-24 23:00:00,15.3,80,1009.7
2021-04-25 00:00:00,15.2,79,1010.0
2021-04-25 01:00:00,16.5,72,1010.7
2021-04-25 02:00:00,20.0,59,1011.3
2021-04-25 03:00:00,27.0,35,1011.2
2021-04-25 04:00:00,26.5,39,1012.0
2021-04-25 05:00:00,30.0,29,1012.1
2021-04-25 06:00:00,32.8,20,1010.7
2021-04-25 07:00:00,32.8,22,1011.1
2021-04-25 08:00:00,33.5,19,1010.5
2021-04-25 09:00:00,35.4,11,1007.9
2021-04-25 10:00:00,33.6,19,1008.6
2021-04-25 11:00:00,33.0,20,1008.1
2021-04-25 12:00:00,35.4,11,1006.3
2021-04-25 13:00:00,27.7,39,1008.0
2021-04-25 14:00:00,25.1,49,1008.3
2021-04-25 15:00:00,23.7,52,1008.9
2021-04-25 16:00:00,22.8,54,1009.4
2021-04-25 17:00:00,22.2,56,1009.4
2021-04-25 18:00:00,21.1,60,1009.3
2021-04-25 19:00:00,20.0,65,1008.9
2021-04-25 20:00:00,18.8,69,1008.4
2021-04-25 21:00:00,18.3,70,1008.0
2021-04-25 22:00:00,17.6,74,1007.9
2021-04-25 23:00:00,17.1,77,1007.8
2021-04-26 00:00:00,17.9,73,1008.0
2021-04-26 01:00:00,17.8,76,1008.5
2021-04-26 02:00:00,21.6,59,1009.0
2021-04-26 03:00:00,29.4,28,1008.3
2021-04-26 04:00:00,29.8,33,1009.7
2021-04-26 05:00:00,32.5,24,1009.6
2021-04-26 06:00:00,35.0,17,1010.0
2021-04-26 07:00:00,35.0,20,1008.6
2021-04-26 08:00:00,35.5,19,1007.9
2021-04-26 09:00:00,35.8,19,1007.1
2021-04-26 10:00:00,35.5,19,1006.2
2021-04-26 11:00:00,35.0,20,1005.7
2021-04-26 12:00:00,36.8,15,1003.9
2021-04-26 13:00:00,29.5,38,1005.9
2021-04-26 14:00:00,27.2,43,1006.2
2021-04-26 15:00:00,25.4,49,1007.0
2021-04-26 16:00:00,24.7,50,1007.5
2021-04-26 17:00:00,23.8,52,1007.6
2021-04-26 18:00:00,23.0,57,1007.5
2021-04-26 19:00:00,22.0,61,1007.2
2021-04-26 20:00:00,21.2,64,1006.7
2021-04-26 21:00:00,20.2,68,1006.2
2021-04-26 22:00:00,20.3,71,1005.6
2021-04-26 23:00:00,19.6,74,1005.7
2021-04-27 00:00:00,19.1,76,1006.0
2021-04-27 01:00:00,19.7,76,1006.7
2021-04-27 02:00:00,23.5,58,1007.3
2021-04-27 03:00:00,30.0,35,1007.1
2021-04-27 04:00:00,32.0,34,1008.0
2021-04-27 05:00:00,34.9,25,1007.9
2021-04-27 06:00:00,36.8,13,1006.5
2021-04-27 07:00:00,37.6,18,1007.2
2021-04-27 08:00:00,38.1,18,1006.6
2021-04-27 09:00:00,39.6,12,1004.4
2021-04-27 10:00:00,37.2,16,1005.7
2021-04-27 11:00:00,36.0,16,1005.6
2021-04-27 12:00:00,38.6,11,1003.4
2021-04-27 13:00:00,31.5,25,1006.4
2021-04-27 14:00:00,28.6,29,1006.9
2021-04-27 15:00:00,27.2,35,1007.8
2021-04-27 16:00:00,25.9,40,1008.5
2021-04-27 17:00:00,25.1,44,1008.6
2021-04-27 18:00:00,23.9,46,1008.6
2021-04-27 19:00:00,24.8,43,1008.5
2021-04-27 20:00:00,24.1,45,1008.0
2021-04-27 21:00:00,21.1,56,1007.5
2021-04-27 22:00:00,20.9,58,1007.4
2021-04-27 23:00:00,21.4,49,1006.6
2021-04-28 00:00:00,19.6,59,1006.8
2021-04-28 01:00:00,20.3,62,1007.6
2021-04-28 02:00:00,24.5,48,1008.6
2021-04-28 03:00:00,33.4,34,1008.1
2021-04-28 04:00:00,33.2,24,1009.4
2021-04-28 05:00:00,36.2,18,1009.3
2021-04-28 06:00:00,40.8,13,1004.6
2021-04-28 07:00:00,38.8,15,1008.2
2021-04-28 08:00:00,39.4,15,1007.4
2021-04-28 09:00:00,39.0,13,1006.7
2021-04-28 10:00:00,38.9,11,1005.6
2021-04-28 11:00:00,38.1,15,1005.1
2021-04-28 12:00:00,36.6,16,1003.8
2021-04-28 13:00:00,33.8,20,1006.2
2021-04-28 14:00:00,31.2,21,1006.8
2021-04-28 15:00:00,27.6,41,1007.9
2021-04-28 16:00:00,28.6,38,1008.2
2021-04-28 17:00:00,26.9,43,1008.4
2021-04-28 18:00:00,26.3,44,1008.5
2021-04-28 19:00:00,25.9,45,1008.1
2021-04-28 20:00:00,25.1,47,1007.7
2021-04-28 21:00:00,23.5,51,1007.6
2021-04-28 22:00:00,23.5,50,1007.5
2021-04-28 23:00:00,21.3,58,1007.6
2021-04-29 00:00:00,22.9,46,1006.6
2021-04-29 01:00:00,22.6,54,1007.5
2021-04-29 02:00:00,25.7,44,1008.1
2021-04-29 03:00:00,32.4,31,1007.9
2021-04-29 04:00:00,34.0,22,1008.8
2021-04-29 05:00:00,36.7,18,1008.8
2021-04-29 06:00:00,38.6,15,1008.7
2021-04-29 07:00:00,39.7,13,1007.9
2021-04-29 08:00:00,40.0,13,1007.3
2021-04-29 09:00:00,39.0,15,1005.0
2021-04-29 10:00:00,37.1,15,1006.5
2021-04-29 11:00:00,36.4,19,1006.3
2021-04-29 12:00:00,35.4,18,1004.0
2021-04-29 13:00:00,32.8,28,1006.4
2021-04-29 14:00:00,29.8,34,1006.7
2021-04-29 15:00:00,28.9,36,1007.2
2021-04-29 16:00:00,28.3,37,1007.8
2021-04-29 17:00:00,27.4,39,1007.8
2021-04-29 18:00:00,26.4,43,1007.9
2021-04-29 19:00:00,24.2,51,1007.8
2021-04-29 20:00:00,23.4,54,1007.4
2021-04-29 21:00:00,24.0,52,1007.2
2021-04-29 22:00:00,23.2,54,1007.1
2021-04-29 23:00:00,23.0,54,1007.0
2021-04-30 00:00:00,19.9,66,1006.1
2021-04-30 01:00:00,20.9,61,1006.3
2021-04-30 02:00:00,25.6,46,1006.7
2021-04-30 03:00:00,29.6,31,1008.0
2021-04-30 04:00:00,33.4,26,1007.5
2021-04-30 05:00:00,35.9,21,1007.6
2021-04-30 06:00:00,36.6,18,1007.4
2021-04-30 07:00:00,38.7,16,1006.8
2021-04-30 08:00:00,39.3,14,1006.1
2021-04-30 09:00:00,39.4,16,1004.7
2021-04-30 10:00:00,36.4,20,1005.7
2021-04-30 11:00:00,35.8,20,1005.1
2021-04-30 12:00:00,38.6,17,1002.5
2021-04-30 13:00:00,33.1,27,1006.0
2021-04-30 14:00:00,30.3,35,1006.7
2021-04-30 15:00:00,28.9,37,1007.4
2021-04-30 16:00:00,27.8,39,1007.5
2021-04-30 17:00:00,28.3,37,1008.0
2021-04-30 18:00:00,25.5,46,1007.8
2021-04-30 19:00:00,25.3,47,1007.7
2021-04-30 20:00:00,25.0,49,1007.5
2021-04-30 21:00:00,23.9,52,1007.2
2021-04-30 22:00:00,22.9,57,1007.0
2021-04-30 23:00:00,22.3,60,1007.3
2021-05-01 00:00:00,21.2,65,1007.5
2021-05-01 01:00:00,23.4,51,1007.0
2021-05-01 02:00:00,26.4,44,1007.6
2021-05-01 03:00:00,32.8,30,1007.4
2021-05-01 04:00:00,33.2,25,1008.5
2021-05-01 05:00:00,35.2,22,1008.4
2021-05-01 06:00:00,35.0,23,1007.3
2021-05-01 07:00:00,37.7,18,1007.2
2021-05-01 08:00:00,37.6,17,1006.5
2021-05-01 09:00:00,36.0,20,1004.8
2021-05-01 10:00:00,35.0,25,1006.1
2021-05-01 11:00:00,34.7,26,1005.9
2021-05-01 12:00:00,37.0,17,1003.2
2021-05-01 13:00:00,32.1,32,1005.7
2021-05-01 14:00:00,29.7,38,1006.2
2021-05-01 15:00:00,28.2,43,1006.7
2021-05-01 16:00:00,27.4,46,1007.3
2021-05-01 17:00:00,26.0,47,1008.0
2021-05-01 18:00:00,25.1,50,1008.2
2021-05-01 19:00:00,24.3,53,1008.1
2021-05-01 20:00:00,23.7,55,1008.2
2021-05-01 21:00:00,23.3,56,1008.0
2021-05-01 22:00:00,23.1,55,1007.8
2021-05-01 23:00:00,23.1,52,1007.7
2021-05-02 00:00:00,22.9,53,1008.0
2021-05-02 01:00:00,24.0,52,1008.7
2021-05-02 02:00:00,26.4,49,1008.5
2021-05-02 03:00:00,28.6,38,1008.3
2021-05-02 04:00:00,33.8,27,1008.9
2021-05-02 05:00:00,35.8,22,1008.4
2021-05-02 06:00:00,37.2,19,1007.1
2021-05-02 07:00:00,38.1,17,1006.9
2021-05-02 08:00:00,38.7,17,1005.8
2021-05-02 09:00:00,38.6,19,1004.0
2021-05-02 10:00:00,38.3,16,1004.0
2021-05-02 11:00:00,37.5,17,1003.8
2021-05-02 12:00:00,37.2,21,1002.4
2021-05-02 13:00:00,33.8,24,1004.3
2021-05-02 14:00:00,32.1,26,1004.9
2021-05-02 15:00:00,31.1,27,1005.2
2021-05-02 16:00:00,30.1,29,1006.2
2021-05-02 17:00:00,28.5,33,1006.6
2021-05-02 18:00:00,27.4,33,1007.1
2021-05-02 19:00:00,26.6,35,1007.1
2021-05-02 20:00:00,26.2,36,1007.0
2021-05-02 21:00:00,26.1,36,1006.6
2021-05-02 22:00:00,25.5,38,1006.2
2021-05-02 23:00:00,25.1,40,1006.3
2021-05-03 00:00:00,24.8,42,1006.6
2021-05-03 01:00:00,25.1,43,1007.0
2021-05-03 02:00:00,26.8,43,1007.1
2021-05-03 03:00:00,30.4,38,1006.9
2021-05-03 04:00:00,33.1,28,1007.2
2021-05-03 05:00:00,34.9,24,1006.9
2021-05-03 06:00:00,35.0,28,1006.1
2021-05-03 07:00:00,36.9,20,1005.5
2021-05-03 08:00:00,37.3,19,1004.5
2021-05-03 09:00:00,37.8,24,1003.0
2021-05-03 10:00:00,37.3,19,1002.4
2021-05-03 11:00:00,35.3,25,1002.9
2021-05-03 12:00:00,37.2,25,1001.0
2021-05-03 13:00:00,32.2,42,1003.5
2021-05-03 14:00:00,30.0,39,1003.8
2021-05-03 15:00:00,29.2,40,1004.5
2021-05-03 16:00:00,29.0,40,1005.2
2021-05-03 17:00:00,28.2,42,1005.5
2021-05-03 18:00:00,26.9,47,1005.7
2021-05-03 19:00:00,26.1,50,1005.7
2021-05-03 20:00:00,25.5,54,1005.6
2021-05-03 21:00:00,25.1,58,1005.5
2021-05-03 22:00:00,24.8,61,1005.2
2021-05-03 23:00:00,24.6,62,1005.4
2021-05-04 00:00:00,24.5,62,1005.8
2021-05-04 01:00:00,25.0,61,1006.7
2021-05-04 02:00:00,26.7,54,1007.0
2021-05-04 03:00:00,29.8,44,1005.4
2021-05-04 04:00:00,33.3,32,1006.4
2021-05-04 05:00:00,35.2,28,1006.1
2021-05-04 06:00:00,35.4,32,1004.6
2021-05-04 07:00:00,34.8,27,1005.4
2021-05-04 08:00:00,36.3,24,1004.0
2021-05-04 09:00:00,36.8,18,1001.6
2021-05-04 10:00:00,35.2,27,1003.2
2021-05-04 11:00:00,33.5,34,1002.9
2021-05-04 12:00:00,32.6,31,1001.5
2021-05-04 13:00:00,31.9,38,1003.7
2021-05-04 14:00:00,30.0,44,1004.6
2021-05-04 15:00:00,29.5,46,1005.0
2021-05-04 16:00:00,29.2,46,1005.5
2021-05-04 17:00:00,27.8,50,1005.6
2021-05-04 18:00:00,26.6,54,1005.6
2021-05-04 19:00:00,25.7,57,1005.9
2021-05-04 20:00:00,24.8,60,1005.7
2021-05-04 21:00:00,24.5,61,1005.6
2021-05-04 22:00:00,24.3,61,1005.3
2021-05-04 23:00:00,23.7,63,1005.5
2021-05-05 00:00:00,23.3,64,1006.2
2021-05-05 01:00:00,24.2,61,1006.9
2021-05-05 02:00:00,26.9,53,1007.4
2021-05-05 03:00:00,26.2,55,1008.9
2021-05-05 04:00:00,31.1,42,1007.9
2021-05-05 05:00:00,33.3,36,1007.6
2021-05-05 06:00:00,32.8,33,1007.2
2021-05-05 07:00:00,35.8,27,1006.2
2021-05-05 08:00:00,36.3,26,1005.3
2021-05-05 09:00:00,33.6,34,1005.4
2021-05-05 10:00:00,33.1,36,1005.1
2021-05-05 11:00:00,32.1,38,1005.3
2021-05-05 12:00:00,34.8,29,1003.1
2021-05-05 13:00:00,30.3,44,1005.0
2021-05-05 14:00:00,28.2,51,1005.7
2021-05-05 15:00:00,27.5,54,1006.3
2021-05-05 16:00:00,26.8,57,1007.0
2021-05-05 17:00:00,25.7,63,1007.0
2021-05-05 18:00:00,25.0,66,1007.1
2021-05-05 19:00:00,24.4,67,1006.6
2021-05-05 20:00:00,23.4,60,1005.6
2021-05-05 21:00:00,22.7,64,1005.4
2021-05-05 22:00:00,22.1,66,1005.3
2021-05-05 23:00:00,22.3,65,1005.6
2021-05-06 00:00:00,23.1,61,1006.1
2021-05-06 01:00:00,22.7,64,1007.2
2021-05-06 02:00:00,25.4,55,1008.0
2021-05-06 03:00:00,30.0,49,1007.5
2021-05-06 04:00:00,31.7,34,1008.8
2021-05-06 05:00:00,34.1,29,1008.5
2021-05-06 06:00:00,35.0,32,1007.6
2021-05-06 07:00:00,36.2,23,1007.7
2021-05-06 08:00:00,36.4,22,1007.0
2021-05-06 09:00:00,36.0,28,1005.6
2021-05-06 10:00:00,34.3,23,1006.1
2021-05-06 11:00:00,32.6,32,1006.4
2021-05-06 12:00:00,33.8,30,1004.3
2021-05-06 13:00:00,30.4,42,1007.1
2021-05-06 14:00:00,28.6,47,1008.2
2021-05-06 15:00:00,27.9,51,1009.1
2021-05-06 16:00:00,27.4,51,1009.5
2021-05-06 17:00:00,26.7,53,1009.7
2021-05-06 18:00:00,26.0,56,1009.5
2021-05-06 19:00:00,25.1,61,1009.1
2021-05-06 20:00:00,24.7,64,1009.3
2021-05-06 21:00:00,23.1,75,1008.9
2021-05-06 22:00:00,22.5,78,1009.2
2021-05-06 23:00:00,22.5,78,1010.0
2021-05-07 00:00:00,22.4,78,1010.1
2021-05-07 01:00:00,23.2,72,1010.5
2021-05-07 02:00:00,24.9,63,1011.1
2021-05-07 03:00:00,24.0,75,1011.2
2021-05-07 04:00:00,28.9,46,1011.1
2021-05-07 05:00:00,31.6,35,1010.4
2021-05-07 06:00:00,31.6,37,1010.6
2021-05-07 07:00:00,33.2,30,1009.7
2021-05-07 08:00:00,30.7,41,1010.4
2021-05-07 09:00:00,33.6,30,1008.2
2021-05-07 10:00:00,29.6,47,1009.0
2021-05-07 11:00:00,29.9,45,1008.8
2021-05-07 12:00:00,33.8,25,1006.7
2021-05-07 13:00:00,28.9,46,1009.2
2021-05-07 14:00:00,26.6,58,1010.3
2021-05-07 15:00:00,25.3,65,1010.6
2021-05-07 16:00:00,24.4,70,1010.5
2021-05-07 17:00:00,23.4,73,1010.3
2021-05-07 18:00:00,23.5,73,1010.1
2021-05-07 19:00:00,22.6,77,1009.9
2021-05-07 20:00:00,22.2,79,1009.5
2021-05-07 21:00:00,21.1,83,1009.2
2021-05-07 22:00:00,21.6,71,1008.4
2021-05-07 23:00:00,20.9,75,1008.3
2021-05-08 00:00:00,20.6,77,1008.5
2021-05-08 01:00:00,21.7,72,1009.1
2021-05-08 02:00:00,24.5,62,1009.8
2021-05-08 03:00:00,29.2,37,1009.6
2021-05-08 04:00:00,30.4,39,1010.0
2021-05-08 05:00:00,32.4,33,1009.8
2021-05-08 06:00:00,35.2,27,1008.5
2021-05-08 07:00:00,34.9,26,1008.8
2021-05-08 08:00:00,35.3,25,1007.8
2021-05-08 09:00:00,36.0,24,1008.3
2021-05-08 10:00:00,34.4,27,1006.2
2021-05-08 11:00:00,34.3,28,1005.6
2021-05-08 12:00:00,35.8,20,1003.8
2021-05-08 13:00:00,32.1,31,1005.9
2021-05-08 14:00:00,27.7,46,1007.2
2021-05-08 15:00:00,26.7,51,1007.4
2021-05-08 16:00:00,26.1,52,1007.7
2021-05-08 17:00:00,24.6,58,1007.5
2021-05-08 18:00:00,23.8,61,1007.2
2021-05-08 19:00:00,23.1,64,1006.9
2021-05-08 20:00:00,22.7,68,1006.5
2021-05-08 21:00:00,22.2,70,1006.2
2021-05-08 22:00:00,21.6,70,1005.9
2021-05-08 23:00:00,21.1,72,1006.0
2021-05-09 00:00:00,20.7,75,1006.5
2021-05-09 01:00:00,22.3,67,1007.4
2021-05-09 02:00:00,25.5,54,1008.1
2021-05-09 03:00:00,29.8,39,1007.9
2021-05-09 04:00:00,32.1,33,1008.4
2021-05-09 05:00:00,34.2,28,1008.0
2021-05-09 06:00:00,34.8,30,1006.6
2021-05-09 07:00:00,34.1,28,1007.3
2021-05-09 08:00:00,35.4,23,1006.4
2021-05-09 09:00:00,36.4,27,1002.9
2021-05-09 10:00:00,34.4,27,1004.9
2021-05-09 11:00:00,33.7,26,1004.7
2021-05-09 12:00:00,36.8,20,1001.6
2021-05-09 13:00:00,31.9,30,1004.3
2021-05-09 14:00:00,29.8,35,1004.3
2021-05-09 15:00:00,28.4,41,1004.7
2021-05-09 16:00:00,27.0,46,1005.3
2021-05-09 17:00:00,25.9,50,1005.3
2021-05-09 18:00:00,25.2,52,1005.2
2021-05-09 19:00:00,24.5,54,1005.1
2021-05-09 20:00:00,23.5,56,1005.2
2021-05-09 21:00:00,22.9,58,1004.9
2021-05-09 22:00:00,22.3,61,1004.9
2021-05-09 23:00:00,22.3,63,1004.1
2021-05-10 00:00:00,22.1,64,1004.5
2021-05-10 01:00:00,23.2,60,1005.2
2021-05-10 02:00:00,26.1,49,1005.7
2021-05-10 03:00:00,25.4,56,1006.0
2021-05-10 04:00:00,32.8,32,1005.6
2021-05-10 05:00:00,34.9,27,1005.5
2021-05-10 06:00:00,28.2,46,1005.3
2021-05-10 07:00:00,35.0,27,1005.3
2021-05-10 08:00:00,35.0,26,1004.4
2021-05-10 09:00:00,33.8,35,1002.5
2021-05-10 10:00:00,35.2,25,1002.2
2021-05-10 11:00:00,34.4,27,1001.8
2021-05-10 12:00:00,34.4,30,999.8
2021-05-10 13:00:00,32.7,29,1002.3
2021-05-10 14:00:00,29.7,37,1002.8
2021-05-10 15:00:00,28.1,48,1003.9
2021-05-10 16:00:00,27.1,50,1004.4
2021-05-10 17:00:00,26.2,53,1004.5
2021-05-10 18:00:00,25.8,53,1004.5
2021-05-10 19:00:00,24.7,57,1004.4
2021-05-10 20:00:00,24.3,58,1004.4
2021-05-10 21:00:00,24.1,58,1004.3
2021-05-10 22:00:00,23.6,60,1004.4
2021-05-10 23:00:00,23.5,64,1004.5
2021-05-11 00:00:00,24.0,66,1004.4
2021-05-11 01:00:00,25.1,63,1005.0
2021-05-11 02:00:00,27.6,54,1005.3
2021-05-11 03:00:00,28.4,48,1005.3
2021-05-11 04:00:00,33.0,37,1004.9
2021-05-11 05:00:00,35.1,31,1004.8
2021-05-11 06:00:00,33.8,31,1004.0
2021-05-11 07:00:00,36.9,25,1003.3
2021-05-11 08:00:00,36.8,26,1001.9
2021-05-11 09:00:00,26.0,55,1004.2
2021-05-11 10:00:00,31.6,40,1002.9
2021-05-11 11:00:00,31.9,39,1002.4
2021-05-11 12:00:00,33.0,27,1000.2
2021-05-11 13:00:00,30.7,45,1002.0
2021-05-11 14:00:00,28.8,51,1002.5
2021-05-11 15:00:00,28.3,53,1003.0
2021-05-11 16:00:00,26.8,57,1003.5
2021-05-11 17:00:00,25.4,63,1003.2
2021-05-11 18:00:00,24.4,68,1003.3
2021-05-11 19:00:00,23.8,72,1003.0
2021-05-11 20:00:00,23.1,75,1003.0
2021-05-11 21:00:00,23.4,74,1003.1
2021-05-11 22:00:00,23.3,74,1003.2
2021-05-11 23:00:00,22.6,77,1003.4
2021-05-12 00:00:00,22.0,76,1002.7
2021-05-12 01:00:00,23.3,73,1003.1
2021-05-12 02:00:00,26.0,62,1003.5
2021-05-12 03:00:00,29.0,48,1002.3
2021-05-12 04:00:00,31.7,41,1003.2
2021-05-12 05:00:00,33.6,34,1002.7
2021-05-12 06:00:00,25.6,59,1004.0
2021-05-12 07:00:00,29.6,46,1002.5
2021-05-12 08:00:00,33.4,34,1001.7
2021-05-12 09:00:00,27.8,47,1002.0
2021-05-12 10:00:00,28.4,52,1001.5
2021-05-12 11:00:00,29.8,47,1001.4
2021-05-12 12:00:00,30.2,36,998.8
2021-05-12 13:00:00,29.2,48,1000.9
2021-05-12 14:00:00,27.0,57,1001.4
2021-05-12 15:00:00,26.5,60,1001.8
2021-05-12 16:00:00,25.5,63,1001.9
2021-05-12 17:00:00,24.2,71,1001.6
2021-05-12 18:00:00,23.6,73,1001.8
2021-05-12 19:00:00,23.3,75,1002.0
2021-05-12 20:00:00,23.0,76,1002.3
2021-05-12 21:00:00,22.6,77,1002.3
2021-05-12 22:00:00,22.5,77,1002.2
2021-05-12 23:00:00,22.5,77,1002.3
2021-05-13 00:00:00,22.1,81,1003.0
2021-05-13 01:00:00,21.8,77,1003.9
2021-05-13 02:00:00,22.5,73,1004.8
2021-05-13 03:00:00,25.0,55,1004.2
2021-05-13 04:00:00,23.9,70,1006.5
2021-05-13 05:00:00,23.5,73,1006.2
2021-05-13 06:00:00,24.9,70,1007.4
2021-05-13 07:00:00,26.0,63,1006.0
2021-05-13 08:00:00,28.6,54,1004.6
2021-05-13 09:00:00,26.4,63,1004.6
2021-05-13 10:00:00,28.1,54,1003.1
2021-05-13 11:00:00,29.6,48,1002.1
2021-05-13 12:00:00,28.4,44,1002.9
2021-05-13 13:00:00,28.2,54,1003.0
2021-05-13 14:00:00,26.4,61,1003.4
2021-05-13 15:00:00,25.9,63,1003.5
2021-05-13 16:00:00,24.2,69,1003.9
2021-05-13 17:00:00,23.6,71,1003.9
2021-05-13 18:00:00,23.0,73,1004.0
2021-05-13 19:00:00,22.7,74,1004.0
2021-05-13 20:00:00,22.1,76,1003.8
2021-05-13 21:00:00,21.7,76,1003.8
2021-05-13 22:00:00,21.3,77,1003.9
2021-05-13 23:00:00,20.8,80,1004.1
2021-05-14 00:00:00,20.4,83,1004.6
2021-05-14 01:00:00,21.5,78,1004.8
2021-05-14 02:00:00,23.6,73,1005.4
2021-05-14 03:00:00,26.8,46,1005.9
2021-05-14 04:00:00,28.2,54,1005.8
2021-05-14 05:00:00,29.7,47,1005.6
2021-05-14 06:00:00,32.2,28,1004.4
2021-05-14 07:00:00,31.8,39,1004.4
2021-05-14 08:00:00,32.3,36,1003.7
2021-05-14 09:00:00,34.0,24,1001.9
2021-05-14 10:00:00,32.4,29,1002.7
2021-05-14 11:00:00,31.2,33,1002.4
2021-05-14 12:00:00,34.6,23,999.8
2021-05-14 13:00:00,28.9,42,1002.5
2021-05-14 14:00:00,26.0,54,1003.0
2021-05-14 15:00:00,24.8,58,1003.4
2021-05-14 16:00:00,24.0,59,1003.6
2021-05-14 17:00:00,23.8,59,1004.1
2021-05-14 18:00:00,23.3,59,1004.3
2021-05-14 19:00:00,23.0,58,1004.2
2021-05-14 20:00:00,22.4,60,1003.8
2021-05-14 21:00:00,21.9,62,1004.1
2021-05-14 22:00:00,21.3,65,1004.1
2021-05-14 23:00:00,21.2,66,1004.3
2021-05-15 00:00:00,20.1,72,1004.8
2021-05-15 01:00:00,21.4,67,1005.3
2021-05-15 02:00:00,24.8,53,1005.6
2021-05-15 03:00:00,27.0,37,1005.8
2021-05-15 04:00:00,29.3,41,1005.9
2021-05-15 05:00:00,31.4,35,1005.7
2021-05-15 06:00:00,33.6,25,1005.5
2021-05-15 07:00:00,33.8,28,1005.0
2021-05-15 08:00:00,34.5,27,1004.3
2021-05-15 09:00:00,36.6,16,1003.3
2021-05-15 10:00:00,34.7,27,1003.0
2021-05-15 11:00:00,33.6,25,1003.2
2021-05-15 12:00:00,35.2,24,1002.1
2021-05-15 13:00:00,30.8,37,1004.1
2021-05-15 14:00:00,28.2,43,1004.4
2021-05-15 15:00:00,27.1,45,1005.2
2021-05-15 16:00:00,26.5,46,1005.8
2021-05-15 17:00:00,25.4,49,1006.1
2021-05-15 18:00:00,24.3,53,1006.1
2021-05-15 19:00:00,23.8,53,1006.4
2021-05-15 20:00:00,23.1,57,1006.0
2021-05-15 21:00:00,22.5,59,1005.9
2021-05-15 22:00:00,20.9,65,1005.8
2021-05-15 23:00:00,20.8,63,1006.3
2021-05-16 00:00:00,20.6,62,1006.6
2021-05-16 01:00:00,21.9,59,1007.1
2021-05-16 02:00:00,25.0,51,1007.6
2021-05-16 03:00:00,29.4,40,1007.7
2021-05-16 04:00:00,31.3,37,1008.4
2021-05-16 05:00:00,33.2,31,1008.6
2021-05-16 06:00:00,35.4,23,1007.4
2021-05-16 07:00:00,35.3,26,1007.8
2021-05-16 08:00:00,35.8,25,1007.0
2021-05-16 09:00:00,38.2,17,1004.2
2021-05-16 10:00:00,35.5,26,1005.1
2021-05-16 11:00:00,35.5,26,1004.4
2021-05-16 12:00:00,37.6,14,1002.6
2021-05-16 13:00:00,32.2,33,1004.7
2021-05-16 14:00:00,29.4,39,1005.3
2021-05-16 15:00:00,28.6,38,1006.1
2021-05-16 16:00:00,27.1,41,1006.8
2021-05-16 17:00:00,25.6,47,1007.0
2021-05-16 18:00:00,24.8,49,1006.9
2021-05-16 19:00:00,23.5,54,1006.4
2021-05-16 20:00:00,22.5,57,1006.4
2021-05-16 21:00:00,22.2,58,1006.4
2021-05-16 22:00:00,21.2,62,1006.5
2021-05-16 23:00:00,21.0,63,1006.7
2021-05-17 00:00:00,20.4,66,1007.0
2021-05-17 01:00:00,22.2,59,1007.4
2021-05-17 02:00:00,25.6,49,1007.8
2021-05-17 03:00:00,32.8,30,1006.8
2021-05-17 04:00:00,33.6,28,1007.2
2021-05-17 05:00:00,35.5,23,1007.3
2021-05-17 06:00:00,38.2,16,1005.7
2021-05-17 07:00:00,37.4,19,1006.3
2021-05-17 08:00:00,37.9,19,1005.6
2021-05-17 09:00:00,39.6,13,1003.4
2021-05-17 10:00:00,37.7,18,1003.7
2021-05-17 11:00:00,37.2,18,1003.2
2021-05-17 12:00:00,39.2,11,1001.4
2021-05-17 13:00:00,33.1,36,1003.2
2021-05-17 14:00:00,29.8,43,1003.6
2021-05-17 15:00:00,28.9,40,1004.2
2021-05-17 16:00:00,28.9,33,1004.5
2021-05-17 17:00:00,28.5,31,1004.9
2021-05-17 18:00:00,26.9,35,1005.0
2021-05-17 19:00:00,25.5,41,1004.8
2021-05-17 20:00:00,24.4,44,1004.3
2021-05-17 21:00:00,24.0,45,1003.9
2021-05-17 22:00:00,23.3,46,1003.6
2021-05-17 23:00:00,22.9,47,1003.5
2021-05-18 00:00:00,22.5,49,1004.1
2021-05-18 01:00:00,23.6,53,1004.2
2021-05-18 02:00:00,26.6,43,1004.6
2021-05-18 03:00:00,30.0,44,1004.8
2021-05-18 04:00:00,32.4,34,1005.0
2021-05-18 05:00:00,33.7,31,1005.1
2021-05-18 06:00:00,33.6,38,1005.2
2021-05-18 07:00:00,35.6,26,1004.9
2021-05-18 08:00:00,35.4,25,1004.6
2021-05-18 09:00:00,33.8,38,1004.2
2021-05-18 10:00:00,35.2,27,1003.5
2021-05-18 11:00:00,33.7,33,1003.5
2021-05-18 12:00:00,33.4,35,1002.9
2021-05-18 13:00:00,32.3,42,1003.2
2021-05-18 14:00:00,30.7,47,1003.8
2021-05-18 15:00:00,29.8,51,1004.3
2021-05-18 16:00:00,28.5,52,1004.9
2021-05-18 17:00:00,27.3,53,1005.6
2021-05-18 18:00:00,26.6,55,1005.5
2021-05-18 19:00:00,26.0,57,1004.9
2021-05-18 20:00:00,25.6,59,1004.3
2021-05-18 21:00:00,24.7,57,1004.1
2021-05-18 22:00:00,24.3,59,1003.9
2021-05-18 23:00:00,24.2,58,1003.3
2021-05-19 00:00:00,23.8,60,1003.7
2021-05-19 01:00:00,24.4,59,1004.5
2021-05-19 02:00:00,25.6,54,1005.0
2021-05-19 03:00:00,27.6,54,1005.5
2021-05-19 04:00:00,27.1,48,1005.2
2021-05-19 05:00:00,27.8,45,1005.5
2021-05-19 06:00:00,27.6,55,1006.1
2021-05-19 07:00:00,28.2,46,1005.0
2021-05-19 08:00:00,27.4,50,1004.4
2021-05-19 09:00:00,28.2,56,1003.9
2021-05-19 10:00:00,27.2,53,1002.8
2021-05-19 11:00:00,27.1,54,1002.2
2021-05-19 12:00:00,27.0,55,1002.2
2021-05-19 13:00:00,26.2,60,1002.5
2021-05-19 14:00:00,25.4,64,1002.5
2021-05-19 15:00:00,24.8,67,1002.6
2021-05-19 16:00:00,24.4,69,1003.0
2021-05-19 17:00:00,23.7,73,1002.8
2021-05-19 18:00:00,23.3,74,1002.4
2021-05-19 19:00:00,22.7,77,1001.9
2021-05-19 20:00:00,21.9,81,1001.3
2021-05-19 21:00:00,21.7,81,1001.0
2021-05-19 22:00:00,21.2,84,1000.8
2021-05-19 23:00:00,21.1,84,1001.0
2021-05-20 00:00:00,21.0,84,1001.3
2021-05-20 01:00:00,22.0,77,1001.6
2021-05-20 02:00:00,24.1,66,1002.2
2021-05-20 03:00:00,25.6,67,1002.2
2021-05-20 04:00:00,28.5,49,1002.5
2021-05-20 05:00:00,30.4,44,1002.3
2021-05-20 06:00:00,31.0,45,1002.0
2021-05-20 07:00:00,33.1,38,1001.9
2021-05-20 08:00:00,34.1,35,1001.1
2021-05-20 09:00:00,33.2,38,1000.1
2021-05-20 10:00:00,34.8,32,999.7
2021-05-20 11:00:00,34.9,31,999.5
2021-05-20 12:00:00,34.4,34,998.7
2021-05-20 13:00:00,32.9,36,999.7
2021-05-20 14:00:00,29.3,50,1001.1
2021-05-20 15:00:00,27.9,55,1001.8
2021-05-20 16:00:00,26.7,59,1002.5
2021-05-20 17:00:00,26.5,59,1002.2
2021-05-20 18:00:00,25.9,62,1001.9
2021-05-20 19:00:00,24.9,67,1001.9
2021-05-20 20:00:00,24.4,70,1001.6
2021-05-20 21:00:00,23.8,74,1001.5
2021-05-20 22:00:00,23.4,81,1003.4
2021-05-20 23:00:00,22.9,83,1003.6
2021-05-21 00:00:00,22.7,82,1004.3
2021-05-21 01:00:00,23.4,78,1004.7
2021-05-21 02:00:00,24.8,71,1004.6
2021-05-21 03:00:00,26.0,62,1002.2
2021-05-21 04:00:00,28.4,57,1005.9
2021-05-21 05:00:00,30.8,48,1004.9
2021-05-21 06:00:00,30.0,44,1005.2
2021-05-21 07:00:00,34.4,36,1003.1
2021-05-21 08:00:00,35.4,33,1002.7
2021-05-21 09:00:00,31.6,45,1003.9
2021-05-21 10:00:00,33.9,32,1002.0
2021-05-21 11:00:00,34.0,32,1001.6
2021-05-21 12:00:00,32.0,47,1002.7
2021-05-21 13:00:00,32.5,37,1002.2
2021-05-21 14:00:00,30.1,44,1003.7
2021-05-21 15:00:00,28.9,47,1004.1
2021-05-21 16:00:00,27.6,52,1004.5
2021-05-21 17:00:00,26.1,59,1004.5
2021-05-21 18:00:00,25.3,64,1004.4
2021-05-21 19:00:00,25.7,63,1004.3
2021-05-21 20:00:00,24.1,71,1004.3
2021-05-21 21:00:00,23.3,75,1004.2
2021-05-21 22:00:00,22.5,80,1004.3
2021-05-21 23:00:00,22.9,79,1004.8
2021-05-22 00:00:00,22.4,86,1005.2
2021-05-22 01:00:00,23.6,83,1005.8
2021-05-22 02:00:00,25.8,75,1006.3
2021-05-22 03:00:00,27.8,64,1007.0
2021-05-22 04:00:00,31.0,54,1006.1
2021-05-22 05:00:00,33.1,41,1005.9
2021-05-22 06:00:00,33.0,34,1005.8
2021-05-22 07:00:00,36.4,25,1004.3
2021-05-22 08:00:00,36.9,21,1003.4
2021-05-22 09:00:00,36.2,30,1002.6
2021-05-22 10:00:00,36.9,19,1001.5
2021-05-22 11:00:00,36.2,20,1000.8
2021-05-22 12:00:00,36.6,22,999.0
2021-05-22 13:00:00,33.3,27,1000.6
2021-05-22 14:00:00,29.4,37,1001.2
2021-05-22 15:00:00,27.3,48,1002.5
2021-05-22 16:00:00,26.2,52,1003.1
2021-05-22 17:00:00,26.9,49,1003.3
2021-05-22 18:00:00,26.9,48,1003.1
2021-05-22 19:00:00,25.5,51,1003.2
2021-05-22 20:00:00,23.8,57,1003.1
2021-05-22 21:00:00,22.5,63,1002.9
2021-05-22 22:00:00,22.3,63,1002.9
2021-05-22 23:00:00,22.5,67,1002.7
2021-05-23 00:00:00,22.3,67,1003.0
2021-05-23 01:00:00,23.9,61,1003.8
2021-05-23 02:00:00,26.2,54,1004.6
2021-05-23 03:00:00,27.8,38,1006.2
2021-05-23 04:00:00,32.8,32,1005.4
2021-05-23 05:00:00,35.4,24,1005.5
2021-05-23 06:00:00,31.2,30,1006.6
2021-05-23 07:00:00,36.7,19,1005.0
2021-05-23 08:00:00,36.4,19,1004.6
2021-05-23 09:00:00,31.6,28,998.0
2021-05-23 10:00:00,36.0,18,1003.5
2021-05-23 11:00:00,35.2,20,1003.3
2021-05-23 12:00:00,29.4,29,1005.4
2021-05-23 13:00:00,32.5,26,1003.8
2021-05-23 14:00:00,28.7,35,1004.3
2021-05-23 15:00:00,27.2,40,1005.0
2021-05-23 16:00:00,25.4,46,1006.1
2021-05-23 17:00:00,24.8,48,1006.2
2021-05-23 18:00:00,24.2,50,1006.3
2021-05-23 19:00:00,23.8,51,1006.4
2021-05-23 20:00:00,23.4,54,1006.1
2021-05-23 21:00:00,22.7,56,1006.3
2021-05-23 22:00:00,21.9,59,1006.4
2021-05-23 23:00:00,20.9,63,1006.8
2021-05-24 00:00:00,20.3,65,1006.8
2021-05-24 01:00:00,21.7,59,1007.4
2021-05-24 02:00:00,24.9,48,1007.9
2021-05-24 03:00:00,29.0,27,1007.9
2021-05-24 04:00:00,30.7,33,1008.2
2021-05-24 05:00:00,32.8,29,1007.9
2021-05-24 06:00:00,35.0,19,1006.9
2021-05-24 07:00:00,35.4,22,1006.5
2021-05-24 08:00:00,36.0,21,1005.2
2021-05-24 09:00:00,36.2,17,1004.1
2021-05-24 10:00:00,36.4,20,1003.2
2021-05-24 11:00:00,36.1,20,1002.4
2021-05-24 12:00:00,35.4,21,1002.1
2021-05-24 13:00:00,33.6,25,1002.2
2021-05-24 14:00:00,31.2,29,1002.6
2021-05-24 15:00:00,30.3,28,1003.2
2021-05-24 16:00:00,28.5,31,1003.9
2021-05-24 17:00:00,27.0,34,1004.1
2021-05-24 18:00:00,24.5,41,1004.1
2021-05-24 19:00:00,23.4,45,1004.0
2021-05-24 20:00:00,22.5,49,1004.0
2021-05-24 21:00:00,22.4,50,1003.9
2021-05-24 22:00:00,21.4,53,1003.6
2021-05-24 23:00:00,20.8,56,1003.6
2021-05-25 00:00:00,20.5,58,1003.9
2021-05-25 01:00:00,23.1,50,1004.4
2021-05-25 02:00:00,26.8,39,1004.6
2021-05-25 03:00:00,31.0,31,1003.8
2021-05-25 04:00:00,33.2,23,1004.5
2021-05-25 05:00:00,34.9,21,1004.2
2021-05-25 06:00:00,32.4,27,1002.9
2021-05-25 07:00:00,36.8,18,1002.9
2021-05-25 08:00:00,37.4,16,1002.1
2021-05-25 09:00:00,39.6,9,999.9
2021-05-25 10:00:00,37.9,14,1000.2
2021-05-25 11:00:00,37.3,15,999.5
2021-05-25 12:00:00,38.6,10,998.2
2021-05-25 13:00:00,34.3,20,999.0
2021-05-25 14:00:00,30.2,29,999.5
2021-05-25 15:00:00,28.4,31,1000.0
2021-05-25 16:00:00,27.4,31,1000.7
2021-05-25 17:00:00,25.5,39,1001.4
2021-05-25 18:00:00,25.0,39,1001.2
2021-05-25 19:00:00,23.9,41,1000.7
2021-05-25 20:00:00,23.4,41,1000.4
2021-05-25 21:00:00,23.4,41,1000.1
2021-05-25 22:00:00,22.4,44,999.8
2021-05-25 23:00:00,20.8,48,999.8
2021-05-26 00:00:00,20.9,47,1000.1
2021-05-26 01:00:00,23.6,40,1000.4
2021-05-26 02:00:00,27.6,32,1000.7
2021-05-26 03:00:00,33.0,21,1000.4
2021-05-26 04:00:00,34.3,21,1001.0
2021-05-26 05:00:00,36.6,19,1000.7
2021-05-26 06:00:00,38.8,12,999.4
2021-05-26 07:00:00,39.1,12,999.7
2021-05-26 08:00:00,39.6,12,999.0
2021-05-26 09:00:00,40.2,10,997.6
2021-05-26 10:00:00,39.3,12,997.5
2021-05-26 11:00:00,38.8,13,996.9
2021-05-26 12:00:00,39.8,9,995.8
2021-05-26 13:00:00,35.1,21,997.0
2021-05-26 14:00:00,31.7,28,997.3
2021-05-26 15:00:00,30.9,29,997.9
2021-05-26 16:00:00,29.1,30,998.6
2021-05-26 17:00:00,28.5,29,999.2
2021-05-26 18:00:00,28.5,30,999.2
2021-05-26 19:00:00,28.5,29,999.0
2021-05-26 20:00:00,26.2,34,998.9
2021-05-26 21:00:00,25.8,36,999.0
2021-05-26 22:00:00,24.4,39,999.1
2021-05-26 23:00:00,24.6,38,999.3
2021-05-27 00:00:00,24.4,39,999.7
2021-05-27 01:00:00,24.0,49,1000.5
2021-05-27 02:00:00,28.2,35,1000.8
2021-05-27 03:00:00,32.6,25,1000.6
2021-05-27 04:00:00,34.9,22,1001.4
2021-05-27 05:00:00,37.2,19,1001.3
2021-05-27 06:00:00,38.8,16,999.8
2021-05-27 07:00:00,39.9,17,1000.3
2021-05-27 08:00:00,40.4,15,999.6
2021-05-27 09:00:00,41.8,9,997.4
2021-05-27 10:00:00,40.7,16,997.8
2021-05-27 11:00:00,40.2,17,997.1
2021-05-27 12:00:00,41.4,10,995.8
2021-05-27 13:00:00,37.1,23,996.6
2021-05-27 14:00:00,32.8,32,996.9
2021-05-27 15:00:00,31.5,34,997.5
2021-05-27 16:00:00,30.6,24,998.0
2021-05-27 17:00:00,28.5,26,998.4
2021-05-27 18:00:00,29.7,27,999.2
2021-05-27 19:00:00,26.2,36,999.1
2021-05-27 20:00:00,25.1,45,999.1
2021-05-27 21:00:00,25.8,47,999.2
2021-05-27 22:00:00,25.7,65,999.2
2021-05-27 23:00:00,25.6,75,999.5
2021-05-28 00:00:00,25.2,81,999.9
2021-05-28 01:00:00,26.1,78,1000.6
2021-05-28 02:00:00,28.2,70,1001.1
2021-05-28 03:00:00,29.8,63,1004.2
2021-05-28 04:00:00,32.9,46,1002.0
2021-05-28 05:00:00,35.3,39,1001.6
2021-05-28 06:00:00,35.2,45,1001.6
2021-05-28 07:00:00,38.7,29,1000.8
2021-05-28 08:00:00,39.9,25,999.9
2021-05-28 09:00:00,38.6,34,999.0
2021-05-28 10:00:00,41.2,20,997.8
2021-05-28 11:00:00,40.8,21,997.5
2021-05-28 12:00:00,40.4,27,997.1
2021-05-28 13:00:00,37.9,29,997.8
2021-05-28 14:00:00,34.7,37,998.2
2021-05-28 15:00:00,33.0,42,998.9
2021-05-28 16:00:00,31.2,47,999.8
2021-05-28 17:00:00,30.6,48,1000.2
2021-05-28 18:00:00,30.2,48,1000.3
2021-05-28 19:00:00,30.9,45,1000.8
2021-05-28 20:00:00,29.7,55,1001.0
2021-05-28 21:00:00,29.1,63,1000.9
2021-05-28 22:00:00,28.7,66,1001.0
2021-05-28 23:00:00,28.3,67,1001.5
2021-05-29 00:00:00,28.0,68,1001.9
2021-05-29 01:00:00,28.9,64,1002.5
2021-05-29 02:00:00,30.6,58,1002.9
2021-05-29 03:00:00,30.6,64,1003.2
2021-05-29 04:00:00,34.0,44,1003.0
2021-05-29 05:00:00,35.9,39,1002.7
2021-05-29 06:00:00,34.6,43,1002.3
2021-05-29 07:00:00,39.2,31,1001.7
2021-05-29 08:00:00,40.3,28,1000.8
2021-05-29 09:00:00,38.0,35,1000.3
2021-05-29 10:00:00,41.2,23,999.6
2021-05-29 11:00:00,38.8,28,1000.0
2021-05-29 12:00:00,39.0,32,998.0
2021-05-29 13:00:00,37.3,29,1000.2
2021-05-29 14:00:00,35.1,33,1000.5
2021-05-29 15:00:00,33.9,37,1001.1
2021-05-29 16:00:00,33.2,40,1002.0
2021-05-29 17:00:00,32.2,48,1002.1
2021-05-29 18:00:00,31.4,53,1002.1
2021-05-29 19:00:00,30.8,59,1002.1
2021-05-29 20:00:00,30.0,61,1002.3
2021-05-29 21:00:00,29.3,63,1002.3
2021-05-29 22:00:00,28.7,66,1002.2
2021-05-29 23:00:00,28.3,67,1002.3
2021-05-30 00:00:00,28.1,68,1002.8
2021-05-30 01:00:00,29.0,64,1003.3
2021-05-30 02:00:00,30.7,57,1003.8
2021-05-30 03:00:00,27.2,63,1004.7
2021-05-30 04:00:00,33.5,48,1004.4
2021-05-30 05:00:00,35.6,42,1004.0
2021-05-30 06:00:00,37.2,37,1003.3
2021-05-30 07:00:00,38.6,32,1002.4
2021-05-30 08:00:00,39.4,29,1001.5
2021-05-30 09:00:00,36.0,40,1001.0
2021-05-30 10:00:00,39.8,27,999.6
2021-05-30 11:00:00,37.1,33,1000.0
2021-05-30 12:00:00,36.3,38,999.7
2021-05-30 13:00:00,35.3,42,1000.3
2021-05-30 14:00:00,33.7,46,1000.6
2021-05-30 15:00:00,32.4,47,1000.3
2021-05-30 16:00:00,31.2,51,1000.5
2021-05-30 17:00:00,29.9,56,1000.8
2021-05-30 18:00:00,29.4,58,1000.7
2021-05-30 19:00:00,28.7,61,1000.2
2021-05-30 20:00:00,29.0,64,999.6
2021-05-30 21:00:00,28.4,67,999.3
2021-05-30 22:00:00,27.9,69,999.5
2021-05-30 23:00:00,27.6,71,999.8
2021-05-31 00:00:00,27.5,72,999.9
2021-05-31 01:00:00,28.7,68,1000.1
2021-05-31 02:00:00,30.8,61,1000.3
2021-05-31 03:00:00,30.6,67,1000.6
2021-05-31 04:00:00,35.1,45,1000.4
2021-05-31 05:00:00,37.0,38,999.9
2021-05-31 06:00:00,36.8,29,999.0
2021-05-31 07:00:00,39.3,28,998.5
2021-05-31 08:00:00,40.4,26,997.5
2021-05-31 09:00:00,40.2,23,995.3
2021-05-31 10:00:00,35.4,36,997.5
2021-05-31 11:00:00,33.7,43,998.6
2021-05-31 12:00:00,35.6,23,995.8
2021-05-31 13:00:00,32.6,49,998.5
2021-05-31 14:00:00,31.5,52,999.1
2021-05-31 15:00:00,30.0,57,999.3
2021-05-31 16:00:00,28.6,62,999.7
2021-05-31 17:00:00,27.8,66,1000.2
2021-05-31 18:00:00,27.3,69,1000.5
2021-05-31 19:00:00,26.8,71,1000.8
2021-05-31 20:00:00,26.1,75,1000.8
2021-05-31 21:00:00,28.6,46,999.7
2021-05-31 22:00:00,28.1,46,1000.0
2021-05-31 23:00:00,27.1,51,1000.6
2021-06-01 00:00:00,26.6,53,1001.2
2021-06-01 01:00:00,28.3,46,1001.9
2021-06-01 02:00:00,29.7,42,1002.9
2021-06-01 03:00:00,26.6,64,1003.9
2021-06-01 04:00:00,34.1,33,1002.5
2021-06-01 05:00:00,32.2,42,1004.0
2021-06-01 06:00:00,25.8,69,1005.0
2021-06-01 07:00:00,35.5,32,1002.8
2021-06-01 08:00:00,35.9,31,1002.2
2021-06-01 09:00:00,29.8,55,1003.5
2021-06-01 10:00:00,36.0,29,1000.4
2021-06-01 11:00:00,35.6,30,999.9
2021-06-01 12:00:00,30.6,45,1001.3
2021-06-01 13:00:00,30.9,51,1002.6
2021-06-01 14:00:00,29.6,57,1002.8
2021-06-01 15:00:00,28.0,65,1003.3
2021-06-01 16:00:00,27.4,68,1003.9
2021-06-01 17:00:00,26.9,70,1003.9
2021-06-01 18:00:00,26.6,70,1003.8
2021-06-01 19:00:00,25.6,75,1003.7
2021-06-01 20:00:00,25.1,79,1003.7
2021-06-01 21:00:00,24.9,79,1003.8
2021-06-01 22:00:00,24.7,79,1003.4
2021-06-01 23:00:00,24.4,80,1003.9
2021-06-02 00:00:00,24.2,80,1004.1
2021-06-02 01:00:00,25.7,73,1004.7
2021-06-02 02:00:00,27.9,62,1005.2
2021-06-02 03:00:00,30.1,54,1005.5
2021-06-02 04:00:00,31.5,49,1005.3
2021-06-02 05:00:00,32.5,46,1005.2
2021-06-02 06:00:00,33.8,36,1003.6
2021-06-02 07:00:00,34.7,40,1004.4
2021-06-02 08:00:00,34.3,40,1004.0
2021-06-02 09:00:00,36.2,30,1001.3
2021-06-02 10:00:00,32.9,45,1003.1
2021-06-02 11:00:00,33.2,43,1002.7
2021-06-02 12:00:00,36.4,34,1000.7
2021-06-02 13:00:00,31.1,51,1002.6
2021-06-02 14:00:00,30.9,47,1003.4
2021-06-02 15:00:00,29.6,53,1004.1
2021-06-02 16:00:00,28.2,57,1004.6
2021-06-02 17:00:00,27.6,60,1005.1
2021-06-02 18:00:00,27.2,60,1005.3
2021-06-02 19:00:00,27.0,61,1005.2
2021-06-02 20:00:00,26.5,63,1004.9
2021-06-02 21:00:00,26.1,65,1004.4
2021-06-02 22:00:00,25.7,71,1004.4
2021-06-02 23:00:00,25.2,74,1004.6
2021-06-03 00:00:00,24.8,78,1005.0
2021-06-03 01:00:00,25.9,73,1005.3
2021-06-03 02:00:00,28.4,63,1005.6
2021-06-03 03:00:00,27.0,63,1006.6
2021-06-03 04:00:00,33.1,44,1005.6
2021-06-03 05:00:00,34.7,38,1005.4
2021-06-03 06:00:00,27.8,60,1007.5
2021-06-03 07:00:00,32.8,43,1006.3
2021-06-03 08:00:00,33.7,40,1005.5
2021-06-03 09:00:00,30.6,53,1005.9
2021-06-03 10:00:00,33.2,42,1004.9
2021-06-03 11:00:00,33.8,39,1004.6
2021-06-03 12:00:00,31.4,46,1004.5
2021-06-03 13:00:00,32.5,43,1004.8
2021-06-03 14:00:00,30.8,49,1005.0
2021-06-03 15:00:00,27.9,58,1006.0
2021-06-03 16:00:00,26.6,64,1006.5
2021-06-03 17:00:00,25.8,69,1006.8
2021-06-03 18:00:00,25.2,71,1006.8
2021-06-03 19:00:00,24.9,71,1006.6
2021-06-03 20:00:00,24.6,70,1006.3
2021-06-03 21:00:00,24.1,72,1006.3
2021-06-03 22:00:00,23.9,72,1006.1
2021-06-03 23:00:00,23.8,78,1006.4
2021-06-04 00:00:00,24.1,78,1006.2
2021-06-04 01:00:00,25.0,72,1007.0
2021-06-04 02:00:00,26.5,61,1007.0
2021-06-04 03:00:00,23.6,76,1007.2
2021-06-04 04:00:00,31.0,45,1006.8
2021-06-04 05:00:00,32.8,41,1006.6
2021-06-04 06:00:00,29.4,60,1006.4
2021-06-04 07:00:00,34.9,38,1005.3
2021-06-04 08:00:00,35.3,37,1004.5
2021-06-04 09:00:00,29.2,62,1004.5
2021-06-04 10:00:00,31.5,49,1003.9
2021-06-04 11:00:00,30.7,53,1003.8
2021-06-04 12:00:00,27.8,62,1003.2
2021-06-04 13:00:00,29.8,57,1003.5
2021-06-04 14:00:00,28.4,64,1003.5
2021-06-04 15:00:00,26.9,74,1004.5
2021-06-04 16:00:00,26.3,76,1005.0
2021-06-04 17:00:00,26.1,75,1005.0
2021-06-04 18:00:00,25.6,78,1004.8
2021-06-04 19:00:00,25.3,79,1004.7
2021-06-04 20:00:00,25.2,79,1004.3
2021-06-04 21:00:00,24.5,83,1004.3
2021-06-04 22:00:00,24.8,81,1004.0
2021-06-04 23:00:00,24.6,83,1004.2
2021-06-05 00:00:00,23.5,87,1004.1
2021-06-05 01:00:00,25.0,81,1004.7
2021-06-05 02:00:00,27.4,70,1005.2
2021-06-05 03:00:00,25.6,72,1006.0
2021-06-05 04:00:00,31.7,47,1005.3
2021-06-05 05:00:00,33.1,42,1005.1
2021-06-05 06:00:00,28.6,51,1005.2
2021-06-05 07:00:00,34.9,37,1003.8
2021-06-05 08:00:00,34.7,39,1003.3
2021-06-05 09:00:00,33.0,45,1002.9
2021-06-05 10:00:00,33.8,42,1002.2
2021-06-05 11:00:00,33.3,44,1002.1
2021-06-05 12:00:00,33.4,46,1000.9
2021-06-05 13:00:00,29.7,61,1002.2
2021-06-05 14:00:00,28.5,66,1002.5
2021-06-05 15:00:00,27.6,71,1002.8
2021-06-05 16:00:00,27.4,70,1004.1
2021-06-05 17:00:00,26.2,78,1004.4
2021-06-05 18:00:00,26.3,78,1004.5
2021-06-05 19:00:00,25.8,80,1004.1
2021-06-05 20:00:00,25.1,85,1003.8
2021-06-05 21:00:00,24.7,86,1003.6
2021-06-05 22:00:00,24.3,89,1003.4
2021-06-05 23:00:00,24.4,87,1003.4
2021-06-06 00:00:00,24.8,81,1003.8
2021-06-06 01:00:00,26.1,75,1004.3
2021-06-06 02:00:00,28.4,65,1004.7
2021-06-06 03:00:00,29.0,62,1004.0
2021-06-06 04:00:00,32.5,48,1004.9
2021-06-06 05:00:00,33.8,45,1004.6
2021-06-06 06:00:00,34.2,40,1006.4
2021-06-06 07:00:00,35.3,42,1003.4
2021-06-06 08:00:00,36.4,37,1002.3
2021-06-06 09:00:00,35.6,41,1001.1
2021-06-06 10:00:00,36.3,35,1001.4
2021-06-06 11:00:00,35.6,35,1000.5
2021-06-06 12:00:00,37.7,34,998.9
2021-06-06 13:00:00,34.5,40,1000.4
2021-06-06 14:00:00,31.7,50,1000.7
2021-06-06 15:00:00,30.6,54,1001.0
2021-06-06 16:00:00,30.2,55,1001.5
2021-06-06 17:00:00,30.1,53,1002.2
2021-06-06 18:00:00,29.2,56,1002.1
2021-06-06 19:00:00,28.9,57,1001.9
2021-06-06 20:00:00,27.3,63,1001.4
2021-06-06 21:00:00,27.1,64,1001.2
2021-06-06 22:00:00,27.2,63,1001.1
2021-06-06 23:00:00,27.2,62,1001.1
2021-06-07 00:00:00,26.0,68,1001.5
2021-06-07 01:00:00,27.3,70,1001.9
2021-06-07 02:00:00,29.8,59,1002.2
2021-06-07 03:00:00,30.0,54,1002.2
2021-06-07 04:00:00,34.3,40,1002.8
2021-06-07 05:00:00,36.0,35,1002.3
2021-06-07 06:00:00,35.8,42,1001.5
2021-06-07 07:00:00,38.8,28,1001.1
2021-06-07 08:00:00,39.1,26,1000.4
2021-06-07 09:00:00,37.4,38,999.3
2021-06-07 10:00:00,38.7,30,998.6
2021-06-07 11:00:00,38.4,31,997.9
2021-06-07 12:00:00,38.0,37,996.5
2021-06-07 13:00:00,36.3,38,997.4
2021-06-07 14:00:00,34.0,44,997.7
2021-06-07 15:00:00,32.8,47,998.0
2021-06-07 16:00:00,32.0,49,998.4
2021-06-07 17:00:00,30.4,57,999.3
2021-06-07 18:00:00,29.8,59,999.2
2021-06-07 19:00:00,29.2,61,998.8
2021-06-07 20:00:00,28.4,64,998.7
2021-06-07 21:00:00,28.1,64,998.3
2021-06-07 22:00:00,27.8,65,998.1
2021-06-07 23:00:00,27.5,66,998.4
2021-06-08 00:00:00,27.4,67,998.8
2021-06-08 01:00:00,29.5,61,998.9
2021-06-08 02:00:00,31.9,47,999.4
2021-06-08 03:00:00,34.0,43,999.0
2021-06-08 04:00:00,35.8,33,999.8
2021-06-08 05:00:00,37.3,31,999.7
2021-06-08 06:00:00,37.4,36,998.5
2021-06-08 07:00:00,39.8,28,998.8
2021-06-08 08:00:00,40.5,27,997.9
2021-06-08 09:00:00,40.6,28,996.3
2021-06-08 10:00:00,41.4,26,995.6
2021-06-08 11:00:00,41.2,27,994.9
2021-06-08 12:00:00,40.8,26,994.1
2021-06-08 13:00:00,38.6,43,994.4
2021-06-08 14:00:00,35.8,43,994.5
2021-06-08 15:00:00,34.6,46,994.9
2021-06-08 16:00:00,33.3,50,995.3
2021-06-08 17:00:00,32.9,48,995.7
2021-06-08 18:00:00,32.1,51,996.6
2021-06-08 19:00:00,31.6,51,996.5
2021-06-08 20:00:00,30.7,52,996.4
2021-06-08 21:00:00,30.2,54,996.3
2021-06-08 22:00:00,29.7,58,996.3
2021-06-08 23:00:00,31.1,52,996.4
2021-06-09 00:00:00,30.3,56,996.9
2021-06-09 01:00:00,30.9,56,997.3
2021-06-09 02:00:00,33.1,47,997.0
2021-06-09 03:00:00,35.0,48,996.4
2021-06-09 04:00:00,36.7,37,997.5
2021-06-09 05:00:00,38.4,35,997.4
2021-06-09 06:00:00,38.8,37,995.9
2021-06-09 07:00:00,41.1,29,996.4
2021-06-09 08:00:00,41.7,27,995.6
2021-06-09 09:00:00,41.6,29,993.8
2021-06-09 10:00:00,42.9,24,993.6
2021-06-09 11:00:00,42.5,24,993.2
2021-06-09 12:00:00,42.4,27,991.8
2021-06-09 13:00:00,39.5,40,993.2
2021-06-09 14:00:00,37.2,39,993.3
2021-06-09 15:00:00,35.1,45,993.7
2021-06-09 16:00:00,34.3,44,994.2
2021-06-09 17:00:00,33.5,45,994.6
2021-06-09 18:00:00,32.0,50,994.6
2021-06-09 19:00:00,32.1,52,995.3
2021-06-09 20:00:00,31.6,52,995.5
2021-06-09 21:00:00,31.8,53,996.0
2021-06-09 22:00:00,31.5,62,996.1
2021-06-09 23:00:00,31.1,62,996.8
2021-06-10 00:00:00,29.5,67,997.9
2021-06-10 01:00:00,28.8,69,998.6
2021-06-10 02:00:00,29.7,64,998.9
2021-06-10 03:00:00,32.0,66,996.6
2021-06-10 04:00:00,33.0,53,999.0
2021-06-10 05:00:00,34.9,48,998.9
2021-06-10 06:00:00,36.0,52,996.6
2021-06-10 07:00:00,37.8,41,997.8
2021-06-10 08:00:00,38.8,39,996.9
2021-06-10 09:00:00,37.4,47,994.9
2021-06-10 10:00:00,39.4,37,995.2
2021-06-10 11:00:00,39.8,35,993.8
2021-06-10 12:00:00,37.2,48,992.6
2021-06-10 13:00:00,37.1,44,994.6
2021-06-10 14:00:00,36.1,51,994.9
2021-06-10 15:00:00,35.3,49,994.8
2021-06-10 16:00:00,34.0,52,995.5
2021-06-10 17:00:00,33.1,54,995.9
2021-06-10 18:00:00,32.5,56,995.9
2021-06-10 19:00:00,30.5,65,996.7
2021-06-10 20:00:00,29.9,67,996.6
2021-06-10 21:00:00,29.5,68,996.5
2021-06-10 22:00:00,29.1,69,996.9
2021-06-10 23:00:00,28.5,71,997.3
2021-06-11 00:00:00,27.5,76,997.7
2021-06-11 01:00:00,27.5,76,998.3
2021-06-11 02:00:00,27.5,76,999.0
2021-06-11 03:00:00,28.3,74,998.3
2021-06-11 04:00:00,32.8,55,998.1
2021-06-11 05:00:00,34.5,50,997.8
2021-06-11 06:00:00,32.2,60,997.6
2021-06-11 07:00:00,37.2,43,996.8
2021-06-11 08:00:00,37.7,41,995.9
2021-06-11 09:00:00,35.4,50,995.0
2021-06-11 10:00:00,38.3,39,994.0
2021-06-11 11:00:00,38.0,40,993.5
2021-06-11 12:00:00,35.6,51,992.7
2021-06-11 13:00:00,34.6,48,994.2
2021-06-11 14:00:00,34.0,50,994.7
2021-06-11 15:00:00,33.1,52,995.1
2021-06-11 16:00:00,32.5,54,995.6
2021-06-11 17:00:00,32.1,55,996.2
2021-06-11 18:00:00,31.7,57,996.4
2021-06-11 19:00:00,31.1,60,996.7
2021-06-11 20:00:00,30.6,63,996.8
2021-06-11 21:00:00,30.2,64,996.9
2021-06-11 22:00:00,29.8,65,997.1
2021-06-11 23:00:00,29.3,68,997.4
2021-06-12 00:00:00,26.4,82,998.9
2021-06-12 01:00:00,26.1,81,998.9
2021-06-12 02:00:00,27.6,72,999.5
2021-06-12 03:00:00,29.4,60,998.5
2021-06-12 04:00:00,32.9,53,999.4
2021-06-12 05:00:00,34.3,49,999.0
2021-06-12 06:00:00,33.2,50,998.1
2021-06-12 07:00:00,37.2,42,998.1
2021-06-12 08:00:00,38.2,40,997.2
2021-06-12 09:00:00,35.6,52,996.6
2021-06-12 10:00:00,38.8,38,995.7
2021-06-12 11:00:00,37.2,42,995.7
2021-06-12 12:00:00,34.8,51,994.6
2021-06-12 13:00:00,34.0,54,996.7
2021-06-12 14:00:00,33.4,57,996.9
2021-06-12 15:00:00,32.6,58,997.3
2021-06-12 16:00:00,31.9,59,998.2
2021-06-12 17:00:00,30.8,63,998.8
2021-06-12 18:00:00,30.5,65,999.0
2021-06-12 19:00:00,29.9,67,999.1
2021-06-12 20:00:00,29.4,67,999.6
2021-06-12 21:00:00,29.0,68,999.4
2021-06-12 22:00:00,28.6,67,999.6
2021-06-12 23:00:00,24.7,87,1001.9
2021-06-13 00:00:00,24.3,90,1001.2
2021-06-13 01:00:00,25.0,88,1001.9
2021-06-13 02:00:00,26.5,80,1001.6
2021-06-13 03:00:00,26.0,83,1004.5
2021-06-13 04:00:00,29.7,67,1000.5
2021-06-13 05:00:00,31.9,58,1000.4
2021-06-13 06:00:00,26.6,76,999.6
2021-06-13 07:00:00,34.5,50,999.1
2021-06-13 08:00:00,35.5,47,998.4
2021-06-13 09:00:00,30.2,64,998.3
2021-06-13 10:00:00,36.0,45,996.6
2021-06-13 11:00:00,35.8,45,996.1
2021-06-13 12:00:00,32.8,54,996.7
2021-06-13 13:00:00,32.4,51,997.2
2021-06-13 14:00:00,30.7,59,998.1
2021-06-13 15:00:00,29.3,65,998.9
2021-06-13 16:00:00,28.6,67,999.4
2021-06-13 17:00:00,28.2,69,999.9
2021-06-13 18:00:00,28.1,69,1000.1
2021-06-13 19:00:00,27.9,69,1000.2
2021-06-13 20:00:00,27.7,69,1000.0
2021-06-13 21:00:00,25.6,82,998.7
2021-06-13 22:00:00,25.6,83,998.7
2021-06-13 23:00:00,25.4,84,998.7
2021-06-14 00:00:00,25.1,86,998.9
2021-06-14 01:00:00,26.0,81,999.0
2021-06-14 02:00:00,27.5,74,999.0
2021-06-14 03:00:00,28.6,76,998.7
2021-06-14 04:00:00,31.1,60,999.0
2021-06-14 05:00:00,32.7,50,998.8
2021-06-14 06:00:00,32.4,60,998.3
2021-06-14 07:00:00,35.2,40,997.3
2021-06-14 08:00:00,36.0,37,996.0
2021-06-14 09:00:00,34.8,44,995.5
2021-06-14 10:00:00,36.3,38,994.4
2021-06-14 11:00:00,36.0,39,993.9
2021-06-14 12:00:00,35.4,41,993.8
2021-06-14 13:00:00,34.4,44,993.7
2021-06-14 14:00:00,31.8,52,994.8
2021-06-14 15:00:00,30.4,57,995.4
2021-06-14 16:00:00,29.6,60,995.9
2021-06-14 17:00:00,28.8,63,996.1
2021-06-14 18:00:00,28.1,66,995.8
2021-06-14 19:00:00,27.5,69,995.7
2021-06-14 20:00:00,27.0,72,995.5
2021-06-14 21:00:00,26.4,75,995.1
2021-06-14 22:00:00,25.0,88,994.4
2021-06-14 23:00:00,25.4,86,994.7
2021-06-15 00:00:00,24.8,89,994.8
2021-06-15 01:00:00,25.9,84,995.0
2021-06-15 02:00:00,28.5,72,994.9
2021-06-15 03:00:00,31.2,66,997.4
2021-06-15 04:00:00,33.0,48,994.7
2021-06-15 05:00:00,34.6,42,994.3
2021-06-15 06:00:00,34.6,39,993.3
2021-06-15 07:00:00,36.8,32,993.3
2021-06-15 08:00:00,37.5,30,992.5
2021-06-15 09:00:00,35.0,38,990.9
2021-06-15 10:00:00,37.6,30,991.1
2021-06-15 11:00:00,37.1,31,991.1
2021-06-15 12:00:00,29.6,52,992.4
2021-06-15 13:00:00,35.1,39,991.5
2021-06-15 14:00:00,33.5,41,991.5
2021-06-15 15:00:00,32.6,44,991.7
2021-06-15 16:00:00,31.9,45,992.2
2021-06-15 17:00:00,30.7,50,992.8
2021-06-15 18:00:00,29.9,55,993.0
2021-06-15 19:00:00,30.2,51,993.3
2021-06-15 20:00:00,30.3,49,993.5
2021-06-15 21:00:00,29.9,48,993.8
2021-06-15 22:00:00,26.2,80,995.5
2021-06-15 23:00:00,24.6,94,995.9
2021-06-16 00:00:00,24.2,94,996.5
2021-06-16 01:00:00,23.8,95,997.3
2021-06-16 02:00:00,23.7,94,997.7
2021-06-16 03:00:00,23.2,91,998.7
2021-06-16 04:00:00,24.7,93,998.3
2021-06-16 05:00:00,24.8,93,998.4
2021-06-16 06:00:00,24.8,86,1000.3
2021-06-16 07:00:00,27.7,72,998.8
2021-06-16 08:00:00,29.1,64,998.2
2021-06-16 09:00:00,27.6,72,998.6
2021-06-16 10:00:00,30.4,60,997.1
2021-06-16 11:00:00,30.4,59,996.7
2021-06-16 12:00:00,28.8,69,997.5
2021-06-16 13:00:00,29.5,64,996.9
2021-06-16 14:00:00,27.8,71,997.6
2021-06-16 15:00:00,26.0,79,998.8
2021-06-16 16:00:00,25.2,84,999.7
2021-06-16 17:00:00,24.6,88,1000.1
2021-06-16 18:00:00,24.3,89,1000.2
2021-06-16 19:00:00,24.1,90,1000.3
2021-06-16 20:00:00,24.1,90,1000.3
2021-06-16 21:00:00,23.8,91,1000.0
2021-06-16 22:00:00,23.6,92,1000.1
2021-06-16 23:00:00,24.0,89,999.7
2021-06-17 00:00:00,23.9,91,1000.0
2021-06-17 01:00:00,24.5,90,1000.5
2021-06-17 02:00:00,25.4,84,1000.8
2021-06-17 03:00:00,29.2,63,999.8
2021-06-17 04:00:00,28.3,71,1001.3
2021-06-17 05:00:00,30.0,65,1001.0
2021-06-17 06:00:00,33.2,56,999.9
2021-06-17 07:00:00,32.5,54,1000.4
2021-06-17 08:00:00,33.1,52,999.8
2021-06-17 09:00:00,33.2,52,998.5
2021-06-17 10:00:00,33.5,49,998.5
2021-06-17 11:00:00,33.3,49,998.3
2021-06-17 12:00:00,32.6,52,997.4
2021-06-17 13:00:00,31.5,59,998.4
2021-06-17 14:00:00,29.9,66,998.9
2021-06-17 15:00:00,29.1,68,999.5
2021-06-17 16:00:00,28.2,71,999.8
2021-06-17 17:00:00,28.0,70,1000.4
2021-06-17 18:00:00,27.7,70,1000.6
2021-06-17 19:00:00,27.4,71,1000.8
2021-06-17 20:00:00,27.2,73,1000.7
2021-06-17 21:00:00,26.9,79,1000.5
2021-06-17 22:00:00,26.7,82,1000.2
2021-06-17 23:00:00,26.3,85,1000.6
2021-06-18 00:00:00,25.6,88,1000.4
2021-06-18 01:00:00,26.2,86,1000.8
2021-06-18 02:00:00,27.3,80,1001.3
2021-06-18 03:00:00,28.8,79,1000.7
2021-06-18 04:00:00,29.5,71,1001.6
2021-06-18 05:00:00,30.9,64,1001.5
2021-06-18 06:00:00,32.2,65,1000.3
2021-06-18 07:00:00,32.0,58,1000.8
2021-06-18 08:00:00,32.8,53,1000.2
2021-06-18 09:00:00,34.0,50,998.5
2021-06-18 10:00:00,32.9,51,999.2
2021-06-18 11:00:00,32.5,53,999.0
2021-06-18 12:00:00,34.4,44,997.1
2021-06-18 13:00:00,30.9,61,999.1
2021-06-18 14:00:00,29.4,67,999.8
2021-06-18 15:00:00,28.6,68,1000.5
2021-06-18 16:00:00,28.2,71,1001.1
2021-06-18 17:00:00,27.7,72,1001.3
2021-06-18 18:00:00,27.1,74,1001.2
2021-06-18 19:00:00,26.6,75,1001.0
2021-06-18 20:00:00,26.1,77,1000.8
2021-06-18 21:00:00,25.5,79,1000.5
2021-06-18 22:00:00,24.9,82,1000.2
2021-06-18 23:00:00,24.5,84,1000.4
2021-06-19 00:00:00,24.3,85,1000.5
2021-06-19 01:00:00,25.2,82,1001.1
2021-06-19 02:00:00,26.6,77,1001.4
2021-06-19 03:00:00,28.6,75,1001.0
2021-06-19 04:00:00,29.9,66,1001.4
2021-06-19 05:00:00,31.3,60,1001.0
2021-06-19 06:00:00,32.8,54,999.8
2021-06-19 07:00:00,33.4,52,999.8
2021-06-19 08:00:00,34.2,48,998.7
2021-06-19 09:00:00,34.2,50,998.1
2021-06-19 10:00:00,34.8,44,997.8
2021-06-19 11:00:00,34.7,43,997.5
2021-06-19 12:00:00,34.8,46,996.4
2021-06-19 13:00:00,32.9,51,997.7
2021-06-19 14:00:00,31.3,56,998.6
2021-06-19 15:00:00,30.3,60,999.5
2021-06-19 16:00:00,29.3,63,1000.2
2021-06-19 17:00:00,28.3,67,1000.3
2021-06-19 18:00:00,27.8,70,1000.4
2021-06-19 19:00:00,27.2,71,1000.3
2021-06-19 20:00:00,26.7,72,1000.1
2021-06-19 21:00:00,26.2,74,1000.2
2021-06-19 22:00:00,25.7,76,1000.1
2021-06-19 23:00:00,25.4,78,1000.4
2021-06-20 00:00:00,25.1,80,1000.9
2021-06-20 01:00:00,25.6,77,1001.6
2021-06-20 02:00:00,26.6,71,1002.1
2021-06-20 03:00:00,28.8,68,1001.3
2021-06-20 04:00:00,29.5,64,1002.4
2021-06-20 05:00:00,31.0,60,1002.0
2021-06-20 06:00:00,32.0,60,1001.7
2021-06-20 07:00:00,33.3,51,1001.2
2021-06-20 08:00:00,33.9,48,1000.4
2021-06-20 09:00:00,34.2,50,999.3
2021-06-20 10:00:00,34.3,48,998.4
2021-06-20 11:00:00,34.0,48,998.0
2021-06-20 12:00:00,35.0,49,997.0
2021-06-20 13:00:00,32.7,54,998.7
2021-06-20 14:00:00,30.7,61,999.7
2021-06-20 15:00:00,30.1,61,1000.7
2021-06-20 16:00:00,29.5,61,1001.5
2021-06-20 17:00:00,28.7,67,1002.2
2021-06-20 18:00:00,28.3,69,1001.9
2021-06-20 19:00:00,27.8,71,1001.7
2021-06-20 20:00:00,27.3,74,1001.5
2021-06-20 21:00:00,26.7,78,1001.3
2021-06-20 22:00:00,26.1,82,1001.2
2021-06-20 23:00:00,25.6,85,1001.5
2021-06-21 00:00:00,25.4,87,1002.0
2021-06-21 01:00:00,26.3,83,1002.5
2021-06-21 02:00:00,27.3,81,1002.8
2021-06-21 03:00:00,30.0,67,1002.6
2021-06-21 04:00:00,31.0,64,1003.5
2021-06-21 05:00:00,32.4,57,1003.4
2021-06-21 06:00:00,33.6,55,1002.3
2021-06-21 07:00:00,34.7,46,1002.4
2021-06-21 08:00:00,35.4,42,1001.6
2021-06-21 09:00:00,36.0,44,1000.3
2021-06-21 10:00:00,35.4,44,999.5
2021-06-21 11:00:00,35.7,42,998.9
2021-06-21 12:00:00,36.0,40,999.1
2021-06-21 13:00:00,33.9,61,998.7
2021-06-21 14:00:00,32.8,55,999.2
2021-06-21 15:00:00,30.5,65,999.9
2021-06-21 16:00:00,29.4,70,1000.4
2021-06-21 17:00:00,28.4,74,1001.0
2021-06-21 18:00:00,27.3,80,1001.6
2021-06-21 19:00:00,26.8,82,1001.3
2021-06-21 20:00:00,26.5,83,1001.1
2021-06-21 21:00:00,25.9,85,1001.0
2021-06-21 22:00:00,25.4,87,1000.9
2021-06-21 23:00:00,24.8,91,1001.4
2021-06-22 00:00:00,24.7,92,1001.8
2021-06-22 01:00:00,26.1,85,1002.4
2021-06-22 02:00:00,28.9,68,1001.8
2021-06-22 03:00:00,32.8,49,1001.5
2021-06-22 04:00:00,33.3,46,1001.9
2021-06-22 05:00:00,35.0,40,1001.8
2021-06-22 06:00:00,36.4,38,1001.3
2021-06-22 07:00:00,36.9,35,1001.3
2021-06-22 08:00:00,37.4,33,1000.4
2021-06-22 09:00:00,38.4,30,999.4
2021-06-22 10:00:00,37.9,29,998.8
2021-06-22 11:00:00,38.0,28,997.6
2021-06-22 12:00:00,37.4,32,997.9
2021-06-22 13:00:00,35.3,53,997.5
2021-06-22 14:00:00,34.8,39,997.8
2021-06-22 15:00:00,33.8,40,998.3
2021-06-22 16:00:00,31.0,49,999.1
2021-06-22 17:00:00,30.2,53,999.8
2021-06-22 18:00:00,29.5,57,999.9
2021-06-22 19:00:00,28.0,58,1000.2
2021-06-22 20:00:00,28.5,55,1000.2
2021-06-22 21:00:00,26.7,64,1000.2
2021-06-22 22:00:00,25.9,70,1000.2
2021-06-22 23:00:00,25.2,76,1000.4
2021-06-23 00:00:00,25.4,73,1001.0
2021-06-23 01:00:00,26.5,71,1001.8
2021-06-23 02:00:00,28.9,65,1002.4
2021-06-23 03:00:00,34.2,48,1001.1
2021-06-23 04:00:00,33.6,44,1002.0
2021-06-23 05:00:00,35.1,41,1002.1
2021-06-23 06:00:00,37.8,40,1001.1
2021-06-23 07:00:00,37.3,35,1001.6
2021-06-23 08:00:00,38.1,32,1000.7
2021-06-23 09:00:00,39.4,29,999.4
2021-06-23 10:00:00,38.5,27,999.3
2021-06-23 11:00:00,38.3,25,998.1
2021-06-23 12:00:00,38.4,31,997.4
2021-06-23 13:00:00,35.0,42,997.9
2021-06-23 14:00:00,32.1,53,998.4
2021-06-23 15:00:00,30.8,59,999.1
2021-06-23 16:00:00,29.9,60,999.9
2021-06-23 17:00:00,29.1,60,1000.5
2021-06-23 18:00:00,29.0,58,1000.5
2021-06-23 19:00:00,28.4,62,1001.2
2021-06-23 20:00:00,28.1,62,1001.4
2021-06-23 21:00:00,28.0,65,1001.0
2021-06-23 22:00:00,28.0,72,1000.7
2021-06-23 23:00:00,27.7,77,1001.0
2021-06-24 00:00:00,27.4,80,1001.4
2021-06-24 01:00:00,28.0,79,1001.7
2021-06-24 02:00:00,29.5,74,1002.0
2021-06-24 03:00:00,31.2,70,1001.7
2021-06-24 04:00:00,32.9,60,1002.1
2021-06-24 05:00:00,34.3,55,1001.8
2021-06-24 06:00:00,24.8,72,1006.0
2021-06-24 07:00:00,35.4,47,1001.7
2021-06-24 08:00:00,35.6,43,1000.8
2021-06-24 09:00:00,33.4,39,1000.6
2021-06-24 10:00:00,35.0,47,999.7
2021-06-24 11:00:00,34.8,48,999.1
2021-06-24 12:00:00,35.0,34,997.6
2021-06-24 13:00:00,32.9,54,998.3
2021-06-24 14:00:00,30.3,64,998.6
2021-06-24 15:00:00,28.9,72,999.2
2021-06-24 16:00:00,28.5,73,999.7
2021-06-24 17:00:00,27.8,75,1000.0
2021-06-24 18:00:00,27.3,75,1000.0
2021-06-24 19:00:00,26.9,75,999.7
2021-06-24 20:00:00,26.2,78,1000.1
2021-06-24 21:00:00,26.0,80,1000.1
2021-06-24 22:00:00,25.5,82,1000.3
2021-06-24 23:00:00,25.3,82,1000.4
2021-06-25 00:00:00,25.0,82,1000.7
2021-06-25 01:00:00,26.3,77,1000.7
2021-06-25 02:00:00,28.5,69,1001.1
2021-06-25 03:00:00,30.6,64,1000.7
2021-06-25 04:00:00,33.0,53,1001.2
2021-06-25 05:00:00,34.4,48,1000.9
2021-06-25 06:00:00,35.0,40,999.8
2021-06-25 07:00:00,36.5,36,1000.1
2021-06-25 08:00:00,37.0,34,999.2
2021-06-25 09:00:00,37.4,39,997.5
2021-06-25 10:00:00,36.7,36,998.1
2021-06-25 11:00:00,35.5,38,998.1
2021-06-25 12:00:00,38.4,32,995.3
2021-06-25 13:00:00,34.1,46,997.4
2021-06-25 14:00:00,32.4,53,997.9
2021-06-25 15:00:00,31.1,58,998.4
2021-06-25 16:00:00,29.2,66,999.2
2021-06-25 17:00:00,28.3,70,999.6
2021-06-25 18:00:00,27.9,70,999.7
2021-06-25 19:00:00,27.3,71,999.8
2021-06-25 20:00:00,26.9,70,999.8
2021-06-25 21:00:00,27.4,63,999.2
2021-06-25 22:00:00,27.5,67,999.7
2021-06-25 23:00:00,26.9,73,999.7
2021-06-26 00:00:00,26.2,75,1000.4
2021-06-26 01:00:00,26.9,74,1000.9
2021-06-26 02:00:00,28.5,69,1001.1
2021-06-26 03:00:00,28.0,61,1002.9
2021-06-26 04:00:00,32.9,55,1001.6
2021-06-26 05:00:00,33.6,51,1002.2
2021-06-26 06:00:00,30.8,57,1004.9
2021-06-26 07:00:00,36.1,41,1001.8
2021-06-26 08:00:00,36.7,38,1001.4
2021-06-26 09:00:00,31.0,51,1001.8
2021-06-26 10:00:00,36.8,36,999.5
2021-06-26 11:00:00,36.4,39,999.1
2021-06-26 12:00:00,30.6,57,1000.6
2021-06-26 13:00:00,32.7,51,1000.7
2021-06-26 14:00:00,30.6,65,1001.1
2021-06-26 15:00:00,31.0,59,1002.0
2021-06-26 16:00:00,30.3,62,1002.9
2021-06-26 17:00:00,29.9,63,1003.7
2021-06-26 18:00:00,29.3,65,1004.0
2021-06-26 19:00:00,27.8,72,1004.1
2021-06-26 20:00:00,26.5,78,1003.8
2021-06-26 21:00:00,25.7,76,1003.6
2021-06-26 22:00:00,25.6,76,1003.8
2021-06-26 23:00:00,25.5,76,1004.3
2021-06-27 00:00:00,24.7,81,1004.8
2021-06-27 01:00:00,25.6,78,1005.5
2021-06-27 02:00:00,27.8,70,1006.0
2021-06-27 03:00:00,29.8,66,1006.6
2021-06-27 04:00:00,32.1,53,1006.2
2021-06-27 05:00:00,33.6,47,1006.2
2021-06-27 06:00:00,33.2,54,1006.2
2021-06-27 07:00:00,35.4,41,1005.4
2021-06-27 08:00:00,36.1,39,1004.4
2021-06-27 09:00:00,35.0,42,1004.0
2021-06-27 10:00:00,36.6,37,1002.6
2021-06-27 11:00:00,36.3,37,1001.9
2021-06-27 12:00:00,35.0,44,1001.9
2021-06-27 13:00:00,34.6,46,1001.7
2021-06-27 14:00:00,32.6,53,1002.2
2021-06-27 15:00:00,30.0,64,1003.0
2021-06-27 16:00:00,29.6,66,1003.7
2021-06-27 17:00:00,29.4,65,1004.2
2021-06-27 18:00:00,28.4,69,1004.2
2021-06-27 19:00:00,27.9,70,1004.0
2021-06-27 20:00:00,27.7,70,1003.9
2021-06-27 21:00:00,26.8,73,1003.7
2021-06-27 22:00:00,26.7,72,1003.3
2021-06-27 23:00:00,26.0,76,1003.4
2021-06-28 00:00:00,25.9,76,1003.6
2021-06-28 01:00:00,27.1,72,1003.8
2021-06-28 02:00:00,29.1,66,1004.3
2021-06-28 03:00:00,32.2,58,1004.3
2021-06-28 04:00:00,33.3,51,1004.5
2021-06-28 05:00:00,34.7,46,1004.6
2021-06-28 06:00:00,36.0,44,1003.5
2021-06-28 07:00:00,36.8,39,1003.8
2021-06-28 08:00:00,37.5,36,1002.9
2021-06-28 09:00:00,37.6,38,1001.5
2021-06-28 10:00:00,38.2,32,1001.2
2021-06-28 11:00:00,37.9,32,1000.4
2021-06-28 12:00:00,37.2,39,999.6
2021-06-28 13:00:00,35.2,48,999.7
2021-06-28 14:00:00,32.7,55,999.7
2021-06-28 15:00:00,31.3,62,1000.1
2021-06-28 16:00:00,30.3,66,1000.6
2021-06-28 17:00:00,29.6,67,1001.0
2021-06-28 18:00:00,29.2,67,1001.1
2021-06-28 19:00:00,28.8,66,1001.1
2021-06-28 20:00:00,28.6,62,1000.7
2021-06-28 21:00:00,29.2,55,1000.3
2021-06-28 22:00:00,27.7,62,1000.3
2021-06-28 23:00:00,28.6,58,1000.0
2021-06-29 00:00:00,27.1,65,1000.2
2021-06-29 01:00:00,28.2,62,1000.4
2021-06-29 02:00:00,30.7,54,1000.6
2021-06-29 03:00:00,34.6,48,1000.7
2021-06-29 04:00:00,35.3,40,1000.8
2021-06-29 05:00:00,36.8,35,1000.6
2021-06-29 06:00:00,37.8,37,999.4
2021-06-29 07:00:00,38.9,31,999.6
2021-06-29 08:00:00,39.7,29,998.7
2021-06-29 09:00:00,39.4,35,997.3
2021-06-29 10:00:00,40.3,25,997.0
2021-06-29 11:00:00,39.9,26,996.3
2021-06-29 12:00:00,39.0,34,995.7
2021-06-29 13:00:00,36.9,34,995.7
2021-06-29 14:00:00,34.2,40,995.8
2021-06-29 15:00:00,33.9,38,996.3
2021-06-29 16:00:00,33.1,38,996.9
2021-06-29 17:00:00,32.1,41,997.3
2021-06-29 18:00:00,31.6,41,997.3
2021-06-29 19:00:00,31.1,41,997.1
2021-06-29 20:00:00,30.0,46,996.9
2021-06-29 21:00:00,29.8,46,996.6
2021-06-29 22:00:00,28.1,55,996.6
2021-06-29 23:00:00,28.3,55,996.4
2021-06-30 00:00:00,28.6,54,996.7
2021-06-30 01:00:00,28.9,54,997.1
2021-06-30 02:00:00,31.2,49,997.5
2021-06-30 03:00:00,35.0,47,997.0
2021-06-30 04:00:00,35.6,38,997.7
2021-06-30 05:00:00,36.9,35,997.5
2021-06-30 06:00:00,37.4,39,996.5
2021-06-30 07:00:00,39.2,31,996.7
2021-06-30 08:00:00,40.1,29,995.5
2021-06-30 09:00:00,39.4,39,994.9
2021-06-30 10:00:00,41.0,27,993.7
2021-06-30 11:00:00,40.7,28,992.9
2021-06-30 12:00:00,40.0,34,993.2
2021-06-30 13:00:00,37.7,49,992.5
2021-06-30 14:00:00,35.2,48,993.0
2021-06-30 15:00:00,34.2,47,993.6
2021-06-30 16:00:00,32.5,55,994.5
2021-06-30 17:00:00,31.8,57,994.8
2021-06-30 18:00:00,31.2,59,994.7
2021-06-30 19:00:00,32.9,47,994.6
2021-06-30 20:00:00,33.5,43,994.3
2021-06-30 21:00:00,33.3,43,994.0
2021-06-30 22:00:00,31.9,47,993.6
2021-06-30 23:00:00,29.3,57,993.7
2021-07-01 00:00:00,28.2,63,994.4
2021-07-01 01:00:00,29.8,57,994.8
2021-07-01 02:00:00,31.7,50,995.1
2021-07-01 03:00:00,34.2,47,994.2
2021-07-01 04:00:00,35.5,41,995.3
2021-07-01 05:00:00,36.8,39,995.1
2021-07-01 06:00:00,36.6,44,994.4
2021-07-01 07:00:00,39.1,35,994.1
2021-07-01 08:00:00,40.0,34,993.2
2021-07-01 09:00:00,38.6,40,992.8
2021-07-01 10:00:00,40.6,30,991.9
2021-07-01 11:00:00,40.1,30,991.9
2021-07-01 12:00:00,38.6,42,991.8
2021-07-01 13:00:00,36.6,43,992.6
2021-07-01 14:00:00,34.4,52,993.0
2021-07-01 15:00:00,33.5,55,993.8
2021-07-01 16:00:00,32.6,60,994.8
2021-07-01 17:00:00,31.9,61,995.4
2021-07-01 18:00:00,31.3,63,995.2
2021-07-01 19:00:00,30.4,66,995.0
2021-07-01 20:00:00,29.7,70,994.9
2021-07-01 21:00:00,29.3,70,994.8
2021-07-01 22:00:00,28.9,72,994.8
2021-07-01 23:00:00,28.3,76,995.1
2021-07-02 00:00:00,27.8,78,995.4
2021-07-02 01:00:00,28.8,76,995.6
2021-07-02 02:00:00,31.2,66,996.0
2021-07-02 03:00:00,33.2,51,995.6
2021-07-02 04:00:00,35.5,46,996.5
2021-07-02 05:00:00,36.4,45,996.7
2021-07-02 06:00:00,37.2,47,995.8
2021-07-02 07:00:00,37.8,41,996.0
2021-07-02 08:00:00,38.7,38,995.4
2021-07-02 09:00:00,38.8,44,995.0
2021-07-02 10:00:00,38.7,34,994.8
2021-07-02 11:00:00,37.6,37,995.1
2021-07-02 12:00:00,36.4,40,994.3
2021-07-02 13:00:00,33.9,47,996.0
2021-07-02 14:00:00,32.8,48,996.5
2021-07-02 15:00:00,32.0,49,997.0
2021-07-02 16:00:00,31.5,57,997.9
2021-07-02 17:00:00,29.1,71,999.1
2021-07-02 18:00:00,28.6,73,998.5
2021-07-02 19:00:00,28.6,72,998.1
2021-07-02 20:00:00,28.7,70,998.3
2021-07-02 21:00:00,28.1,72,998.1
2021-07-02 22:00:00,28.2,71,998.1
2021-07-02 23:00:00,28.0,71,998.3
2021-07-03 00:00:00,27.5,76,998.6
2021-07-03 01:00:00,26.0,84,999.9
2021-07-03 02:00:00,27.9,75,999.9
2021-07-03 03:00:00,29.2,64,1000.0
2021-07-03 04:00:00,32.7,54,1000.5
2021-07-03 05:00:00,34.1,48,1000.6
2021-07-03 06:00:00,32.2,59,1000.9
2021-07-03 07:00:00,36.2,44,999.8
2021-07-03 08:00:00,36.7,42,999.1
2021-07-03 09:00:00,35.0,56,998.7
2021-07-03 10:00:00,35.3,48,999.1
2021-07-03 11:00:00,34.7,49,998.8
2021-07-03 12:00:00,34.4,60,996.8
2021-07-03 13:00:00,33.9,53,998.4
2021-07-03 14:00:00,32.0,63,999.4
2021-07-03 15:00:00,31.1,67,1000.2
2021-07-03 16:00:00,30.5,68,1000.6
2021-07-03 17:00:00,29.8,71,1000.7
2021-07-03 18:00:00,28.9,74,1001.0
2021-07-03 19:00:00,28.3,77,1000.9
2021-07-03 20:00:00,28.0,79,1000.7
2021-07-03 21:00:00,27.4,81,1000.7
2021-07-03 22:00:00,27.2,82,1000.7
2021-07-03 23:00:00,26.7,85,1001.0
2021-07-04 00:00:00,27.0,82,1001.5
2021-07-04 01:00:00,27.9,79,1002.0
2021-07-04 02:00:00,28.4,78,1002.4
2021-07-04 03:00:00,30.0,70,1002.6
2021-07-04 04:00:00,32.5,59,1002.7
2021-07-04 05:00:00,34.2,53,1002.4
2021-07-04 06:00:00,34.0,62,1002.0
2021-07-04 07:00:00,36.5,44,1001.5
2021-07-04 08:00:00,37.3,41,1000.7
2021-07-04 09:00:00,36.0,52,1000.2
2021-07-04 10:00:00,37.6,38,999.3
2021-07-04 11:00:00,37.4,37,998.7
2021-07-04 12:00:00,36.0,43,998.3
2021-07-04 13:00:00,35.4,48,998.4
2021-07-04 14:00:00,33.7,52,999.3
2021-07-04 15:00:00,32.9,52,1000.2
2021-07-04 16:00:00,31.6,56,1001.0
2021-07-04 17:00:00,30.7,60,1001.5
2021-07-04 18:00:00,30.1,72,1001.5
2021-07-04 19:00:00,29.4,73,1001.3
2021-07-04 20:00:00,28.7,77,1001.3
2021-07-04 21:00:00,28.2,80,1001.4
2021-07-04 22:00:00,27.8,82,1001.3
2021-07-04 23:00:00,27.5,83,1001.5
2021-07-05 00:00:00,27.7,80,1001.6
2021-07-05 01:00:00,28.8,75,1002.0
2021-07-05 02:00:00,30.7,66,1002.4
2021-07-05 03:00:00,32.4,62,1002.6
2021-07-05 04:00:00,33.1,54,1002.9
2021-07-05 05:00:00,34.4,51,1002.8
2021-07-05 06:00:00,35.0,54,1002.1
2021-07-05 07:00:00,36.8,42,1001.8
2021-07-05 08:00:00,37.6,38,1001.0
2021-07-05 09:00:00,32.4,54,1001.0
2021-07-05 10:00:00,37.8,35,999.3
2021-07-05 11:00:00,37.0,42,999.2
2021-07-05 12:00:00,36.8,46,998.2
2021-07-05 13:00:00,34.8,51,999.0
2021-07-05 14:00:00,32.8,62,999.7
2021-07-05 15:00:00,31.9,67,1000.5
2021-07-05 16:00:00,31.2,69,1001.2
2021-07-05 17:00:00,30.8,71,1001.5
2021-07-05 18:00:00,30.1,74,1001.2
2021-07-05 19:00:00,29.1,80,1001.5
2021-07-05 20:00:00,28.9,79,1001.4
2021-07-05 21:00:00,28.2,83,1001.2
2021-07-05 22:00:00,28.3,82,1000.7
2021-07-05 23:00:00,28.3,81,1000.6
2021-07-06 00:00:00,28.3,81,1000.7
2021-07-06 01:00:00,28.7,80,1000.9
2021-07-06 02:00:00,30.7,70,1001.1
2021-07-06 03:00:00,32.8,60,1000.6
2021-07-06 04:00:00,34.6,50,1000.9
2021-07-06 05:00:00,35.8,46,1000.7
2021-07-06 06:00:00,36.2,47,1000.0
2021-07-06 07:00:00,37.4,40,999.8
2021-07-06 08:00:00,37.8,39,999.1
2021-07-06 09:00:00,37.8,42,998.2
2021-07-06 10:00:00,38.3,37,997.5
2021-07-06 11:00:00,38.1,38,997.0
2021-07-06 12:00:00,37.2,45,996.8
2021-07-06 13:00:00,35.9,49,997.1
2021-07-06 14:00:00,34.0,55,997.6
2021-07-06 15:00:00,33.0,58,998.3
2021-07-06 16:00:00,31.9,65,998.7
2021-07-06 17:00:00,31.3,66,998.8
2021-07-06 18:00:00,31.0,64,998.4
2021-07-06 19:00:00,30.6,64,998.0
2021-07-06 20:00:00,30.2,64,997.6
2021-07-06 21:00:00,30.9,57,997.7
2021-07-06 22:00:00,30.0,62,997.8
2021-07-06 23:00:00,29.4,65,997.9
2021-07-07 00:00:00,29.8,63,998.3
2021-07-07 01:00:00,30.1,69,998.6
2021-07-07 02:00:00,32.0,58,998.9
2021-07-07 03:00:00,34.6,52,999.1
2021-07-07 04:00:00,36.0,43,999.4
2021-07-07 05:00:00,36.5,43,1000.2
2021-07-07 06:00:00,38.4,36,999.0
2021-07-07 07:00:00,38.7,36,999.3
2021-07-07 08:00:00,39.3,34,998.5
2021-07-07 09:00:00,39.4,36,997.6
2021-07-07 10:00:00,39.4,31,996.6
2021-07-07 11:00:00,39.1,32,995.9
2021-07-07 12:00:00,38.6,39,995.5
2021-07-07 13:00:00,36.5,46,995.7
2021-07-07 14:00:00,34.3,52,996.6
2021-07-07 15:00:00,32.7,57,996.9
2021-07-07 16:00:00,32.0,61,997.6
2021-07-07 17:00:00,32.4,57,998.1
2021-07-07 18:00:00,30.7,65,998.2
2021-07-07 19:00:00,30.4,65,998.2
2021-07-07 20:00:00,30.2,63,997.9
2021-07-07 21:00:00,29.3,66,997.9
2021-07-07 22:00:00,28.3,71,997.2
2021-07-07 23:00:00,28.1,70,997.3
2021-07-08 00:00:00,27.6,74,997.7
2021-07-08 01:00:00,29.2,68,998.2
2021-07-08 02:00:00,31.6,59,998.8
2021-07-08 03:00:00,35.2,55,998.2
2021-07-08 04:00:00,34.8,46,999.0
2021-07-08 05:00:00,36.2,43,998.9
2021-07-08 06:00:00,38.0,52,998.0
2021-07-08 07:00:00,38.2,40,997.9
2021-07-08 08:00:00,38.8,38,997.2
2021-07-08 09:00:00,39.0,43,996.5
2021-07-08 10:00:00,39.0,35,996.0
2021-07-08 11:00:00,38.5,35,995.8
2021-07-08 12:00:00,38.0,43,995.2
2021-07-08 13:00:00,35.0,46,996.1
2021-07-08 14:00:00,33.6,51,996.6
2021-07-08 15:00:00,32.9,54,997.7
2021-07-08 16:00:00,32.1,55,998.3
2021-07-08 17:00:00,31.3,57,998.8
2021-07-08 18:00:00,31.1,56,999.0
2021-07-08 19:00:00,31.0,55,999.1
2021-07-08 20:00:00,31.0,59,999.6
2021-07-08 21:00:00,30.0,72,999.9
2021-07-08 22:00:00,29.6,76,999.9
2021-07-08 23:00:00,29.3,77,999.3
2021-07-09 00:00:00,28.6,79,999.7
2021-07-09 01:00:00,28.7,77,1000.3
2021-07-09 02:00:00,29.5,72,1000.9
2021-07-09 03:00:00,29.4,71,1001.5
2021-07-09 04:00:00,31.3,65,1001.8
2021-07-09 05:00:00,32.8,59,1001.6
2021-07-09 06:00:00,33.4,62,1000.9
2021-07-09 07:00:00,35.5,50,1000.4
2021-07-09 08:00:00,37.0,44,999.1
2021-07-09 09:00:00,34.8,56,999.4
2021-07-09 10:00:00,37.6,41,997.4
2021-07-09 11:00:00,37.4,41,996.8
2021-07-09 12:00:00,35.2,55,997.3
2021-07-09 13:00:00,35.7,48,996.9
2021-07-09 14:00:00,34.0,55,997.3
2021-07-09 15:00:00,33.1,57,997.9
2021-07-09 16:00:00,32.0,63,999.6
2021-07-09 17:00:00,31.3,66,1000.0
2021-07-09 18:00:00,31.3,64,1000.5
2021-07-09 19:00:00,31.5,60,1000.5
2021-07-09 20:00:00,31.2,60,1000.7
2021-07-09 21:00:00,30.9,61,1000.5
2021-07-09 22:00:00,30.6,63,1000.5
2021-07-09 23:00:00,30.1,66,1000.5
2021-07-10 00:00:00,29.5,72,1000.6
2021-07-10 01:00:00,29.8,71,1001.0
2021-07-10 02:00:00,30.9,67,1001.3
2021-07-10 03:00:00,32.6,68,1001.4
2021-07-10 04:00:00,31.9,65,1001.9
2021-07-10 05:00:00,32.8,63,1002.1
2021-07-10 06:00:00,34.8,62,1000.9
2021-07-10 07:00:00,34.6,57,1000.5
2021-07-10 08:00:00,35.2,55,999.6
2021-07-10 09:00:00,36.6,54,998.7
2021-07-10 10:00:00,35.8,52,997.8
2021-07-10 11:00:00,35.8,52,997.2
2021-07-10 12:00:00,36.0,56,996.8
2021-07-10 13:00:00,34.8,56,996.8
2021-07-10 14:00:00,33.4,62,997.5
2021-07-10 15:00:00,32.6,65,998.5
2021-07-10 16:00:00,32.1,67,999.3
2021-07-10 17:00:00,30.7,74,1000.3
2021-07-10 18:00:00,30.5,73,1000.6
2021-07-10 19:00:00,30.4,71,1000.8
2021-07-10 20:00:00,30.5,70,1000.7
2021-07-10 21:00:00,30.4,69,1000.7
2021-07-10 22:00:00,29.6,72,1000.7
2021-07-10 23:00:00,28.7,79,1000.9
2021-07-11 00:00:00,28.0,84,1001.5
2021-07-11 01:00:00,27.8,86,1001.9
2021-07-11 02:00:00,31.1,66,1001.8
2021-07-11 03:00:00,31.4,75,1002.0
2021-07-11 04:00:00,33.6,58,1002.4
2021-07-11 05:00:00,34.8,54,1002.5
2021-07-11 06:00:00,33.6,62,1002.6
2021-07-11 07:00:00,35.3,53,1001.8
2021-07-11 08:00:00,35.6,52,1000.8
2021-07-11 09:00:00,35.6,54,1000.1
2021-07-11 10:00:00,35.7,54,999.0
2021-07-11 11:00:00,33.2,67,998.8
2021-07-11 12:00:00,34.8,61,998.3
2021-07-11 13:00:00,32.7,69,999.2
2021-07-11 14:00:00,31.8,69,1000.5
2021-07-11 15:00:00,30.8,73,1001.2
2021-07-11 16:00:00,30.1,76,1002.2
2021-07-11 17:00:00,29.0,82,1002.9
2021-07-11 18:00:00,28.6,84,1003.4
2021-07-11 19:00:00,30.2,73,1003.5
2021-07-11 20:00:00,29.8,74,1003.1
2021-07-11 21:00:00,29.5,74,1003.2
2021-07-11 22:00:00,29.2,75,1003.4
2021-07-11 23:00:00,28.8,77,1003.8
2021-07-12 00:00:00,28.5,78,1004.3
2021-07-12 01:00:00,28.5,78,1004.7
2021-07-12 02:00:00,28.7,76,1005.2
2021-07-12 03:00:00,29.0,78,1004.5
2021-07-12 04:00:00,28.4,78,1005.5
2021-07-12 05:00:00,29.1,75,1005.1
2021-07-12 06:00:00,31.6,71,1004.6
2021-07-12 07:00:00,32.7,57,1003.8
2021-07-12 08:00:00,32.6,58,1003.1
2021-07-12 09:00:00,32.2,66,1002.9
2021-07-12 10:00:00,32.8,60,1001.3
2021-07-12 11:00:00,34.7,52,1000.6
2021-07-12 12:00:00,25.2,96,1003.2
2021-07-12 13:00:00,32.6,61,1000.9
2021-07-12 14:00:00,31.7,63,1001.5
2021-07-12 15:00:00,31.2,65,1002.2
2021-07-12 16:00:00,30.7,68,1002.6
2021-07-12 17:00:00,30.5,67,1003.0
2021-07-12 18:00:00,30.3,67,1002.8
2021-07-12 19:00:00,29.9,69,1003.0
2021-07-12 20:00:00,26.4,91,1003.0
2021-07-12 21:00:00,26.4,90,1002.8
2021-07-12 22:00:00,26.5,89,1002.8
2021-07-12 23:00:00,26.3,90,1003.0
2021-07-13 00:00:00,26.1,91,1003.3
2021-07-13 01:00:00,26.3,90,1003.6
2021-07-13 02:00:00,26.7,89,1004.1
2021-07-13 03:00:00,28.8,80,1004.1
2021-07-13 04:00:00,27.3,85,1004.9
2021-07-13 05:00:00,28.6,80,1004.4
2021-07-13 06:00:00,30.8,67,1003.6
2021-07-13 07:00:00,30.8,74,1003.9
2021-07-13 08:00:00,30.6,74,1002.8
2021-07-13 09:00:00,32.2,68,1001.5
2021-07-13 10:00:00,31.4,71,1001.8
2021-07-13 11:00:00,31.2,70,1001.0
2021-07-13 12:00:00,30.6,73,1001.0
2021-07-13 13:00:00,30.5,76,1000.6
2021-07-13 14:00:00,29.3,82,1001.0
2021-07-13 15:00:00,28.6,85,1001.6
2021-07-13 16:00:00,28.3,84,1002.4
2021-07-13 17:00:00,28.1,85,1003.1
2021-07-13 18:00:00,27.8,86,1003.3
2021-07-13 19:00:00,27.6,87,1003.5
2021-07-13 20:00:00,27.3,87,1003.5
2021-07-13 21:00:00,27.0,88,1003.5
2021-07-13 22:00:00,25.8,94,1003.1
2021-07-13 23:00:00,25.9,94,1003.0
2021-07-14 00:00:00,25.8,94,1003.2
2021-07-14 01:00:00,26.4,91,1003.4
2021-07-14 02:00:00,27.6,86,1004.0
2021-07-14 03:00:00,29.2,78,1003.5
2021-07-14 04:00:00,30.2,73,1004.4
2021-07-14 05:00:00,31.2,69,1004.1
2021-07-14 06:00:00,31.8,67,1003.1
2021-07-14 07:00:00,33.3,61,1002.9
2021-07-14 08:00:00,33.9,60,1001.9
2021-07-14 09:00:00,33.4,61,1001.1
2021-07-14 10:00:00,33.5,61,1000.1
2021-07-14 11:00:00,33.2,61,999.3
2021-07-14 12:00:00,30.4,74,1000.8
2021-07-14 13:00:00,31.9,72,999.3
2021-07-14 14:00:00,30.4,78,999.7
2021-07-14 15:00:00,27.8,81,1002.5
2021-07-14 16:00:00,27.3,83,1003.2
2021-07-14 17:00:00,27.0,84,1003.7
2021-07-14 18:00:00,26.7,85,1004.0
2021-07-14 19:00:00,26.5,87,1004.0
2021-07-14 20:00:00,26.3,88,1004.1
2021-07-14 21:00:00,26.3,88,1003.9
2021-07-14 22:00:00,26.0,90,1003.6
2021-07-14 23:00:00,26.0,91,1003.3
2021-07-15 00:00:00,25.5,92,1003.3
2021-07-15 01:00:00,26.2,89,1003.8
2021-07-15 02:00:00,27.6,83,1004.6
2021-07-15 03:00:00,31.6,67,1003.3
2021-07-15 04:00:00,29.9,72,1004.5
2021-07-15 05:00:00,31.1,68,1004.4
2021-07-15 06:00:00,33.6,62,1003.2
2021-07-15 07:00:00,32.8,62,1003.4
2021-07-15 08:00:00,33.1,62,1002.7
2021-07-15 09:00:00,32.6,66,1002.5
2021-07-15 10:00:00,33.6,62,1000.9
2021-07-15 11:00:00,33.5,63,1000.6
2021-07-15 12:00:00,32.6,66,1001.1
2021-07-15 13:00:00,32.0,72,1000.5
2021-07-15 14:00:00,30.7,78,1001.0
2021-07-15 15:00:00,30.1,81,1001.7
2021-07-15 16:00:00,29.6,83,1002.3
2021-07-15 17:00:00,29.3,83,1002.8
2021-07-15 18:00:00,27.4,90,1004.0
2021-07-15 19:00:00,27.3,91,1004.0
2021-07-15 20:00:00,27.1,91,1004.5
2021-07-15 21:00:00,27.2,89,1004.8
2021-07-15 22:00:00,27.1,88,1005.2
2021-07-15 23:00:00,27.1,86,1005.6
2021-07-16 00:00:00,27.1,85,1006.1
2021-07-16 01:00:00,27.7,83,1006.5
2021-07-16 02:00:00,28.7,80,1006.9
2021-07-16 03:00:00,31.0,74,1006.1
2021-07-16 04:00:00,31.4,69,1006.7
2021-07-16 05:00:00,32.4,65,1006.5
2021-07-16 06:00:00,33.8,65,1005.1
2021-07-16 07:00:00,33.7,60,1005.4
2021-07-16 08:00:00,34.0,59,1004.6
2021-07-16 09:00:00,35.4,60,1003.0
2021-07-16 10:00:00,34.2,59,1002.9
2021-07-16 11:00:00,34.0,60,1002.3
2021-07-16 12:00:00,36.4,54,1001.0
2021-07-16 13:00:00,32.5,72,1001.0
2021-07-16 14:00:00,30.9,81,1001.4
2021-07-16 15:00:00,30.4,81,1001.9
2021-07-16 16:00:00,29.8,84,1002.5
2021-07-16 17:00:00,29.1,87,1002.9
2021-07-16 18:00:00,28.6,89,1003.2
2021-07-16 19:00:00,28.4,89,1003.3
2021-07-16 20:00:00,28.3,88,1003.2
2021-07-16 21:00:00,27.9,90,1003.1
2021-07-16 22:00:00,27.7,91,1002.7
2021-07-16 23:00:00,27.5,92,1002.8
2021-07-17 00:00:00,27.4,91,1003.0
2021-07-17 01:00:00,27.9,90,1003.3
2021-07-17 02:00:00,29.1,85,1003.5
2021-07-17 03:00:00,34.0,63,1002.4
2021-07-17 04:00:00,31.3,75,1003.3
2021-07-17 05:00:00,32.4,70,1002.7
2021-07-17 06:00:00,33.6,67,1001.5
2021-07-17 07:00:00,34.0,64,1001.5
2021-07-17 08:00:00,34.4,62,1000.7
2021-07-17 09:00:00,36.0,54,998.9
2021-07-17 10:00:00,35.2,59,999.0
2021-07-17 11:00:00,35.1,59,998.2
2021-07-17 12:00:00,37.0,46,996.9
2021-07-17 13:00:00,33.7,68,997.9
2021-07-17 14:00:00,32.3,73,998.3
2021-07-17 15:00:00,31.6,77,999.2
2021-07-17 16:00:00,30.8,80,999.8
2021-07-17 17:00:00,30.2,82,999.6
2021-07-17 18:00:00,29.8,82,999.2
2021-07-17 19:00:00,29.5,82,998.9
2021-07-17 20:00:00,29.3,82,998.5
2021-07-17 21:00:00,29.2,82,998.1
2021-07-17 22:00:00,29.0,82,997.5
2021-07-17 23:00:00,29.1,82,997.3
2021-07-18 00:00:00,29.0,83,997.1
2021-07-18 01:00:00,29.2,82,997.0
2021-07-18 02:00:00,29.8,81,997.4
2021-07-18 03:00:00,33.4,73,997.6
2021-07-18 04:00:00,31.0,77,998.0
2021-07-18 05:00:00,32.0,73,997.4
2021-07-18 06:00:00,34.4,71,997.8
2021-07-18 07:00:00,34.6,64,996.7
2021-07-18 08:00:00,35.5,62,995.8
2021-07-18 09:00:00,34.2,75,996.2
2021-07-18 10:00:00,37.1,56,993.7
2021-07-18 11:00:00,36.8,58,993.5
2021-07-18 12:00:00,28.0,92,995.2
2021-07-18 13:00:00,32.8,77,994.8
2021-07-18 14:00:00,31.4,81,995.5
2021-07-18 15:00:00,30.1,86,996.4
2021-07-18 16:00:00,28.9,88,997.1
2021-07-18 17:00:00,28.1,88,997.2
2021-07-18 18:00:00,26.8,90,998.9
2021-07-18 19:00:00,26.1,93,998.0
2021-07-18 20:00:00,25.9,94,997.9
2021-07-18 21:00:00,25.7,95,997.3
2021-07-18 22:00:00,25.6,96,997.1
2021-07-18 23:00:00,25.5,96,997.2
2021-07-19 00:00:00,25.3,96,997.4
2021-07-19 01:00:00,25.6,94,997.9
2021-07-19 02:00:00,26.3,91,998.1
2021-07-19 03:00:00,26.6,94,998.4
2021-07-19 04:00:00,28.5,82,997.5
2021-07-19 05:00:00,29.7,78,997.8
2021-07-19 06:00:00,26.2,90,999.2
2021-07-19 07:00:00,29.4,80,997.6
2021-07-19 08:00:00,29.0,83,997.3
2021-07-19 09:00:00,27.0,89,997.9
2021-07-19 10:00:00,29.0,81,996.2
2021-07-19 11:00:00,28.4,84,995.7
2021-07-19 12:00:00,27.6,86,996.7
2021-07-19 13:00:00,27.8,81,996.1
2021-07-19 14:00:00,27.0,84,996.6
2021-07-19 15:00:00,26.6,87,997.1
2021-07-19 16:00:00,26.5,87,997.8
2021-07-19 17:00:00,26.4,88,997.9
2021-07-19 18:00:00,26.2,89,998.1
2021-07-19 19:00:00,26.1,90,997.5
2021-07-19 20:00:00,25.8,91,997.3
2021-07-19 21:00:00,25.7,91,997.3
2021-07-19 22:00:00,25.5,93,997.3
2021-07-19 23:00:00,25.4,93,997.3
2021-07-20 00:00:00,25.2,94,997.2
2021-07-20 01:00:00,25.6,92,997.8
2021-07-20 02:00:00,26.8,86,998.0
2021-07-20 03:00:00,25.0,98,999.3
2021-07-20 04:00:00,29.7,73,998.8
2021-07-20 05:00:00,30.8,68,998.3
2021-07-20 06:00:00,25.6,98,999.7
2021-07-20 07:00:00,32.4,60,997.8
2021-07-20 08:00:00,32.4,61,997.4
2021-07-20 09:00:00,24.8,96,998.5
2021-07-20 10:00:00,32.8,60,996.1
2021-07-20 11:00:00,32.7,60,995.4
2021-07-20 12:00:00,24.4,96,995.7
2021-07-20 13:00:00,30.8,71,995.9
2021-07-20 14:00:00,29.8,75,996.2
2021-07-20 15:00:00,29.3,78,996.9
2021-07-20 16:00:00,26.9,94,998.3
2021-07-20 17:00:00,26.7,93,998.4
2021-07-20 18:00:00,26.4,93,998.7
2021-07-20 19:00:00,26.3,95,998.8
2021-07-20 20:00:00,26.1,95,998.5
2021-07-20 21:00:00,25.8,96,997.4
2021-07-20 22:00:00,25.7,96,996.8
2021-07-20 23:00:00,25.4,97,997.4
2021-07-21 00:00:00,25.3,97,997.4
2021-07-21 01:00:00,25.1,95,997.4
2021-07-21 02:00:00,26.2,90,997.8
2021-07-21 03:00:00,26.2,95,998.5
2021-07-21 04:00:00,28.8,80,998.0
2021-07-21 05:00:00,29.8,77,997.8
2021-07-21 06:00:00,30.6,74,997.1
2021-07-21 07:00:00,31.2,74,996.8
2021-07-21 08:00:00,31.8,70,996.0
2021-07-21 09:00:00,32.8,68,995.5
2021-07-21 10:00:00,32.0,65,994.9
2021-07-21 11:00:00,31.4,69,994.6
2021-07-21 12:00:00,31.0,71,994.5
2021-07-21 13:00:00,30.4,78,994.6
2021-07-21 14:00:00,28.9,87,995.1
2021-07-21 15:00:00,28.4,87,995.6
2021-07-21 16:00:00,28.0,89,996.4
2021-07-21 17:00:00,27.4,91,996.8
2021-07-21 18:00:00,26.7,93,997.1
2021-07-21 19:00:00,26.7,91,997.1
2021-07-21 20:00:00,26.9,89,996.7
2021-07-21 21:00:00,26.8,88,996.6
2021-07-21 22:00:00,25.8,91,997.0
2021-07-21 23:00:00,25.6,95,996.7
2021-07-22 00:00:00,25.1,97,997.3
2021-07-22 01:00:00,25.2,97,997.7
2021-07-22 02:00:00,25.4,95,998.5
2021-07-22 03:00:00,28.4,85,997.0
2021-07-22 04:00:00,28.7,84,997.9
2021-07-22 05:00:00,29.8,82,997.7
2021-07-22 06:00:00,31.6,72,996.9
2021-07-22 07:00:00,31.7,69,996.7
2021-07-22 08:00:00,30.2,77,996.3
2021-07-22 09:00:00,33.0,70,995.2
2021-07-22 10:00:00,31.1,73,994.8
2021-07-22 11:00:00,30.8,73,994.6
2021-07-22 12:00:00,32.6,72,993.7
2021-07-22 13:00:00,28.8,85,995.2
2021-07-22 14:00:00,28.1,88,995.6
2021-07-22 15:00:00,27.6,89,996.5
2021-07-22 16:00:00,27.3,86,997.4
2021-07-22 17:00:00,27.1,86,998.1
2021-07-22 18:00:00,27.0,85,998.2
2021-07-22 19:00:00,26.8,86,998.1
2021-07-22 20:00:00,26.6,88,998.1
2021-07-22 21:00:00,26.4,90,998.2
2021-07-22 22:00:00,26.2,91,998.1
2021-07-22 23:00:00,26.0,93,998.1
2021-07-23 00:00:00,25.9,94,998.4
2021-07-23 01:00:00,25.9,93,998.8
2021-07-23 02:00:00,26.4,91,999.2
2021-07-23 03:00:00,29.0,83,999.1
2021-07-23 04:00:00,27.5,86,999.9
2021-07-23 05:00:00,28.7,80,1000.0
2021-07-23 06:00:00,30.4,76,999.1
2021-07-23 07:00:00,29.2,77,999.5
2021-07-23 08:00:00,30.6,72,998.5
2021-07-23 09:00:00,32.8,68,996.9
2021-07-23 10:00:00,31.3,69,996.8
2021-07-23 11:00:00,30.5,75,996.7
2021-07-23 12:00:00,33.2,63,995.1
2021-07-23 13:00:00,30.5,78,996.4
2021-07-23 14:00:00,29.7,81,996.8
2021-07-23 15:00:00,28.9,86,997.5
2021-07-23 16:00:00,28.2,89,998.2
2021-07-23 17:00:00,28.2,85,998.7
2021-07-23 18:00:00,27.3,91,999.2
2021-07-23 19:00:00,27.5,89,999.5
2021-07-23 20:00:00,26.7,94,999.4
2021-07-23 21:00:00,26.6,94,999.2
2021-07-23 22:00:00,26.4,93,999.1
2021-07-23 23:00:00,26.4,92,999.4
2021-07-24 00:00:00,26.4,92,999.8
2021-07-24 01:00:00,26.9,90,1000.3
2021-07-24 02:00:00,28.3,86,999.6
2021-07-24 03:00:00,31.2,76,999.2
2021-07-24 04:00:00,31.3,75,1000.2
2021-07-24 05:00:00,32.2,71,1000.1
2021-07-24 06:00:00,34.2,67,999.2
2021-07-24 07:00:00,33.1,67,999.6
2021-07-24 08:00:00,33.2,66,998.9
2021-07-24 09:00:00,35.4,62,997.5
2021-07-24 10:00:00,32.1,72,997.5
2021-07-24 11:00:00,31.1,83,997.1
2021-07-24 12:00:00,34.0,67,996.2
2021-07-24 13:00:00,30.7,86,996.8
2021-07-24 14:00:00,29.7,93,996.9
2021-07-24 15:00:00,29.1,94,997.5
2021-07-24 16:00:00,28.6,96,998.0
2021-07-24 17:00:00,28.5,95,998.4
2021-07-24 18:00:00,28.8,93,998.8
2021-07-24 19:00:00,28.8,91,998.8
2021-07-24 20:00:00,28.4,91,998.7
2021-07-24 21:00:00,28.1,93,998.5
2021-07-24 22:00:00,27.8,94,998.3
2021-07-24 23:00:00,27.5,96,998.0
2021-07-25 00:00:00,27.3,97,998.5
2021-07-25 01:00:00,27.8,95,999.1
2021-07-25 02:00:00,29.1,90,999.6
2021-07-25 03:00:00,31.6,84,998.8
2021-07-25 04:00:00,31.6,77,999.6
2021-07-25 05:00:00,32.5,74,999.3
2021-07-25 06:00:00,34.0,67,998.0
2021-07-25 07:00:00,33.5,70,998.2
2021-07-25 08:00:00,33.6,70,997.3
2021-07-25 09:00:00,35.2,60,996.2
2021-07-25 10:00:00,34.3,66,995.5
2021-07-25 11:00:00,34.2,65,995.1
2021-07-25 12:00:00,33.4,70,994.8
2021-07-25 13:00:00,33.3,71,994.9
2021-07-25 14:00:00,31.6,82,995.2
2021-07-25 15:00:00,31.2,82,996.0
2021-07-25 16:00:00,30.8,83,996.8
2021-07-25 17:00:00,29.9,86,997.3
2021-07-25 18:00:00,29.6,87,997.4
2021-07-25 19:00:00,29.5,87,997.5
2021-07-25 20:00:00,29.3,86,997.3
2021-07-25 21:00:00,29.2,87,997.2
2021-07-25 22:00:00,29.0,87,997.3
2021-07-25 23:00:00,28.8,88,997.3
2021-07-26 00:00:00,28.4,89,997.4
2021-07-26 01:00:00,28.3,90,997.7
2021-07-26 02:00:00,29.2,85,997.4
2021-07-26 03:00:00,29.8,85,997.6
2021-07-26 04:00:00,30.7,78,997.8
2021-07-26 05:00:00,31.3,76,997.7
2021-07-26 06:00:00,29.8,86,998.1
2021-07-26 07:00:00,32.1,75,996.6
2021-07-26 08:00:00,33.0,71,995.9
2021-07-26 09:00:00,30.0,90,996.2
2021-07-26 10:00:00,31.0,76,995.1
2021-07-26 11:00:00,32.0,72,994.8
2021-07-26 12:00:00,30.8,86,994.3
2021-07-26 13:00:00,29.6,85,994.7
2021-07-26 14:00:00,29.2,87,994.8
2021-07-26 15:00:00,28.8,89,995.3
2021-07-26 16:00:00,28.4,90,996.1
2021-07-26 17:00:00,28.2,91,996.3
2021-07-26 18:00:00,28.1,91,996.2
2021-07-26 19:00:00,27.9,91,996.2
2021-07-26 20:00:00,27.8,96,995.1
2021-07-26 21:00:00,27.7,96,994.7
2021-07-26 22:00:00,27.6,96,994.3
2021-07-26 23:00:00,27.5,96,994.2
2021-07-27 00:00:00,27.3,95,994.3
2021-07-27 01:00:00,27.4,94,994.5
2021-07-27 02:00:00,27.8,91,994.6
2021-07-27 03:00:00,28.6,90,994.9
2021-07-27 04:00:00,29.9,80,994.7
2021-07-27 05:00:00,30.6,80,994.1
2021-07-27 06:00:00,29.0,91,994.8
2021-07-27 07:00:00,31.5,79,994.0
2021-07-27 08:00:00,32.1,77,993.2
2021-07-27 09:00:00,30.0,85,993.2
2021-07-27 10:00:00,30.6,83,992.3
2021-07-27 11:00:00,29.5,87,992.2
2021-07-27 12:00:00,30.0,85,992.3
2021-07-27 13:00:00,29.0,92,992.5
2021-07-27 14:00:00,27.6,94,993.9
2021-07-27 15:00:00,27.3,96,994.8
2021-07-27 16:00:00,27.4,95,995.3
2021-07-27 17:00:00,27.3,96,995.9
2021-07-27 18:00:00,27.3,97,995.4
2021-07-27 19:00:00,27.2,92,995.5
2021-07-27 20:00:00,26.8,96,994.8
2021-07-27 21:00:00,26.6,96,994.6
2021-07-27 22:00:00,26.5,96,993.7
2021-07-27 23:00:00,26.1,93,993.6
2021-07-28 00:00:00,25.9,94,994.4
2021-07-28 01:00:00,26.0,94,995.0
2021-07-28 02:00:00,26.3,94,995.6
2021-07-28 03:00:00,26.2,96,995.6
2021-07-28 04:00:00,26.7,94,996.7
2021-07-28 05:00:00,27.0,92,996.9
2021-07-28 06:00:00,26.0,96,997.6
2021-07-28 07:00:00,27.0,94,996.6
2021-07-28 08:00:00,27.9,88,995.8
2021-07-28 09:00:00,25.0,95,997.6
2021-07-28 10:00:00,27.6,90,994.9
2021-07-28 11:00:00,27.3,91,994.6
2021-07-28 12:00:00,25.6,96,996.7
2021-07-28 13:00:00,26.8,94,994.9
2021-07-28 14:00:00,26.5,96,996.0
2021-07-28 15:00:00,26.4,96,997.1
2021-07-28 16:00:00,26.3,97,997.8
2021-07-28 17:00:00,25.9,95,998.2
2021-07-28 18:00:00,25.7,96,998.2
2021-07-28 19:00:00,25.6,96,998.2
2021-07-28 20:00:00,25.5,96,997.8
2021-07-28 21:00:00,25.4,97,997.3
2021-07-28 22:00:00,25.3,97,996.7
2021-07-28 23:00:00,25.1,98,996.5
2021-07-29 00:00:00,25.1,98,996.8
2021-07-29 01:00:00,25.0,98,996.9
2021-07-29 02:00:00,25.5,96,997.1
2021-07-29 03:00:00,26.6,95,996.9
2021-07-29 04:00:00,26.6,90,998.2
2021-07-29 05:00:00,27.5,85,998.1
2021-07-29 06:00:00,27.2,95,997.5
2021-07-29 07:00:00,28.8,77,997.8
2021-07-29 08:00:00,29.3,76,997.0
2021-07-29 09:00:00,29.2,83,996.0
2021-07-29 10:00:00,29.7,74,995.7
2021-07-29 11:00:00,28.2,81,995.7
2021-07-29 12:00:00,28.6,85,995.0
2021-07-29 13:00:00,27.3,86,996.0
2021-07-29 14:00:00,26.6,91,996.8
2021-07-29 15:00:00,26.3,93,997.4
2021-07-29 16:00:00,26.2,94,998.0
2021-07-29 17:00:00,26.1,94,998.3
2021-07-29 18:00:00,26.1,94,998.5
2021-07-29 19:00:00,25.8,95,998.5
2021-07-29 20:00:00,25.6,97,998.2
2021-07-29 21:00:00,25.6,97,997.9
2021-07-29 22:00:00,25.5,96,997.8
2021-07-29 23:00:00,25.2,97,997.6
2021-07-30 00:00:00,25.2,96,997.8
2021-07-30 01:00:00,25.3,95,998.5
2021-07-30 02:00:00,25.9,92,999.2
2021-07-30 03:00:00,26.6,92,999.5
2021-07-30 04:00:00,27.6,83,999.6
2021-07-30 05:00:00,27.1,87,1000.5
2021-07-30 06:00:00,28.6,88,999.6
2021-07-30 07:00:00,28.9,79,999.7
2021-07-30 08:00:00,29.6,75,999.0
2021-07-30 09:00:00,30.6,80,997.9
2021-07-30 10:00:00,30.2,74,997.5
2021-07-30 11:00:00,29.9,76,997.2
2021-07-30 12:00:00,31.4,74,996.3
2021-07-30 13:00:00,29.2,82,997.5
2021-07-30 14:00:00,28.0,87,998.0
2021-07-30 15:00:00,27.3,90,998.5
2021-07-30 16:00:00,27.1,90,999.1
2021-07-30 17:00:00,26.9,89,999.3
2021-07-30 18:00:00,26.6,89,999.3
2021-07-30 19:00:00,26.6,89,999.4
2021-07-30 20:00:00,26.5,91,999.3
2021-07-30 21:00:00,26.5,91,999.3
2021-07-30 22:00:00,26.3,92,999.1
2021-07-30 23:00:00,26.2,92,999.5
2021-07-31 00:00:00,25.5,96,999.7
2021-07-31 01:00:00,26.1,93,1000.1
2021-07-31 02:00:00,27.3,89,1000.8
2021-07-31 03:00:00,30.6,78,1000.2
2021-07-31 04:00:00,29.6,76,1001.2
2021-07-31 05:00:00,30.2,71,1001.1
2021-07-31 06:00:00,32.4,76,1000.4
2021-07-31 07:00:00,30.6,67,1000.1
2021-07-31 08:00:00,29.9,72,999.4
2021-07-31 09:00:00,33.0,70,998.2
2021-07-31 10:00:00,31.4,67,997.8
2021-07-31 11:00:00,31.1,70,997.4
2021-07-31 12:00:00,31.6,75,996.8
2021-07-31 13:00:00,29.6,78,997.4
2021-07-31 14:00:00,28.2,84,998.3
2021-07-31 15:00:00,27.8,86,999.1
2021-07-31 16:00:00,27.3,87,999.5
2021-07-31 17:00:00,26.7,90,999.7
2021-07-31 18:00:00,27.3,88,999.6
2021-07-31 19:00:00,26.8,92,999.3
2021-07-31 20:00:00,27.0,90,998.9
2021-07-31 21:00:00,26.4,93,998.5
2021-07-31 22:00:00,26.5,93,998.1
2021-07-31 23:00:00,26.4,93,998.3
2021-08-01 00:00:00,26.5,91,998.5
2021-08-01 01:00:00,26.6,91,999.0
2021-08-01 02:00:00,27.5,88,999.5
2021-08-01 03:00:00,31.2,79,997.6
2021-08-01 04:00:00,28.8,80,998.9
2021-08-01 05:00:00,30.1,76,998.5
2021-08-01 06:00:00,31.4,74,997.3
2021-08-01 07:00:00,32.1,69,997.2
2021-08-01 08:00:00,32.6,68,996.3
2021-08-01 09:00:00,29.8,84,996.6
2021-08-01 10:00:00,32.4,69,994.8
2021-08-01 11:00:00,31.5,73,995.0
2021-08-01 12:00:00,31.8,79,994.8
2021-08-01 13:00:00,29.7,84,995.4
2021-08-01 14:00:00,28.6,91,996.1
2021-08-01 15:00:00,28.0,94,996.6
2021-08-01 16:00:00,27.7,95,997.1
2021-08-01 17:00:00,27.4,96,997.3
2021-08-01 18:00:00,27.6,94,997.1
2021-08-01 19:00:00,26.9,97,996.7
2021-08-01 20:00:00,26.6,99,996.5
2021-08-01 21:00:00,25.7,100,996.5
2021-08-01 22:00:00,25.5,100,996.5
2021-08-01 23:00:00,25.7,100,996.8
2021-08-02 00:00:00,25.5,100,997.4
2021-08-02 01:00:00,26.3,98,998.6
2021-08-02 02:00:00,26.6,96,1000.0
2021-08-02 03:00:00,29.8,86,998.9
2021-08-02 04:00:00,28.0,87,1000.0
2021-08-02 05:00:00,29.6,81,999.8
2021-08-02 06:00:00,32.2,75,998.8
2021-08-02 07:00:00,32.2,77,998.5
2021-08-02 08:00:00,32.5,77,997.9
2021-08-02 09:00:00,33.6,67,997.3
2021-08-02 10:00:00,32.3,71,996.8
2021-08-02 11:00:00,30.7,78,997.2
2021-08-02 12:00:00,31.8,74,997.0
2021-08-02 13:00:00,30.1,83,997.6
2021-08-02 14:00:00,28.9,90,998.1
2021-08-02 15:00:00,28.2,94,998.8
2021-08-02 16:00:00,27.9,94,999.5
2021-08-02 17:00:00,27.5,96,999.6
2021-08-02 18:00:00,27.1,97,999.8
2021-08-02 19:00:00,26.8,97,999.8
2021-08-02 20:00:00,26.9,96,999.6
2021-08-02 21:00:00,26.8,94,999.5
2021-08-02 22:00:00,26.8,94,999.7
2021-08-02 23:00:00,26.7,94,1000.3
2021-08-03 00:00:00,26.2,97,1000.2
2021-08-03 01:00:00,25.4,98,1001.3
2021-08-03 02:00:00,25.3,98,1001.9
2021-08-03 03:00:00,28.8,91,990.4
2021-08-03 04:00:00,25.1,92,1002.5
2021-08-03 05:00:00,25.7,91,1002.6
2021-08-03 06:00:00,25.6,95,1002.0
2021-08-03 07:00:00,27.9,85,1001.3
2021-08-03 08:00:00,29.6,79,1000.2
2021-08-03 09:00:00,26.6,89,1000.6
2021-08-03 10:00:00,32.4,68,997.9
2021-08-03 11:00:00,32.2,69,997.5
2021-08-03 12:00:00,28.4,86,998.2
2021-08-03 13:00:00,31.3,76,997.8
2021-08-03 14:00:00,30.2,81,998.3
2021-08-03 15:00:00,29.8,82,999.1
2021-08-03 16:00:00,29.5,84,999.8
2021-08-03 17:00:00,28.7,89,1000.0
2021-08-03 18:00:00,26.7,92,1000.9
2021-08-03 19:00:00,26.6,90,1000.9
2021-08-03 20:00:00,26.4,88,1001.0
2021-08-03 21:00:00,26.2,87,1001.2
2021-08-03 22:00:00,26.2,91,1001.2
2021-08-03 23:00:00,26.3,93,1001.1
2021-08-04 00:00:00,26.2,93,1001.6
2021-08-04 01:00:00,26.1,94,1002.2
2021-08-04 02:00:00,26.8,92,1002.5
2021-08-04 03:00:00,30.0,84,1001.4
2021-08-04 04:00:00,27.8,89,1002.6
2021-08-04 05:00:00,28.9,84,1002.8
2021-08-04 06:00:00,32.6,69,1001.0
2021-08-04 07:00:00,30.1,77,1001.4
2021-08-04 08:00:00,29.9,76,1000.7
2021-08-04 09:00:00,26.6,87,1000.0
2021-08-04 10:00:00,31.1,71,999.0
2021-08-04 11:00:00,31.1,72,998.5
2021-08-04 12:00:00,29.4,83,998.2
2021-08-04 13:00:00,30.1,82,998.5
2021-08-04 14:00:00,28.8,88,999.2
2021-08-04 15:00:00,28.2,90,1000.0
2021-08-04 16:00:00,27.8,91,1000.7
2021-08-04 17:00:00,27.5,92,1000.9
2021-08-04 18:00:00,27.3,92,1001.1
2021-08-04 19:00:00,27.0,94,1001.0
2021-08-04 20:00:00,26.8,94,1000.8
2021-08-04 21:00:00,26.4,95,1000.4
2021-08-04 22:00:00,25.9,95,1000.4
2021-08-04 23:00:00,25.6,95,1000.6
2021-08-05 00:00:00,25.3,96,1000.9
2021-08-05 01:00:00,25.0,96,1001.5
2021-08-05 02:00:00,25.5,94,1001.9
2021-08-05 03:00:00,30.0,82,1000.6
2021-08-05 04:00:00,26.6,91,1002.2
2021-08-05 05:00:00,28.1,82,1002.1
2021-08-05 06:00:00,32.0,75,1000.2
2021-08-05 07:00:00,30.6,81,1000.8
2021-08-05 08:00:00,31.0,81,1000.0
2021-08-05 09:00:00,30.0,69,998.8
2021-08-05 10:00:00,30.5,79,998.5
2021-08-05 11:00:00,30.3,80,998.0
2021-08-05 12:00:00,31.8,71,997.4
2021-08-05 13:00:00,29.8,83,998.2
2021-08-05 14:00:00,29.0,86,998.8
2021-08-05 15:00:00,28.3,88,999.8
2021-08-05 16:00:00,27.9,90,1000.4
2021-08-05 17:00:00,27.6,91,1000.4
2021-08-05 18:00:00,27.2,93,1000.4
2021-08-05 19:00:00,26.9,94,1000.4
2021-08-05 20:00:00,26.6,96,1000.2
2021-08-05 21:00:00,26.3,97,999.8
2021-08-05 22:00:00,26.1,97,999.5
2021-08-05 23:00:00,26.0,97,999.4
2021-08-06 00:00:00,25.7,98,999.5
2021-08-06 01:00:00,26.0,96,1000.3
2021-08-06 02:00:00,27.2,92,1000.9
2021-08-06 03:00:00,26.4,84,1001.3
2021-08-06 04:00:00,28.9,87,1002.0
2021-08-06 05:00:00,29.9,86,1002.2
2021-08-06 06:00:00,30.6,74,1000.8
2021-08-06 07:00:00,31.4,75,1001.0
2021-08-06 08:00:00,31.8,73,1000.1
2021-08-06 09:00:00,31.4,74,999.7
2021-08-06 10:00:00,32.4,69,998.4
2021-08-06 11:00:00,32.3,69,997.9
2021-08-06 12:00:00,31.0,76,998.2
2021-08-06 13:00:00,30.9,80,998.0
2021-08-06 14:00:00,29.5,88,998.6
2021-08-06 15:00:00,28.9,89,999.4
2021-08-06 16:00:00,28.2,93,1000.2
2021-08-06 17:00:00,27.8,94,1000.6
2021-08-06 18:00:00,26.7,96,1000.8
2021-08-06 19:00:00,26.2,97,1000.8
2021-08-06 20:00:00,26.2,98,1000.8
2021-08-06 21:00:00,25.5,99,1001.0
2021-08-06 22:00:00,25.2,100,1001.1
2021-08-06 23:00:00,25.0,100,1001.2
2021-08-07 00:00:00,25.3,100,1001.7
2021-08-07 01:00:00,25.6,99,1002.2
2021-08-07 02:00:00,26.5,99,1002.6
2021-08-07 03:00:00,30.6,80,1001.7
2021-08-07 04:00:00,30.2,78,1002.5
2021-08-07 05:00:00,31.1,73,1002.7
2021-08-07 06:00:00,33.2,67,1001.9
2021-08-07 07:00:00,32.6,66,1002.0
2021-08-07 08:00:00,33.0,64,1001.2
2021-08-07 09:00:00,35.0,61,1000.0
2021-08-07 10:00:00,33.2,63,1000.0
2021-08-07 11:00:00,32.8,65,999.8
2021-08-07 12:00:00,34.0,72,999.2
2021-08-07 13:00:00,31.5,80,999.9
2021-08-07 14:00:00,30.0,85,1000.4
2021-08-07 15:00:00,29.3,87,1001.2
2021-08-07 16:00:00,28.8,90,1002.3
2021-08-07 17:00:00,28.6,90,1002.8
2021-08-07 18:00:00,28.3,89,1002.9
2021-08-07 19:00:00,28.1,89,1002.7
2021-08-07 20:00:00,27.7,91,1002.5
2021-08-07 21:00:00,26.8,97,1002.5
2021-08-07 22:00:00,26.6,98,1002.5
2021-08-07 23:00:00,26.5,98,1002.8
2021-08-08 00:00:00,26.4,98,1003.1
2021-08-08 01:00:00,26.8,96,1003.6
2021-08-08 02:00:00,27.9,91,1004.1
2021-08-08 03:00:00,29.8,85,1003.9
2021-08-08 04:00:00,30.3,82,1004.6
2021-08-08 05:00:00,31.0,77,1004.7
2021-08-08 06:00:00,32.4,74,1003.3
2021-08-08 07:00:00,31.9,70,1003.0
2021-08-08 08:00:00,32.4,67,1002.1
2021-08-08 09:00:00,32.4,74,1001.2
2021-08-08 10:00:00,32.9,63,1001.0
2021-08-08 11:00:00,32.7,63,1000.7
2021-08-08 12:00:00,33.2,70,1000.0
2021-08-08 13:00:00,31.2,79,1001.2
2021-08-08 14:00:00,29.6,87,1001.9
2021-08-08 15:00:00,29.3,87,1002.9
2021-08-08 16:00:00,28.9,88,1003.8
2021-08-08 17:00:00,28.5,89,1003.9
2021-08-08 18:00:00,28.1,90,1003.9
2021-08-08 19:00:00,28.1,90,1003.5
2021-08-08 20:00:00,27.7,91,1003.2
2021-08-08 21:00:00,27.4,92,1003.1
2021-08-08 22:00:00,27.2,92,1002.9
2021-08-08 23:00:00,26.8,94,1002.6
2021-08-09 00:00:00,26.1,97,1002.8
2021-08-09 01:00:00,26.5,96,1003.6
2021-08-09 02:00:00,27.7,90,1004.1
2021-08-09 03:00:00,28.8,83,1004.4
2021-08-09 04:00:00,29.8,84,1005.5
2021-08-09 05:00:00,30.2,80,1005.1
2021-08-09 06:00:00,32.8,69,1003.8
2021-08-09 07:00:00,32.1,74,1003.9
2021-08-09 08:00:00,32.0,73,1003.1
2021-08-09 09:00:00,25.6,91,1002.9
2021-08-09 10:00:00,32.4,71,1001.3
2021-08-09 11:00:00,32.1,72,1000.9
2021-08-09 12:00:00,30.0,72,1000.4
2021-08-09 13:00:00,30.8,82,1001.1
2021-08-09 14:00:00,30.2,82,1001.6
2021-08-09 15:00:00,29.9,83,1002.3
2021-08-09 16:00:00,28.3,91,1002.7
2021-08-09 17:00:00,27.7,94,1002.8
2021-08-09 18:00:00,27.1,95,1003.0
2021-08-09 19:00:00,26.8,96,1002.8
2021-08-09 20:00:00,26.6,96,1002.3
2021-08-09 21:00:00,26.1,97,1002.0
2021-08-09 22:00:00,25.9,97,1001.8
2021-08-09 23:00:00,26.2,97,1001.7
2021-08-10 00:00:00,25.7,98,1001.9
2021-08-10 01:00:00,26.5,95,1001.8
2021-08-10 02:00:00,27.9,90,1002.2
2021-08-10 03:00:00,30.0,85,1001.6
2021-08-10 04:00:00,29.6,77,1002.4
2021-08-10 05:00:00,30.9,70,1002.5
2021-08-10 06:00:00,33.4,65,1001.7
2021-08-10 07:00:00,32.5,65,1001.6
2021-08-10 08:00:00,32.9,64,1000.8
2021-08-10 09:00:00,35.0,57,999.5
2021-08-10 10:00:00,33.3,62,999.0
2021-08-10 11:00:00,32.7,66,998.6
2021-08-10 12:00:00,33.6,67,998.4
2021-08-10 13:00:00,31.5,79,998.7
2021-08-10 14:00:00,30.0,85,999.4
2021-08-10 15:00:00,29.3,86,1000.0
2021-08-10 16:00:00,28.6,88,1000.5
2021-08-10 17:00:00,28.1,91,1000.6
2021-08-10 18:00:00,28.0,90,1000.7
2021-08-10 19:00:00,27.6,92,1000.5
2021-08-10 20:00:00,27.3,92,1000.4
2021-08-10 21:00:00,27.0,92,1000.2
2021-08-10 22:00:00,26.1,94,1000.4
2021-08-10 23:00:00,25.9,95,1000.5
2021-08-11 00:00:00,26.2,93,1001.1
2021-08-11 01:00:00,26.8,91,1001.4
2021-08-11 02:00:00,28.3,87,1001.8
2021-08-11 03:00:00,31.0,80,1000.9
2021-08-11 04:00:00,31.0,70,1002.3
2021-08-11 05:00:00,31.9,65,1002.4
2021-08-11 06:00:00,33.8,66,1001.0
2021-08-11 07:00:00,33.5,59,1001.6
2021-08-11 08:00:00,33.9,58,1001.1
2021-08-11 09:00:00,34.8,61,999.8
2021-08-11 10:00:00,34.0,59,999.5
2021-08-11 11:00:00,33.4,62,999.2
2021-08-11 12:00:00,31.0,64,999.6
2021-08-11 13:00:00,31.8,79,999.3
2021-08-11 14:00:00,31.1,78,999.7
2021-08-11 15:00:00,29.9,84,1000.5
2021-08-11 16:00:00,29.3,86,1001.2
2021-08-11 17:00:00,28.7,87,1001.2
2021-08-11 18:00:00,28.2,89,1001.2
2021-08-11 19:00:00,27.8,91,1001.2
2021-08-11 20:00:00,27.5,92,1001.4
2021-08-11 21:00:00,27.2,94,1001.5
2021-08-11 22:00:00,26.8,95,1001.7
2021-08-11 23:00:00,26.7,95,1002.2
2021-08-12 00:00:00,26.9,93,1002.5
2021-08-12 01:00:00,26.9,93,1003.1
2021-08-12 02:00:00,28.3,88,1003.3
2021-08-12 03:00:00,35.1,62,1002.7
2021-08-12 04:00:00,29.1,84,1004.5
2021-08-12 05:00:00,30.3,78,1004.7
2021-08-12 06:00:00,34.4,62,1002.5
2021-08-12 07:00:00,32.3,69,1003.7
2021-08-12 08:00:00,32.9,67,1003.1
2021-08-12 09:00:00,34.8,61,1001.3
2021-08-12 10:00:00,32.9,63,1001.1
2021-08-12 11:00:00,32.9,64,1000.3
2021-08-12 12:00:00,34.0,71,1000.0
2021-08-12 13:00:00,31.4,78,1000.2
2021-08-12 14:00:00,30.1,84,1000.6
2021-08-12 15:00:00,29.4,87,1001.4
2021-08-12 16:00:00,29.1,88,1002.0
2021-08-12 17:00:00,28.8,89,1002.0
2021-08-12 18:00:00,28.3,91,1001.9
2021-08-12 19:00:00,27.5,89,1002.1
2021-08-12 20:00:00,27.2,90,1001.9
2021-08-12 21:00:00,27.0,90,1001.6
2021-08-12 22:00:00,26.8,91,1001.5
2021-08-12 23:00:00,26.5,92,1002.0
2021-08-13 00:00:00,26.3,91,1002.3
2021-08-13 01:00:00,26.4,91,1002.5
2021-08-13 02:00:00,27.2,87,1003.0
2021-08-13 03:00:00,31.2,70,1001.0
2021-08-13 04:00:00,30.2,79,1002.2
2021-08-13 05:00:00,31.2,74,1002.3
2021-08-13 06:00:00,34.0,62,1000.6
2021-08-13 07:00:00,32.5,68,1001.3
2021-08-13 08:00:00,33.1,66,1000.6
2021-08-13 09:00:00,34.0,64,998.9
2021-08-13 10:00:00,33.5,62,998.8
2021-08-13 11:00:00,33.2,61,998.1
2021-08-13 12:00:00,33.6,67,997.3
2021-08-13 13:00:00,30.9,79,998.5
2021-08-13 14:00:00,29.7,85,998.9
2021-08-13 15:00:00,29.2,86,999.5
2021-08-13 16:00:00,28.7,88,999.9
2021-08-13 17:00:00,28.3,89,999.8
2021-08-13 18:00:00,27.9,90,999.5
2021-08-13 19:00:00,27.7,90,999.1
2021-08-13 20:00:00,27.4,90,998.8
2021-08-13 21:00:00,27.1,92,998.5
2021-08-13 22:00:00,26.8,91,998.6
2021-08-13 23:00:00,26.6,92,998.9
2021-08-14 00:00:00,26.1,94,999.2
2021-08-14 01:00:00,26.0,94,999.7
2021-08-14 02:00:00,26.5,91,1000.1
2021-08-14 03:00:00,29.6,80,999.2
2021-08-14 04:00:00,28.7,77,1000.3
2021-08-14 05:00:00,30.0,72,1000.3
2021-08-14 06:00:00,32.8,61,999.1
2021-08-14 07:00:00,32.0,66,999.4
2021-08-14 08:00:00,32.7,62,998.4
2021-08-14 09:00:00,34.4,58,997.6
2021-08-14 10:00:00,33.6,58,996.9
2021-08-14 11:00:00,32.8,61,996.6
2021-08-14 12:00:00,34.0,64,996.5
2021-08-14 13:00:00,30.9,77,996.7
2021-08-14 14:00:00,29.5,82,996.9
2021-08-14 15:00:00,28.9,84,997.7
2021-08-14 16:00:00,28.3,89,998.5
2021-08-14 17:00:00,27.9,89,998.7
2021-08-14 18:00:00,27.5,89,998.5
2021-08-14 19:00:00,27.2,87,998.5
2021-08-14 20:00:00,26.5,90,998.5
2021-08-14 21:00:00,26.2,92,998.5
2021-08-14 22:00:00,25.9,93,998.6
2021-08-14 23:00:00,25.8,93,998.7
2021-08-15 00:00:00,25.4,96,999.3
2021-08-15 01:00:00,26.2,92,1000.1
2021-08-15 02:00:00,27.6,87,1000.6
2021-08-15 03:00:00,31.2,75,999.9
2021-08-15 04:00:00,30.7,74,1001.2
2021-08-15 05:00:00,31.4,68,1001.8
2021-08-15 06:00:00,33.8,63,1001.0
2021-08-15 07:00:00,32.1,65,1001.4
2021-08-15 08:00:00,32.6,63,1000.9
2021-08-15 09:00:00,29.0,54,1000.9
2021-08-15 10:00:00,32.3,65,999.6
2021-08-15 11:00:00,32.4,64,999.1
2021-08-15 12:00:00,29.8,61,999.9
2021-08-15 13:00:00,31.0,75,999.0
2021-08-15 14:00:00,29.7,81,999.5
2021-08-15 15:00:00,29.0,82,1000.7
2021-08-15 16:00:00,28.2,89,1001.5
2021-08-15 17:00:00,27.7,91,1001.8
2021-08-15 18:00:00,27.4,92,1001.9
2021-08-15 19:00:00,27.0,90,1002.4
2021-08-15 20:00:00,26.5,93,1002.3
2021-08-15 21:00:00,26.1,95,1002.4
2021-08-15 22:00:00,26.2,93,1002.7
2021-08-15 23:00:00,25.8,94,1002.8
2021-08-16 00:00:00,25.6,95,1003.1
2021-08-16 01:00:00,26.0,92,1003.7
2021-08-16 02:00:00,27.5,85,1004.3
2021-08-16 03:00:00,30.2,76,1004.2
2021-08-16 04:00:00,30.5,71,1005.2
2021-08-16 05:00:00,31.8,66,1005.3
2021-08-16 06:00:00,34.2,60,1004.5
2021-08-16 07:00:00,32.5,62,1005.5
2021-08-16 08:00:00,32.6,60,1004.6
2021-08-16 09:00:00,34.4,61,1002.9
2021-08-16 10:00:00,33.5,58,1002.7
2021-08-16 11:00:00,33.1,60,1002.0
2021-08-16 12:00:00,32.8,67,1001.7
2021-08-16 13:00:00,31.0,75,1001.8
2021-08-16 14:00:00,29.5,85,1002.5
2021-08-16 15:00:00,28.7,88,1003.1
2021-08-16 16:00:00,28.1,89,1003.5
2021-08-16 17:00:00,27.6,89,1003.8
2021-08-16 18:00:00,27.4,87,1003.8
2021-08-16 19:00:00,27.3,86,1003.9
2021-08-16 20:00:00,26.7,89,1003.8
2021-08-16 21:00:00,26.2,91,1003.8
2021-08-16 22:00:00,26.0,91,1003.6
2021-08-16 23:00:00,25.1,94,1003.6
2021-08-17 00:00:00,24.7,95,1003.7
2021-08-17 01:00:00,25.1,93,1004.2
2021-08-17 02:00:00,27.0,84,1004.7
2021-08-17 03:00:00,30.6,73,1004.7
2021-08-17 04:00:00,30.9,67,1005.3
2021-08-17 05:00:00,32.2,61,1005.4
2021-08-17 06:00:00,33.6,66,1004.4
2021-08-17 07:00:00,33.7,57,1004.4
2021-08-17 08:00:00,34.2,55,1003.7
2021-08-17 09:00:00,34.2,55,1002.4
2021-08-17 10:00:00,34.2,55,1001.9
2021-08-17 11:00:00,33.8,56,1001.3
2021-08-17 12:00:00,33.8,62,1000.4
2021-08-17 13:00:00,31.4,69,1000.8
2021-08-17 14:00:00,29.5,76,1001.1
2021-08-17 15:00:00,28.5,80,1001.8
2021-08-17 16:00:00,28.2,85,1002.4
2021-08-17 17:00:00,27.9,85,1002.6
2021-08-17 18:00:00,27.4,86,1002.5
2021-08-17 19:00:00,27.0,87,1002.3
2021-08-17 20:00:00,26.8,87,1002.1
2021-08-17 21:00:00,26.5,89,1001.6
2021-08-17 22:00:00,26.1,90,1001.4
2021-08-17 23:00:00,25.8,91,1001.5
2021-08-18 00:00:00,25.5,93,1001.9
2021-08-18 01:00:00,26.2,92,1002.6
2021-08-18 02:00:00,27.9,85,1003.3
2021-08-18 03:00:00,31.8,74,1002.8
2021-08-18 04:00:00,31.3,70,1003.7
2021-08-18 05:00:00,32.5,63,1003.7
2021-08-18 06:00:00,30.8,77,1003.1
2021-08-18 07:00:00,33.4,59,1002.7
2021-08-18 08:00:00,34.0,57,1001.8
2021-08-18 09:00:00,32.2,74,1000.4
2021-08-18 10:00:00,34.9,51,999.2
2021-08-18 11:00:00,34.6,52,998.6
2021-08-18 12:00:00,33.6,75,998.1
2021-08-18 13:00:00,32.1,68,998.5
2021-08-18 14:00:00,30.2,74,999.0
2021-08-18 15:00:00,29.7,75,999.8
2021-08-18 16:00:00,28.8,80,1000.3
2021-08-18 17:00:00,28.1,82,1000.4
2021-08-18 18:00:00,27.7,85,1000.5
2021-08-18 19:00:00,27.4,88,1000.9
2021-08-18 20:00:00,27.0,89,1000.6
2021-08-18 21:00:00,26.6,90,1000.5
2021-08-18 22:00:00,26.3,90,1000.4
2021-08-18 23:00:00,26.3,89,1000.7
2021-08-19 00:00:00,26.1,89,1001.1
2021-08-19 01:00:00,26.3,89,1001.9
2021-08-19 02:00:00,27.6,84,1002.6
2021-08-19 03:00:00,30.6,80,1001.7
2021-08-19 04:00:00,31.4,70,1002.3
2021-08-19 05:00:00,32.6,63,1002.6
2021-08-19 06:00:00,34.4,60,1001.5
2021-08-19 07:00:00,33.9,58,1001.7
2021-08-19 08:00:00,34.3,56,1000.8
2021-08-19 09:00:00,33.0,61,999.2
2021-08-19 10:00:00,34.7,51,998.8
2021-08-19 11:00:00,34.4,51,998.4
2021-08-19 12:00:00,33.8,63,997.4
2021-08-19 13:00:00,32.0,71,998.0
2021-08-19 14:00:00,30.4,77,998.9
2021-08-19 15:00:00,29.8,80,999.8
2021-08-19 16:00:00,29.2,82,1000.6
2021-08-19 17:00:00,29.0,81,1001.1
2021-08-19 18:00:00,28.6,82,1001.4
2021-08-19 19:00:00,28.3,83,1001.5
2021-08-19 20:00:00,28.1,83,1001.5
2021-08-19 21:00:00,27.6,86,1001.2
2021-08-19 22:00:00,27.5,88,1001.3
2021-08-19 23:00:00,27.4,89,1001.5
2021-08-20 00:00:00,27.2,90,1001.9
2021-08-20 01:00:00,27.2,89,1002.6
2021-08-20 02:00:00,28.1,85,1003.2
2021-08-20 03:00:00,28.4,79,1002.9
2021-08-20 04:00:00,28.1,83,1004.5
2021-08-20 05:00:00,30.3,78,1004.8
2021-08-20 06:00:00,31.0,72,1004.0
2021-08-20 07:00:00,31.2,73,1003.8
2021-08-20 08:00:00,31.5,71,1003.3
2021-08-20 09:00:00,30.8,74,1003.7
2021-08-20 10:00:00,31.6,71,1002.3
2021-08-20 11:00:00,31.0,69,1002.4
2021-08-20 12:00:00,29.8,74,1002.7
2021-08-20 13:00:00,29.2,77,1003.0
2021-08-20 14:00:00,28.6,79,1003.8
2021-08-20 15:00:00,28.3,80,1004.7
2021-08-20 16:00:00,27.9,82,1005.6
2021-08-20 17:00:00,27.1,80,1005.8
2021-08-20 18:00:00,27.0,80,1006.1
2021-08-20 19:00:00,26.9,80,1006.2
2021-08-20 20:00:00,26.9,80,1006.1
2021-08-20 21:00:00,26.5,82,1005.8
2021-08-20 22:00:00,26.3,84,1005.7
2021-08-20 23:00:00,26.1,84,1005.7
2021-08-21 00:00:00,25.9,86,1005.9
2021-08-21 01:00:00,25.7,87,1006.3
2021-08-21 02:00:00,26.1,85,1006.6
2021-08-21 03:00:00,27.8,81,1007.0
2021-08-21 04:00:00,26.5,88,1007.6
2021-08-21 05:00:00,26.3,90,1008.0
2021-08-21 06:00:00,26.8,83,1008.2
2021-08-21 07:00:00,26.2,91,1007.6
2021-08-21 08:00:00,26.4,91,1007.1
2021-08-21 09:00:00,27.0,87,1007.2
2021-08-21 10:00:00,26.6,90,1005.2
2021-08-21 11:00:00,26.3,91,1004.3
2021-08-21 12:00:00,26.6,87,1004.7
2021-08-21 13:00:00,25.9,89,1004.1
2021-08-21 14:00:00,25.7,90,1004.9
2021-08-21 15:00:00,25.3,93,1005.8
2021-08-21 16:00:00,25.4,93,1006.6
2021-08-21 17:00:00,25.6,93,1006.6
2021-08-21 18:00:00,25.7,94,1006.7
2021-08-21 19:00:00,25.8,93,1006.6
2021-08-21 20:00:00,24.7,95,1007.1
2021-08-21 21:00:00,24.7,96,1006.5
2021-08-21 22:00:00,24.4,96,1006.4
2021-08-21 23:00:00,24.1,97,1006.2
2021-08-22 00:00:00,24.2,97,1006.4
2021-08-22 01:00:00,24.1,97,1006.5
2021-08-22 02:00:00,24.3,96,1007.1
2021-08-22 03:00:00,27.6,84,1006.9
2021-08-22 04:00:00,24.9,96,1007.9
2021-08-22 05:00:00,27.3,86,1007.7
2021-08-22 06:00:00,29.0,79,1006.8
2021-08-22 07:00:00,29.3,82,1006.1
2021-08-22 08:00:00,30.3,81,1005.0
2021-08-22 09:00:00,26.8,90,1006.1
2021-08-22 10:00:00,29.8,79,1003.4
2021-08-22 11:00:00,28.0,83,1003.5
2021-08-22 12:00:00,28.2,83,1002.7
2021-08-22 13:00:00,27.4,88,1002.7
2021-08-22 14:00:00,26.5,91,1003.1
2021-08-22 15:00:00,26.0,93,1003.8
2021-08-22 16:00:00,25.3,97,1004.1
2021-08-22 17:00:00,25.0,97,1004.2
2021-08-22 18:00:00,25.0,96,1004.6
2021-08-22 19:00:00,24.6,97,1004.4
2021-08-22 20:00:00,24.4,98,1004.2
2021-08-22 21:00:00,24.2,98,1003.8
2021-08-22 22:00:00,24.1,98,1003.4
2021-08-22 23:00:00,24.6,100,1003.0
2021-08-23 00:00:00,24.5,100,1003.3
2021-08-23 01:00:00,24.9,99,1003.8
2021-08-23 02:00:00,26.0,95,1004.1
2021-08-23 03:00:00,27.2,90,1004.0
2021-08-23 04:00:00,28.9,81,1004.6
2021-08-23 05:00:00,29.7,80,1004.7
2021-08-23 06:00:00,28.6,80,1004.4
2021-08-23 07:00:00,30.9,70,1003.4
2021-08-23 08:00:00,30.9,71,1002.3
2021-08-23 09:00:00,32.6,64,1001.6
2021-08-23 10:00:00,31.5,67,1000.6
2021-08-23 11:00:00,31.4,67,999.9
2021-08-23 12:00:00,28.6,82,1000.3
2021-08-23 13:00:00,30.4,73,999.7
2021-08-23 14:00:00,29.8,76,1000.1
2021-08-23 15:00:00,28.0,89,1000.8
2021-08-23 16:00:00,27.5,90,1001.5
2021-08-23 17:00:00,26.7,93,1002.3
2021-08-23 18:00:00,26.3,94,1002.3
2021-08-23 19:00:00,26.1,95,1002.2
2021-08-23 20:00:00,26.4,92,1002.1
2021-08-23 21:00:00,26.2,94,1001.9
2021-08-23 22:00:00,25.8,95,1001.9
2021-08-23 23:00:00,25.6,97,1001.8
2021-08-24 00:00:00,25.5,97,1001.9
2021-08-24 01:00:00,25.6,97,1002.4
2021-08-24 02:00:00,27.3,94,1001.7
2021-08-24 03:00:00,30.6,81,1001.4
2021-08-24 04:00:00,30.3,77,1002.0
2021-08-24 05:00:00,31.2,71,1002.1
2021-08-24 06:00:00,32.8,70,1001.3
2021-08-24 07:00:00,32.5,66,1001.3
2021-08-24 08:00:00,32.8,64,1000.7
2021-08-24 09:00:00,33.0,68,999.4
2021-08-24 10:00:00,32.9,64,999.2
2021-08-24 11:00:00,32.8,67,998.1
2021-08-24 12:00:00,33.0,73,997.8
2021-08-24 13:00:00,31.4,81,998.2
2021-08-24 14:00:00,29.7,87,998.9
2021-08-24 15:00:00,29.1,89,999.5
2021-08-24 16:00:00,28.9,89,999.8
2021-08-24 17:00:00,28.6,88,1000.0
2021-08-24 18:00:00,28.3,88,999.9
2021-08-24 19:00:00,28.0,88,999.6
2021-08-24 20:00:00,27.4,90,999.3
2021-08-24 21:00:00,27.2,90,999.0
2021-08-24 22:00:00,27.1,89,998.6
2021-08-24 23:00:00,27.1,89,998.7
2021-08-25 00:00:00,27.1,90,998.9
2021-08-25 01:00:00,27.0,90,999.5
2021-08-25 02:00:00,27.8,88,999.6
2021-08-25 03:00:00,31.0,78,999.1
2021-08-25 04:00:00,30.4,79,1000.2
2021-08-25 05:00:00,31.6,72,1000.1
2021-08-25 06:00:00,34.8,58,998.4
2021-08-25 07:00:00,33.1,63,999.3
2021-08-25 08:00:00,33.5,60,998.6
2021-08-25 09:00:00,35.0,62,997.0
2021-08-25 10:00:00,33.8,60,996.7
2021-08-25 11:00:00,33.6,62,996.0
2021-08-25 12:00:00,33.8,70,995.6
2021-08-25 13:00:00,32.0,74,995.7
2021-08-25 14:00:00,30.1,85,995.6
2021-08-25 15:00:00,29.4,85,996.2
2021-08-25 16:00:00,28.8,85,996.6
2021-08-25 17:00:00,28.3,84,996.8
2021-08-25 18:00:00,27.8,82,996.8
2021-08-25 19:00:00,27.4,82,996.7
2021-08-25 20:00:00,27.0,84,996.1
2021-08-25 21:00:00,26.5,87,995.8
2021-08-25 22:00:00,26.2,90,995.8
2021-08-25 23:00:00,27.0,92,996.5
2021-08-26 00:00:00,26.9,91,996.7
2021-08-26 01:00:00,26.9,91,997.3
2021-08-26 02:00:00,27.9,87,997.9
2021-08-26 03:00:00,29.8,69,997.7
2021-08-26 04:00:00,30.6,65,998.8
2021-08-26 05:00:00,31.4,62,998.8
2021-08-26 06:00:00,32.0,65,997.7
2021-08-26 07:00:00,32.8,61,998.3
2021-08-26 08:00:00,33.6,61,996.8
2021-08-26 09:00:00,33.8,66,996.7
2021-08-26 10:00:00,34.0,59,995.2
2021-08-26 11:00:00,33.9,59,994.8
2021-08-26 12:00:00,33.0,70,995.8
2021-08-26 13:00:00,31.9,76,995.1
2021-08-26 14:00:00,30.5,77,996.1
2021-08-26 15:00:00,29.8,78,996.8
2021-08-26 16:00:00,29.2,79,997.4
2021-08-26 17:00:00,28.0,83,998.1
2021-08-26 18:00:00,27.5,84,997.9
2021-08-26 19:00:00,27.1,85,997.8
2021-08-26 20:00:00,26.5,88,997.6
2021-08-26 21:00:00,26.1,89,997.4
2021-08-26 22:00:00,26.1,89,997.5
2021-08-26 23:00:00,25.9,89,997.7
2021-08-27 00:00:00,25.9,88,998.0
2021-08-27 01:00:00,26.0,88,998.8
2021-08-27 02:00:00,27.3,81,999.1
2021-08-27 03:00:00,29.2,74,999.3
2021-08-27 04:00:00,30.0,66,999.6
2021-08-27 05:00:00,31.0,62,999.7
2021-08-27 06:00:00,33.4,59,999.7
2021-08-27 07:00:00,32.8,59,999.9
2021-08-27 08:00:00,33.3,58,999.6
2021-08-27 09:00:00,34.4,61,999.0
2021-08-27 10:00:00,33.8,59,998.7
2021-08-27 11:00:00,33.9,60,998.2
2021-08-27 12:00:00,33.4,67,998.7
2021-08-27 13:00:00,31.6,75,998.5
2021-08-27 14:00:00,30.4,78,998.8
2021-08-27 15:00:00,29.8,80,999.5
2021-08-27 16:00:00,29.2,81,1000.2
2021-08-27 17:00:00,28.7,82,1000.6
2021-08-27 18:00:00,28.3,83,1001.1
2021-08-27 19:00:00,27.9,83,1001.2
2021-08-27 20:00:00,27.3,89,1000.7
2021-08-27 21:00:00,26.8,88,1000.7
2021-08-27 22:00:00,26.3,88,1000.7
2021-08-27 23:00:00,25.8,89,1001.0
2021-08-28 00:00:00,25.6,91,1001.1
2021-08-28 01:00:00,25.3,93,1001.8
2021-08-28 02:00:00,26.0,91,1002.1
2021-08-28 03:00:00,29.6,78,1001.2
2021-08-28 04:00:00,28.5,81,1002.2
2021-08-28 05:00:00,29.7,77,1002.4
2021-08-28 06:00:00,32.0,71,1001.0
2021-08-28 07:00:00,31.6,68,1001.9
2021-08-28 08:00:00,32.1,66,1001.2
2021-08-28 09:00:00,30.8,80,1000.0
2021-08-28 10:00:00,31.5,66,999.9
2021-08-28 11:00:00,31.6,67,999.6
2021-08-28 12:00:00,33.6,64,998.3
2021-08-28 13:00:00,30.0,80,999.5
2021-08-28 14:00:00,28.5,82,1000.1
2021-08-28 15:00:00,27.9,84,1001.0
2021-08-28 16:00:00,27.6,86,1001.8
2021-08-28 17:00:00,27.3,87,1001.9
2021-08-28 18:00:00,27.2,87,1002.0
2021-08-28 19:00:00,27.0,89,1001.9
2021-08-28 20:00:00,26.7,90,1001.4
2021-08-28 21:00:00,26.4,91,1001.0
2021-08-28 22:00:00,26.0,93,1000.8
2021-08-28 23:00:00,26.0,91,1001.1
2021-08-29 00:00:00,25.2,93,1002.4
2021-08-29 01:00:00,24.8,95,1003.4
2021-08-29 02:00:00,25.1,93,1003.6
2021-08-29 03:00:00,28.6,82,1002.2
2021-08-29 04:00:00,27.6,81,1004.0
2021-08-29 05:00:00,28.9,78,1004.5
2021-08-29 06:00:00,31.8,74,1002.2
2021-08-29 07:00:00,30.5,73,1003.2
2021-08-29 08:00:00,32.0,67,1001.7
2021-08-29 09:00:00,33.6,66,1000.5
2021-08-29 10:00:00,31.6,69,1000.4
2021-08-29 11:00:00,31.7,67,999.8
2021-08-29 12:00:00,31.0,72,1000.2
2021-08-29 13:00:00,29.9,83,999.8
2021-08-29 14:00:00,28.5,88,1000.9
2021-08-29 15:00:00,27.7,91,1002.1
2021-08-29 16:00:00,27.3,92,1003.0
2021-08-29 17:00:00,27.2,90,1003.7
2021-08-29 18:00:00,27.0,89,1004.2
2021-08-29 19:00:00,27.0,88,1004.5
2021-08-29 20:00:00,26.7,89,1004.5
2021-08-29 21:00:00,26.2,90,1004.5
2021-08-29 22:00:00,25.7,91,1004.3
2021-08-29 23:00:00,25.4,93,1004.4
2021-08-30 00:00:00,25.1,96,1004.7
2021-08-30 01:00:00,25.2,96,1005.3
2021-08-30 02:00:00,26.1,88,1006.6
2021-08-30 03:00:00,27.4,78,1007.1
2021-08-30 04:00:00,28.4,77,1007.4
2021-08-30 05:00:00,29.3,73,1007.7
2021-08-30 06:00:00,31.2,67,1006.7
2021-08-30 07:00:00,30.8,67,1006.8
2021-08-30 08:00:00,31.2,65,1006.0
2021-08-30 09:00:00,32.4,63,1004.2
2021-08-30 10:00:00,30.9,67,1004.5
2021-08-30 11:00:00,31.1,64,1003.1
2021-08-30 12:00:00,32.6,63,1003.2
2021-08-30 13:00:00,29.3,80,1003.3
2021-08-30 14:00:00,27.6,83,1004.4
2021-08-30 15:00:00,27.1,85,1005.8
2021-08-30 16:00:00,26.7,87,1006.6
2021-08-30 17:00:00,26.5,86,1006.9
2021-08-30 18:00:00,26.5,83,1007.3
2021-08-30 19:00:00,26.3,84,1007.5
2021-08-30 20:00:00,26.2,87,1007.0
2021-08-30 21:00:00,25.9,89,1007.2
2021-08-30 22:00:00,25.6,91,1007.5
2021-08-30 23:00:00,25.2,93,1007.6
2021-08-31 00:00:00,24.9,95,1008.0
2021-08-31 01:00:00,25.0,95,1008.3
2021-08-31 02:00:00,26.3,88,1008.6
2021-08-31 03:00:00,28.2,80,1009.2
2021-08-31 04:00:00,29.1,73,1009.2
2021-08-31 05:00:00,30.0,69,1009.1
2021-08-31 06:00:00,31.4,64,1008.1
2021-08-31 07:00:00,31.3,63,1007.9
2021-08-31 08:00:00,31.7,62,1007.0
2021-08-31 09:00:00,33.0,61,1005.8
2021-08-31 10:00:00,31.7,62,1004.9
2021-08-31 11:00:00,31.5,63,1004.5
2021-08-31 12:00:00,32.6,64,1005.0
2021-08-31 13:00:00,29.5,76,1005.5
2021-08-31 14:00:00,27.3,85,1007.0
2021-08-31 15:00:00,26.7,86,1008.0
2021-08-31 16:00:00,26.5,87,1008.5
2021-08-31 17:00:00,26.2,89,1008.9
2021-08-31 18:00:00,26.0,89,1009.1
2021-08-31 19:00:00,25.8,90,1009.1
2021-08-31 20:00:00,25.5,92,1008.6
2021-08-31 21:00:00,25.2,93,1008.3
2021-08-31 22:00:00,24.9,95,1008.3
2021-08-31 23:00:00,24.4,97,1008.2
2021-09-01 00:00:00,24.7,97,1008.4
2021-09-01 01:00:00,24.8,95,1008.8
2021-09-01 02:00:00,26.2,87,1009.3
2021-09-01 03:00:00,29.4,66,1008.3
2021-09-01 04:00:00,28.8,74,1009.8
2021-09-01 05:00:00,29.8,70,1009.9
2021-09-01 06:00:00,33.8,50,1007.8
2021-09-01 07:00:00,30.0,70,1008.8
2021-09-01 08:00:00,30.3,68,1007.6
2021-09-01 09:00:00,32.4,66,1005.9
2021-09-01 10:00:00,30.3,70,1004.9
2021-09-01 11:00:00,29.9,69,1004.7
2021-09-01 12:00:00,30.4,73,1004.5
2021-09-01 13:00:00,28.3,81,1004.4
2021-09-01 14:00:00,27.3,84,1004.5
2021-09-01 15:00:00,26.5,90,1005.1
2021-09-01 16:00:00,26.0,92,1005.8
2021-09-01 17:00:00,25.6,95,1006.0
2021-09-01 18:00:00,25.0,96,1006.5
2021-09-01 19:00:00,24.6,98,1006.6
2021-09-01 20:00:00,24.3,99,1006.3
2021-09-01 21:00:00,24.0,100,1005.8
2021-09-01 22:00:00,24.0,100,1005.6
2021-09-01 23:00:00,24.0,100,1005.6
2021-09-02 00:00:00,23.8,100,1006.0
2021-09-02 01:00:00,23.8,99,1006.4
2021-09-02 02:00:00,24.6,98,1006.7
2021-09-02 03:00:00,28.4,80,1006.4
2021-09-02 04:00:00,28.8,76,1007.0
2021-09-02 05:00:00,30.0,74,1007.1
2021-09-02 06:00:00,32.6,62,1005.6
2021-09-02 07:00:00,31.2,72,1005.9
2021-09-02 08:00:00,31.0,71,1004.9
2021-09-02 09:00:00,32.0,63,1003.2
2021-09-02 10:00:00,29.6,74,1003.1
2021-09-02 11:00:00,29.9,74,1002.3
2021-09-02 12:00:00,30.0,74,1001.8
2021-09-02 13:00:00,29.5,77,1001.7
2021-09-02 14:00:00,28.6,80,1002.4
2021-09-02 15:00:00,27.4,86,1003.5
2021-09-02 16:00:00,27.0,88,1004.1
2021-09-02 17:00:00,26.7,88,1004.2
2021-09-02 18:00:00,26.3,89,1004.4
2021-09-02 19:00:00,25.8,91,1004.1
2021-09-02 20:00:00,25.6,93,1003.7
2021-09-02 21:00:00,25.7,91,1003.3
2021-09-02 22:00:00,25.7,91,1003.0
2021-09-02 23:00:00,25.3,93,1003.1
2021-09-03 00:00:00,24.9,95,1003.5
2021-09-03 01:00:00,25.1,95,1003.8
2021-09-03 02:00:00,26.6,87,1004.3
2021-09-03 03:00:00,28.2,86,1003.2
2021-09-03 04:00:00,29.5,73,1004.9
2021-09-03 05:00:00,30.1,71,1005.1
2021-09-03 06:00:00,27.4,87,1004.7
2021-09-03 07:00:00,28.3,80,1004.4
2021-09-03 08:00:00,29.8,78,1003.4
2021-09-03 09:00:00,27.8,81,1003.2
2021-09-03 10:00:00,30.0,73,1001.4
2021-09-03 11:00:00,29.6,74,1001.1
2021-09-03 12:00:00,27.6,90,1001.1
2021-09-03 13:00:00,27.8,84,1001.5
2021-09-03 14:00:00,26.9,91,1002.1
2021-09-03 15:00:00,26.7,91,1003.1
2021-09-03 16:00:00,26.3,93,1003.7
2021-09-03 17:00:00,25.8,96,1003.9
2021-09-03 18:00:00,25.0,99,1004.2
2021-09-03 19:00:00,24.7,100,1004.1
2021-09-03 20:00:00,24.7,99,1003.7
2021-09-03 21:00:00,24.8,99,1003.4
2021-09-03 22:00:00,24.6,99,1003.1
2021-09-03 23:00:00,24.4,100,1003.0
2021-09-04 00:00:00,24.5,98,1002.7
2021-09-04 01:00:00,24.7,99,1003.1
2021-09-04 02:00:00,25.9,93,1003.8
2021-09-04 03:00:00,28.2,76,1004.2
2021-09-04 04:00:00,28.2,78,1005.0
2021-09-04 05:00:00,29.2,74,1005.1
2021-09-04 06:00:00,30.0,73,1004.4
2021-09-04 07:00:00,30.7,67,1004.0
2021-09-04 08:00:00,31.3,64,1003.0
2021-09-04 09:00:00,32.0,66,1002.0
2021-09-04 10:00:00,30.9,67,1000.7
2021-09-04 11:00:00,30.2,72,1000.2
2021-09-04 12:00:00,30.4,76,1000.5
2021-09-04 13:00:00,28.9,85,1000.3
2021-09-04 14:00:00,28.7,80,1000.5
2021-09-04 15:00:00,27.4,88,1001.2
2021-09-04 16:00:00,26.8,91,1001.7
2021-09-04 17:00:00,26.4,93,1001.8
2021-09-04 18:00:00,25.5,96,1002.2
2021-09-04 19:00:00,25.3,96,1002.5
2021-09-04 20:00:00,25.2,96,1002.8
2021-09-04 21:00:00,24.9,97,1002.8
2021-09-04 22:00:00,24.6,97,1002.9
2021-09-04 23:00:00,24.6,98,1003.1
2021-09-05 00:00:00,24.5,98,1003.5
2021-09-05 01:00:00,24.6,98,1004.1
2021-09-05 02:00:00,26.1,92,1004.6
2021-09-05 03:00:00,27.6,87,1004.3
2021-09-05 04:00:00,29.3,78,1004.6
2021-09-05 05:00:00,30.1,76,1004.6
2021-09-05 06:00:00,30.0,76,1004.6
2021-09-05 07:00:00,31.2,72,1004.1
2021-09-05 08:00:00,31.8,69,1003.3
2021-09-05 09:00:00,32.6,68,1002.3
2021-09-05 10:00:00,32.2,63,1001.1
2021-09-05 11:00:00,32.1,63,1000.7
2021-09-05 12:00:00,32.4,67,1000.2
2021-09-05 13:00:00,30.3,81,1000.7
2021-09-05 14:00:00,30.2,74,1001.0
2021-09-05 15:00:00,29.2,80,1001.8
2021-09-05 16:00:00,28.1,87,1002.4
2021-09-05 17:00:00,27.7,87,1002.7
2021-09-05 18:00:00,27.1,90,1003.0
2021-09-05 19:00:00,26.8,90,1003.2
2021-09-05 20:00:00,26.4,92,1003.3
2021-09-05 21:00:00,26.0,94,1003.0
2021-09-05 22:00:00,25.7,95,1003.2
2021-09-05 23:00:00,25.4,97,1003.6
2021-09-06 00:00:00,25.3,97,1003.8
2021-09-06 01:00:00,25.5,96,1004.6
2021-09-06 02:00:00,27.4,88,1005.2
2021-09-06 03:00:00,29.8,81,1005.2
2021-09-06 04:00:00,31.1,70,1006.1
2021-09-06 05:00:00,31.9,66,1006.2
2021-09-06 06:00:00,32.4,72,1005.8
2021-09-06 07:00:00,32.4,63,1006.0
2021-09-06 08:00:00,32.9,61,1004.9
2021-09-06 09:00:00,34.4,62,1003.1
2021-09-06 10:00:00,33.1,60,1002.3
2021-09-06 11:00:00,32.8,61,1001.7
2021-09-06 12:00:00,32.0,74,1001.3
2021-09-06 13:00:00,31.4,70,1001.9
2021-09-06 14:00:00,30.2,77,1002.6
2021-09-06 15:00:00,28.9,82,1003.9
2021-09-06 16:00:00,28.5,82,1004.6
2021-09-06 17:00:00,28.3,82,1005.5
2021-09-06 18:00:00,27.9,85,1006.3
2021-09-06 19:00:00,27.6,87,1006.4
2021-09-06 20:00:00,27.3,88,1006.3
2021-09-06 21:00:00,27.0,89,1006.1
2021-09-06 22:00:00,26.8,90,1006.0
2021-09-06 23:00:00,26.6,91,1006.0
2021-09-07 00:00:00,26.4,93,1006.5
2021-09-07 01:00:00,26.4,92,1007.4
2021-09-07 02:00:00,26.7,90,1008.1
2021-09-07 03:00:00,30.8,78,1006.8
2021-09-07 04:00:00,28.8,80,1008.8
2021-09-07 05:00:00,30.1,78,1008.7
2021-09-07 06:00:00,30.6,73,1008.0
2021-09-07 07:00:00,31.8,73,1007.0
2021-09-07 08:00:00,32.4,71,1005.7
2021-09-07 09:00:00,32.2,68,1005.3
2021-09-07 10:00:00,31.6,72,1004.0
2021-09-07 11:00:00,31.0,74,1003.6
2021-09-07 12:00:00,31.8,66,1003.3
2021-09-07 13:00:00,29.5,79,1004.0
2021-09-07 14:00:00,29.0,80,1004.5
2021-09-07 15:00:00,28.5,81,1005.4
2021-09-07 16:00:00,28.0,83,1006.2
2021-09-07 17:00:00,27.6,85,1006.8
2021-09-07 18:00:00,27.3,84,1007.7
2021-09-07 19:00:00,27.1,85,1007.8
2021-09-07 20:00:00,26.9,86,1007.0
2021-09-07 21:00:00,26.7,86,1006.3
2021-09-07 22:00:00,26.5,85,1006.2
2021-09-07 23:00:00,26.3,85,1006.0
2021-09-08 00:00:00,26.1,85,1006.5
2021-09-08 01:00:00,26.2,84,1007.1
2021-09-08 02:00:00,27.4,80,1007.5
2021-09-08 03:00:00,29.4,74,1006.6
2021-09-08 04:00:00,30.0,68,1007.3
2021-09-08 05:00:00,30.9,64,1007.1
2021-09-08 06:00:00,31.4,68,1006.6
2021-09-08 07:00:00,32.2,62,1006.1
2021-09-08 08:00:00,32.4,61,1005.3
2021-09-08 09:00:00,32.6,57,1004.1
2021-09-08 10:00:00,30.4,70,1003.5
2021-09-08 11:00:00,29.9,71,1003.2
2021-09-08 12:00:00,30.8,69,1002.6
2021-09-08 13:00:00,28.5,82,1002.5
2021-09-08 14:00:00,27.7,86,1003.2
2021-09-08 15:00:00,27.6,85,1004.2
2021-09-08 16:00:00,27.4,85,1005.0
2021-09-08 17:00:00,27.2,85,1005.5
2021-09-08 18:00:00,27.0,85,1005.5
2021-09-08 19:00:00,26.8,85,1005.2
2021-09-08 20:00:00,26.6,85,1004.7
2021-09-08 21:00:00,26.3,83,1004.6
2021-09-08 22:00:00,26.1,85,1004.4
2021-09-08 23:00:00,25.8,87,1004.3
2021-09-09 00:00:00,25.6,89,1004.2
2021-09-09 01:00:00,25.6,90,1004.8
2021-09-09 02:00:00,27.1,83,1005.4
2021-09-09 03:00:00,29.8,73,1005.0
2021-09-09 04:00:00,30.0,71,1006.1
2021-09-09 05:00:00,30.9,67,1006.2
2021-09-09 06:00:00,31.0,72,1005.2
2021-09-09 07:00:00,32.0,61,1004.6
2021-09-09 08:00:00,32.2,60,1003.6
2021-09-09 09:00:00,31.2,74,1002.3
2021-09-09 10:00:00,32.3,61,1001.4
2021-09-09 11:00:00,31.7,62,1001.0
2021-09-09 12:00:00,29.0,88,1001.4
2021-09-09 13:00:00,29.5,81,1001.6
2021-09-09 14:00:00,28.9,79,1002.5
2021-09-09 15:00:00,27.8,85,1004.0
2021-09-09 16:00:00,27.7,83,1004.9
2021-09-09 17:00:00,27.3,84,1005.1
2021-09-09 18:00:00,27.0,86,1005.4
2021-09-09 19:00:00,26.8,87,1005.5
2021-09-09 20:00:00,26.6,88,1005.4
2021-09-09 21:00:00,26.5,87,1005.1
2021-09-09 22:00:00,26.3,86,1004.7
2021-09-09 23:00:00,25.9,86,1004.3
2021-09-10 00:00:00,26.0,90,1004.5
2021-09-10 01:00:00,25.8,89,1004.6
2021-09-10 02:00:00,26.8,83,1005.2
2021-09-10 03:00:00,27.4,77,1004.5
2021-09-10 04:00:00,29.7,72,1006.1
2021-09-10 05:00:00,30.6,70,1006.3
2021-09-10 06:00:00,30.8,69,1005.7
2021-09-10 07:00:00,30.4,71,1005.0
2021-09-10 08:00:00,28.9,76,1004.2
2021-09-10 09:00:00,30.6,72,1003.1
2021-09-10 10:00:00,29.7,74,1001.8
2021-09-10 11:00:00,28.9,76,1001.9
2021-09-10 12:00:00,28.6,78,1002.2
2021-09-10 13:00:00,27.8,82,1002.8
2021-09-10 14:00:00,27.2,85,1003.2
2021-09-10 15:00:00,27.0,86,1004.0
2021-09-10 16:00:00,27.0,86,1004.6
2021-09-10 17:00:00,26.8,87,1004.8
2021-09-10 18:00:00,26.1,89,1005.6
2021-09-10 19:00:00,26.0,89,1005.4
2021-09-10 20:00:00,26.0,89,1005.5
2021-09-10 21:00:00,25.9,89,1005.1
2021-09-10 22:00:00,25.6,90,1004.9
2021-09-10 23:00:00,25.4,90,1004.7
2021-09-11 00:00:00,25.4,88,1004.8
2021-09-11 01:00:00,25.3,88,1005.2
2021-09-11 02:00:00,26.7,82,1005.4
2021-09-11 03:00:00,25.0,89,1005.7
2021-09-11 04:00:00,29.8,69,1006.0
2021-09-11 05:00:00,30.0,69,1006.4
2021-09-11 06:00:00,25.8,93,1006.4
2021-09-11 07:00:00,29.9,69,1005.5
2021-09-11 08:00:00,30.2,68,1004.5
2021-09-11 09:00:00,27.2,86,1004.6
2021-09-11 10:00:00,29.7,70,1002.3
2021-09-11 11:00:00,30.1,68,1001.7
2021-09-11 12:00:00,27.0,92,1002.9
2021-09-11 13:00:00,27.3,84,1002.2
2021-09-11 14:00:00,26.9,87,1002.9
2021-09-11 15:00:00,26.8,88,1003.6
2021-09-11 16:00:00,26.6,88,1004.0
2021-09-11 17:00:00,26.4,88,1004.3
2021-09-11 18:00:00,26.3,88,1004.1
2021-09-11 19:00:00,26.2,88,1003.9
2021-09-11 20:00:00,26.0,89,1003.4
2021-09-11 21:00:00,25.6,82,1002.9
2021-09-11 22:00:00,25.3,84,1002.6
2021-09-11 23:00:00,25.3,84,1002.5
2021-09-12 00:00:00,25.3,85,1002.7
2021-09-12 01:00:00,25.3,85,1003.3
2021-09-12 02:00:00,25.7,85,1003.8
2021-09-12 03:00:00,24.8,90,1005.9
2021-09-12 04:00:00,26.8,81,1004.8
2021-09-12 05:00:00,27.4,80,1004.9
2021-09-12 06:00:00,26.6,92,1004.4
2021-09-12 07:00:00,29.3,70,1003.8
2021-09-12 08:00:00,30.0,68,1002.7
2021-09-12 09:00:00,27.6,81,1002.4
2021-09-12 10:00:00,29.5,70,1000.6
2021-09-12 11:00:00,29.3,71,1000.0
2021-09-12 12:00:00,26.8,84,1000.7
2021-09-12 13:00:00,27.6,84,1000.1
2021-09-12 14:00:00,26.9,87,1000.7
2021-09-12 15:00:00,26.4,88,1001.6
2021-09-12 16:00:00,25.2,89,1002.2
2021-09-12 17:00:00,25.2,88,1002.4
2021-09-12 18:00:00,25.1,88,1002.5
2021-09-12 19:00:00,24.8,88,1002.4
2021-09-12 20:00:00,24.5,89,1002.2
2021-09-12 21:00:00,24.2,89,1002.2
2021-09-12 22:00:00,24.2,89,1002.3
2021-09-12 23:00:00,24.1,91,1002.5
2021-09-13 00:00:00,24.0,91,1002.7
2021-09-13 01:00:00,24.2,90,1002.7
2021-09-13 02:00:00,25.3,84,1003.1
2021-09-13 03:00:00,26.4,87,1003.1
2021-09-13 04:00:00,28.6,70,1003.4
2021-09-13 05:00:00,29.4,68,1003.7
2021-09-13 06:00:00,31.8,65,1002.6
2021-09-13 07:00:00,30.7,64,1003.1
2021-09-13 08:00:00,31.5,61,1002.1
2021-09-13 09:00:00,33.6,58,1000.0
2021-09-13 10:00:00,32.0,60,999.8
2021-09-13 11:00:00,31.8,60,999.7
2021-09-13 12:00:00,32.4,68,999.6
2021-09-13 13:00:00,29.2,76,1000.2
2021-09-13 14:00:00,28.4,78,1001.2
2021-09-13 15:00:00,27.1,84,1002.3
2021-09-13 16:00:00,26.4,87,1003.2
2021-09-13 17:00:00,25.9,89,1003.9
2021-09-13 18:00:00,25.4,91,1004.2
2021-09-13 19:00:00,25.7,93,1004.6
2021-09-13 20:00:00,25.5,93,1004.3
2021-09-13 21:00:00,25.5,92,1004.2
2021-09-13 22:00:00,25.3,92,1004.2
2021-09-13 23:00:00,25.3,92,1004.1
2021-09-14 00:00:00,25.1,93,1004.5
2021-09-14 01:00:00,25.0,93,1005.1
2021-09-14 02:00:00,26.5,86,1005.7
2021-09-14 03:00:00,28.2,78,1005.7
2021-09-14 04:00:00,29.7,69,1007.2
2021-09-14 05:00:00,31.1,62,1007.5
2021-09-14 06:00:00,32.2,58,1006.2
2021-09-14 07:00:00,31.5,59,1006.9
2021-09-14 08:00:00,32.0,58,1006.1
2021-09-14 09:00:00,31.8,63,1004.4
2021-09-14 10:00:00,31.8,62,1004.0
2021-09-14 11:00:00,31.5,63,1003.4
2021-09-14 12:00:00,31.4,67,1003.1
2021-09-14 13:00:00,28.9,73,1004.2
2021-09-14 14:00:00,27.8,79,1005.0
2021-09-14 15:00:00,27.3,81,1005.9
2021-09-14 16:00:00,26.8,84,1006.6
2021-09-14 17:00:00,26.8,83,1006.8
2021-09-14 18:00:00,26.0,87,1006.7
2021-09-14 19:00:00,25.7,87,1006.3
2021-09-14 20:00:00,25.4,89,1006.0
2021-09-14 21:00:00,25.3,89,1005.6
2021-09-14 22:00:00,25.6,88,1005.1
2021-09-14 23:00:00,25.5,87,1004.9
2021-09-15 00:00:00,25.3,87,1004.9
2021-09-15 01:00:00,25.3,86,1005.1
2021-09-15 02:00:00,26.6,79,1005.4
2021-09-15 03:00:00,29.0,80,1007.4
2021-09-15 04:00:00,30.5,67,1006.0
2021-09-15 05:00:00,32.2,61,1006.0
2021-09-15 06:00:00,33.6,51,1006.2
2021-09-15 07:00:00,34.1,49,1005.4
2021-09-15 08:00:00,34.2,49,1004.5
2021-09-15 09:00:00,33.4,52,1003.6
2021-09-15 10:00:00,34.0,52,1002.6
2021-09-15 11:00:00,33.4,55,1002.3
2021-09-15 12:00:00,33.0,59,1002.3
2021-09-15 13:00:00,30.3,69,1002.8
2021-09-15 14:00:00,28.6,78,1003.2
2021-09-15 15:00:00,29.0,75,1004.3
2021-09-15 16:00:00,27.8,81,1005.6
2021-09-15 17:00:00,28.1,79,1006.0
2021-09-15 18:00:00,26.8,86,1006.2
2021-09-15 19:00:00,26.0,88,1006.0
2021-09-15 20:00:00,25.6,89,1005.7
2021-09-15 21:00:00,25.3,89,1005.4
2021-09-15 22:00:00,25.0,91,1005.2
2021-09-15 23:00:00,24.9,91,1004.9
2021-09-16 00:00:00,25.0,90,1004.8
2021-09-16 01:00:00,25.2,90,1004.8
2021-09-16 02:00:00,26.1,84,1005.1
2021-09-16 03:00:00,28.8,80,1004.4
2021-09-16 04:00:00,29.5,69,1005.2
2021-09-16 05:00:00,30.7,66,1005.1
2021-09-16 06:00:00,33.0,61,1003.5
2021-09-16 07:00:00,32.2,59,1004.1
2021-09-16 08:00:00,32.6,58,1003.3
2021-09-16 09:00:00,33.6,63,1001.0
2021-09-16 10:00:00,33.2,58,1000.9
2021-09-16 11:00:00,32.9,59,1000.4
2021-09-16 12:00:00,33.0,64,999.4
2021-09-16 13:00:00,29.9,77,1000.7
2021-09-16 14:00:00,29.4,79,1001.4
2021-09-16 15:00:00,29.2,77,1002.2
2021-09-16 16:00:00,27.7,86,1002.7
2021-09-16 17:00:00,27.2,87,1002.7
2021-09-16 18:00:00,27.1,88,1002.6
2021-09-16 19:00:00,25.8,96,1003.1
2021-09-16 20:00:00,25.5,98,1002.9
2021-09-16 21:00:00,25.2,99,1002.6
2021-09-16 22:00:00,25.2,99,1002.3
2021-09-16 23:00:00,25.1,100,1002.4
2021-09-17 00:00:00,25.1,98,1002.7
2021-09-17 01:00:00,25.2,98,1002.9
2021-09-17 02:00:00,26.5,90,1003.2
2021-09-17 03:00:00,24.0,95,1005.3
2021-09-17 04:00:00,27.2,77,1005.2
2021-09-17 05:00:00,28.6,72,1005.3
2021-09-17 06:00:00,25.6,91,1005.9
2021-09-17 07:00:00,31.0,63,1004.0
2021-09-17 08:00:00,31.7,61,1003.1
2021-09-17 09:00:00,28.0,80,1003.8
2021-09-17 10:00:00,31.9,61,1001.4
2021-09-17 11:00:00,31.6,63,1001.1
2021-09-17 12:00:00,29.4,75,1002.2
2021-09-17 13:00:00,28.8,77,1001.5
2021-09-17 14:00:00,26.6,80,1003.0
2021-09-17 15:00:00,26.3,82,1003.9
2021-09-17 16:00:00,25.4,87,1004.5
2021-09-17 17:00:00,24.9,90,1004.6
2021-09-17 18:00:00,24.9,90,1005.0
2021-09-17 19:00:00,24.2,93,1005.3
2021-09-17 20:00:00,23.9,94,1005.1
2021-09-17 21:00:00,23.7,95,1005.0
2021-09-17 22:00:00,23.5,95,1005.1
2021-09-17 23:00:00,23.2,98,1004.6
2021-09-18 00:00:00,23.0,98,1005.3
2021-09-18 01:00:00,23.2,98,1005.9
2021-09-18 02:00:00,24.9,91,1006.6
2021-09-18 03:00:00,28.4,82,1006.5
2021-09-18 04:00:00,28.6,76,1007.6
2021-09-18 05:00:00,29.9,70,1007.6
2021-09-18 06:00:00,31.2,70,1006.4
2021-09-18 07:00:00,31.0,65,1006.6
2021-09-18 08:00:00,32.4,58,1005.3
2021-09-18 09:00:00,32.2,69,1004.0
2021-09-18 10:00:00,32.3,58,1003.9
2021-09-18 11:00:00,31.8,61,1003.4
2021-09-18 12:00:00,32.0,66,1003.1
2021-09-18 13:00:00,28.9,78,1003.4
2021-09-18 14:00:00,28.1,81,1003.9
2021-09-18 15:00:00,27.3,85,1004.9
2021-09-18 16:00:00,27.1,85,1005.7
2021-09-18 17:00:00,26.2,89,1007.0
2021-09-18 18:00:00,25.7,92,1007.2
2021-09-18 19:00:00,25.5,92,1007.4
2021-09-18 20:00:00,25.4,93,1007.2
2021-09-18 21:00:00,25.2,94,1007.0
2021-09-18 22:00:00,24.9,95,1006.8
2021-09-18 23:00:00,24.8,95,1006.9
2021-09-19 00:00:00,25.0,94,1007.4
2021-09-19 01:00:00,25.2,93,1008.0
2021-09-19 02:00:00,26.7,86,1008.4
2021-09-19 03:00:00,29.0,88,1008.7
2021-09-19 04:00:00,29.5,75,1009.3
2021-09-19 05:00:00,30.4,69,1009.3
2021-09-19 06:00:00,32.6,67,1008.2
2021-09-19 07:00:00,30.9,68,1008.1
2021-09-19 08:00:00,31.5,66,1007.2
2021-09-19 09:00:00,33.6,56,1005.3
2021-09-19 10:00:00,32.2,61,1005.3
2021-09-19 11:00:00,32.3,61,1004.2
2021-09-19 12:00:00,32.6,67,1004.1
2021-09-19 13:00:00,30.6,71,1004.4
2021-09-19 14:00:00,29.6,76,1005.1
2021-09-19 15:00:00,28.7,80,1006.0
2021-09-19 16:00:00,27.6,86,1006.7
2021-09-19 17:00:00,27.2,89,1006.7
2021-09-19 18:00:00,27.0,89,1006.7
2021-09-19 19:00:00,26.9,88,1006.8
2021-09-19 20:00:00,26.2,90,1007.2
2021-09-19 21:00:00,25.9,92,1006.8
2021-09-19 22:00:00,25.9,91,1006.7
2021-09-19 23:00:00,25.6,92,1006.5
2021-09-20 00:00:00,25.4,93,1006.6
2021-09-20 01:00:00,25.4,94,1007.0
2021-09-20 02:00:00,26.6,89,1007.6
2021-09-20 03:00:00,29.0,86,1007.7
2021-09-20 04:00:00,29.5,76,1008.1
2021-09-20 05:00:00,30.1,73,1007.8
2021-09-20 06:00:00,33.4,65,1006.3
2021-09-20 07:00:00,31.7,65,1006.5
2021-09-20 08:00:00,32.0,64,1005.5
2021-09-20 09:00:00,30.4,81,1004.2
2021-09-20 10:00:00,31.9,64,1003.8
2021-09-20 11:00:00,30.9,69,1003.4
2021-09-20 12:00:00,32.6,68,1002.1
2021-09-20 13:00:00,29.2,81,1003.7
2021-09-20 14:00:00,28.7,84,1004.5
2021-09-20 15:00:00,28.2,85,1005.3
2021-09-20 16:00:00,27.9,86,1006.0
2021-09-20 17:00:00,27.5,84,1006.6
2021-09-20 18:00:00,26.6,88,1006.8
2021-09-20 19:00:00,26.1,92,1007.0
2021-09-20 20:00:00,25.5,95,1006.9
2021-09-20 21:00:00,24.8,95,1005.8
2021-09-20 22:00:00,24.6,95,1005.6
2021-09-20 23:00:00,25.9,93,1004.7
2021-09-21 00:00:00,24.3,97,1006.0
2021-09-21 01:00:00,23.8,96,1006.6
2021-09-21 02:00:00,24.3,95,1007.3
2021-09-21 03:00:00,23.4,91,1008.0
2021-09-21 04:00:00,26.5,83,1007.9
2021-09-21 05:00:00,28.0,77,1007.9
2021-09-21 06:00:00,23.0,93,1008.9
2021-09-21 07:00:00,30.1,71,1006.2
2021-09-21 08:00:00,30.5,71,1005.2
2021-09-21 09:00:00,25.0,82,1004.2
2021-09-21 10:00:00,29.4,74,1003.6
2021-09-21 11:00:00,28.4,78,1003.2
2021-09-21 12:00:00,25.8,82,1002.2
2021-09-21 13:00:00,27.0,87,1003.5
2021-09-21 14:00:00,26.5,92,1004.1
2021-09-21 15:00:00,25.8,95,1004.7
2021-09-21 16:00:00,25.6,96,1005.3
2021-09-21 17:00:00,25.3,92,1005.3
2021-09-21 18:00:00,25.1,93,1005.5
2021-09-21 19:00:00,25.3,91,1005.5
2021-09-21 20:00:00,25.4,91,1005.3
2021-09-21 21:00:00,25.3,91,1004.9
2021-09-21 22:00:00,25.0,94,1004.6
2021-09-21 23:00:00,24.9,95,1004.5
2021-09-22 00:00:00,24.8,96,1004.7
2021-09-22 01:00:00,24.5,96,1005.2
2021-09-22 02:00:00,23.8,95,1005.9
2021-09-22 03:00:00,26.6,90,1004.8
2021-09-22 04:00:00,24.4,93,1007.1
2021-09-22 05:00:00,25.1,90,1007.7
2021-09-22 06:00:00,28.4,80,1005.4
2021-09-22 07:00:00,26.0,85,1007.0
2021-09-22 08:00:00,26.7,81,1005.7
2021-09-22 09:00:00,27.6,78,1004.2
2021-09-22 10:00:00,27.6,78,1003.7
2021-09-22 11:00:00,27.7,81,1002.8
2021-09-22 12:00:00,27.4,84,1003.7
2021-09-22 13:00:00,26.6,89,1003.5
2021-09-22 14:00:00,26.1,91,1004.4
2021-09-22 15:00:00,25.9,92,1005.1
2021-09-22 16:00:00,25.8,93,1005.9
2021-09-22 17:00:00,25.5,94,1006.2
2021-09-22 18:00:00,25.2,95,1006.3
2021-09-22 19:00:00,25.2,95,1006.1
2021-09-22 20:00:00,24.5,97,1006.2
2021-09-22 21:00:00,24.6,97,1006.0
2021-09-22 22:00:00,24.5,97,1005.9
2021-09-22 23:00:00,24.2,96,1005.9
2021-09-23 00:00:00,24.0,96,1006.4
2021-09-23 01:00:00,23.8,97,1007.0
2021-09-23 02:00:00,24.1,96,1008.0
2021-09-23 03:00:00,23.4,100,1009.9
2021-09-23 04:00:00,24.5,93,1009.5
2021-09-23 05:00:00,27.7,73,1009.0
2021-09-23 06:00:00,22.8,98,1008.8
2021-09-23 07:00:00,27.2,75,1009.1
2021-09-23 08:00:00,26.7,80,1008.5
2021-09-23 09:00:00,24.2,96,1006.6
2021-09-23 10:00:00,26.6,82,1006.4
2021-09-23 11:00:00,26.5,83,1006.2
2021-09-23 12:00:00,24.0,93,1005.5
2021-09-23 13:00:00,25.0,91,1006.5
2021-09-23 14:00:00,25.1,93,1006.4
2021-09-23 15:00:00,24.6,96,1007.3
2021-09-23 16:00:00,24.3,97,1008.0
2021-09-23 17:00:00,23.7,97,1008.4
2021-09-23 18:00:00,23.6,97,1009.0
2021-09-23 19:00:00,23.4,97,1009.2
2021-09-23 20:00:00,23.4,97,1009.1
2021-09-23 21:00:00,23.3,97,1008.9
2021-09-23 22:00:00,23.4,97,1008.8
2021-09-23 23:00:00,23.6,97,1008.3
2021-09-24 00:00:00,23.5,98,1008.7
2021-09-24 01:00:00,23.4,97,1009.2
2021-09-24 02:00:00,24.6,92,1009.7
2021-09-24 03:00:00,25.6,84,1009.1
2021-09-24 04:00:00,27.8,74,1010.3
2021-09-24 05:00:00,29.1,68,1010.3
2021-09-24 06:00:00,30.0,59,1008.7
2021-09-24 07:00:00,30.6,64,1008.8
2021-09-24 08:00:00,31.0,60,1007.9
2021-09-24 09:00:00,31.8,60,1006.2
2021-09-24 10:00:00,30.8,62,1005.8
2021-09-24 11:00:00,30.3,64,1004.9
2021-09-24 12:00:00,30.0,72,1005.0
2021-09-24 13:00:00,27.0,83,1004.8
2021-09-24 14:00:00,26.8,82,1005.6
2021-09-24 15:00:00,25.3,90,1006.8
2021-09-24 16:00:00,24.9,92,1007.4
2021-09-24 17:00:00,24.7,92,1007.7
2021-09-24 18:00:00,24.3,94,1007.7
2021-09-24 19:00:00,23.8,95,1007.9
2021-09-24 20:00:00,23.8,94,1007.7
2021-09-24 21:00:00,23.9,92,1007.4
2021-09-24 22:00:00,23.5,93,1007.3
2021-09-24 23:00:00,23.0,95,1007.1
2021-09-25 00:00:00,22.7,96,1007.2
2021-09-25 01:00:00,22.6,97,1007.5
2021-09-25 02:00:00,24.9,88,1007.2
2021-09-25 03:00:00,27.8,81,1006.8
2021-09-25 04:00:00,28.6,73,1007.9
2021-09-25 05:00:00,29.9,68,1007.8
2021-09-25 06:00:00,31.2,64,1006.7
2021-09-25 07:00:00,31.3,63,1006.8
2021-09-25 08:00:00,31.6,61,1005.6
2021-09-25 09:00:00,30.6,67,1004.2
2021-09-25 10:00:00,30.7,65,1003.4
2021-09-25 11:00:00,30.4,68,1003.0
2021-09-25 12:00:00,30.6,66,1002.9
2021-09-25 13:00:00,28.0,82,1003.2
2021-09-25 14:00:00,27.1,85,1003.9
2021-09-25 15:00:00,26.3,89,1004.7
2021-09-25 16:00:00,26.1,89,1005.3
2021-09-25 17:00:00,26.1,89,1005.6
2021-09-25 18:00:00,24.9,95,1005.9
2021-09-25 19:00:00,24.7,97,1006.1
2021-09-25 20:00:00,24.3,98,1006.4
2021-09-25 21:00:00,24.2,97,1006.2
2021-09-25 22:00:00,23.9,98,1006.0
2021-09-25 23:00:00,23.8,98,1005.9
2021-09-26 00:00:00,23.8,97,1006.3
2021-09-26 01:00:00,23.8,97,1006.6
2021-09-26 02:00:00,25.0,93,1007.0
2021-09-26 03:00:00,28.0,78,1007.2
2021-09-26 04:00:00,28.3,78,1007.6
2021-09-26 05:00:00,29.5,76,1007.5
2021-09-26 06:00:00,31.4,68,1006.8
2021-09-26 07:00:00,30.9,71,1006.9
2021-09-26 08:00:00,31.2,69,1005.9
2021-09-26 09:00:00,32.0,66,1004.7
2021-09-26 10:00:00,30.6,68,1004.1
2021-09-26 11:00:00,29.9,72,1004.0
2021-09-26 12:00:00,31.8,66,1003.7
2021-09-26 13:00:00,28.5,79,1004.2
2021-09-26 14:00:00,27.5,83,1005.0
2021-09-26 15:00:00,26.8,86,1005.9
2021-09-26 16:00:00,26.1,90,1006.6
2021-09-26 17:00:00,25.7,92,1007.0
2021-09-26 18:00:00,25.5,93,1007.4
2021-09-26 19:00:00,25.3,93,1007.6
2021-09-26 20:00:00,25.1,93,1007.8
2021-09-26 21:00:00,24.8,94,1007.8
2021-09-26 22:00:00,24.3,97,1007.5
2021-09-26 23:00:00,23.8,98,1006.7
2021-09-27 00:00:00,23.4,99,1006.8
2021-09-27 01:00:00,23.5,99,1007.2
2021-09-27 02:00:00,25.3,92,1007.7
2021-09-27 03:00:00,27.6,85,1007.1
2021-09-27 04:00:00,29.6,74,1008.5
2021-09-27 05:00:00,30.9,68,1008.6
2021-09-27 06:00:00,31.8,64,1007.2
2021-09-27 07:00:00,32.3,61,1007.4
2021-09-27 08:00:00,32.5,59,1005.9
2021-09-27 09:00:00,33.0,56,1004.8
2021-09-27 10:00:00,32.6,58,1004.3
2021-09-27 11:00:00,32.2,60,1003.8
2021-09-27 12:00:00,31.4,70,1003.2
2021-09-27 13:00:00,30.2,72,1004.1
2021-09-27 14:00:00,29.9,72,1004.8
2021-09-27 15:00:00,29.2,75,1005.7
2021-09-27 16:00:00,28.1,80,1006.5
2021-09-27 17:00:00,26.8,86,1007.2
2021-09-27 18:00:00,25.6,92,1008.1
2021-09-27 19:00:00,25.4,91,1008.0
2021-09-27 20:00:00,25.1,92,1007.9
2021-09-27 21:00:00,24.7,93,1007.8
2021-09-27 22:00:00,24.6,94,1007.4
2021-09-27 23:00:00,24.6,94,1007.3
2021-09-28 00:00:00,24.2,96,1007.5
2021-09-28 01:00:00,24.1,96,1007.9
2021-09-28 02:00:00,25.8,88,1008.6
2021-09-28 03:00:00,29.4,80,1008.0
2021-09-28 04:00:00,30.3,71,1009.1
2021-09-28 05:00:00,31.6,64,1009.4
2021-09-28 06:00:00,33.6,63,1008.1
2021-09-28 07:00:00,32.4,61,1008.8
2021-09-28 08:00:00,32.5,61,1007.8
2021-09-28 09:00:00,34.2,49,1005.4
2021-09-28 10:00:00,30.1,73,1006.3
2021-09-28 11:00:00,30.2,70,1006.0
2021-09-28 12:00:00,29.6,82,1005.2
2021-09-28 13:00:00,29.1,75,1005.7
2021-09-28 14:00:00,28.2,78,1006.5
2021-09-28 15:00:00,27.6,80,1007.4
2021-09-28 16:00:00,27.2,82,1008.0
2021-09-28 17:00:00,26.6,85,1008.2
2021-09-28 18:00:00,26.4,87,1008.5
2021-09-28 19:00:00,26.3,87,1008.6
2021-09-28 20:00:00,26.0,88,1008.6
2021-09-28 21:00:00,25.6,85,1008.0
2021-09-28 22:00:00,25.3,86,1007.9
2021-09-28 23:00:00,25.0,88,1008.2
2021-09-29 00:00:00,24.6,90,1008.4
2021-09-29 01:00:00,24.3,91,1008.9
2021-09-29 02:00:00,25.9,85,1009.7
2021-09-29 03:00:00,29.4,71,1009.8
2021-09-29 04:00:00,30.1,68,1010.5
2021-09-29 05:00:00,31.4,62,1010.5
2021-09-29 06:00:00,32.4,64,1009.2
2021-09-29 07:00:00,32.9,54,1008.6
2021-09-29 08:00:00,33.2,53,1007.6
2021-09-29 09:00:00,33.6,57,1007.0
2021-09-29 10:00:00,33.0,54,1006.2
2021-09-29 11:00:00,32.5,56,1005.8
2021-09-29 12:00:00,31.6,71,1006.4
2021-09-29 13:00:00,29.5,71,1006.3
2021-09-29 14:00:00,28.6,73,1007.0
2021-09-29 15:00:00,27.6,79,1008.2
2021-09-29 16:00:00,26.9,82,1008.7
2021-09-29 17:00:00,26.6,84,1009.2
2021-09-29 18:00:00,26.2,86,1009.5
2021-09-29 19:00:00,25.8,88,1009.3
2021-09-29 20:00:00,25.6,90,1009.4
2021-09-29 21:00:00,25.1,92,1009.3
2021-09-29 22:00:00,25.0,92,1009.1
2021-09-29 23:00:00,24.6,94,1009.3
2021-09-30 00:00:00,24.5,95,1009.5
2021-09-30 01:00:00,24.3,96,1010.3
2021-09-30 02:00:00,26.0,89,1010.9
2021-09-30 03:00:00,27.6,84,1011.2
2021-09-30 04:00:00,29.4,74,1011.5
2021-09-30 05:00:00,30.0,72,1011.6
2021-09-30 06:00:00,30.6,74,1010.5
2021-09-30 07:00:00,31.4,67,1010.1
2021-09-30 08:00:00,31.5,67,1008.9
2021-09-30 09:00:00,28.2,83,1008.4
2021-09-30 10:00:00,31.9,64,1007.2
2021-09-30 11:00:00,31.5,64,1006.7
2021-09-30 12:00:00,29.6,82,1006.8
2021-09-30 13:00:00,29.8,73,1007.1
2021-09-30 14:00:00,28.1,85,1008.1
2021-09-30 15:00:00,27.4,88,1009.0
2021-09-30 16:00:00,27.3,86,1009.6
2021-09-30 17:00:00,26.8,89,1009.7
2021-09-30 18:00:00,25.8,95,1010.2
2021-09-30 19:00:00,25.4,97,1009.9
2021-09-30 20:00:00,25.1,98,1009.7
2021-09-30 21:00:00,24.8,98,1009.6
2021-09-30 22:00:00,24.7,99,1009.4
2021-09-30 23:00:00,24.4,99,1009.3
2021-10-01 00:00:00,24.2,99,1009.4
2021-10-01 01:00:00,24.2,99,1009.8
2021-10-01 02:00:00,25.5,94,1010.4
2021-10-01 03:00:00,28.0,85,1010.1
2021-10-01 04:00:00,28.2,80,1011.2
2021-10-01 05:00:00,29.3,77,1011.2
2021-10-01 06:00:00,31.6,70,1009.7
2021-10-01 07:00:00,30.8,72,1009.9
2021-10-01 08:00:00,31.2,70,1008.6
2021-10-01 09:00:00,30.0,76,1007.0
2021-10-01 10:00:00,31.2,69,1006.5
2021-10-01 11:00:00,30.6,70,1006.2
2021-10-01 12:00:00,29.0,80,1005.6
2021-10-01 13:00:00,28.7,82,1006.3
2021-10-01 14:00:00,29.0,78,1007.3
2021-10-01 15:00:00,28.2,82,1008.3
2021-10-01 16:00:00,27.1,89,1008.6
2021-10-01 17:00:00,26.9,88,1008.5
2021-10-01 18:00:00,26.5,89,1008.2
2021-10-01 19:00:00,26.3,89,1008.0
2021-10-01 20:00:00,26.1,89,1007.4
2021-10-01 21:00:00,24.7,97,1007.6
2021-10-01 22:00:00,24.4,97,1007.4
2021-10-01 23:00:00,24.3,97,1007.4
2021-10-02 00:00:00,24.1,98,1007.5
2021-10-02 01:00:00,24.1,97,1008.2
2021-10-02 02:00:00,25.7,90,1008.8
2021-10-02 03:00:00,28.2,87,1008.6
2021-10-02 04:00:00,29.2,73,1009.6
2021-10-02 05:00:00,30.3,68,1009.4
2021-10-02 06:00:00,26.4,80,1008.5
2021-10-02 07:00:00,31.7,65,1008.1
2021-10-02 08:00:00,32.3,63,1007.0
2021-10-02 09:00:00,30.8,54,1006.3
2021-10-02 10:00:00,29.2,74,1006.5
2021-10-02 11:00:00,27.9,78,1005.7
2021-10-02 12:00:00,30.0,67,1005.1
2021-10-02 13:00:00,27.2,84,1005.7
2021-10-02 14:00:00,26.8,86,1006.3
2021-10-02 15:00:00,27.3,84,1007.3
2021-10-02 16:00:00,27.2,83,1007.5
2021-10-02 17:00:00,27.2,82,1007.4
2021-10-02 18:00:00,26.7,85,1007.2
2021-10-02 19:00:00,26.3,86,1006.9
2021-10-02 20:00:00,25.5,91,1006.2
2021-10-02 21:00:00,25.1,93,1005.8
2021-10-02 22:00:00,24.9,93,1005.6
2021-10-02 23:00:00,24.6,95,1005.6
2021-10-03 00:00:00,24.3,97,1005.8
2021-10-03 01:00:00,24.3,96,1006.1
2021-10-03 02:00:00,25.9,90,1006.6
2021-10-03 03:00:00,28.2,82,1006.3
2021-10-03 04:00:00,29.5,74,1007.3
2021-10-03 05:00:00,30.6,69,1007.0
2021-10-03 06:00:00,31.0,69,1005.6
2021-10-03 07:00:00,32.1,64,1005.4
2021-10-03 08:00:00,32.6,62,1004.3
2021-10-03 09:00:00,32.4,61,1002.7
2021-10-03 10:00:00,31.6,63,1003.0
2021-10-03 11:00:00,30.2,70,1003.2
2021-10-03 12:00:00,32.6,63,1002.4
2021-10-03 13:00:00,28.2,82,1003.4
2021-10-03 14:00:00,27.7,84,1003.9
2021-10-03 15:00:00,27.0,86,1004.5
2021-10-03 16:00:00,26.6,88,1004.9
2021-10-03 17:00:00,26.6,86,1005.1
2021-10-03 18:00:00,26.2,89,1004.6
2021-10-03 19:00:00,25.7,91,1004.3
2021-10-03 20:00:00,25.6,92,1004.0
2021-10-03 21:00:00,25.3,94,1003.8
2021-10-03 22:00:00,25.0,95,1003.4
2021-10-03 23:00:00,24.8,95,1003.3
2021-10-04 00:00:00,24.6,96,1003.7
2021-10-04 01:00:00,24.2,97,1004.5
2021-10-04 02:00:00,25.9,89,1004.9
2021-10-04 03:00:00,28.8,78,1005.0
2021-10-04 04:00:00,30.3,68,1005.5
2021-10-04 05:00:00,31.6,62,1005.4
2021-10-04 06:00:00,31.4,62,1005.4
2021-10-04 07:00:00,32.9,55,1004.2
2021-10-04 08:00:00,33.4,53,1003.5
2021-10-04 09:00:00,33.6,55,1003.1
2021-10-04 10:00:00,33.5,50,1002.5
2021-10-04 11:00:00,33.2,51,1002.4
2021-10-04 12:00:00,31.8,63,1002.2
2021-10-04 13:00:00,28.8,72,1003.6
2021-10-04 14:00:00,27.9,78,1004.1
2021-10-04 15:00:00,27.1,83,1004.8
2021-10-04 16:00:00,26.6,86,1005.4
2021-10-04 17:00:00,26.1,89,1005.8
2021-10-04 18:00:00,25.8,90,1005.7
2021-10-04 19:00:00,25.6,91,1005.8
2021-10-04 20:00:00,25.4,92,1005.9
2021-10-04 21:00:00,24.6,92,1005.8
2021-10-04 22:00:00,24.4,93,1006.1
2021-10-04 23:00:00,24.2,93,1006.2
2021-10-05 00:00:00,24.0,94,1006.7
2021-10-05 01:00:00,23.9,93,1007.5
2021-10-05 02:00:00,25.2,87,1008.9
2021-10-05 03:00:00,27.8,69,1008.9
2021-10-05 04:00:00,27.0,80,1010.2
2021-10-05 05:00:00,28.6,73,1010.4
2021-10-05 06:00:00,32.0,57,1009.4
2021-10-05 07:00:00,31.9,57,1009.3
2021-10-05 08:00:00,32.1,56,1008.2
2021-10-05 09:00:00,33.4,54,1007.2
2021-10-05 10:00:00,31.6,54,1007.0
2021-10-05 11:00:00,31.1,58,1006.7
2021-10-05 12:00:00,31.4,61,1006.4
2021-10-05 13:00:00,28.1,77,1007.1
2021-10-05 14:00:00,27.3,80,1007.6
2021-10-05 15:00:00,26.3,83,1008.5
2021-10-05 16:00:00,26.3,82,1008.8
2021-10-05 17:00:00,25.5,86,1008.9
2021-10-05 18:00:00,24.9,88,1009.1
2021-10-05 19:00:00,24.4,91,1009.1
2021-10-05 20:00:00,24.0,92,1008.9
2021-10-05 21:00:00,23.6,93,1008.9
2021-10-05 22:00:00,23.4,93,1008.9
2021-10-05 23:00:00,23.0,94,1009.0
2021-10-06 00:00:00,22.9,94,1009.0
2021-10-06 01:00:00,22.5,97,1009.5
2021-10-06 02:00:00,24.6,90,1010.0
2021-10-06 03:00:00,27.4,81,1010.5
2021-10-06 04:00:00,29.4,67,1011.0
2021-10-06 05:00:00,30.6,62,1010.7
2021-10-06 06:00:00,31.6,56,1009.4
2021-10-06 07:00:00,32.4,51,1009.0
2021-10-06 08:00:00,32.8,47,1007.7
2021-10-06 09:00:00,33.0,50,1006.5
2021-10-06 10:00:00,32.9,48,1005.8
2021-10-06 11:00:00,32.2,51,1005.4
2021-10-06 12:00:00,30.8,60,1005.5
2021-10-06 13:00:00,28.3,66,1005.4
2021-10-06 14:00:00,27.0,73,1006.0
2021-10-06 15:00:00,25.8,80,1006.5
2021-10-06 16:00:00,25.1,84,1006.7
2021-10-06 17:00:00,25.8,78,1006.7
2021-10-06 18:00:00,25.3,80,1006.7
2021-10-06 19:00:00,24.8,83,1006.6
2021-10-06 20:00:00,23.7,87,1006.4
2021-10-06 21:00:00,23.5,88,1006.3
2021-10-06 22:00:00,23.1,90,1006.3
2021-10-06 23:00:00,22.7,91,1006.4
2021-10-07 00:00:00,22.5,92,1006.8
2021-10-07 01:00:00,21.7,94,1007.3
2021-10-07 02:00:00,23.2,89,1007.8
2021-10-07 03:00:00,27.4,80,1007.7
2021-10-07 04:00:00,28.4,63,1008.3
2021-10-07 05:00:00,30.1,55,1008.1
2021-10-07 06:00:00,32.0,55,1007.1
2021-10-07 07:00:00,32.3,47,1007.4
2021-10-07 08:00:00,32.8,44,1006.5
2021-10-07 09:00:00,32.6,52,1004.9
2021-10-07 10:00:00,32.6,44,1005.0
2021-10-07 11:00:00,31.9,46,1004.7
2021-10-07 12:00:00,31.4,61,1004.1
2021-10-07 13:00:00,27.9,64,1004.5
2021-10-07 14:00:00,28.1,62,1004.8
2021-10-07 15:00:00,26.8,68,1005.2
2021-10-07 16:00:00,25.8,74,1005.5
2021-10-07 17:00:00,25.1,77,1005.5
2021-10-07 18:00:00,24.3,81,1005.3
2021-10-07 19:00:00,23.9,82,1004.8
2021-10-07 20:00:00,23.7,82,1004.3
2021-10-07 21:00:00,23.9,85,1004.1
2021-10-07 22:00:00,23.7,86,1004.1
2021-10-07 23:00:00,23.2,88,1004.4
2021-10-08 00:00:00,23.3,88,1004.6
2021-10-08 01:00:00,22.8,89,1005.2
2021-10-08 02:00:00,23.8,87,1005.9
2021-10-08 03:00:00,26.8,83,1006.1
2021-10-08 04:00:00,29.0,63,1007.0
2021-10-08 05:00:00,30.6,55,1007.2
2021-10-08 06:00:00,32.0,57,1006.0
2021-10-08 07:00:00,32.7,46,1006.2
2021-10-08 08:00:00,33.3,43,1005.4
2021-10-08 09:00:00,34.2,44,1003.9
2021-10-08 10:00:00,33.5,40,1004.0
2021-10-08 11:00:00,32.8,43,1003.8
2021-10-08 12:00:00,32.0,55,1003.8
2021-10-08 13:00:00,28.2,60,1003.8
2021-10-08 14:00:00,26.4,70,1004.2
2021-10-08 15:00:00,26.4,73,1004.7
2021-10-08 16:00:00,25.3,81,1005.1
2021-10-08 17:00:00,24.6,84,1005.0
2021-10-08 18:00:00,24.2,86,1004.8
2021-10-08 19:00:00,23.9,87,1004.7
2021-10-08 20:00:00,23.6,88,1004.5
2021-10-08 21:00:00,23.7,86,1004.5
2021-10-08 22:00:00,23.3,88,1004.5
2021-10-08 23:00:00,22.7,90,1004.7
2021-10-09 00:00:00,22.6,90,1005.2
2021-10-09 01:00:00,21.7,94,1005.6
2021-10-09 02:00:00,23.8,85,1006.0
2021-10-09 03:00:00,27.0,77,1006.5
2021-10-09 04:00:00,29.4,61,1006.9
2021-10-09 05:00:00,31.1,55,1007.0
2021-10-09 06:00:00,33.0,52,1006.2
2021-10-09 07:00:00,33.3,46,1006.0
2021-10-09 08:00:00,34.0,43,1005.1
2021-10-09 09:00:00,34.6,42,1004.2
2021-10-09 10:00:00,33.8,40,1004.3
2021-10-09 11:00:00,33.0,43,1004.2
2021-10-09 12:00:00,32.0,52,1004.4
2021-10-09 13:00:00,27.8,65,1004.4
2021-10-09 14:00:00,27.1,69,1004.9
2021-10-09 15:00:00,26.3,71,1005.5
2021-10-09 16:00:00,25.1,77,1005.8
2021-10-09 17:00:00,24.3,80,1005.8
2021-10-09 18:00:00,23.7,82,1005.9
2021-10-09 19:00:00,23.0,85,1005.6
2021-10-09 20:00:00,22.8,86,1005.3
2021-10-09 21:00:00,22.8,86,1004.9
2021-10-09 22:00:00,21.8,90,1005.0
2021-10-09 23:00:00,21.2,92,1005.3
2021-10-10 00:00:00,20.9,95,1005.3
2021-10-10 01:00:00,20.5,96,1005.9
2021-10-10 02:00:00,22.6,88,1006.5
2021-10-10 03:00:00,27.6,72,1007.2
2021-10-10 04:00:00,29.1,62,1007.5
2021-10-10 05:00:00,31.1,53,1007.5
2021-10-10 06:00:00,33.6,47,1006.8
2021-10-10 07:00:00,33.5,42,1006.3
2021-10-10 08:00:00,34.2,39,1005.5
2021-10-10 09:00:00,34.6,46,1004.3
2021-10-10 10:00:00,34.5,36,1004.1
2021-10-10 11:00:00,34.0,38,1003.9
2021-10-10 12:00:00,33.0,53,1003.7
2021-10-10 13:00:00,28.5,60,1004.4
2021-10-10 14:00:00,27.2,65,1005.2
2021-10-10 15:00:00,26.2,68,1005.5
2021-10-10 16:00:00,25.4,71,1005.7
2021-10-10 17:00:00,25.0,72,1005.5
2021-10-10 18:00:00,24.5,72,1005.2
2021-10-10 19:00:00,24.4,70,1004.8
2021-10-10 20:00:00,23.9,70,1004.6
2021-10-10 21:00:00,24.0,79,1004.6
2021-10-10 22:00:00,23.7,79,1004.5
2021-10-10 23:00:00,23.4,79,1004.6
2021-10-11 00:00:00,23.1,81,1004.9
2021-10-11 01:00:00,22.8,83,1005.6
2021-10-11 02:00:00,24.4,77,1006.2
2021-10-11 03:00:00,27.4,66,1006.7
2021-10-11 04:00:00,29.1,57,1007.2
2021-10-11 05:00:00,31.1,47,1007.0
2021-10-11 06:00:00,32.8,46,1006.3
2021-10-11 07:00:00,33.5,34,1005.9
2021-10-11 08:00:00,34.1,33,1005.1
2021-10-11 09:00:00,35.6,31,1004.1
2021-10-11 10:00:00,34.2,32,1004.0
2021-10-11 11:00:00,33.3,36,1003.9
2021-10-11 12:00:00,33.4,48,1003.8
2021-10-11 13:00:00,27.5,51,1004.2
2021-10-11 14:00:00,26.0,56,1004.8
2021-10-11 15:00:00,25.9,65,1005.3
2021-10-11 16:00:00,25.0,69,1005.5
2021-10-11 17:00:00,24.8,69,1005.4
2021-10-11 18:00:00,24.5,68,1005.4
2021-10-11 19:00:00,24.0,67,1005.3
2021-10-11 20:00:00,23.1,70,1005.3
2021-10-11 21:00:00,22.4,74,1005.3
2021-10-11 22:00:00,21.7,78,1005.2
2021-10-11 23:00:00,20.9,84,1005.3
2021-10-12 00:00:00,20.9,88,1005.5
2021-10-12 01:00:00,20.7,88,1006.0
2021-10-12 02:00:00,22.8,78,1006.5
2021-10-12 03:00:00,25.0,68,1007.5
2021-10-12 04:00:00,29.0,56,1007.6
2021-10-12 05:00:00,31.4,48,1007.7
2021-10-12 06:00:00,31.8,52,1007.4
2021-10-12 07:00:00,34.4,34,1006.5
2021-10-12 08:00:00,34.9,30,1005.5
2021-10-12 09:00:00,34.6,41,1005.0
2021-10-12 10:00:00,34.4,27,1004.6
2021-10-12 11:00:00,33.2,35,1004.7
2021-10-12 12:00:00,31.6,44,1004.9
2021-10-12 13:00:00,26.9,55,1005.0
2021-10-12 14:00:00,25.5,62,1005.8
2021-10-12 15:00:00,24.9,64,1006.3
2021-10-12 16:00:00,24.5,62,1006.4
2021-10-12 17:00:00,24.1,62,1006.5
2021-10-12 18:00:00,21.6,75,1006.7
2021-10-12 19:00:00,21.5,72,1006.4
2021-10-12 20:00:00,21.1,73,1006.3
2021-10-12 21:00:00,21.5,71,1006.3
2021-10-12 22:00:00,21.7,70,1006.4
2021-10-12 23:00:00,21.1,73,1006.4
2021-10-13 00:00:00,20.5,76,1006.8
2021-10-13 01:00:00,20.0,79,1007.2
2021-10-13 02:00:00,20.5,79,1008.0
2021-10-13 03:00:00,23.6,83,1009.1
2021-10-13 04:00:00,25.9,64,1008.7
2021-10-13 05:00:00,28.2,54,1008.4
2021-10-13 06:00:00,30.0,50,1008.2
2021-10-13 07:00:00,31.2,39,1007.2
2021-10-13 08:00:00,31.7,37,1006.3
2021-10-13 09:00:00,32.2,32,1005.7
2021-10-13 10:00:00,31.6,36,1004.9
2021-10-13 11:00:00,30.3,46,1005.0
2021-10-13 12:00:00,29.6,49,1005.5
2021-10-13 13:00:00,25.1,59,1005.9
2021-10-13 14:00:00,24.1,62,1006.9
2021-10-13 15:00:00,23.0,65,1007.1
2021-10-13 16:00:00,21.8,68,1007.3
2021-10-13 17:00:00,20.8,75,1007.3
2021-10-13 18:00:00,20.4,78,1007.4
2021-10-13 19:00:00,20.4,79,1007.3
2021-10-13 20:00:00,20.2,82,1007.3
2021-10-13 21:00:00,19.1,82,1006.9
2021-10-13 22:00:00,18.7,84,1007.0
2021-10-13 23:00:00,18.4,86,1007.3
2021-10-14 00:00:00,17.9,86,1007.7
2021-10-14 01:00:00,17.7,86,1008.1
2021-10-14 02:00:00,19.8,78,1008.7
2021-10-14 03:00:00,24.2,75,1009.0
2021-10-14 04:00:00,25.6,60,1009.1
2021-10-14 05:00:00,28.1,50,1008.9
2021-10-14 06:00:00,31.0,39,1007.9
2021-10-14 07:00:00,30.8,38,1007.3
2021-10-14 08:00:00,31.5,35,1006.4
2021-10-14 09:00:00,32.8,34,1005.5
2021-10-14 10:00:00,31.5,35,1005.3
2021-10-14 11:00:00,30.1,46,1005.1
2021-10-14 12:00:00,29.6,42,1005.2
2021-10-14 13:00:00,24.3,63,1005.2
2021-10-14 14:00:00,23.5,63,1005.6
2021-10-14 15:00:00,23.8,65,1005.8
2021-10-14 16:00:00,22.9,66,1006.0
2021-10-14 17:00:00,22.0,69,1006.0
2021-10-14 18:00:00,20.9,75,1005.9
2021-10-14 19:00:00,20.2,78,1005.7
2021-10-14 20:00:00,19.7,79,1005.6
2021-10-14 21:00:00,19.3,80,1005.2
2021-10-14 22:00:00,19.2,80,1004.9
2021-10-14 23:00:00,19.2,78,1004.9
2021-10-15 00:00:00,19.0,78,1004.9
2021-10-15 01:00:00,18.5,79,1005.3
2021-10-15 02:00:00,20.5,72,1005.9
2021-10-15 03:00:00,25.6,58,1005.8
2021-10-15 04:00:00,26.1,56,1006.4
2021-10-15 05:00:00,28.6,47,1006.1
2021-10-15 06:00:00,32.0,38,1004.8
2021-10-15 07:00:00,31.7,35,1004.8
2021-10-15 08:00:00,32.4,32,1003.9
2021-10-15 09:00:00,34.6,36,1002.4
2021-10-15 10:00:00,32.5,33,1003.0
2021-10-15 11:00:00,31.0,45,1002.8
2021-10-15 12:00:00,31.6,44,1002.5
2021-10-15 13:00:00,25.8,57,1003.4
2021-10-15 14:00:00,24.2,64,1004.0
2021-10-15 15:00:00,23.1,67,1004.2
2021-10-15 16:00:00,22.3,67,1004.3
2021-10-15 17:00:00,21.4,70,1004.4
2021-10-15 18:00:00,22.0,76,1004.5
2021-10-15 19:00:00,23.0,71,1004.4
2021-10-15 20:00:00,22.3,74,1004.4
2021-10-15 21:00:00,21.3,78,1004.3
2021-10-15 22:00:00,21.0,78,1004.3
2021-10-15 23:00:00,20.1,83,1004.5
2021-10-16 00:00:00,19.6,85,1004.9
2021-10-16 01:00:00,19.7,84,1005.3
2021-10-16 02:00:00,20.8,81,1006.0
2021-10-16 03:00:00,25.0,70,1006.6
2021-10-16 04:00:00,26.7,58,1007.1
2021-10-16 05:00:00,29.1,50,1007.4
2021-10-16 06:00:00,32.6,40,1006.8
2021-10-16 07:00:00,32.1,38,1006.5
2021-10-16 08:00:00,32.7,36,1005.5
2021-10-16 09:00:00,34.8,35,1004.3
2021-10-16 10:00:00,32.5,37,1004.4
2021-10-16 11:00:00,31.3,46,1004.4
2021-10-16 12:00:00,31.6,37,1004.1
2021-10-16 13:00:00,26.2,60,1004.3
2021-10-16 14:00:00,25.2,66,1005.0
2021-10-16 15:00:00,24.3,72,1005.5
2021-10-16 16:00:00,23.4,74,1005.8
2021-10-16 17:00:00,23.0,71,1006.2
2021-10-16 18:00:00,22.2,71,1006.3
2021-10-16 19:00:00,22.1,72,1006.4
2021-10-16 20:00:00,22.8,71,1006.5
2021-10-16 21:00:00,22.9,73,1006.2
2021-10-16 22:00:00,21.5,85,1005.7
2021-10-16 23:00:00,21.6,84,1006.5
2021-10-17 00:00:00,21.9,84,1006.7
2021-10-17 01:00:00,21.9,84,1008.2
2021-10-17 02:00:00,23.1,79,1008.4
2021-10-17 03:00:00,24.4,80,1009.3
2021-10-17 04:00:00,26.3,67,1010.0
2021-10-17 05:00:00,27.2,61,1010.4
2021-10-17 06:00:00,29.0,61,1009.0
2021-10-17 07:00:00,27.3,62,1009.1
2021-10-17 08:00:00,26.1,69,1008.5
2021-10-17 09:00:00,27.6,61,1007.1
2021-10-17 10:00:00,24.7,78,1007.1
2021-10-17 11:00:00,23.9,74,1007.0
2021-10-17 12:00:00,25.0,80,1006.9
2021-10-17 13:00:00,22.0,87,1007.1
2021-10-17 14:00:00,21.6,90,1007.8
2021-10-17 15:00:00,21.6,89,1008.3
2021-10-17 16:00:00,22.4,95,1007.9
2021-10-17 17:00:00,22.2,96,1008.3
2021-10-17 18:00:00,22.1,97,1008.4
2021-10-17 19:00:00,21.9,95,1007.7
2021-10-17 20:00:00,21.2,93,1007.2
2021-10-17 21:00:00,20.9,93,1006.8
2021-10-17 22:00:00,20.9,92,1006.4
2021-10-17 23:00:00,20.9,88,1006.2
2021-10-18 00:00:00,21.1,86,1006.2
2021-10-18 01:00:00,20.5,94,1006.7
2021-10-18 02:00:00,20.6,95,1006.5
2021-10-18 03:00:00,23.0,81,1007.2
2021-10-18 04:00:00,21.3,95,1007.6
2021-10-18 05:00:00,21.4,95,1007.5
2021-10-18 06:00:00,24.8,70,1007.4
2021-10-18 07:00:00,21.7,93,1006.2
2021-10-18 08:00:00,21.7,91,1005.1
2021-10-18 09:00:00,27.4,59,1005.0
2021-10-18 10:00:00,22.3,85,1005.1
2021-10-18 11:00:00,22.6,82,1004.9
2021-10-18 12:00:00,26.6,62,1004.3
2021-10-18 13:00:00,21.0,90,1004.8
2021-10-18 14:00:00,20.4,93,1005.5
2021-10-18 15:00:00,20.1,94,1006.1
2021-10-18 16:00:00,19.6,95,1006.7
2021-10-18 17:00:00,20.2,92,1007.2
2021-10-18 18:00:00,19.3,94,1007.5
2021-10-18 19:00:00,19.1,94,1007.7
2021-10-18 20:00:00,18.4,96,1007.4
2021-10-18 21:00:00,18.5,95,1006.9
2021-10-18 22:00:00,18.2,96,1006.5
2021-10-18 23:00:00,18.0,97,1006.6
2021-10-19 00:00:00,17.9,98,1007.1
2021-10-19 01:00:00,18.2,99,1007.7
2021-10-19 02:00:00,19.6,96,1008.2
2021-10-19 03:00:00,23.0,86,1008.4
2021-10-19 04:00:00,24.4,72,1008.7
2021-10-19 05:00:00,26.3,64,1008.5
2021-10-19 06:00:00,28.8,56,1007.9
2021-10-19 07:00:00,28.8,53,1007.4
2021-10-19 08:00:00,29.5,49,1006.6
2021-10-19 09:00:00,30.6,44,1005.8
2021-10-19 10:00:00,29.7,46,1005.6
2021-10-19 11:00:00,28.7,51,1005.6
2021-10-19 12:00:00,27.8,52,1005.7
2021-10-19 13:00:00,24.4,68,1006.1
2021-10-19 14:00:00,23.2,72,1007.0
2021-10-19 15:00:00,21.8,77,1007.7
2021-10-19 16:00:00,22.1,74,1008.4
2021-10-19 17:00:00,22.6,70,1009.0
2021-10-19 18:00:00,21.7,74,1009.0
2021-10-19 19:00:00,21.0,78,1009.0
2021-10-19 20:00:00,20.4,81,1009.0
2021-10-19 21:00:00,19.6,86,1009.2
2021-10-19 22:00:00,19.1,92,1008.9
2021-10-19 23:00:00,19.2,90,1008.9
2021-10-20 00:00:00,19.2,88,1009.2
2021-10-20 01:00:00,19.3,86,1009.8
2021-10-20 02:00:00,19.5,87,1010.5
2021-10-20 03:00:00,22.6,78,1011.8
2021-10-20 04:00:00,24.5,69,1011.6
2021-10-20 05:00:00,26.8,61,1011.5
2021-10-20 06:00:00,30.2,40,1011.1
2021-10-20 07:00:00,30.0,46,1010.6
2021-10-20 08:00:00,31.0,40,1009.6
2021-10-20 09:00:00,32.2,31,1008.5
2021-10-20 10:00:00,31.3,35,1008.2
2021-10-20 11:00:00,29.5,48,1008.1
2021-10-20 12:00:00,29.8,42,1008.4
2021-10-20 13:00:00,23.8,67,1009.0
2021-10-20 14:00:00,22.8,68,1009.6
2021-10-20 15:00:00,22.9,67,1010.0
2021-10-20 16:00:00,20.8,76,1010.7
2021-10-20 17:00:00,20.7,76,1010.8
2021-10-20 18:00:00,19.7,83,1010.8
2021-10-20 19:00:00,20.5,78,1010.5
2021-10-20 20:00:00,20.7,77,1010.2
2021-10-20 21:00:00,20.1,79,1010.0
2021-10-20 22:00:00,19.4,81,1009.9
2021-10-20 23:00:00,19.4,81,1009.7
2021-10-21 00:00:00,19.3,82,1009.9
2021-10-21 01:00:00,18.9,83,1009.9
2021-10-21 02:00:00,19.0,88,1010.2
2021-10-21 03:00:00,22.0,72,1010.9
2021-10-21 04:00:00,25.2,66,1011.2
2021-10-21 05:00:00,27.5,55,1011.0
2021-10-21 06:00:00,29.8,41,1010.2
2021-10-21 07:00:00,30.3,38,1009.3
2021-10-21 08:00:00,31.1,33,1008.3
2021-10-21 09:00:00,32.2,31,1007.3
2021-10-21 10:00:00,31.0,33,1007.5
2021-10-21 11:00:00,29.1,54,1007.6
2021-10-21 12:00:00,29.6,38,1007.4
2021-10-21 13:00:00,24.0,54,1008.0
2021-10-21 14:00:00,21.7,59,1008.8
2021-10-21 15:00:00,20.5,59,1009.1
2021-10-21 16:00:00,19.6,61,1009.2
2021-10-21 17:00:00,18.9,64,1009.1
2021-10-21 18:00:00,18.2,67,1009.1
2021-10-21 19:00:00,19.7,60,1009.0
2021-10-21 20:00:00,20.9,55,1008.7
2021-10-21 21:00:00,20.3,58,1008.7
2021-10-21 22:00:00,20.0,60,1008.6
2021-10-21 23:00:00,18.6,66,1008.5
2021-10-22 00:00:00,16.9,74,1008.8
2021-10-22 01:00:00,15.8,81,1009.3
2021-10-22 02:00:00,17.3,75,1010.0
2021-10-22 03:00:00,22.6,57,1010.6
2021-10-22 04:00:00,24.0,50,1011.1
2021-10-22 05:00:00,26.4,45,1010.9
2021-10-22 06:00:00,29.6,41,1010.1
2021-10-22 07:00:00,29.5,39,1009.8
2021-10-22 08:00:00,30.3,37,1008.9
2021-10-22 09:00:00,32.6,30,1007.9
2021-10-22 10:00:00,30.2,37,1007.6
2021-10-22 11:00:00,28.6,48,1007.6
2021-10-22 12:00:00,29.4,40,1007.8
2021-10-22 13:00:00,23.3,66,1008.6
2021-10-22 14:00:00,22.6,69,1009.5
2021-10-22 15:00:00,22.5,65,1009.6
2021-10-22 16:00:00,21.9,69,1009.8
2021-10-22 17:00:00,21.6,70,1009.9
2021-10-22 18:00:00,21.8,68,1010.1
2021-10-22 19:00:00,21.5,69,1009.7
2021-10-22 20:00:00,21.1,70,1009.6
2021-10-22 21:00:00,20.7,72,1009.7
2021-10-22 22:00:00,20.1,75,1009.9
2021-10-22 23:00:00,19.9,75,1010.0
2021-10-23 00:00:00,19.8,77,1010.5
2021-10-23 01:00:00,20.0,77,1010.9
2021-10-23 02:00:00,20.9,73,1011.6
2021-10-23 03:00:00,23.8,66,1012.0
2021-10-23 04:00:00,23.7,65,1012.8
2021-10-23 05:00:00,25.7,55,1012.5
2021-10-23 06:00:00,29.8,40,1011.5
2021-10-23 07:00:00,29.0,46,1010.8
2021-10-23 08:00:00,29.7,43,1009.6
2021-10-23 09:00:00,30.8,36,1009.1
2021-10-23 10:00:00,29.1,41,1008.8
2021-10-23 11:00:00,27.9,44,1008.8
2021-10-23 12:00:00,28.0,47,1008.8
2021-10-23 13:00:00,19.4,90,1012.8
2021-10-23 14:00:00,19.2,88,1013.5
2021-10-23 15:00:00,18.7,93,1014.8
2021-10-23 16:00:00,19.1,86,1014.6
2021-10-23 17:00:00,18.8,82,1014.5
2021-10-23 18:00:00,18.3,90,1015.0
2021-10-23 19:00:00,18.0,91,1014.2
2021-10-23 20:00:00,18.0,91,1012.8
2021-10-23 21:00:00,18.0,90,1013.9
2021-10-23 22:00:00,17.9,91,1013.4
2021-10-23 23:00:00,17.5,90,1013.3
2021-10-24 00:00:00,17.2,91,1013.6
2021-10-24 01:00:00,17.3,93,1014.5
2021-10-24 02:00:00,17.3,92,1014.0
2021-10-24 03:00:00,17.0,92,1015.4
2021-10-24 04:00:00,19.2,89,1016.5
2021-10-24 05:00:00,19.1,93,1015.3
2021-10-24 06:00:00,17.0,96,1016.9
2021-10-24 07:00:00,22.4,75,1014.6
2021-10-24 08:00:00,23.0,71,1013.7
2021-10-24 09:00:00,18.6,86,1016.0
2021-10-24 10:00:00,18.8,91,1015.2
2021-10-24 11:00:00,19.1,87,1014.9
2021-10-24 12:00:00,19.2,72,1015.6
2021-10-24 13:00:00,18.4,91,1015.5
2021-10-24 14:00:00,18.1,92,1016.2
2021-10-24 15:00:00,18.1,92,1016.9
2021-10-24 16:00:00,18.0,93,1016.9
2021-10-24 17:00:00,17.3,95,1016.9
2021-10-24 18:00:00,16.4,96,1017.1
2021-10-24 19:00:00,15.5,95,1016.7
2021-10-24 20:00:00,15.1,96,1016.5
2021-10-24 21:00:00,14.8,97,1016.2
2021-10-24 22:00:00,14.9,97,1015.9
2021-10-24 23:00:00,14.9,96,1015.7
2021-10-25 00:00:00,14.9,95,1015.8
2021-10-25 01:00:00,14.9,94,1016.1
2021-10-25 02:00:00,15.7,89,1016.9
2021-10-25 03:00:00,19.0,74,1017.0
2021-10-25 04:00:00,20.0,74,1017.0
2021-10-25 05:00:00,22.4,63,1016.8
2021-10-25 06:00:00,25.0,43,1016.5
2021-10-25 07:00:00,25.3,53,1015.4
2021-10-25 08:00:00,25.9,51,1014.3
2021-10-25 09:00:00,26.8,44,1013.8
2021-10-25 10:00:00,25.9,51,1013.0
2021-10-25 11:00:00,24.7,60,1012.8
2021-10-25 12:00:00,24.2,56,1013.0
2021-10-25 13:00:00,20.1,79,1013.2
2021-10-25 14:00:00,19.4,80,1013.7
2021-10-25 15:00:00,18.8,80,1013.8
2021-10-25 16:00:00,18.4,80,1014.2
2021-10-25 17:00:00,17.8,80,1014.2
2021-10-25 18:00:00,17.1,81,1014.0
2021-10-25 19:00:00,16.5,83,1013.7
2021-10-25 20:00:00,15.7,87,1013.3
2021-10-25 21:00:00,15.2,90,1013.1
2021-10-25 22:00:00,14.9,92,1012.6
2021-10-25 23:00:00,14.6,93,1012.7
2021-10-26 00:00:00,14.3,93,1012.9
2021-10-26 01:00:00,14.0,93,1013.4
2021-10-26 02:00:00,14.9,89,1014.1
2021-10-26 03:00:00,20.0,71,1014.7
2021-10-26 04:00:00,19.6,71,1015.0
2021-10-26 05:00:00,21.8,62,1014.9
2021-10-26 06:00:00,25.2,37,1014.4
2021-10-26 07:00:00,24.7,46,1013.7
2021-10-26 08:00:00,25.3,42,1012.8
2021-10-26 09:00:00,26.8,34,1012.0
2021-10-26 10:00:00,25.0,43,1011.9
2021-10-26 11:00:00,23.5,55,1012.0
2021-10-26 12:00:00,23.2,48,1012.2
2021-10-26 13:00:00,18.2,72,1012.8
2021-10-26 14:00:00,17.3,76,1013.4
2021-10-26 15:00:00,16.4,80,1014.0
2021-10-26 16:00:00,16.3,80,1014.9
2021-10-26 17:00:00,15.6,82,1015.2
2021-10-26 18:00:00,15.1,84,1015.3
2021-10-26 19:00:00,15.0,83,1015.1
2021-10-26 20:00:00,15.2,82,1015.0
2021-10-26 21:00:00,14.7,84,1014.8
2021-10-26 22:00:00,13.7,89,1014.9
2021-10-26 23:00:00,13.6,90,1015.2
2021-10-27 00:00:00,13.3,92,1015.4
2021-10-27 01:00:00,13.3,91,1015.8
2021-10-27 02:00:00,15.0,87,1016.5
2021-10-27 03:00:00,19.0,77,1017.6
2021-10-27 04:00:00,20.5,68,1017.3
2021-10-27 05:00:00,22.7,61,1017.1
2021-10-27 06:00:00,25.6,42,1016.8
2021-10-27 07:00:00,25.5,49,1015.8
2021-10-27 08:00:00,26.1,46,1014.7
2021-10-27 09:00:00,27.4,35,1013.9
2021-10-27 10:00:00,25.9,45,1014.0
2021-10-27 11:00:00,24.3,54,1013.7
2021-10-27 12:00:00,23.8,51,1013.7
2021-10-27 13:00:00,20.2,66,1014.1
2021-10-27 14:00:00,18.9,73,1014.8
2021-10-27 15:00:00,17.6,79,1015.3
2021-10-27 16:00:00,16.6,84,1015.5
2021-10-27 17:00:00,16.1,86,1015.8
2021-10-27 18:00:00,15.8,87,1015.6
2021-10-27 19:00:00,14.9,90,1015.0
2021-10-27 20:00:00,14.6,90,1014.7
2021-10-27 21:00:00,14.5,90,1014.5
2021-10-27 22:00:00,14.4,91,1014.3
2021-10-27 23:00:00,13.9,91,1014.5
2021-10-28 00:00:00,13.7,92,1015.0
2021-10-28 01:00:00,13.3,93,1015.6
2021-10-28 02:00:00,14.9,89,1016.1
2021-10-28 03:00:00,20.0,78,1016.8
2021-10-28 04:00:00,20.4,69,1016.7
2021-10-28 05:00:00,22.7,58,1016.8
2021-10-28 06:00:00,27.0,40,1016.3
2021-10-28 07:00:00,25.5,47,1015.8
2021-10-28 08:00:00,26.2,43,1015.0
2021-10-28 09:00:00,28.6,32,1014.2
2021-10-28 10:00:00,26.0,44,1014.2
2021-10-28 11:00:00,24.4,53,1014.1
2021-10-28 12:00:00,24.6,51,1014.2
2021-10-28 13:00:00,19.6,71,1014.9
2021-10-28 14:00:00,18.4,76,1015.5
2021-10-28 15:00:00,17.5,78,1015.8
2021-10-28 16:00:00,16.6,79,1015.9
2021-10-28 17:00:00,15.9,82,1015.9
2021-10-28 18:00:00,15.3,85,1015.8
2021-10-28 19:00:00,14.8,88,1015.6
2021-10-28 20:00:00,14.4,89,1015.4
2021-10-28 21:00:00,14.3,88,1015.3
2021-10-28 22:00:00,14.8,89,1015.4
2021-10-28 23:00:00,14.3,91,1015.5
2021-10-29 00:00:00,13.4,93,1016.0
2021-10-29 01:00:00,13.1,94,1016.6
2021-10-29 02:00:00,14.6,93,1017.2
2021-10-29 03:00:00,19.2,76,1019.0
2021-10-29 04:00:00,20.5,75,1018.4
2021-10-29 05:00:00,23.1,64,1018.5
2021-10-29 06:00:00,26.4,48,1018.1
2021-10-29 07:00:00,26.3,49,1017.3
2021-10-29 08:00:00,27.0,46,1016.4
2021-10-29 09:00:00,28.8,40,1015.5
2021-10-29 10:00:00,26.7,45,1015.6
2021-10-29 11:00:00,24.8,61,1015.7
2021-10-29 12:00:00,25.0,50,1015.9
2021-10-29 13:00:00,19.4,71,1016.4
2021-10-29 14:00:00,18.0,79,1017.0
2021-10-29 15:00:00,17.1,82,1017.5
2021-10-29 16:00:00,16.5,85,1018.1
2021-10-29 17:00:00,15.7,88,1018.2
2021-10-29 18:00:00,15.2,89,1018.0
2021-10-29 19:00:00,14.7,91,1017.5
2021-10-29 20:00:00,14.3,91,1017.0
2021-10-29 21:00:00,14.0,92,1016.8
2021-10-29 22:00:00,13.9,92,1016.5
2021-10-29 23:00:00,14.0,92,1016.7
2021-10-30 00:00:00,13.5,92,1017.0
2021-10-30 01:00:00,13.3,93,1017.2
2021-10-30 02:00:00,14.9,90,1017.6
2021-10-30 03:00:00,20.6,73,1018.8
2021-10-30 04:00:00,20.3,70,1018.7
2021-10-30 05:00:00,22.8,59,1018.6
2021-10-30 06:00:00,26.8,42,1017.6
2021-10-30 07:00:00,26.0,46,1016.8
2021-10-30 08:00:00,26.7,42,1015.5
2021-10-30 09:00:00,28.8,32,1014.5
2021-10-30 10:00:00,26.7,45,1014.5
2021-10-30 11:00:00,25.0,51,1014.4
2021-10-30 12:00:00,25.2,41,1013.8
2021-10-30 13:00:00,20.4,66,1014.5
2021-10-30 14:00:00,18.8,73,1014.8
2021-10-30 15:00:00,17.4,81,1015.1
2021-10-30 16:00:00,16.2,86,1014.9
2021-10-30 17:00:00,16.4,83,1014.5
2021-10-30 18:00:00,16.4,81,1014.2
2021-10-30 19:00:00,16.0,83,1014.1
2021-10-30 20:00:00,15.7,83,1013.8
2021-10-30 21:00:00,14.4,89,1013.5
2021-10-30 22:00:00,13.9,90,1013.1
2021-10-30 23:00:00,13.3,90,1013.1
2021-10-31 00:00:00,12.8,90,1013.4
2021-10-31 01:00:00,12.5,90,1013.8
2021-10-31 02:00:00,13.6,89,1014.5
2021-10-31 03:00:00,19.2,76,1015.4
2021-10-31 04:00:00,20.3,68,1015.4
2021-10-31 05:00:00,23.0,55,1015.2
2021-10-31 06:00:00,27.2,44,1014.3
2021-10-31 07:00:00,25.9,42,1013.7
2021-10-31 08:00:00,26.7,42,1012.5
2021-10-31 09:00:00,29.8,25,1011.4
2021-10-31 10:00:00,26.8,41,1011.3
2021-10-31 11:00:00,24.8,67,1011.1
2021-10-31 12:00:00,26.0,45,1011.2
2021-10-31 13:00:00,21.8,59,1011.8
2021-10-31 14:00:00,19.8,69,1012.5
2021-10-31 15:00:00,18.1,77,1012.9
2021-10-31 16:00:00,16.3,85,1013.0
2021-10-31 17:00:00,15.1,90,1013.0
2021-10-31 18:00:00,14.5,90,1013.2
2021-10-31 19:00:00,13.9,91,1012.7
2021-10-31 20:00:00,13.6,91,1012.5
2021-10-31 21:00:00,13.5,91,1012.2
2021-10-31 22:00:00,13.3,91,1011.4
2021-10-31 23:00:00,12.7,92,1011.4
2021-11-01 00:00:00,12.4,91,1011.9
2021-11-01 01:00:00,12.7,90,1012.3
2021-11-01 02:00:00,14.0,82,1012.9
2021-11-01 03:00:00,16.8,76,1015.5
2021-11-01 04:00:00,19.5,67,1015.0
2021-11-01 05:00:00,22.3,59,1015.0
2021-11-01 06:00:00,24.4,53,1014.9
2021-11-01 07:00:00,26.2,48,1013.4
2021-11-01 08:00:00,27.0,43,1012.1
2021-11-01 09:00:00,27.8,44,1011.5
2021-11-01 10:00:00,26.8,43,1010.9
2021-11-01 11:00:00,24.9,54,1010.9
2021-11-01 12:00:00,24.0,61,1011.2
2021-11-01 13:00:00,20.2,66,1011.8
2021-11-01 14:00:00,19.9,65,1012.5
2021-11-01 15:00:00,19.5,66,1012.8
2021-11-01 16:00:00,18.5,71,1013.8
2021-11-01 17:00:00,17.7,73,1014.1
2021-11-01 18:00:00,17.3,75,1014.2
2021-11-01 19:00:00,17.1,75,1013.9
2021-11-01 20:00:00,17.0,76,1013.9
2021-11-01 21:00:00,17.0,77,1013.6
2021-11-01 22:00:00,16.7,77,1013.2
2021-11-01 23:00:00,16.4,78,1014.3
2021-11-02 00:00:00,16.6,77,1015.0
2021-11-02 01:00:00,16.7,81,1016.2
2021-11-02 02:00:00,17.6,73,1015.6
2021-11-02 03:00:00,18.2,78,1017.0
2021-11-02 04:00:00,19.8,69,1016.5
2021-11-02 05:00:00,22.7,54,1016.5
2021-11-02 06:00:00,26.8,43,1016.1
2021-11-02 07:00:00,25.3,46,1014.7
2021-11-02 08:00:00,26.0,46,1013.7
2021-11-02 09:00:00,28.0,42,1012.9
2021-11-02 10:00:00,26.1,46,1012.4
2021-11-02 11:00:00,24.4,55,1013.0
2021-11-02 12:00:00,25.0,54,1012.7
2021-11-02 13:00:00,19.8,72,1014.3
2021-11-02 14:00:00,20.0,68,1015.0
2021-11-02 15:00:00,19.3,69,1015.1
2021-11-02 16:00:00,18.8,69,1015.3
2021-11-02 17:00:00,17.8,68,1016.1
2021-11-02 18:00:00,16.9,63,1016.4
2021-11-02 19:00:00,15.8,66,1016.0
2021-11-02 20:00:00,15.7,79,1015.3
2021-11-02 21:00:00,15.1,81,1015.2
2021-11-02 22:00:00,15.2,76,1014.8
2021-11-02 23:00:00,15.0,74,1014.7
2021-11-03 00:00:00,14.8,75,1015.0
2021-11-03 01:00:00,14.6,76,1015.9
2021-11-03 02:00:00,14.9,76,1016.4
2021-11-03 03:00:00,20.6,55,1016.7
2021-11-03 04:00:00,20.0,61,1017.2
2021-11-03 05:00:00,23.6,51,1016.7
2021-11-03 06:00:00,27.0,48,1015.9
2021-11-03 07:00:00,26.3,45,1015.0
2021-11-03 08:00:00,27.1,43,1014.0
2021-11-03 09:00:00,28.6,41,1012.9
2021-11-03 10:00:00,27.0,43,1012.7
2021-11-03 11:00:00,25.2,69,1012.5
2021-11-03 12:00:00,26.0,58,1012.2
2021-11-03 13:00:00,20.3,72,1012.7
2021-11-03 14:00:00,22.2,60,1013.4
2021-11-03 15:00:00,18.2,76,1013.9
2021-11-03 16:00:00,16.9,76,1014.4
2021-11-03 17:00:00,16.7,71,1014.6
2021-11-03 18:00:00,16.1,71,1014.8
2021-11-03 19:00:00,15.0,77,1014.6
2021-11-03 20:00:00,14.2,79,1014.4
2021-11-03 21:00:00,13.6,82,1014.1
2021-11-03 22:00:00,13.0,84,1013.9
2021-11-03 23:00:00,13.8,87,1013.7
2021-11-04 00:00:00,13.6,89,1013.8
2021-11-04 01:00:00,13.5,89,1014.1
2021-11-04 02:00:00,13.6,91,1014.6
2021-11-04 03:00:00,18.0,82,1016.2
2021-11-04 04:00:00,19.4,71,1015.8
2021-11-04 05:00:00,22.3,60,1015.8
2021-11-04 06:00:00,26.0,38,1015.2
2021-11-04 07:00:00,26.0,44,1014.1
2021-11-04 08:00:00,27.0,38,1013.2
2021-11-04 09:00:00,28.0,32,1012.1
2021-11-04 10:00:00,26.7,36,1012.0
2021-11-04 11:00:00,24.4,53,1011.8
2021-11-04 12:00:00,23.6,48,1012.1
2021-11-04 13:00:00,19.2,65,1012.4
2021-11-04 14:00:00,17.6,74,1013.0
2021-11-04 15:00:00,16.8,75,1013.2
2021-11-04 16:00:00,16.3,75,1013.5
2021-11-04 17:00:00,16.8,75,1014.1
2021-11-04 18:00:00,17.1,73,1014.2
2021-11-04 19:00:00,16.7,74,1014.1
2021-11-04 20:00:00,16.3,76,1014.0
2021-11-04 21:00:00,15.8,77,1013.9
2021-11-04 22:00:00,14.1,84,1013.7
2021-11-04 23:00:00,13.0,88,1013.7
2021-11-05 00:00:00,12.3,90,1014.0
2021-11-05 01:00:00,11.3,93,1014.5
2021-11-05 02:00:00,13.1,91,1014.8
2021-11-05 03:00:00,16.2,84,1016.1
2021-11-05 04:00:00,19.7,70,1015.7
2021-11-05 05:00:00,22.5,58,1015.5
2021-11-05 06:00:00,25.0,41,1014.8
2021-11-05 07:00:00,25.8,43,1014.1
2021-11-05 08:00:00,26.6,35,1012.9
2021-11-05 09:00:00,28.2,25,1012.0
2021-11-05 10:00:00,26.2,36,1012.0
2021-11-05 11:00:00,23.8,54,1012.5
2021-11-05 12:00:00,23.4,42,1011.7
2021-11-05 13:00:00,19.2,58,1012.8
2021-11-05 14:00:00,18.1,67,1013.3
2021-11-05 15:00:00,16.7,77,1013.5
2021-11-05 16:00:00,16.1,80,1013.9
2021-11-05 17:00:00,15.9,80,1014.1
2021-11-05 18:00:00,15.6,80,1014.1
2021-11-05 19:00:00,15.0,82,1013.7
2021-11-05 20:00:00,14.5,83,1013.2
2021-11-05 21:00:00,14.1,84,1012.8
2021-11-05 22:00:00,13.6,85,1012.4
2021-11-05 23:00:00,13.6,85,1012.3
2021-11-06 00:00:00,13.5,86,1012.6
2021-11-06 01:00:00,13.1,88,1012.8
2021-11-06 02:00:00,14.4,82,1013.2
2021-11-06 03:00:00,17.8,76,1014.4
2021-11-06 04:00:00,20.1,63,1014.3
2021-11-06 05:00:00,22.8,53,1014.0
2021-11-06 06:00:00,25.6,42,1013.6
2021-11-06 07:00:00,25.8,41,1012.5
2021-11-06 08:00:00,26.5,39,1011.3
2021-11-06 09:00:00,28.0,29,1010.4
2021-11-06 10:00:00,26.5,39,1009.9
2021-11-06 11:00:00,24.6,48,1009.8
2021-11-06 12:00:00,23.0,50,1009.9
2021-11-06 13:00:00,20.3,58,1010.4
2021-11-06 14:00:00,17.8,71,1011.6
2021-11-06 15:00:00,16.3,80,1011.9
2021-11-06 16:00:00,15.7,84,1012.2
2021-11-06 17:00:00,15.5,83,1012.5
2021-11-06 18:00:00,14.9,86,1012.3
2021-11-06 19:00:00,14.4,87,1011.8
2021-11-06 20:00:00,14.4,85,1011.5
2021-11-06 21:00:00,14.3,85,1011.1
2021-11-06 22:00:00,12.9,89,1010.8
2021-11-06 23:00:00,12.4,91,1010.2
2021-11-07 00:00:00,12.0,92,1010.3
2021-11-07 01:00:00,11.8,92,1010.7
2021-11-07 02:00:00,13.0,91,1011.5
2021-11-07 03:00:00,17.4,82,1012.8
2021-11-07 04:00:00,18.7,69,1013.0
2021-11-07 05:00:00,21.3,57,1013.0
2021-11-07 06:00:00,26.4,30,1012.2
2021-11-07 07:00:00,24.8,44,1011.9
2021-11-07 08:00:00,25.4,42,1011.2
2021-11-07 09:00:00,28.6,29,1010.0
2021-11-07 10:00:00,25.4,43,1010.5
2021-11-07 11:00:00,23.3,58,1010.5
2021-11-07 12:00:00,25.2,39,1010.4
2021-11-07 13:00:00,18.7,66,1011.8
2021-11-07 14:00:00,17.2,72,1012.5
2021-11-07 15:00:00,15.4,80,1013.3
2021-11-07 16:00:00,14.8,82,1013.8
2021-11-07 17:00:00,15.2,85,1014.3
2021-11-07 18:00:00,14.8,87,1014.5
2021-11-07 19:00:00,14.0,89,1014.3
2021-11-07 20:00:00,13.6,90,1014.0
2021-11-07 21:00:00,13.5,91,1013.7
2021-11-07 22:00:00,12.8,92,1013.6
2021-11-07 23:00:00,12.5,94,1013.4
2021-11-08 00:00:00,12.8,93,1013.7
2021-11-08 01:00:00,12.5,94,1014.0
2021-11-08 02:00:00,13.9,92,1014.4
2021-11-08 03:00:00,17.4,82,1015.7
2021-11-08 04:00:00,19.8,73,1015.5
2021-11-08 05:00:00,22.5,61,1015.4
2021-11-08 06:00:00,26.4,39,1014.1
2021-11-08 07:00:00,25.8,45,1014.2
2021-11-08 08:00:00,26.5,41,1013.2
2021-11-08 09:00:00,28.6,24,1011.9
2021-11-08 10:00:00,26.2,40,1012.1
2021-11-08 11:00:00,24.5,50,1012.1
2021-11-08 12:00:00,24.4,37,1011.3
2021-11-08 13:00:00,20.2,61,1013.1
2021-11-08 14:00:00,18.7,65,1014.0
2021-11-08 15:00:00,17.3,73,1014.2
2021-11-08 16:00:00,16.4,78,1014.3
2021-11-08 17:00:00,15.9,79,1014.5
2021-11-08 18:00:00,17.1,70,1014.4
2021-11-08 19:00:00,16.6,71,1014.0
2021-11-08 20:00:00,14.6,81,1014.0
2021-11-08 21:00:00,13.4,87,1014.0
2021-11-08 22:00:00,13.1,87,1013.7
2021-11-08 23:00:00,12.9,87,1013.8
2021-11-09 00:00:00,12.9,85,1014.4
2021-11-09 01:00:00,14.6,76,1014.9
2021-11-09 02:00:00,13.4,84,1015.6
2021-11-09 03:00:00,16.6,79,1017.0
2021-11-09 04:00:00,18.9,66,1016.4
2021-11-09 05:00:00,21.7,56,1016.3
2021-11-09 06:00:00,25.2,42,1015.3
2021-11-09 07:00:00,25.3,43,1014.5
2021-11-09 08:00:00,26.4,38,1013.6
2021-11-09 09:00:00,28.4,23,1012.2
2021-11-09 10:00:00,26.2,37,1012.9
2021-11-09 11:00:00,23.7,54,1013.0
2021-11-09 12:00:00,25.0,31,1012.4
2021-11-09 13:00:00,18.5,60,1013.7
2021-11-09 14:00:00,17.2,78,1013.9
2021-11-09 15:00:00,16.4,80,1014.2
2021-11-09 16:00:00,16.5,77,1014.5
2021-11-09 17:00:00,15.9,78,1014.8
2021-11-09 18:00:00,15.3,80,1014.7
2021-11-09 19:00:00,14.9,81,1014.6
2021-11-09 20:00:00,14.8,81,1014.4
2021-11-09 21:00:00,15.1,79,1014.2
2021-11-09 22:00:00,14.2,82,1014.1
2021-11-09 23:00:00,12.8,87,1014.0
2021-11-10 00:00:00,11.6,92,1014.2
2021-11-10 01:00:00,10.7,95,1014.6
2021-11-10 02:00:00,11.5,94,1014.9
2021-11-10 03:00:00,15.8,79,1016.4
2021-11-10 04:00:00,19.1,70,1015.6
2021-11-10 05:00:00,22.4,57,1015.3
2021-11-10 06:00:00,25.2,47,1014.6
2021-11-10 07:00:00,26.2,41,1013.6
2021-11-10 08:00:00,27.0,38,1012.8
2021-11-10 09:00:00,28.0,34,1011.7
2021-11-10 10:00:00,26.8,39,1011.9
2021-11-10 11:00:00,24.1,65,1011.8
2021-11-10 12:00:00,24.6,55,1011.7
2021-11-10 13:00:00,20.7,58,1012.5
2021-11-10 14:00:00,17.9,74,1012.9
2021-11-10 15:00:00,17.4,75,1013.3
2021-11-10 16:00:00,17.0,75,1013.5
2021-11-10 17:00:00,15.9,82,1013.8
2021-11-10 18:00:00,15.3,84,1013.7
2021-11-10 19:00:00,15.5,82,1013.3
2021-11-10 20:00:00,15.5,82,1013.3
2021-11-10 21:00:00,15.0,84,1013.0
2021-11-10 22:00:00,14.3,86,1012.6
2021-11-10 23:00:00,14.0,87,1012.5
2021-11-11 00:00:00,13.6,88,1012.7
2021-11-11 01:00:00,14.0,86,1013.2
2021-11-11 02:00:00,13.0,93,1014.1
2021-11-11 03:00:00,15.8,89,1015.7
2021-11-11 04:00:00,20.2,69,1015.1
2021-11-11 05:00:00,23.1,58,1015.1
2021-11-11 06:00:00,24.6,53,1015.6
2021-11-11 07:00:00,26.3,45,1013.4
2021-11-11 08:00:00,27.1,42,1012.3
2021-11-11 09:00:00,28.2,32,1011.6
2021-11-11 10:00:00,26.8,42,1011.2
2021-11-11 11:00:00,24.4,55,1011.9
2021-11-11 12:00:00,24.0,57,1011.4
2021-11-11 13:00:00,19.1,73,1012.5
2021-11-11 14:00:00,18.2,79,1012.9
2021-11-11 15:00:00,16.8,85,1013.3
2021-11-11 16:00:00,16.5,85,1013.5
2021-11-11 17:00:00,17.0,82,1013.9
2021-11-11 18:00:00,15.9,86,1013.7
2021-11-11 19:00:00,14.8,91,1013.5
2021-11-11 20:00:00,15.3,91,1013.6
2021-11-11 21:00:00,15.5,90,1013.5
2021-11-11 22:00:00,14.2,94,1013.4
2021-11-11 23:00:00,13.8,95,1013.4
2021-11-12 00:00:00,13.8,95,1013.4
2021-11-12 01:00:00,12.3,97,1013.9
2021-11-12 02:00:00,12.6,98,1014.0
2021-11-12 03:00:00,14.6,91,1016.0
2021-11-12 04:00:00,18.4,79,1015.0
2021-11-12 05:00:00,22.0,64,1015.4
2021-11-12 06:00:00,25.2,40,1014.8
2021-11-12 07:00:00,26.0,43,1014.0
2021-11-12 08:00:00,26.8,36,1013.0
2021-11-12 09:00:00,28.0,28,1012.0
2021-11-12 10:00:00,26.3,36,1012.1
2021-11-12 11:00:00,23.6,51,1012.1
2021-11-12 12:00:00,23.4,51,1012.1
2021-11-12 13:00:00,18.1,62,1013.1
2021-11-12 14:00:00,17.2,72,1013.3
2021-11-12 15:00:00,15.9,80,1013.6
2021-11-12 16:00:00,15.1,85,1013.8
2021-11-12 17:00:00,15.0,84,1014.1
2021-11-12 18:00:00,15.4,81,1014.1
2021-11-12 19:00:00,14.5,84,1013.9
2021-11-12 20:00:00,14.0,84,1013.7
2021-11-12 21:00:00,13.0,87,1013.8
2021-11-12 22:00:00,12.1,90,1013.7
2021-11-12 23:00:00,14.8,83,1013.9
2021-11-13 00:00:00,14.6,83,1014.0
2021-11-13 01:00:00,14.1,85,1014.4
2021-11-13 02:00:00,13.3,88,1014.8
2021-11-13 03:00:00,15.2,83,1016.5
2021-11-13 04:00:00,19.0,70,1015.9
2021-11-13 05:00:00,22.0,59,1015.8
2021-11-13 06:00:00,24.8,42,1015.5
2021-11-13 07:00:00,25.7,43,1014.0
2021-11-13 08:00:00,26.3,36,1013.1
2021-11-13 09:00:00,27.0,35,1011.9
2021-11-13 10:00:00,25.9,35,1011.7
2021-11-13 11:00:00,23.4,45,1011.6
2021-11-13 12:00:00,23.2,37,1011.4
2021-11-13 13:00:00,17.9,57,1012.1
2021-11-13 14:00:00,16.1,66,1012.2
2021-11-13 15:00:00,14.8,73,1012.4
2021-11-13 16:00:00,14.6,74,1012.4
2021-11-13 17:00:00,13.7,79,1013.0
2021-11-13 18:00:00,13.2,82,1012.7
2021-11-13 19:00:00,13.4,81,1012.4
2021-11-13 20:00:00,13.5,81,1012.3
2021-11-13 21:00:00,12.9,83,1012.2
2021-11-13 22:00:00,13.4,82,1012.0
2021-11-13 23:00:00,13.6,83,1011.8
2021-11-14 00:00:00,13.6,83,1012.1
2021-11-14 01:00:00,13.0,84,1012.6
2021-11-14 02:00:00,12.0,84,1013.6
2021-11-14 03:00:00,15.0,78,1015.0
2021-11-14 04:00:00,18.6,65,1014.5
2021-11-14 05:00:00,21.8,54,1014.4
2021-11-14 06:00:00,24.2,46,1014.2
2021-11-14 07:00:00,25.2,38,1013.2
2021-11-14 08:00:00,26.0,33,1012.2
2021-11-14 09:00:00,26.6,35,1011.2
2021-11-14 10:00:00,25.9,30,1011.0
2021-11-14 11:00:00,23.0,53,1010.8
2021-11-14 12:00:00,23.6,47,1010.5
2021-11-14 13:00:00,18.1,53,1011.7
2021-11-14 14:00:00,17.7,57,1012.2
2021-11-14 15:00:00,17.4,60,1012.6
2021-11-14 16:00:00,17.3,60,1013.0
2021-11-14 17:00:00,16.8,62,1012.9
2021-11-14 18:00:00,16.4,63,1012.7
2021-11-14 19:00:00,14.5,72,1012.3
2021-11-14 20:00:00,14.9,72,1011.8
2021-11-14 21:00:00,14.0,76,1011.7
2021-11-14 22:00:00,12.6,81,1011.7
2021-11-14 23:00:00,12.1,83,1011.9
2021-11-15 00:00:00,13.4,78,1012.1
2021-11-15 01:00:00,13.1,79,1012.6
2021-11-15 02:00:00,12.9,80,1013.1
2021-11-15 03:00:00,13.0,86,1014.8
2021-11-15 04:00:00,18.0,67,1014.0
2021-11-15 05:00:00,21.0,54,1013.9
2021-11-15 06:00:00,23.8,46,1013.4
2021-11-15 07:00:00,24.7,37,1012.2
2021-11-15 08:00:00,25.4,31,1011.2
2021-11-15 09:00:00,25.8,30,1010.4
2021-11-15 10:00:00,25.0,31,1010.3
2021-11-15 11:00:00,22.7,40,1010.1
2021-11-15 12:00:00,21.4,41,1010.6
2021-11-15 13:00:00,16.9,58,1011.2
2021-11-15 14:00:00,15.4,70,1011.7
2021-11-15 15:00:00,14.6,76,1012.1
2021-11-15 16:00:00,14.4,80,1012.6
2021-11-15 17:00:00,13.7,84,1012.6
2021-11-15 18:00:00,13.3,86,1012.5
2021-11-15 19:00:00,12.6,88,1012.1
2021-11-15 20:00:00,11.8,90,1012.0
2021-11-15 21:00:00,11.5,89,1011.6
2021-11-15 22:00:00,10.8,92,1011.6
2021-11-15 23:00:00,11.2,91,1011.5
2021-11-16 00:00:00,11.0,92,1011.8
2021-11-16 01:00:00,11.1,91,1012.5
2021-11-16 02:00:00,11.1,93,1013.3
2021-11-16 03:00:00,13.8,80,1015.3
2021-11-16 04:00:00,17.4,71,1014.7
2021-11-16 05:00:00,20.3,58,1014.7
2021-11-16 06:00:00,22.8,46,1014.8
2021-11-16 07:00:00,24.0,35,1013.4
2021-11-16 08:00:00,24.4,30,1012.8
2021-11-16 09:00:00,26.0,30,1012.3
2021-11-16 10:00:00,24.0,32,1012.0
2021-11-16 11:00:00,21.6,42,1011.9
2021-11-16 12:00:00,21.2,40,1012.6
2021-11-16 13:00:00,16.0,58,1013.1
2021-11-16 14:00:00,14.6,65,1013.4
2021-11-16 15:00:00,13.3,70,1013.6
2021-11-16 16:00:00,12.6,73,1014.0
2021-11-16 17:00:00,12.4,75,1014.3
2021-11-16 18:00:00,11.6,82,1014.5
2021-11-16 19:00:00,11.3,84,1014.1
2021-11-16 20:00:00,11.3,83,1014.1
2021-11-16 21:00:00,10.8,86,1013.7
2021-11-16 22:00:00,10.2,89,1013.5
2021-11-16 23:00:00,10.0,91,1013.4
2021-11-17 00:00:00,9.5,92,1014.0
2021-11-17 01:00:00,9.2,91,1015.0
2021-11-17 02:00:00,11.4,83,1015.6
2021-11-17 03:00:00,13.8,75,1018.5
2021-11-17 04:00:00,16.4,68,1017.8
2021-11-17 05:00:00,19.3,59,1018.3
2021-11-17 06:00:00,22.4,42,1018.9
2021-11-17 07:00:00,23.1,44,1017.3
2021-11-17 08:00:00,23.9,41,1015.9
2021-11-17 09:00:00,24.8,41,1015.5
2021-11-17 10:00:00,23.7,42,1014.5
2021-11-17 11:00:00,21.0,59,1014.1
2021-11-17 12:00:00,20.8,52,1014.0
2021-11-17 13:00:00,15.9,71,1014.1
2021-11-17 14:00:00,14.9,76,1014.4
2021-11-17 15:00:00,14.3,76,1014.8
2021-11-17 16:00:00,14.8,72,1015.3
2021-11-17 17:00:00,14.3,73,1015.5
2021-11-17 18:00:00,13.2,77,1015.5
2021-11-17 19:00:00,12.5,80,1015.3
2021-11-17 20:00:00,10.9,88,1015.1
2021-11-17 21:00:00,10.3,92,1014.9
2021-11-17 22:00:00,10.7,90,1014.5
2021-11-17 23:00:00,11.6,87,1014.5
2021-11-18 00:00:00,11.7,87,1014.8
2021-11-18 01:00:00,11.1,89,1015.2
2021-11-18 02:00:00,10.5,92,1015.7
2021-11-18 03:00:00,13.0,84,1017.3
2021-11-18 04:00:00,16.0,75,1016.7
2021-11-18 05:00:00,18.8,65,1016.6
2021-11-18 06:00:00,23.0,47,1015.6
2021-11-18 07:00:00,22.7,45,1015.0
2021-11-18 08:00:00,23.5,41,1013.5
2021-11-18 09:00:00,24.8,26,1012.0
2021-11-18 10:00:00,23.3,42,1011.8
2021-11-18 11:00:00,21.0,62,1011.5
2021-11-18 12:00:00,20.4,56,1011.4
2021-11-18 13:00:00,17.9,60,1012.2
2021-11-18 14:00:00,14.9,71,1012.8
2021-11-18 15:00:00,13.8,79,1013.1
2021-11-18 16:00:00,12.9,83,1013.7
2021-11-18 17:00:00,13.0,81,1013.8
2021-11-18 18:00:00,12.9,81,1013.8
2021-11-18 19:00:00,11.6,86,1013.4
2021-11-18 20:00:00,11.2,87,1013.3
2021-11-18 21:00:00,11.2,88,1013.1
2021-11-18 22:00:00,11.0,88,1012.9
2021-11-18 23:00:00,12.1,86,1012.5
2021-11-19 00:00:00,11.4,88,1012.3
2021-11-19 01:00:00,9.3,95,1012.2
2021-11-19 02:00:00,9.9,95,1012.9
2021-11-19 03:00:00,13.2,84,1014.4
2021-11-19 04:00:00,16.6,73,1013.8
2021-11-19 05:00:00,19.6,61,1013.7
2021-11-19 06:00:00,23.0,40,1013.0
2021-11-19 07:00:00,23.0,46,1012.1
2021-11-19 08:00:00,23.5,43,1011.3
2021-11-19 09:00:00,25.0,32,1009.6
2021-11-19 10:00:00,23.4,43,1009.8
2021-11-19 11:00:00,21.1,58,1009.5
2021-11-19 12:00:00,22.0,46,1009.1
2021-11-19 13:00:00,15.8,73,1010.0
2021-11-19 14:00:00,14.8,78,1010.3
2021-11-19 15:00:00,14.5,79,1010.7
2021-11-19 16:00:00,15.0,76,1011.1
2021-11-19 17:00:00,13.0,81,1011.4
2021-11-19 18:00:00,11.9,85,1011.5
2021-11-19 19:00:00,11.0,89,1011.2
2021-11-19 20:00:00,10.5,91,1011.0
2021-11-19 21:00:00,10.4,91,1010.7
2021-11-19 22:00:00,9.8,92,1010.4
2021-11-19 23:00:00,9.4,94,1010.5
2021-11-20 00:00:00,8.7,95,1010.7
2021-11-20 01:00:00,8.4,96,1011.2
2021-11-20 02:00:00,9.2,97,1012.0
2021-11-20 03:00:00,12.8,86,1013.9
2021-11-20 04:00:00,16.3,74,1013.5
2021-11-20 05:00:00,19.4,61,1013.8
2021-11-20 06:00:00,22.6,45,1013.3
2021-11-20 07:00:00,22.9,44,1012.4
2021-11-20 08:00:00,23.6,41,1011.5
2021-11-20 09:00:00,24.6,35,1010.9
2021-11-20 10:00:00,23.5,40,1010.7
2021-11-20 11:00:00,21.2,53,1011.0
2021-11-20 12:00:00,20.8,54,1011.2
2021-11-20 13:00:00,15.4,71,1011.7
2021-11-20 14:00:00,14.1,77,1012.3
2021-11-20 15:00:00,13.4,80,1012.8
2021-11-20 16:00:00,12.9,81,1013.2
2021-11-20 17:00:00,12.0,84,1013.3
2021-11-20 18:00:00,11.4,86,1013.5
2021-11-20 19:00:00,10.9,88,1013.4
2021-11-20 20:00:00,10.5,90,1013.2
2021-11-20 21:00:00,10.1,92,1013.0
2021-11-20 22:00:00,9.8,93,1013.0
2021-11-20 23:00:00,9.5,94,1013.0
2021-11-21 00:00:00,9.4,94,1013.5
2021-11-21 01:00:00,9.7,94,1014.1
2021-11-21 02:00:00,10.3,92,1014.6
2021-11-21 03:00:00,15.0,83,1015.5
2021-11-21 04:00:00,16.4,70,1015.8
2021-11-21 05:00:00,19.8,61,1015.7
2021-11-21 06:00:00,24.2,42,1014.7
2021-11-21 07:00:00,23.6,46,1014.0
2021-11-21 08:00:00,24.5,42,1013.0
2021-11-21 09:00:00,26.0,31,1011.9
2021-11-21 10:00:00,24.2,39,1012.2
2021-11-21 11:00:00,22.3,45,1012.1
2021-11-21 12:00:00,20.8,41,1012.4
2021-11-21 13:00:00,17.1,58,1012.9
2021-11-21 14:00:00,16.0,63,1013.7
2021-11-21 15:00:00,14.5,69,1014.3
2021-11-21 16:00:00,13.5,74,1014.4
2021-11-21 17:00:00,13.0,77,1014.3
2021-11-21 18:00:00,12.5,78,1014.4
2021-11-21 19:00:00,12.4,78,1014.3
2021-11-21 20:00:00,12.1,77,1014.2
2021-11-21 21:00:00,11.8,78,1014.0
2021-11-21 22:00:00,11.3,79,1013.9
2021-11-21 23:00:00,11.1,80,1013.8
2021-11-22 00:00:00,10.3,85,1013.7
2021-11-22 01:00:00,9.8,88,1014.0
2021-11-22 02:00:00,10.0,87,1014.2
2021-11-22 03:00:00,15.2,68,1015.3
2021-11-22 04:00:00,15.6,64,1015.2
2021-11-22 05:00:00,18.5,53,1015.3
2021-11-22 06:00:00,24.0,36,1014.1
2021-11-22 07:00:00,22.7,38,1013.5
2021-11-22 08:00:00,23.6,35,1012.6
2021-11-22 09:00:00,26.4,27,1011.2
2021-11-22 10:00:00,23.7,35,1011.3
2021-11-22 11:00:00,21.2,46,1011.1
2021-11-22 12:00:00,21.0,48,1011.1
2021-11-22 13:00:00,15.6,61,1011.7
2021-11-22 14:00:00,14.2,68,1012.1
2021-11-22 15:00:00,14.0,68,1012.3
2021-11-22 16:00:00,13.9,68,1012.2
2021-11-22 17:00:00,12.1,77,1012.9
2021-11-22 18:00:00,11.2,82,1012.6
2021-11-22 19:00:00,10.3,87,1011.8
2021-11-22 20:00:00,9.9,89,1011.3
2021-11-22 21:00:00,9.6,89,1011.0
2021-11-22 22:00:00,9.3,90,1010.5
2021-11-22 23:00:00,8.8,91,1010.4
2021-11-23 00:00:00,8.3,92,1010.5
2021-11-23 01:00:00,8.0,91,1011.0
2021-11-23 02:00:00,9.5,90,1011.3
2021-11-23 03:00:00,13.0,77,1012.8
2021-11-23 04:00:00,15.5,66,1012.8
2021-11-23 05:00:00,18.6,55,1012.9
2021-11-23 06:00:00,22.2,48,1012.4
2021-11-23 07:00:00,23.2,39,1011.2
2021-11-23 08:00:00,24.3,34,1010.2
2021-11-23 09:00:00,26.0,30,1009.9
2021-11-23 10:00:00,24.2,33,1009.6
2021-11-23 11:00:00,20.8,59,1010.0
2021-11-23 12:00:00,22.0,52,1010.2
2021-11-23 13:00:00,19.5,49,1010.9
2021-11-23 14:00:00,19.2,50,1011.4
2021-11-23 15:00:00,17.1,57,1012.0
2021-11-23 16:00:00,14.8,67,1012.4
2021-11-23 17:00:00,13.2,72,1012.9
2021-11-23 18:00:00,11.5,80,1013.0
2021-11-23 19:00:00,10.5,85,1012.7
2021-11-23 20:00:00,10.1,88,1012.3
2021-11-23 21:00:00,9.8,89,1012.0
2021-11-23 22:00:00,9.6,90,1011.9
2021-11-23 23:00:00,8.8,92,1011.8
2021-11-24 00:00:00,8.0,94,1011.9
2021-11-24 01:00:00,7.5,95,1012.7
2021-11-24 02:00:00,8.1,94,1013.6
2021-11-24 03:00:00,13.0,82,1015.2
2021-11-24 04:00:00,15.3,70,1014.9
2021-11-24 05:00:00,19.3,59,1015.4
2021-11-24 06:00:00,22.8,54,1015.0
2021-11-24 07:00:00,23.6,42,1014.2
2021-11-24 08:00:00,24.5,38,1013.4
2021-11-24 09:00:00,25.8,39,1012.3
2021-11-24 10:00:00,24.5,37,1012.4
2021-11-24 11:00:00,21.6,59,1012.2
2021-11-24 12:00:00,22.8,57,1012.4
2021-11-24 13:00:00,16.1,68,1012.9
2021-11-24 14:00:00,15.5,74,1013.9
2021-11-24 15:00:00,14.4,76,1014.2
2021-11-24 16:00:00,13.7,76,1014.5
2021-11-24 17:00:00,13.5,75,1015.0
2021-11-24 18:00:00,13.0,76,1014.9
2021-11-24 19:00:00,12.3,80,1014.5
2021-11-24 20:00:00,11.4,86,1014.2
2021-11-24 21:00:00,10.9,89,1014.1
2021-11-24 22:00:00,10.3,92,1014.0
2021-11-24 23:00:00,9.8,94,1014.1
2021-11-25 00:00:00,9.5,95,1014.6
2021-11-25 01:00:00,9.6,94,1015.1
2021-11-25 02:00:00,10.6,94,1015.7
2021-11-25 03:00:00,13.8,87,1017.8
2021-11-25 04:00:00,16.4,74,1017.1
2021-11-25 05:00:00,19.6,63,1017.3
2021-11-25 06:00:00,22.8,56,1017.1
2021-11-25 07:00:00,23.8,47,1015.5
2021-11-25 08:00:00,24.6,41,1014.4
2021-11-25 09:00:00,25.2,47,1013.9
2021-11-25 10:00:00,24.6,36,1012.9
2021-11-25 11:00:00,21.8,57,1012.6
2021-11-25 12:00:00,22.0,60,1013.4
2021-11-25 13:00:00,16.6,67,1013.3
2021-11-25 14:00:00,15.4,75,1013.5
2021-11-25 15:00:00,14.6,74,1013.8
2021-11-25 16:00:00,13.7,74,1014.0
2021-11-25 17:00:00,14.2,70,1014.1
2021-11-25 18:00:00,13.7,73,1014.0
2021-11-25 19:00:00,12.3,80,1013.7
2021-11-25 20:00:00,11.5,88,1013.1
2021-11-25 21:00:00,11.0,89,1012.9
2021-11-25 22:00:00,10.5,91,1012.8
2021-11-25 23:00:00,10.2,92,1012.8
2021-11-26 00:00:00,9.9,93,1013.2
2021-11-26 01:00:00,9.6,94,1013.7
2021-11-26 02:00:00,10.1,93,1014.3
2021-11-26 03:00:00,14.2,84,1016.9
2021-11-26 04:00:00,16.7,72,1016.0
2021-11-26 05:00:00,19.3,62,1016.4
2021-11-26 06:00:00,21.0,60,1016.4
2021-11-26 07:00:00,23.3,46,1014.8
2021-11-26 08:00:00,24.1,42,1013.9
2021-11-26 09:00:00,24.8,41,1013.4
2021-11-26 10:00:00,24.0,41,1012.7
2021-11-26 11:00:00,21.5,64,1012.8
2021-11-26 12:00:00,20.6,69,1013.7
2021-11-26 13:00:00,18.0,65,1014.0
2021-11-26 14:00:00,15.8,76,1015.1
2021-11-26 15:00:00,14.2,83,1015.6
2021-11-26 16:00:00,13.6,85,1015.8
2021-11-26 17:00:00,12.8,87,1016.0
2021-11-26 18:00:00,12.2,88,1015.7
2021-11-26 19:00:00,11.4,90,1015.3
2021-11-26 20:00:00,10.9,91,1014.9
2021-11-26 21:00:00,10.4,92,1014.6
2021-11-26 22:00:00,9.6,95,1014.3
2021-11-26 23:00:00,9.8,97,1014.4
2021-11-27 00:00:00,9.5,97,1014.7
2021-11-27 01:00:00,9.5,97,1015.2
2021-11-27 02:00:00,9.8,96,1016.1
2021-11-27 03:00:00,11.4,95,1018.0
2021-11-27 04:00:00,15.7,75,1017.5
2021-11-27 05:00:00,19.0,64,1017.6
2021-11-27 06:00:00,21.8,69,1017.1
2021-11-27 07:00:00,23.2,48,1015.9
2021-11-27 08:00:00,23.8,41,1015.1
2021-11-27 09:00:00,24.6,49,1014.4
2021-11-27 10:00:00,23.6,40,1014.1
2021-11-27 11:00:00,21.2,63,1014.2
2021-11-27 12:00:00,21.0,70,1014.4
2021-11-27 13:00:00,20.4,51,1015.2
2021-11-27 14:00:00,18.1,59,1015.8
2021-11-27 15:00:00,16.2,68,1016.6
2021-11-27 16:00:00,13.3,82,1017.1
2021-11-27 17:00:00,12.5,86,1017.7
2021-11-27 18:00:00,12.1,87,1017.6
2021-11-27 19:00:00,11.3,90,1017.6
2021-11-27 20:00:00,10.6,92,1017.5
2021-11-27 21:00:00,10.2,92,1017.3
2021-11-27 22:00:00,9.9,93,1017.0
2021-11-27 23:00:00,9.7,92,1017.2
2021-11-28 00:00:00,9.3,93,1017.6
2021-11-28 01:00:00,8.7,94,1018.5
2021-11-28 02:00:00,9.9,96,1019.2
2021-11-28 03:00:00,12.4,91,1020.8
2021-11-28 04:00:00,16.1,74,1020.0
2021-11-28 05:00:00,19.4,63,1020.0
2021-11-28 06:00:00,22.0,58,1019.3
2021-11-28 07:00:00,23.0,46,1018.2
2021-11-28 08:00:00,23.7,41,1017.2
2021-11-28 09:00:00,24.4,51,1016.3
2021-11-28 10:00:00,23.5,41,1016.1
2021-11-28 11:00:00,21.1,61,1016.0
2021-11-28 12:00:00,20.0,62,1016.1
2021-11-28 13:00:00,15.8,71,1016.8
2021-11-28 14:00:00,15.2,72,1017.4
2021-11-28 15:00:00,13.7,80,1018.1
2021-11-28 16:00:00,13.0,84,1018.6
2021-11-28 17:00:00,13.1,83,1018.8
2021-11-28 18:00:00,13.1,83,1018.8
2021-11-28 19:00:00,12.6,85,1018.5
2021-11-28 20:00:00,12.0,88,1018.5
2021-11-28 21:00:00,11.3,90,1018.5
2021-11-28 22:00:00,10.4,94,1018.3
2021-11-28 23:00:00,10.0,95,1018.1
2021-11-29 00:00:00,9.7,95,1018.2
2021-11-29 01:00:00,9.5,95,1018.7
2021-11-29 02:00:00,9.8,95,1019.2
2021-11-29 03:00:00,13.8,87,1020.8
2021-11-29 04:00:00,16.4,75,1020.3
2021-11-29 05:00:00,19.6,65,1020.2
2021-11-29 06:00:00,23.2,52,1019.6
2021-11-29 07:00:00,23.0,49,1018.6
2021-11-29 08:00:00,23.6,44,1017.4
2021-11-29 09:00:00,25.6,38,1016.7
2021-11-29 10:00:00,23.5,41,1016.5
2021-11-29 11:00:00,21.7,47,1016.4
2021-11-29 12:00:00,19.4,60,1016.0
2021-11-29 13:00:00,16.7,62,1016.7
2021-11-29 14:00:00,15.5,70,1017.3
2021-11-29 15:00:00,14.4,74,1017.4
2021-11-29 16:00:00,13.7,77,1017.6
2021-11-29 17:00:00,13.1,79,1017.7
2021-11-29 18:00:00,12.9,79,1017.6
2021-11-29 19:00:00,12.5,80,1017.5
2021-11-29 20:00:00,11.8,84,1017.3
2021-11-29 21:00:00,11.3,86,1017.2
2021-11-29 22:00:00,10.7,89,1017.0
2021-11-29 23:00:00,10.2,92,1016.9
2021-11-30 00:00:00,9.9,93,1016.8
2021-11-30 01:00:00,9.9,92,1017.1
2021-11-30 02:00:00,10.1,91,1017.6
2021-11-30 03:00:00,14.8,89,1018.4
2021-11-30 04:00:00,15.2,69,1018.4
2021-11-30 05:00:00,17.8,58,1018.3
2021-11-30 06:00:00,22.2,49,1017.5
2021-11-30 07:00:00,21.5,46,1016.7
2021-11-30 08:00:00,22.4,43,1015.8
2021-11-30 09:00:00,24.8,46,1014.7
2021-11-30 10:00:00,22.5,43,1014.9
2021-11-30 11:00:00,19.8,65,1015.0
2021-11-30 12:00:00,20.6,69,1014.8
2021-11-30 13:00:00,19.2,52,1016.0
2021-11-30 14:00:00,16.3,63,1016.7
2021-11-30 15:00:00,13.9,73,1017.1
2021-11-30 16:00:00,15.5,66,1017.6
2021-11-30 17:00:00,14.4,74,1018.3
2021-11-30 18:00:00,11.9,84,1018.4
2021-11-30 19:00:00,11.0,88,1018.1
2021-11-30 20:00:00,10.6,89,1017.9
2021-11-30 21:00:00,11.6,84,1017.5
2021-11-30 22:00:00,12.1,81,1017.1
2021-11-30 23:00:00,12.1,81,1016.9
2021-12-01 00:00:00,12.0,81,1017.1
2021-12-01 01:00:00,11.6,82,1017.9
2021-12-01 02:00:00,12.0,82,1018.3
2021-12-01 03:00:00,11.8,95,1019.9
2021-12-01 04:00:00,14.8,76,1019.7
2021-12-01 05:00:00,17.1,67,1020.0
2021-12-01 06:00:00,17.2,70,1019.9
2021-12-01 07:00:00,20.0,55,1018.3
2021-12-01 08:00:00,20.7,51,1017.4
2021-12-01 09:00:00,20.0,66,1017.4
2021-12-01 10:00:00,20.8,50,1016.4
2021-12-01 11:00:00,19.9,62,1016.3
2021-12-01 12:00:00,17.4,80,1016.7
2021-12-01 13:00:00,15.9,74,1016.8
2021-12-01 14:00:00,15.7,74,1017.4
2021-12-01 15:00:00,15.8,74,1017.9
2021-12-01 16:00:00,15.2,77,1018.3
2021-12-01 17:00:00,14.6,78,1018.1
2021-12-01 18:00:00,14.6,77,1017.9
2021-12-01 19:00:00,14.3,78,1017.6
2021-12-01 20:00:00,14.3,79,1017.0
2021-12-01 21:00:00,14.4,79,1016.8
2021-12-01 22:00:00,14.5,80,1016.4
2021-12-01 23:00:00,14.3,81,1016.5
2021-12-02 00:00:00,14.0,83,1017.2
2021-12-02 01:00:00,13.9,82,1017.1
2021-12-02 02:00:00,13.7,83,1017.8
2021-12-02 03:00:00,15.8,81,1019.2
2021-12-02 04:00:00,16.1,73,1019.1
2021-12-02 05:00:00,16.9,71,1019.1
2021-12-02 06:00:00,19.4,64,1018.8
2021-12-02 07:00:00,18.2,65,1018.0
2021-12-02 08:00:00,18.6,64,1017.0
2021-12-02 09:00:00,19.2,65,1016.2
2021-12-02 10:00:00,17.8,69,1016.0
2021-12-02 11:00:00,17.4,72,1015.8
2021-12-02 12:00:00,18.8,66,1016.1
2021-12-02 13:00:00,14.4,83,1016.5
2021-12-02 14:00:00,15.5,84,1017.5
2021-12-02 15:00:00,15.7,82,1018.0
2021-12-02 16:00:00,13.9,90,1018.0
2021-12-02 17:00:00,14.6,86,1018.2
2021-12-02 18:00:00,12.9,91,1018.0
2021-12-02 19:00:00,13.0,92,1017.7
2021-12-02 20:00:00,13.8,87,1017.1
2021-12-02 21:00:00,13.8,86,1017.0
2021-12-02 22:00:00,13.4,89,1016.7
2021-12-02 23:00:00,12.6,88,1016.7
2021-12-03 00:00:00,12.0,90,1016.5
2021-12-03 01:00:00,12.4,88,1017.0
2021-12-03 02:00:00,11.7,92,1017.5
2021-12-03 03:00:00,14.6,91,1018.8
2021-12-03 04:00:00,15.9,76,1019.3
2021-12-03 05:00:00,18.3,68,1019.8
2021-12-03 06:00:00,22.2,52,1018.5
2021-12-03 07:00:00,22.2,53,1018.1
2021-12-03 08:00:00,22.9,48,1017.2
2021-12-03 09:00:00,25.0,51,1016.0
2021-12-03 10:00:00,23.1,47,1016.3
2021-12-03 11:00:00,21.1,71,1016.3
2021-12-03 12:00:00,22.8,66,1016.7
2021-12-03 13:00:00,19.2,64,1017.3
2021-12-03 14:00:00,18.3,66,1017.8
2021-12-03 15:00:00,17.3,70,1018.3
2021-12-03 16:00:00,16.2,75,1018.6
2021-12-03 17:00:00,13.7,88,1018.8
2021-12-03 18:00:00,13.3,90,1018.7
2021-12-03 19:00:00,13.8,87,1018.3
2021-12-03 20:00:00,13.6,87,1017.9
2021-12-03 21:00:00,14.4,84,1017.5
2021-12-03 22:00:00,13.8,86,1016.9
2021-12-03 23:00:00,11.8,92,1016.6
2021-12-04 00:00:00,11.8,92,1016.6
2021-12-04 01:00:00,11.7,92,1017.0
2021-12-04 02:00:00,12.7,93,1017.0
2021-12-04 03:00:00,15.2,93,1017.3
2021-12-04 04:00:00,16.9,78,1017.7
2021-12-04 05:00:00,19.7,68,1017.9
2021-12-04 06:00:00,25.0,52,1016.1
2021-12-04 07:00:00,23.1,53,1015.8
2021-12-04 08:00:00,23.8,50,1014.7
2021-12-04 09:00:00,25.8,45,1013.0
2021-12-04 10:00:00,23.7,49,1013.5
2021-12-04 11:00:00,21.7,70,1013.1
2021-12-04 12:00:00,23.6,64,1012.9
2021-12-04 13:00:00,19.0,68,1014.2
2021-12-04 14:00:00,19.4,65,1014.8
2021-12-04 15:00:00,16.0,82,1015.2
2021-12-04 16:00:00,15.1,89,1015.7
2021-12-04 17:00:00,16.0,83,1016.4
2021-12-04 18:00:00,15.9,83,1016.7
2021-12-04 19:00:00,13.1,94,1016.4
2021-12-04 20:00:00,12.7,93,1016.4
2021-12-04 21:00:00,12.3,94,1016.4
2021-12-04 22:00:00,11.7,96,1016.3
2021-12-04 23:00:00,11.6,97,1016.1
2021-12-05 00:00:00,11.1,98,1016.1
2021-12-05 01:00:00,10.6,99,1016.5
2021-12-05 02:00:00,11.3,97,1016.9
2021-12-05 03:00:00,15.2,89,1017.5
2021-12-05 04:00:00,16.3,80,1018.0
2021-12-05 05:00:00,19.4,70,1018.6
2021-12-05 06:00:00,22.6,59,1017.8
2021-12-05 07:00:00,22.5,56,1017.1
2021-12-05 08:00:00,23.0,53,1015.9
2021-12-05 09:00:00,24.0,57,1015.0
2021-12-05 10:00:00,22.8,51,1015.1
2021-12-05 11:00:00,20.4,65,1015.6
2021-12-05 12:00:00,21.6,67,1015.2
2021-12-05 13:00:00,15.3,86,1018.0
2021-12-05 14:00:00,14.4,95,1018.4
2021-12-05 15:00:00,14.3,96,1018.9
2021-12-05 16:00:00,13.6,97,1018.7
2021-12-05 17:00:00,12.9,96,1018.7
2021-12-05 18:00:00,12.6,96,1018.4
2021-12-05 19:00:00,12.4,95,1017.7
2021-12-05 20:00:00,12.8,94,1017.2
2021-12-05 21:00:00,11.2,97,1016.8
2021-12-05 22:00:00,10.2,98,1016.4
2021-12-05 23:00:00,11.1,97,1015.6
2021-12-06 00:00:00,11.5,95,1015.5
2021-12-06 01:00:00,10.6,97,1015.6
2021-12-06 02:00:00,10.9,97,1016.5
2021-12-06 03:00:00,13.0,96,1018.0
2021-12-06 04:00:00,14.9,84,1017.9
2021-12-06 05:00:00,17.3,72,1018.3
2021-12-06 06:00:00,20.4,64,1018.5
2021-12-06 07:00:00,20.6,57,1017.3
2021-12-06 08:00:00,21.0,53,1017.1
2021-12-06 09:00:00,22.8,63,1016.2
2021-12-06 10:00:00,21.3,51,1016.3
2021-12-06 11:00:00,19.9,62,1016.5
2021-12-06 12:00:00,19.0,77,1016.7
2021-12-06 13:00:00,15.6,76,1017.3
2021-12-06 14:00:00,14.4,84,1017.7
2021-12-06 15:00:00,15.1,81,1018.2
2021-12-06 16:00:00,13.2,87,1018.5
2021-12-06 17:00:00,11.7,89,1019.0
2021-12-06 18:00:00,11.2,90,1019.1
2021-12-06 19:00:00,10.9,90,1018.9
2021-12-06 20:00:00,10.2,93,1018.6
2021-12-06 21:00:00,9.7,94,1018.4
2021-12-06 22:00:00,9.7,95,1018.2
2021-12-06 23:00:00,9.6,95,1017.9
2021-12-07 00:00:00,9.4,95,1018.0
2021-12-07 01:00:00,8.9,95,1018.3
2021-12-07 02:00:00,9.2,97,1018.6
2021-12-07 03:00:00,13.2,86,1019.9
2021-12-07 04:00:00,15.1,85,1019.5
2021-12-07 05:00:00,17.9,74,1019.8
2021-12-07 06:00:00,21.6,53,1019.1
2021-12-07 07:00:00,21.4,50,1018.3
2021-12-07 08:00:00,21.9,45,1017.5
2021-12-07 09:00:00,23.6,37,1016.3
2021-12-07 10:00:00,21.5,44,1016.5
2021-12-07 11:00:00,19.4,54,1016.6
2021-12-07 12:00:00,19.2,55,1017.0
2021-12-07 13:00:00,14.8,69,1017.2
2021-12-07 14:00:00,13.4,76,1017.8
2021-12-07 15:00:00,12.0,83,1018.0
2021-12-07 16:00:00,11.1,87,1018.2
2021-12-07 17:00:00,10.8,89,1018.0
2021-12-07 18:00:00,10.5,90,1017.7
2021-12-07 19:00:00,10.1,92,1017.3
2021-12-07 20:00:00,10.6,90,1017.0
2021-12-07 21:00:00,10.6,91,1016.7
2021-12-07 22:00:00,10.3,92,1016.3
2021-12-07 23:00:00,10.1,92,1016.2
2021-12-08 00:00:00,9.9,92,1016.4
2021-12-08 01:00:00,9.6,93,1017.0
2021-12-08 02:00:00,8.6,94,1017.7
2021-12-08 03:00:00,15.0,76,1018.0
2021-12-08 04:00:00,13.8,77,1018.7
2021-12-08 05:00:00,16.7,67,1018.5
2021-12-08 06:00:00,22.2,41,1017.7
2021-12-08 07:00:00,20.4,51,1017.2
2021-12-08 08:00:00,21.2,46,1016.4
2021-12-08 09:00:00,23.8,39,1016.2
2021-12-08 10:00:00,21.1,42,1016.1
2021-12-08 11:00:00,19.2,51,1016.3
2021-12-08 12:00:00,20.6,50,1016.9
2021-12-08 13:00:00,13.6,67,1017.2
2021-12-08 14:00:00,12.9,73,1018.3
2021-12-08 15:00:00,12.3,74,1018.7
2021-12-08 16:00:00,11.6,76,1018.9
2021-12-08 17:00:00,11.2,78,1019.1
2021-12-08 18:00:00,11.1,79,1019.2
2021-12-08 19:00:00,11.2,77,1019.1
2021-12-08 20:00:00,10.3,82,1019.0
2021-12-08 21:00:00,9.2,86,1018.8
2021-12-08 22:00:00,8.6,88,1018.7
2021-12-08 23:00:00,8.8,89,1018.2
2021-12-09 00:00:00,9.1,88,1018.3
2021-12-09 01:00:00,9.7,86,1018.8
2021-12-09 02:00:00,9.3,88,1019.7
2021-12-09 03:00:00,11.2,92,1021.5
2021-12-09 04:00:00,13.8,75,1021.2
2021-12-09 05:00:00,16.8,64,1021.8
2021-12-09 06:00:00,20.0,61,1021.9
2021-12-09 07:00:00,20.6,50,1020.6
2021-12-09 08:00:00,21.5,44,1020.0
2021-12-09 09:00:00,23.0,47,1019.6
2021-12-09 10:00:00,21.5,43,1019.4
2021-12-09 11:00:00,19.4,56,1019.3
2021-12-09 12:00:00,19.4,60,1019.6
2021-12-09 13:00:00,14.3,70,1020.0
2021-12-09 14:00:00,13.4,74,1020.4
2021-12-09 15:00:00,12.5,79,1020.8
2021-12-09 16:00:00,12.0,82,1021.1
2021-12-09 17:00:00,12.2,81,1021.3
2021-12-09 18:00:00,11.2,85,1021.3
2021-12-09 19:00:00,10.3,89,1021.1
2021-12-09 20:00:00,9.7,91,1020.8
2021-12-09 21:00:00,9.5,92,1020.3
2021-12-09 22:00:00,9.5,92,1020.2
2021-12-09 23:00:00,9.4,93,1020.1
2021-12-10 00:00:00,9.3,93,1020.0
2021-12-10 01:00:00,8.9,94,1020.4
2021-12-10 02:00:00,8.3,95,1020.7
2021-12-10 03:00:00,11.2,95,1021.7
2021-12-10 04:00:00,14.2,78,1021.2
2021-12-10 05:00:00,17.1,66,1021.4
2021-12-10 06:00:00,21.8,43,1020.9
2021-12-10 07:00:00,20.7,50,1020.2
2021-12-10 08:00:00,21.4,46,1019.4
2021-12-10 09:00:00,23.6,40,1018.7
2021-12-10 10:00:00,21.4,45,1018.6
2021-12-10 11:00:00,19.6,56,1018.5
2021-12-10 12:00:00,18.6,61,1018.7
2021-12-10 13:00:00,14.2,74,1019.0
2021-12-10 14:00:00,13.0,78,1019.3
2021-12-10 15:00:00,11.9,83,1019.5
2021-12-10 16:00:00,11.0,87,1019.6
2021-12-10 17:00:00,10.5,89,1019.6
2021-12-10 18:00:00,10.0,91,1019.4
2021-12-10 19:00:00,9.3,92,1018.8
2021-12-10 20:00:00,8.9,92,1018.5
2021-12-10 21:00:00,8.4,93,1018.0
2021-12-10 22:00:00,8.1,93,1017.6
2021-12-10 23:00:00,7.7,93,1017.0
2021-12-11 00:00:00,7.5,94,1016.8
2021-12-11 01:00:00,7.4,94,1017.2
2021-12-11 02:00:00,7.5,94,1017.9
2021-12-11 03:00:00,11.2,92,1020.0
2021-12-11 04:00:00,13.3,74,1019.5
2021-12-11 05:00:00,16.1,65,1020.1
2021-12-11 06:00:00,20.0,54,1020.0
2021-12-11 07:00:00,20.2,43,1018.9
2021-12-11 08:00:00,21.0,36,1018.0
2021-12-11 09:00:00,23.0,40,1017.1
2021-12-11 10:00:00,20.7,35,1017.2
2021-12-11 11:00:00,18.0,52,1017.4
2021-12-11 12:00:00,19.6,50,1017.9
2021-12-11 13:00:00,12.7,61,1018.0
2021-12-11 14:00:00,11.9,72,1019.3
2021-12-11 15:00:00,10.5,79,1019.5
2021-12-11 16:00:00,10.3,78,1019.6
2021-12-11 17:00:00,9.7,80,1019.8
2021-12-11 18:00:00,9.6,79,1019.8
2021-12-11 19:00:00,9.5,79,1019.6
2021-12-11 20:00:00,10.2,75,1019.3
2021-12-11 21:00:00,10.1,76,1019.1
2021-12-11 22:00:00,9.7,79,1019.0
2021-12-11 23:00:00,8.8,85,1018.7
2021-12-12 00:00:00,8.7,85,1018.7
2021-12-12 01:00:00,8.1,88,1019.1
2021-12-12 02:00:00,7.1,91,1019.6
2021-12-12 03:00:00,9.0,95,1021.8
2021-12-12 04:00:00,13.1,71,1020.7
2021-12-12 05:00:00,15.9,61,1021.0
2021-12-12 06:00:00,18.8,56,1021.0
2021-12-12 07:00:00,18.8,49,1019.3
2021-12-12 08:00:00,19.6,44,1018.7
2021-12-12 09:00:00,22.4,41,1017.9
2021-12-12 10:00:00,19.9,41,1017.9
2021-12-12 11:00:00,17.6,62,1017.9
2021-12-12 12:00:00,17.4,76,1018.1
2021-12-12 13:00:00,15.8,53,1018.5
2021-12-12 14:00:00,13.6,65,1018.8
2021-12-12 15:00:00,12.1,76,1019.2
2021-12-12 16:00:00,10.7,85,1019.3
2021-12-12 17:00:00,13.0,75,1019.7
2021-12-12 18:00:00,12.7,76,1019.6
2021-12-12 19:00:00,11.2,82,1019.2
2021-12-12 20:00:00,8.9,90,1019.0
2021-12-12 21:00:00,7.9,92,1018.6
2021-12-12 22:00:00,7.5,93,1018.2
2021-12-12 23:00:00,7.3,94,1018.0
2021-12-13 00:00:00,7.7,94,1018.2
2021-12-13 01:00:00,7.4,95,1018.6
2021-12-13 02:00:00,6.6,98,1019.4
2021-12-13 03:00:00,9.8,97,1020.7
2021-12-13 04:00:00,12.8,79,1020.3
2021-12-13 05:00:00,16.0,66,1020.4
2021-12-13 06:00:00,18.4,64,1020.2
2021-12-13 07:00:00,19.5,49,1019.1
2021-12-13 08:00:00,20.0,45,1018.0
2021-12-13 09:00:00,20.8,55,1017.3
2021-12-13 10:00:00,19.9,42,1016.5
2021-12-13 11:00:00,18.5,54,1016.4
2021-12-13 12:00:00,17.2,78,1016.8
2021-12-13 13:00:00,16.8,53,1016.6
2021-12-13 14:00:00,15.6,57,1016.9
2021-12-13 15:00:00,14.6,61,1017.2
2021-12-13 16:00:00,13.9,63,1017.3
2021-12-13 17:00:00,13.4,65,1017.3
2021-12-13 18:00:00,10.4,80,1017.3
2021-12-13 19:00:00,8.8,90,1017.2
2021-12-13 20:00:00,8.6,94,1017.2
2021-12-13 21:00:00,7.5,96,1017.1
2021-12-13 22:00:00,7.9,95,1016.7
2021-12-13 23:00:00,6.7,98,1017.0
2021-12-14 00:00:00,6.2,99,1017.1
2021-12-14 01:00:00,6.2,98,1017.5
2021-12-14 02:00:00,6.2,98,1018.1
2021-12-14 03:00:00,9.2,99,1020.6
2021-12-14 04:00:00,12.0,80,1019.3
2021-12-14 05:00:00,15.5,68,1019.8
2021-12-14 06:00:00,16.6,70,1019.8
2021-12-14 07:00:00,18.9,48,1018.5
2021-12-14 08:00:00,19.4,45,1017.7
2021-12-14 09:00:00,19.8,55,1017.1
2021-12-14 10:00:00,19.2,44,1016.7
2021-12-14 11:00:00,17.5,55,1016.7
2021-12-14 12:00:00,17.4,71,1017.1
2021-12-14 13:00:00,12.3,63,1017.5
2021-12-14 14:00:00,12.1,64,1018.3
2021-12-14 15:00:00,14.0,54,1018.6
2021-12-14 16:00:00,13.8,53,1018.9
2021-12-14 17:00:00,12.1,59,1019.1
2021-12-14 18:00:00,10.4,69,1019.4
2021-12-14 19:00:00,9.9,72,1019.3
2021-12-14 20:00:00,9.1,76,1019.2
2021-12-14 21:00:00,8.1,81,1019.1
2021-12-14 22:00:00,7.6,84,1019.1
2021-12-14 23:00:00,7.2,84,1018.8
2021-12-15 00:00:00,6.4,88,1018.6
2021-12-15 01:00:00,5.2,94,1018.8
2021-12-15 02:00:00,5.1,95,1019.2
2021-12-15 03:00:00,9.8,97,1021.1
2021-12-15 04:00:00,12.0,73,1020.2
2021-12-15 05:00:00,15.0,62,1020.5
2021-12-15 06:00:00,17.6,54,1020.3
2021-12-15 07:00:00,18.5,47,1018.7
2021-12-15 08:00:00,19.1,43,1018.0
2021-12-15 09:00:00,19.8,46,1017.5
2021-12-15 10:00:00,18.8,41,1016.6
2021-12-15 11:00:00,16.9,53,1016.1
2021-12-15 12:00:00,15.4,63,1016.3
2021-12-15 13:00:00,11.4,71,1016.3
2021-12-15 14:00:00,9.8,79,1016.6
2021-12-15 15:00:00,9.0,82,1017.0
2021-12-15 16:00:00,8.3,83,1017.1
2021-12-15 17:00:00,7.7,87,1017.6
2021-12-15 18:00:00,7.2,87,1017.8
2021-12-15 19:00:00,7.1,86,1017.7
2021-12-15 20:00:00,7.9,83,1017.8
2021-12-15 21:00:00,8.0,84,1017.7
2021-12-15 22:00:00,7.7,85,1017.7
2021-12-15 23:00:00,7.4,87,1017.6
2021-12-16 00:00:00,7.0,89,1017.5
2021-12-16 01:00:00,6.3,92,1018.0
2021-12-16 02:00:00,5.4,97,1019.2
2021-12-16 03:00:00,7.8,100,1022.2
2021-12-16 04:00:00,10.4,83,1020.8
2021-12-16 05:00:00,13.3,70,1021.3
2021-12-16 06:00:00,10.8,100,1022.1
2021-12-16 07:00:00,17.0,52,1019.8
2021-12-16 08:00:00,17.7,41,1018.9
2021-12-16 09:00:00,15.6,73,1019.6
2021-12-16 10:00:00,17.3,38,1018.1
2021-12-16 11:00:00,15.7,49,1018.5
2021-12-16 12:00:00,14.4,68,1019.4
2021-12-16 13:00:00,10.4,67,1019.1
2021-12-16 14:00:00,10.0,68,1019.8
2021-12-16 15:00:00,9.4,68,1020.5
2021-12-16 16:00:00,8.6,70,1020.8
2021-12-16 17:00:00,7.3,77,1021.1
2021-12-16 18:00:00,6.2,84,1021.2
2021-12-16 19:00:00,5.9,85,1020.9
2021-12-16 20:00:00,5.1,90,1021.4
2021-12-16 21:00:00,5.5,90,1021.2
2021-12-16 22:00:00,5.7,90,1020.9
2021-12-16 23:00:00,5.5,91,1020.9
2021-12-17 00:00:00,5.2,92,1021.0
2021-12-17 01:00:00,4.7,93,1021.3
2021-12-17 02:00:00,4.1,94,1021.9
2021-12-17 03:00:00,7.8,100,1023.6
2021-12-17 04:00:00,9.0,77,1023.0
2021-12-17 05:00:00,12.2,66,1023.4
2021-12-17 06:00:00,11.6,76,1023.8
2021-12-17 07:00:00,15.5,50,1021.6
2021-12-17 08:00:00,16.3,44,1020.6
2021-12-17 09:00:00,14.2,63,1020.6
2021-12-17 10:00:00,16.2,41,1019.4
2021-12-17 11:00:00,14.9,48,1019.3
2021-12-17 12:00:00,11.0,85,1020.9
2021-12-17 13:00:00,10.0,65,1019.9
2021-12-17 14:00:00,8.6,81,1021.4
2021-12-17 15:00:00,7.9,86,1021.9
2021-12-17 16:00:00,7.3,88,1022.1
2021-12-17 17:00:00,6.3,90,1022.2
2021-12-17 18:00:00,5.8,91,1022.0
2021-12-17 19:00:00,5.5,92,1022.0
2021-12-17 20:00:00,5.1,93,1021.6
2021-12-17 21:00:00,5.2,93,1021.2
2021-12-17 22:00:00,5.3,93,1020.6
2021-12-17 23:00:00,3.8,96,1020.3
2021-12-18 00:00:00,3.7,96,1020.5
2021-12-18 01:00:00,3.4,96,1021.0
2021-12-18 02:00:00,3.3,96,1021.6
2021-12-18 03:00:00,7.4,97,1023.1
2021-12-18 04:00:00,9.0,81,1023.0
2021-12-18 05:00:00,11.7,71,1023.2
2021-12-18 06:00:00,9.8,87,1023.6
2021-12-18 07:00:00,15.2,51,1021.6
2021-12-18 08:00:00,15.9,47,1020.6
2021-12-18 09:00:00,15.8,48,1020.3
2021-12-18 10:00:00,15.8,46,1019.6
2021-12-18 11:00:00,14.6,54,1019.4
2021-12-18 12:00:00,12.4,79,1020.1
2021-12-18 13:00:00,9.9,71,1019.9
2021-12-18 14:00:00,8.5,77,1020.3
2021-12-18 15:00:00,7.2,83,1020.5
2021-12-18 16:00:00,6.3,86,1020.7
2021-12-18 17:00:00,5.9,89,1021.4
2021-12-18 18:00:00,5.8,89,1021.3
2021-12-18 19:00:00,6.0,89,1021.0
2021-12-18 20:00:00,6.1,88,1020.9
2021-12-18 21:00:00,5.9,88,1020.6
2021-12-18 22:00:00,5.4,90,1020.4
2021-12-18 23:00:00,4.9,92,1020.1
2021-12-19 00:00:00,3.9,93,1019.8
2021-12-19 01:00:00,3.3,93,1020.1
2021-12-19 02:00:00,3.5,94,1020.6
2021-12-19 03:00:00,5.4,94,1021.5
2021-12-19 04:00:00,8.2,79,1022.1
2021-12-19 05:00:00,10.9,70,1022.4
2021-12-19 06:00:00,15.6,40,1021.5
2021-12-19 07:00:00,14.9,53,1020.7
2021-12-19 08:00:00,15.9,47,1020.0
2021-12-19 09:00:00,17.8,34,1019.5
2021-12-19 10:00:00,16.0,46,1019.2
2021-12-19 11:00:00,14.3,56,1019.6
2021-12-19 12:00:00,13.6,50,1019.7
2021-12-19 13:00:00,8.9,76,1019.9
2021-12-19 14:00:00,8.0,81,1020.3
2021-12-19 15:00:00,7.0,85,1020.7
2021-12-19 16:00:00,6.3,87,1021.0
2021-12-19 17:00:00,5.6,89,1021.0
2021-12-19 18:00:00,5.1,90,1020.9
2021-12-19 19:00:00,5.1,90,1020.5
2021-12-19 20:00:00,4.8,91,1020.0
2021-12-19 21:00:00,4.7,91,1019.7
2021-12-19 22:00:00,4.5,91,1019.4
2021-12-19 23:00:00,3.7,92,1018.7
2021-12-20 00:00:00,3.3,92,1018.5
2021-12-20 01:00:00,3.2,92,1018.8
2021-12-20 02:00:00,3.3,91,1019.4
2021-12-20 03:00:00,6.8,91,1020.6
2021-12-20 04:00:00,8.9,75,1020.5
2021-12-20 05:00:00,11.9,68,1020.6
2021-12-20 06:00:00,17.2,43,1020.0
2021-12-20 07:00:00,15.9,51,1019.1
2021-12-20 08:00:00,16.7,47,1018.4
2021-12-20 09:00:00,17.8,46,1017.2
2021-12-20 10:00:00,16.6,48,1017.0
2021-12-20 11:00:00,14.7,73,1016.8
2021-12-20 12:00:00,16.4,49,1016.8
2021-12-20 13:00:00,13.5,62,1017.5
2021-12-20 14:00:00,12.6,67,1018.3
2021-12-20 15:00:00,12.0,69,1019.1
2021-12-20 16:00:00,9.8,78,1019.8
2021-12-20 17:00:00,9.0,82,1020.0
2021-12-20 18:00:00,9.7,79,1019.6
2021-12-20 19:00:00,8.1,84,1019.1
2021-12-20 20:00:00,7.3,89,1018.7
2021-12-20 21:00:00,8.7,81,1018.4
2021-12-20 22:00:00,8.9,80,1017.8
2021-12-20 23:00:00,7.0,90,1017.8
2021-12-21 00:00:00,6.6,90,1017.9
2021-12-21 01:00:00,6.4,89,1017.8
2021-12-21 02:00:00,7.5,85,1018.1
2021-12-21 03:00:00,6.2,100,1019.5
2021-12-21 04:00:00,10.5,82,1019.0
2021-12-21 05:00:00,13.6,71,1019.4
2021-12-21 06:00:00,17.2,56,1018.6
2021-12-21 07:00:00,17.1,54,1017.7
2021-12-21 08:00:00,17.6,50,1016.9
2021-12-21 09:00:00,19.0,45,1016.5
2021-12-21 10:00:00,17.6,51,1015.9
2021-12-21 11:00:00,15.8,67,1015.9
2021-12-21 12:00:00,15.0,68,1016.5
2021-12-21 13:00:00,10.3,86,1016.7
2021-12-21 14:00:00,9.8,85,1017.0
2021-12-21 15:00:00,9.2,86,1017.2
2021-12-21 16:00:00,9.7,84,1017.3
2021-12-21 17:00:00,8.2,88,1017.9
2021-12-21 18:00:00,7.5,89,1017.8
2021-12-21 19:00:00,7.3,90,1017.6
2021-12-21 20:00:00,8.1,87,1017.1
2021-12-21 21:00:00,8.1,87,1016.7
2021-12-21 22:00:00,7.0,90,1016.2
2021-12-21 23:00:00,5.6,94,1015.7
2021-12-22 00:00:00,5.1,97,1015.6
2021-12-22 01:00:00,4.8,97,1015.7
2021-12-22 02:00:00,6.8,91,1016.5
2021-12-22 03:00:00,7.0,94,1017.6
2021-12-22 04:00:00,10.6,83,1017.5
2021-12-22 05:00:00,13.5,72,1017.5
2021-12-22 06:00:00,17.4,54,1016.2
2021-12-22 07:00:00,17.2,56,1015.3
2021-12-22 08:00:00,18.2,53,1014.2
2021-12-22 09:00:00,20.2,53,1013.2
2021-12-22 10:00:00,18.2,52,1012.9
2021-12-22 11:00:00,16.2,71,1013.0
2021-12-22 12:00:00,16.4,71,1012.9
2021-12-22 13:00:00,10.9,85,1013.7
2021-12-22 14:00:00,11.3,81,1013.9
2021-12-22 15:00:00,11.2,81,1014.5
2021-12-22 16:00:00,9.0,90,1014.9
2021-12-22 17:00:00,8.3,91,1015.3
2021-12-22 18:00:00,8.5,92,1015.4
2021-12-22 19:00:00,9.3,90,1014.8
2021-12-22 20:00:00,9.1,90,1015.1
2021-12-22 21:00:00,8.0,93,1015.1
2021-12-22 22:00:00,8.2,93,1014.5
2021-12-22 23:00:00,8.7,93,1014.1
2021-12-23 00:00:00,9.5,89,1013.8
2021-12-23 01:00:00,8.5,91,1014.4
2021-12-23 02:00:00,8.0,93,1015.3
2021-12-23 03:00:00,10.6,92,1016.8
2021-12-23 04:00:00,10.2,89,1016.7
2021-12-23 05:00:00,12.0,88,1017.5
2021-12-23 06:00:00,17.6,62,1015.4
2021-12-23 07:00:00,16.4,62,1015.6
2021-12-23 08:00:00,17.7,53,1014.6
2021-12-23 09:00:00,20.2,58,1013.0
2021-12-23 10:00:00,18.2,49,1013.5
2021-12-23 11:00:00,16.8,73,1013.4
2021-12-23 12:00:00,17.0,78,1013.3
2021-12-23 13:00:00,14.3,64,1014.0
2021-12-23 14:00:00,13.5,73,1014.3
2021-12-23 15:00:00,12.4,77,1014.7
2021-12-23 16:00:00,11.2,82,1015.2
2021-12-23 17:00:00,9.7,88,1015.3
2021-12-23 18:00:00,8.3,91,1015.3
2021-12-23 19:00:00,7.9,90,1014.9
2021-12-23 20:00:00,7.3,91,1014.6
2021-12-23 21:00:00,6.8,92,1014.2
2021-12-23 22:00:00,6.3,94,1013.8
2021-12-23 23:00:00,5.8,96,1013.6
2021-12-24 00:00:00,5.5,96,1013.5
2021-12-24 01:00:00,5.2,97,1013.9
2021-12-24 02:00:00,5.3,97,1014.6
2021-12-24 03:00:00,7.4,97,1016.8
2021-12-24 04:00:00,11.3,81,1016.0
2021-12-24 05:00:00,14.7,71,1016.2
2021-12-24 06:00:00,17.0,52,1015.7
2021-12-24 07:00:00,18.9,53,1014.7
2021-12-24 08:00:00,19.5,50,1014.0
2021-12-24 09:00:00,20.0,49,1013.3
2021-12-24 10:00:00,19.4,51,1013.5
2021-12-24 11:00:00,17.6,72,1013.8
2021-12-24 12:00:00,17.6,67,1013.7
2021-12-24 13:00:00,14.6,69,1014.3
2021-12-24 14:00:00,15.0,67,1014.7
2021-12-24 15:00:00,14.2,70,1015.1
2021-12-24 16:00:00,12.3,77,1015.5
2021-12-24 17:00:00,9.7,88,1016.2
2021-12-24 18:00:00,8.4,92,1016.4
2021-12-24 19:00:00,8.1,91,1016.5
2021-12-24 20:00:00,9.0,87,1016.2
2021-12-24 21:00:00,9.5,85,1016.0
2021-12-24 22:00:00,8.3,88,1015.8
2021-12-24 23:00:00,7.1,93,1015.7
2021-12-25 00:00:00,7.0,94,1015.7
2021-12-25 01:00:00,6.8,93,1016.2
2021-12-25 02:00:00,6.6,96,1016.8
2021-12-25 03:00:00,7.4,97,1018.5
2021-12-25 04:00:00,11.0,84,1018.2
2021-12-25 05:00:00,14.4,72,1018.4
2021-12-25 06:00:00,15.8,61,1018.1
2021-12-25 07:00:00,18.3,59,1016.8
2021-12-25 08:00:00,19.0,55,1016.2
2021-12-25 09:00:00,20.4,48,1015.5
2021-12-25 10:00:00,19.1,55,1015.5
2021-12-25 11:00:00,17.9,68,1015.5
2021-12-25 12:00:00,17.4,61,1015.6
2021-12-25 13:00:00,15.9,66,1016.1
2021-12-25 14:00:00,14.9,71,1016.6
2021-12-25 15:00:00,14.0,75,1017.0
2021-12-25 16:00:00,13.1,79,1017.2
2021-12-25 17:00:00,12.6,81,1017.4
2021-12-25 18:00:00,10.3,89,1017.4
2021-12-25 19:00:00,8.9,94,1017.2
2021-12-25 20:00:00,8.0,94,1017.3
2021-12-25 21:00:00,7.5,95,1017.2
2021-12-25 22:00:00,7.8,94,1016.8
2021-12-25 23:00:00,8.8,92,1016.4
2021-12-26 00:00:00,8.4,92,1016.4
2021-12-26 01:00:00,6.8,95,1016.9
2021-12-26 02:00:00,7.0,95,1017.3
2021-12-26 03:00:00,9.2,100,1019.5
2021-12-26 04:00:00,10.6,85,1019.5
2021-12-26 05:00:00,13.3,79,1019.8
2021-12-26 06:00:00,13.4,82,1020.5
2021-12-26 07:00:00,17.2,66,1018.6
2021-12-26 08:00:00,18.2,61,1017.7
2021-12-26 09:00:00,15.0,85,1018.8
2021-12-26 10:00:00,16.5,74,1017.3
2021-12-26 11:00:00,16.1,80,1017.5
2021-12-26 12:00:00,13.6,88,1018.5
2021-12-26 13:00:00,14.7,80,1018.3
2021-12-26 14:00:00,12.1,92,1019.7
2021-12-26 15:00:00,11.8,93,1019.9
2021-12-26 16:00:00,10.3,95,1020.2
2021-12-26 17:00:00,9.7,96,1020.4
2021-12-26 18:00:00,9.3,96,1020.8
2021-12-26 19:00:00,8.9,96,1020.8
2021-12-26 20:00:00,7.3,99,1020.5
2021-12-26 21:00:00,6.9,99,1020.3
2021-12-26 22:00:00,6.2,99,1020.2
2021-12-26 23:00:00,5.8,97,1019.6
2021-12-27 00:00:00,5.5,97,1019.5
2021-12-27 01:00:00,5.4,97,1020.0
2021-12-27 02:00:00,4.9,98,1020.6
2021-12-27 03:00:00,5.8,94,1022.4
2021-12-27 04:00:00,10.6,84,1021.4
2021-12-27 05:00:00,14.0,75,1021.8
2021-12-27 06:00:00,18.2,50,1021.2
2021-12-27 07:00:00,17.6,58,1020.2
2021-12-27 08:00:00,18.1,57,1019.5
2021-12-27 09:00:00,19.8,44,1018.9
2021-12-27 10:00:00,18.3,56,1018.6
2021-12-27 11:00:00,16.7,75,1018.3
2021-12-27 12:00:00,16.0,58,1018.6
2021-12-27 13:00:00,11.7,87,1018.9
2021-12-27 14:00:00,10.6,90,1019.3
2021-12-27 15:00:00,9.6,92,1019.6
2021-12-27 16:00:00,8.8,93,1020.3
2021-12-27 17:00:00,9.1,92,1020.7
2021-12-27 18:00:00,8.6,93,1020.5
2021-12-27 19:00:00,8.1,93,1020.3
2021-12-27 20:00:00,8.0,93,1019.7
2021-12-27 21:00:00,7.5,93,1019.2
2021-12-27 22:00:00,6.9,93,1019.1
2021-12-27 23:00:00,7.0,92,1018.8
2021-12-28 00:00:00,6.3,92,1018.8
2021-12-28 01:00:00,5.9,93,1019.2
2021-12-28 02:00:00,5.9,94,1019.4
2021-12-28 03:00:00,8.8,95,1020.5
2021-12-28 04:00:00,11.6,80,1020.0
2021-12-28 05:00:00,14.5,72,1020.1
2021-12-28 06:00:00,17.6,62,1019.6
2021-12-28 07:00:00,18.2,54,1018.6
2021-12-28 08:00:00,19.1,48,1017.6
2021-12-28 09:00:00,20.8,31,1017.0
2021-12-28 10:00:00,18.8,47,1016.6
2021-12-28 11:00:00,17.1,59,1016.8
2021-12-28 12:00:00,17.2,52,1017.1
2021-12-28 13:00:00,12.1,76,1017.4
2021-12-28 14:00:00,11.3,78,1017.8
2021-12-28 15:00:00,10.4,82,1018.3
2021-12-28 16:00:00,9.2,87,1018.6
2021-12-28 17:00:00,8.1,90,1018.7
2021-12-28 18:00:00,7.4,91,1018.7
2021-12-28 19:00:00,6.9,92,1018.6
2021-12-28 20:00:00,6.4,93,1019.0
2021-12-28 21:00:00,6.0,93,1018.7
2021-12-28 22:00:00,5.6,94,1018.5
2021-12-28 23:00:00,5.1,95,1018.1
2021-12-29 00:00:00,5.0,95,1018.2
2021-12-29 01:00:00,4.7,95,1018.5
2021-12-29 02:00:00,4.3,95,1019.0
2021-12-29 03:00:00,8.4,84,1020.5
2021-12-29 04:00:00,9.9,78,1020.4
2021-12-29 05:00:00,12.8,68,1020.8
2021-12-29 06:00:00,17.6,36,1020.6
2021-12-29 07:00:00,16.4,48,1019.4
2021-12-29 08:00:00,17.2,44,1018.4
2021-12-29 09:00:00,19.4,30,1017.8
2021-12-29 10:00:00,17.1,42,1017.9
2021-12-29 11:00:00,15.4,56,1017.9
2021-12-29 12:00:00,16.2,40,1018.5
2021-12-29 13:00:00,10.0,78,1019.4
2021-12-29 14:00:00,9.1,80,1020.3
2021-12-29 15:00:00,8.0,84,1021.0
2021-12-29 16:00:00,7.3,86,1021.8
2021-12-29 17:00:00,6.9,86,1022.5
2021-12-29 18:00:00,7.7,82,1022.5
2021-12-29 19:00:00,8.7,79,1022.6
2021-12-29 20:00:00,8.2,81,1022.5
2021-12-29 21:00:00,7.9,82,1022.3
2021-12-29 22:00:00,7.1,83,1022.2
2021-12-29 23:00:00,4.8,92,1022.7
2021-12-30 00:00:00,5.6,88,1022.8
2021-12-30 01:00:00,6.7,84,1023.4
2021-12-30 02:00:00,6.3,86,1024.2
2021-12-30 03:00:00,5.0,97,1025.7
2021-12-30 04:00:00,9.5,81,1025.2
2021-12-30 05:00:00,12.5,72,1025.9
2021-12-30 06:00:00,15.0,62,1025.4
2021-12-30 07:00:00,16.0,58,1024.3
2021-12-30 08:00:00,16.8,54,1023.2
2021-12-30 09:00:00,18.6,41,1022.5
2021-12-30 10:00:00,17.1,51,1022.4
2021-12-30 11:00:00,15.7,63,1022.3
2021-12-30 12:00:00,15.8,56,1022.9
2021-12-30 13:00:00,10.8,78,1023.0
2021-12-30 14:00:00,9.7,83,1023.3
2021-12-30 15:00:00,8.9,87,1023.8
2021-12-30 16:00:00,8.5,88,1024.8
2021-12-30 17:00:00,7.7,90,1025.2
2021-12-30 18:00:00,7.5,90,1025.0
2021-12-30 19:00:00,7.1,91,1024.8
2021-12-30 20:00:00,6.6,92,1024.4
2021-12-30 21:00:00,6.2,93,1024.1
2021-12-30 22:00:00,6.2,93,1023.5
2021-12-30 23:00:00,6.9,93,1023.0
2021-12-31 00:00:00,6.2,94,1022.8
2021-12-31 01:00:00,5.2,95,1023.5
2021-12-31 02:00:00,4.5,97,1023.7
2021-12-31 03:00:00,7.6,88,1024.6
2021-12-31 04:00:00,10.1,83,1024.6
2021-12-31 05:00:00,13.1,73,1024.7
2021-12-31 06:00:00,17.2,45,1024.2
2021-12-31 07:00:00,17.2,57,1023.3
2021-12-31 08:00:00,18.0,53,1022.3
2021-12-31 09:00:00,19.4,40,1021.6
2021-12-31 10:00:00,17.5,53,1021.4
2021-12-31 11:00:00,16.2,61,1021.3
2021-12-31 12:00:00,16.8,53,1021.3
2021-12-31 13:00:00,10.7,84,1021.9
2021-12-31 14:00:00,9.5,88,1022.3
2021-12-31 15:00:00,8.5,89,1022.7
2021-12-31 16:00:00,8.1,90,1023.0
2021-12-31 17:00:00,7.4,91,1023.0
2021-12-31 18:00:00,6.7,93,1022.9
2021-12-31 19:00:00,6.4,95,1022.8
2021-12-31 20:00:00,6.2,95,1022.5
2021-12-31 21:00:00,5.6,96,1022.3
2021-12-31 22:00:00,5.1,98,1021.9
2021-12-31 23:00:00,4.6,99,1021.7
