year,month,day,hour,temp,temp_source,rhum,rhum_source,prcp,prcp_source,wdir,wdir_source,wspd,wspd_source,pres,pres_source,cldc,cldc_source,coco,coco_source
2020,1,1,3,1.1,isd_lite,95,isd_lite,,,0,isd_lite,0.0,isd_lite,1024.7,isd_lite,5,isd_lite,,
2020,1,1,6,10.8,isd_lite,77,isd_lite,,,0,isd_lite,0.0,isd_lite,1025.1,isd_lite,4,isd_lite,,
2020,1,1,9,17.0,isd_lite,52,isd_lite,,,70,isd_lite,3.6,isd_lite,1022.3,isd_lite,3,isd_lite,,
2020,1,1,12,15.0,isd_lite,68,isd_lite,,,0,isd_lite,0.0,isd_lite,1022.5,isd_lite,4,isd_lite,,
2020,1,2,3,5.4,isd_lite,94,isd_lite,,,0,isd_lite,0.0,isd_lite,1024.7,isd_lite,5,isd_lite,,
2020,1,2,6,16.2,isd_lite,58,isd_lite,,,50,isd_lite,5.4,isd_lite,1024.0,isd_lite,5,isd_lite,,
2020,1,2,9,19.6,isd_lite,47,isd_lite,,,320,isd_lite,7.6,isd_lite,1021.0,isd_lite,7,isd_lite,,
2020,1,2,12,15.8,isd_lite,67,isd_lite,,,0,isd_lite,0.0,isd_lite,1020.6,isd_lite,5,isd_lite,,
2020,1,3,3,8.4,isd_lite,97,isd_lite,,,0,isd_lite,0.0,isd_lite,1021.1,isd_lite,,,,
2020,1,3,6,17.4,isd_lite,56,isd_lite,,,360,isd_lite,3.6,isd_lite,1020.4,isd_lite,,,,
2020,1,3,9,20.0,isd_lite,40,isd_lite,,,290,isd_lite,5.4,isd_lite,1017.2,isd_lite,,,,
2020,1,3,12,17.4,isd_lite,56,isd_lite,,,250,isd_lite,1.8,isd_lite,1017.1,isd_lite,,,,
2020,1,4,3,6.4,isd_lite,91,isd_lite,,,0,isd_lite,0.0,isd_lite,1019.8,isd_lite,,,,
2020,1,4,6,16.0,isd_lite,59,isd_lite,,,20,isd_lite,5.4,isd_lite,1020.0,isd_lite,,,,
2020,1,4,9,18.8,isd_lite,39,isd_lite,,,250,isd_lite,1.8,isd_lite,1016.3,isd_lite,3,isd_lite,,
2020,1,4,12,16.0,isd_lite,56,isd_lite,,,0,isd_lite,0.0,isd_lite,1016.7,isd_lite,,,,
2020,1,5,3,8.0,isd_lite,94,isd_lite,,,0,isd_lite,0.0,isd_lite,1019.3,isd_lite,,,,
2020,1,5,6,17.2,isd_lite,50,isd_lite,,,340,isd_lite,7.6,isd_lite,1019.1,isd_lite,3,isd_lite,,
2020,1,5,9,17.6,isd_lite,46,isd_lite,,,320,isd_lite,3.6,isd_lite,1017.7,isd_lite,7,isd_lite,,
2020,1,5,12,15.4,isd_lite,65,isd_lite,,,270,isd_lite,3.6,isd_lite,1018.6,isd_lite,8,isd_lite,,
2020,1,6,3,11.0,isd_lite,88,isd_lite,,,0,isd_lite,0.0,isd_lite,1021.0,isd_lite,8,isd_lite,,
2020,1,6,6,12.6,isd_lite,79,isd_lite,,,360,isd_lite,3.6,isd_lite,1021.3,isd_lite,8,isd_lite,,
2020,1,6,9,12.0,isd_lite,85,isd_lite,,,0,isd_lite,0.0,isd_lite,1020.0,isd_lite,8,isd_lite,,
2020,1,6,12,10.2,isd_lite,97,isd_lite,,,50,isd_lite,11.2,isd_lite,1019.9,isd_lite,8,isd_lite,,
2020,1,7,3,10.8,isd_lite,100,isd_lite,,,0,isd_lite,0.0,isd_lite,1019.4,isd_lite,8,isd_lite,,
2020,1,7,6,13.0,isd_lite,93,isd_lite,,,0,isd_lite,0.0,isd_lite,1019.0,isd_lite,8,isd_lite,,
2020,1,7,9,13.0,isd_lite,96,isd_lite,,,0,isd_lite,0.0,isd_lite,1016.5,isd_lite,8,isd_lite,,
2020,1,7,12,13.0,isd_lite,96,isd_lite,,,110,isd_lite,3.6,isd_lite,1015.4,isd_lite,8,isd_lite,,
2020,1,8,3,11.8,isd_lite,100,isd_lite,,,0,isd_lite,0.0,isd_lite,1016.4,isd_lite,,,,
2020,1,8,6,12.4,isd_lite,93,isd_lite,,,360,isd_lite,5.4,isd_lite,1016.7,isd_lite,8,isd_lite,,
2020,1,8,9,13.0,isd_lite,84,isd_lite,,,340,isd_lite,5.4,isd_lite,1015.3,isd_lite,8,isd_lite,,
2020,1,8,12,11.6,isd_lite,83,isd_lite,,,290,isd_lite,5.4,isd_lite,1015.9,isd_lite,6,isd_lite,,
2020,1,9,3,7.8,isd_lite,100,isd_lite,,,320,isd_lite,1.8,isd_lite,1020.0,isd_lite,,,,
2020,1,9,6,11.0,isd_lite,88,isd_lite,,,340,isd_lite,3.6,isd_lite,1022.2,isd_lite,4,isd_lite,,
2020,1,9,9,13.6,isd_lite,69,isd_lite,,,340,isd_lite,7.6,isd_lite,1020.1,isd_lite,3,isd_lite,,
2020,1,9,12,12.6,isd_lite,70,isd_lite,,,270,isd_lite,3.6,isd_lite,1020.6,isd_lite,,,,
2020,1,10,3,6.6,isd_lite,94,isd_lite,,,0,isd_lite,0.0,isd_lite,1021.9,isd_lite,,,,
2020,1,10,6,13.8,isd_lite,56,isd_lite,,,290,isd_lite,7.6,isd_lite,1021.8,isd_lite,,,,
2020,1,10,9,17.0,isd_lite,43,isd_lite,,,320,isd_lite,16.6,isd_lite,1019.8,isd_lite,2,isd_lite,,
2020,1,10,12,14.2,isd_lite,55,isd_lite,,,290,isd_lite,7.6,isd_lite,1019.3,isd_lite,4,isd_lite,,
2020,1,11,3,7.8,isd_lite,86,isd_lite,,,320,isd_lite,5.4,isd_lite,1020.5,isd_lite,5,isd_lite,,
2020,1,11,6,15.4,isd_lite,46,isd_lite,,,320,isd_lite,9.4,isd_lite,1021.3,isd_lite,7,isd_lite,,
2020,1,11,9,18.6,isd_lite,38,isd_lite,,,290,isd_lite,7.6,isd_lite,1018.2,isd_lite,7,isd_lite,,
2020,1,12,3,10.0,isd_lite,87,isd_lite,,,0,isd_lite,0.0,isd_lite,1018.3,isd_lite,2,isd_lite,,
2020,1,12,6,15.8,isd_lite,59,isd_lite,,,160,isd_lite,3.6,isd_lite,1018.1,isd_lite,5,isd_lite,,
2020,1,12,12,14.8,isd_lite,76,isd_lite,,,0,isd_lite,0.0,isd_lite,1014.6,isd_lite,8,isd_lite,,
2020,1,13,3,11.4,isd_lite,92,isd_lite,,,160,isd_lite,1.8,isd_lite,1011.1,isd_lite,8,isd_lite,,
2020,1,13,6,14.2,isd_lite,78,isd_lite,,,160,isd_lite,7.6,isd_lite,1010.7,isd_lite,8,isd_lite,,
2020,1,13,9,12.6,isd_lite,96,isd_lite,,,110,isd_lite,7.6,isd_lite,1009.2,isd_lite,8,isd_lite,,
2020,1,13,12,12.8,isd_lite,96,isd_lite,,,140,isd_lite,7.6,isd_lite,1010.6,isd_lite,8,isd_lite,,
2020,1,14,3,8.8,isd_lite,97,isd_lite,,,290,isd_lite,3.6,isd_lite,1017.8,isd_lite,5,isd_lite,,
2020,1,14,6,12.2,isd_lite,83,isd_lite,,,360,isd_lite,9.4,isd_lite,1018.8,isd_lite,6,isd_lite,,
2020,1,14,9,15.4,isd_lite,66,isd_lite,,,20,isd_lite,3.6,isd_lite,1015.7,isd_lite,4,isd_lite,,
2020,1,14,12,13.8,isd_lite,73,isd_lite,,,290,isd_lite,1.8,isd_lite,1015.7,isd_lite,3,isd_lite,,
2020,1,15,3,7.8,isd_lite,97,isd_lite,,,360,isd_lite,7.6,isd_lite,1018.8,isd_lite,,,,
2020,1,15,6,11.2,isd_lite,85,isd_lite,,,0,isd_lite,0.0,isd_lite,1019.8,isd_lite,,,,
2020,1,15,9,14.4,isd_lite,76,isd_lite,,,160,isd_lite,3.6,isd_lite,1017.4,isd_lite,6,isd_lite,,
2020,1,15,12,12.0,isd_lite,90,isd_lite,,,0,isd_lite,0.0,isd_lite,1017.0,isd_lite,6,isd_lite,,
2020,1,16,3,7.8,isd_lite,100,isd_lite,,,340,isd_lite,7.6,isd_lite,1017.9,isd_lite,,,,
2020,1,16,6,9.6,isd_lite,97,isd_lite,,,320,isd_lite,7.6,isd_lite,1018.4,isd_lite,,,,
2020,1,16,9,11.8,isd_lite,88,isd_lite,,,20,isd_lite,9.4,isd_lite,1016.1,isd_lite,6,isd_lite,,
2020,1,16,12,10.8,isd_lite,92,isd_lite,,,340,isd_lite,7.6,isd_lite,1015.7,isd_lite,6,isd_lite,,
2020,1,17,3,9.8,isd_lite,100,isd_lite,,,50,isd_lite,3.6,isd_lite,1018.4,isd_lite,,,,
2020,1,17,6,14.0,isd_lite,78,isd_lite,,,0,isd_lite,0.0,isd_lite,1018.5,isd_lite,,,,
2020,1,17,9,15.2,isd_lite,73,isd_lite,,,200,isd_lite,5.4,isd_lite,1016.4,isd_lite,,,,
2020,1,17,12,14.8,isd_lite,76,isd_lite,,,200,isd_lite,3.6,isd_lite,1016.5,isd_lite,3,isd_lite,,
2020,1,18,3,10.2,isd_lite,97,isd_lite,,,90,isd_lite,1.8,isd_lite,1020.2,isd_lite,,,,
2020,1,18,6,12.8,isd_lite,79,isd_lite,,,70,isd_lite,1.8,isd_lite,1021.8,isd_lite,6,isd_lite,,
2020,1,18,9,15.0,isd_lite,76,isd_lite,,,180,isd_lite,5.4,isd_lite,1018.6,isd_lite,5,isd_lite,,
2020,1,18,12,13.5,isd_lite,79,isd_lite,,,360,isd_lite,0.0,isd_lite,1018.2,isd_lite,2,isd_lite,,
2020,1,19,3,7.6,isd_lite,100,isd_lite,,,0,isd_lite,0.0,isd_lite,1021.1,isd_lite,,,,
2020,1,19,6,14.2,isd_lite,61,isd_lite,,,180,isd_lite,7.6,isd_lite,1021.7,isd_lite,,,,
2020,1,19,9,18.2,isd_lite,52,isd_lite,,,0,isd_lite,0.0,isd_lite,1018.8,isd_lite,,,,
2020,1,19,12,16.2,isd_lite,56,isd_lite,,,270,isd_lite,1.8,isd_lite,1017.8,isd_lite,,,,
2020,1,20,3,9.2,isd_lite,95,isd_lite,,,0,isd_lite,0.0,isd_lite,1019.1,isd_lite,6,isd_lite,,
2020,1,20,6,16.0,isd_lite,47,isd_lite,,,360,isd_lite,5.4,isd_lite,1019.1,isd_lite,2,isd_lite,,
2020,1,20,9,18.8,isd_lite,30,isd_lite,,,290,isd_lite,9.4,isd_lite,1016.9,isd_lite,7,isd_lite,,
2020,1,20,12,16.2,isd_lite,56,isd_lite,,,270,isd_lite,1.8,isd_lite,1016.9,isd_lite,7,isd_lite,,
2020,1,21,3,12.0,isd_lite,81,isd_lite,,,20,isd_lite,5.4,isd_lite,1020.1,isd_lite,6,isd_lite,,
2020,1,21,6,16.8,isd_lite,59,isd_lite,,,50,isd_lite,11.2,isd_lite,1020.6,isd_lite,7,isd_lite,,
2020,1,21,9,19.6,isd_lite,46,isd_lite,,,360,isd_lite,11.2,isd_lite,1018.3,isd_lite,6,isd_lite,,
2020,1,21,12,16.2,isd_lite,68,isd_lite,,,340,isd_lite,7.6,isd_lite,1018.7,isd_lite,6,isd_lite,,
2020,1,22,3,9.8,isd_lite,87,isd_lite,,,320,isd_lite,5.4,isd_lite,1023.2,isd_lite,,,,
2020,1,22,6,17.2,isd_lite,50,isd_lite,,,360,isd_lite,11.2,isd_lite,1023.2,isd_lite,,,,
2020,1,22,9,20.0,isd_lite,40,isd_lite,,,290,isd_lite,11.2,isd_lite,1020.5,isd_lite,,,,
2020,1,22,12,17.0,isd_lite,52,isd_lite,,,290,isd_lite,11.2,isd_lite,1019.7,isd_lite,,,,
2020,1,23,3,9.8,isd_lite,77,isd_lite,,,320,isd_lite,3.6,isd_lite,1021.1,isd_lite,,,,
2020,1,23,6,15.2,isd_lite,49,isd_lite,,,290,isd_lite,11.2,isd_lite,1021.9,isd_lite,,,,
2020,1,23,9,17.6,isd_lite,41,isd_lite,,,290,isd_lite,14.8,isd_lite,1019.1,isd_lite,,,,
2020,1,23,12,15.2,isd_lite,49,isd_lite,,,290,isd_lite,11.2,isd_lite,1017.8,isd_lite,2,isd_lite,,
2020,1,24,3,8.0,isd_lite,83,isd_lite,,,290,isd_lite,3.6,isd_lite,1018.3,isd_lite,2,isd_lite,,
2020,1,24,6,15.8,isd_lite,48,isd_lite,,,290,isd_lite,7.6,isd_lite,1017.7,isd_lite,,,,
2020,1,24,9,19.8,isd_lite,34,isd_lite,,,270,isd_lite,11.2,isd_lite,1014.6,isd_lite,,,,
2020,1,24,12,17.0,isd_lite,41,isd_lite,,,270,isd_lite,14.8,isd_lite,1014.8,isd_lite,,,,
2020,1,25,3,7.0,isd_lite,91,isd_lite,,,0,isd_lite,0.0,isd_lite,1018.8,isd_lite,4,isd_lite,,
2020,1,25,6,15.0,isd_lite,58,isd_lite,,,90,isd_lite,7.6,isd_lite,1018.7,isd_lite,4,isd_lite,,
2020,1,25,9,19.6,isd_lite,42,isd_lite,,,230,isd_lite,1.8,isd_lite,1015.3,isd_lite,3,isd_lite,,
2020,1,25,12,16.0,isd_lite,69,isd_lite,,,0,isd_lite,0.0,isd_lite,1015.3,isd_lite,4,isd_lite,,
2020,1,26,3,6.8,isd_lite,100,isd_lite,,,0,isd_lite,0.0,isd_lite,1017.9,isd_lite,,,,
2020,1,26,6,12.2,isd_lite,93,isd_lite,,,0,isd_lite,0.0,isd_lite,1017.4,isd_lite,,,,
2020,1,26,9,20.0,isd_lite,46,isd_lite,,,290,isd_lite,11.2,isd_lite,1014.8,isd_lite,,,,
2020,1,26,12,16.8,isd_lite,68,isd_lite,,,340,isd_lite,7.6,isd_lite,1013.5,isd_lite,,,,
2020,1,27,3,8.8,isd_lite,92,isd_lite,,,0,isd_lite,0.0,isd_lite,1014.9,isd_lite,7,isd_lite,,
2020,1,27,6,15.0,isd_lite,76,isd_lite,,,0,isd_lite,0.0,isd_lite,1014.7,isd_lite,7,isd_lite,,
2020,1,27,9,14.8,isd_lite,84,isd_lite,,,230,isd_lite,3.6,isd_lite,1012.8,isd_lite,8,isd_lite,,
2020,1,27,12,13.6,isd_lite,91,isd_lite,,,200,isd_lite,3.6,isd_lite,1011.9,isd_lite,8,isd_lite,,
2020,1,28,3,12.2,isd_lite,93,isd_lite,,,90,isd_lite,11.2,isd_lite,1011.1,isd_lite,8,isd_lite,,
2020,1,28,6,15.2,isd_lite,76,isd_lite,,,90,isd_lite,5.4,isd_lite,1011.7,isd_lite,8,isd_lite,,
2020,1,28,9,17.2,isd_lite,76,isd_lite,,,140,isd_lite,11.2,isd_lite,1009.0,isd_lite,6,isd_lite,,
2020,1,28,12,15.6,isd_lite,75,isd_lite,,,180,isd_lite,11.2,isd_lite,1009.3,isd_lite,6,isd_lite,,
2020,1,29,3,10.6,isd_lite,95,isd_lite,,,180,isd_lite,1.8,isd_lite,1018.4,isd_lite,,,,
2020,1,29,6,16.0,isd_lite,71,isd_lite,,,180,isd_lite,9.4,isd_lite,1020.0,isd_lite,3,isd_lite,,
2020,1,29,9,17.8,isd_lite,62,isd_lite,,,0,isd_lite,0.0,isd_lite,1018.1,isd_lite,4,isd_lite,,
2020,1,29,12,17.4,isd_lite,59,isd_lite,,,0,isd_lite,0.0,isd_lite,1017.6,isd_lite,2,isd_lite,,
2020,1,30,3,10.8,isd_lite,90,isd_lite,,,320,isd_lite,7.6,isd_lite,1020.0,isd_lite,,,,
2020,1,30,6,16.4,isd_lite,62,isd_lite,,,340,isd_lite,11.2,isd_lite,1020.5,isd_lite,,,,
2020,1,30,9,18.0,isd_lite,50,isd_lite,,,270,isd_lite,11.2,isd_lite,1018.0,isd_lite,,,,
2020,1,30,12,15.8,isd_lite,61,isd_lite,,,290,isd_lite,5.4,isd_lite,1017.3,isd_lite,2,isd_lite,,
2020,1,31,3,7.0,isd_lite,100,isd_lite,,,0,isd_lite,0.0,isd_lite,1017.3,isd_lite,,,,
2020,1,31,6,13.4,isd_lite,79,isd_lite,,,0,isd_lite,0.0,isd_lite,1017.5,isd_lite,3,isd_lite,,
2020,1,31,9,15.8,isd_lite,67,isd_lite,,,270,isd_lite,3.6,isd_lite,1014.7,isd_lite,3,isd_lite,,
2020,1,31,12,15.0,isd_lite,68,isd_lite,,,0,isd_lite,0.0,isd_lite,1014.2,isd_lite,3,isd_lite,,
2020,2,1,3,5.0,isd_lite,100,isd_lite,,,0,isd_lite,0.0,isd_lite,1020.3,isd_lite,,,,
2020,2,1,6,11.2,isd_lite,92,isd_lite,,,0,isd_lite,0.0,isd_lite,1021.4,isd_lite,,,,
2020,2,1,9,16.2,isd_lite,60,isd_lite,,,320,isd_lite,9.4,isd_lite,1019.5,isd_lite,5,isd_lite,,
2020,2,1,12,15.0,isd_lite,66,isd_lite,,,290,isd_lite,3.6,isd_lite,1019.7,isd_lite,2,isd_lite,,
2020,2,2,3,5.0,isd_lite,97,isd_lite,,,0,isd_lite,0.0,isd_lite,1022.5,isd_lite,,,,
2020,2,2,6,15.8,isd_lite,65,isd_lite,,,340,isd_lite,9.4,isd_lite,1021.9,isd_lite,,,,
2020,2,2,12,16.2,isd_lite,54,isd_lite,,,290,isd_lite,9.4,isd_lite,1018.6,isd_lite,,,,
2020,2,3,3,5.6,isd_lite,97,isd_lite,,,0,isd_lite,0.0,isd_lite,1021.1,isd_lite,,,,
2020,2,3,6,15.6,isd_lite,69,isd_lite,,,320,isd_lite,7.6,isd_lite,1020.5,isd_lite,,,,
2020,2,3,9,19.2,isd_lite,39,isd_lite,,,340,isd_lite,11.2,isd_lite,1017.5,isd_lite,,,,
2020,2,3,12,18.0,isd_lite,50,isd_lite,,,140,isd_lite,5.4,isd_lite,1016.5,isd_lite,,,,
2020,2,4,3,5.4,isd_lite,94,isd_lite,,,0,isd_lite,0.0,isd_lite,1019.2,isd_lite,5,isd_lite,,
2020,2,4,6,15.2,isd_lite,66,isd_lite,,,160,isd_lite,5.4,isd_lite,1019.3,isd_lite,6,isd_lite,,
2020,2,4,9,18.2,isd_lite,48,isd_lite,,,230,isd_lite,3.6,isd_lite,1017.1,isd_lite,5,isd_lite,,
2020,2,4,12,15.4,isd_lite,57,isd_lite,,,320,isd_lite,7.6,isd_lite,1017.8,isd_lite,6,isd_lite,,
2020,2,5,3,11.0,isd_lite,88,isd_lite,,,290,isd_lite,7.6,isd_lite,1019.9,isd_lite,,,,
2020,2,5,6,15.2,isd_lite,66,isd_lite,,,340,isd_lite,11.2,isd_lite,1019.9,isd_lite,,,,
2020,2,5,9,18.6,isd_lite,41,isd_lite,,,290,isd_lite,11.2,isd_lite,1016.6,isd_lite,,,,
2020,2,5,12,16.8,isd_lite,53,isd_lite,,,270,isd_lite,7.6,isd_lite,1016.4,isd_lite,,,,
2020,2,6,3,7.8,isd_lite,89,isd_lite,,,0,isd_lite,0.0,isd_lite,1017.8,isd_lite,,,,
2020,2,6,6,16.2,isd_lite,56,isd_lite,,,0,isd_lite,0.0,isd_lite,1017.6,isd_lite,,,,
2020,2,6,12,16.8,isd_lite,50,isd_lite,,,0,isd_lite,0.0,isd_lite,1015.4,isd_lite,,,,
2020,2,7,3,7.0,isd_lite,94,isd_lite,,,0,isd_lite,0.0,isd_lite,1021.5,isd_lite,3,isd_lite,,
2020,2,7,6,16.0,isd_lite,63,isd_lite,,,0,isd_lite,0.0,isd_lite,1021.6,isd_lite,3,isd_lite,,
2020,2,7,9,18.2,isd_lite,43,isd_lite,,,340,isd_lite,11.2,isd_lite,1019.4,isd_lite,1,isd_lite,,
2020,2,7,12,17.0,isd_lite,50,isd_lite,,,270,isd_lite,7.6,isd_lite,1019.2,isd_lite,,,,
2020,2,8,3,7.6,isd_lite,94,isd_lite,,,0,isd_lite,0.0,isd_lite,1022.4,isd_lite,,,,
2020,2,8,6,17.6,isd_lite,48,isd_lite,,,270,isd_lite,5.4,isd_lite,1023.5,isd_lite,,,,
2020,2,8,9,20.0,isd_lite,38,isd_lite,,,320,isd_lite,5.4,isd_lite,1020.9,isd_lite,,,,
2020,2,8,12,18.4,isd_lite,36,isd_lite,,,270,isd_lite,7.6,isd_lite,1020.7,isd_lite,,,,
2020,2,9,3,6.4,isd_lite,94,isd_lite,,,0,isd_lite,0.0,isd_lite,1023.9,isd_lite,,,,
2020,2,9,6,17.8,isd_lite,62,isd_lite,,,0,isd_lite,0.0,isd_lite,1023.5,isd_lite,,,,
2020,2,9,9,20.2,isd_lite,44,isd_lite,,,0,isd_lite,0.0,isd_lite,1020.7,isd_lite,,,,
2020,2,9,12,17.6,isd_lite,54,isd_lite,,,360,isd_lite,3.6,isd_lite,1020.3,isd_lite,3,isd_lite,,
2020,2,10,3,9.0,isd_lite,95,isd_lite,,,0,isd_lite,0.0,isd_lite,1021.0,isd_lite,,,,
2020,2,10,6,18.0,isd_lite,50,isd_lite,,,320,isd_lite,7.6,isd_lite,1020.7,isd_lite,4,isd_lite,,
2020,2,10,9,20.0,isd_lite,36,isd_lite,,,270,isd_lite,5.4,isd_lite,1018.8,isd_lite,5,isd_lite,,
2020,2,10,12,18.0,isd_lite,55,isd_lite,,,0,isd_lite,0.0,isd_lite,1018.4,isd_lite,7,isd_lite,,
2020,2,11,3,7.8,isd_lite,97,isd_lite,,,0,isd_lite,0.0,isd_lite,1020.7,isd_lite,6,isd_lite,,
2020,2,11,6,18.0,isd_lite,55,isd_lite,,,340,isd_lite,11.2,isd_lite,1021.7,isd_lite,6,isd_lite,,
2020,2,11,9,21.2,isd_lite,38,isd_lite,,,340,isd_lite,5.4,isd_lite,1019.0,isd_lite,3,isd_lite,,
2020,2,11,12,19.2,isd_lite,47,isd_lite,,,290,isd_lite,7.6,isd_lite,1018.6,isd_lite,3,isd_lite,,
2020,2,12,3,13.8,isd_lite,87,isd_lite,,,290,isd_lite,1.8,isd_lite,1020.9,isd_lite,2,isd_lite,,
2020,2,12,6,20.2,isd_lite,46,isd_lite,,,320,isd_lite,7.6,isd_lite,1020.9,isd_lite,,,,
2020,2,12,9,22.6,isd_lite,43,isd_lite,,,320,isd_lite,9.4,isd_lite,1018.4,isd_lite,4,isd_lite,,
2020,2,12,12,21.2,isd_lite,46,isd_lite,,,290,isd_lite,11.2,isd_lite,1017.0,isd_lite,6,isd_lite,,
2020,2,13,3,13.4,isd_lite,82,isd_lite,,,290,isd_lite,1.8,isd_lite,1018.4,isd_lite,4,isd_lite,,
2020,2,13,6,21.8,isd_lite,47,isd_lite,,,270,isd_lite,5.4,isd_lite,1017.5,isd_lite,2,isd_lite,,
2020,2,13,9,25.2,isd_lite,50,isd_lite,,,250,isd_lite,9.4,isd_lite,1014.6,isd_lite,3,isd_lite,,
2020,2,13,12,22.2,isd_lite,54,isd_lite,,,290,isd_lite,9.4,isd_lite,1013.8,isd_lite,3,isd_lite,,
2020,2,14,3,14.4,isd_lite,74,isd_lite,,,290,isd_lite,9.4,isd_lite,1014.4,isd_lite,,,,
2020,2,14,6,20.0,isd_lite,54,isd_lite,,,290,isd_lite,9.4,isd_lite,1014.5,isd_lite,,,,
2020,2,14,9,23.4,isd_lite,36,isd_lite,,,290,isd_lite,14.8,isd_lite,1012.1,isd_lite,,,,
2020,2,14,12,21.0,isd_lite,45,isd_lite,,,270,isd_lite,11.2,isd_lite,1011.7,isd_lite,,,,
2020,2,15,3,12.8,isd_lite,62,isd_lite,,,0,isd_lite,0.0,isd_lite,1013.5,isd_lite,,,,
2020,2,15,6,19.2,isd_lite,45,isd_lite,,,270,isd_lite,9.4,isd_lite,1014.3,isd_lite,,,,
2020,2,15,9,24.0,isd_lite,37,isd_lite,,,290,isd_lite,11.2,isd_lite,1012.6,isd_lite,,,,
2020,2,15,12,21.8,isd_lite,39,isd_lite,,,290,isd_lite,5.4,isd_lite,1012.7,isd_lite,,,,
2020,2,16,3,11.6,isd_lite,81,isd_lite,,,0,isd_lite,0.0,isd_lite,1017.5,isd_lite,,,,
2020,2,16,6,23.0,isd_lite,29,isd_lite,,,320,isd_lite,7.6,isd_lite,1017.6,isd_lite,2,isd_lite,,
2020,2,16,9,25.8,isd_lite,14,isd_lite,,,320,isd_lite,9.4,isd_lite,1015.6,isd_lite,,,,
2020,2,16,12,24.4,isd_lite,31,isd_lite,,,0,isd_lite,0.0,isd_lite,1015.4,isd_lite,,,,
2020,2,17,3,13.8,isd_lite,87,isd_lite,,,320,isd_lite,3.6,isd_lite,1019.6,isd_lite,,,,
2020,2,17,6,22.2,isd_lite,36,isd_lite,,,270,isd_lite,3.6,isd_lite,1019.3,isd_lite,,,,
2020,2,17,9,25.0,isd_lite,21,isd_lite,,,290,isd_lite,11.2,isd_lite,1016.6,isd_lite,,,,
2020,2,17,12,22.6,isd_lite,36,isd_lite,,,270,isd_lite,5.4,isd_lite,1015.7,isd_lite,,,,
2020,2,18,3,12.0,isd_lite,76,isd_lite,,,0,isd_lite,0.0,isd_lite,1016.2,isd_lite,3,isd_lite,,
2020,2,18,6,22.4,isd_lite,26,isd_lite,,,270,isd_lite,5.4,isd_lite,1015.5,isd_lite,2,isd_lite,,
2020,2,18,9,26.0,isd_lite,17,isd_lite,,,290,isd_lite,11.2,isd_lite,1013.1,isd_lite,,,,
2020,2,18,12,24.0,isd_lite,26,isd_lite,,,270,isd_lite,7.6,isd_lite,1011.3,isd_lite,3,isd_lite,,
2020,2,19,3,11.4,isd_lite,90,isd_lite,,,0,isd_lite,0.0,isd_lite,1013.8,isd_lite,8,isd_lite,,
2020,2,19,6,17.8,isd_lite,71,isd_lite,,,140,isd_lite,16.6,isd_lite,1014.4,isd_lite,6,isd_lite,,
2020,2,19,9,21.4,isd_lite,50,isd_lite,,,110,isd_lite,11.2,isd_lite,1011.0,isd_lite,7,isd_lite,,
2020,2,19,12,21.8,isd_lite,50,isd_lite,,,110,isd_lite,16.6,isd_lite,1010.4,isd_lite,6,isd_lite,,
2020,2,20,3,17.4,isd_lite,69,isd_lite,,,90,isd_lite,11.2,isd_lite,1014.2,isd_lite,4,isd_lite,,
2020,2,20,6,22.6,isd_lite,48,isd_lite,,,140,isd_lite,14.8,isd_lite,1013.6,isd_lite,2,isd_lite,,
2020,2,20,9,22.6,isd_lite,52,isd_lite,,,140,isd_lite,7.6,isd_lite,1011.1,isd_lite,7,isd_lite,,
2020,2,20,12,20.6,isd_lite,55,isd_lite,,,90,isd_lite,7.6,isd_lite,1010.6,isd_lite,7,isd_lite,,
2020,2,21,3,15.0,isd_lite,76,isd_lite,,,90,isd_lite,7.6,isd_lite,1018.3,isd_lite,7,isd_lite,,
2020,2,21,6,18.8,isd_lite,65,isd_lite,,,160,isd_lite,9.4,isd_lite,1020.2,isd_lite,8,isd_lite,,
2020,2,21,9,21.4,isd_lite,56,isd_lite,,,160,isd_lite,9.4,isd_lite,1018.5,isd_lite,7,isd_lite,,
2020,2,21,12,20.6,isd_lite,60,isd_lite,,,180,isd_lite,1.8,isd_lite,1018.6,isd_lite,1,isd_lite,,
2020,2,22,3,15.0,isd_lite,81,isd_lite,,,340,isd_lite,5.4,isd_lite,1023.4,isd_lite,,,,
2020,2,22,6,21.8,isd_lite,53,isd_lite,,,340,isd_lite,7.6,isd_lite,1023.4,isd_lite,,,,
2020,2,22,9,23.8,isd_lite,44,isd_lite,,,340,isd_lite,7.6,isd_lite,1020.2,isd_lite,1,isd_lite,,
2020,2,22,12,21.6,isd_lite,53,isd_lite,,,0,isd_lite,0.0,isd_lite,1018.9,isd_lite,3,isd_lite,,
2020,2,23,3,15.6,isd_lite,91,isd_lite,,,0,isd_lite,0.0,isd_lite,1020.6,isd_lite,3,isd_lite,,
2020,2,23,6,22.2,isd_lite,55,isd_lite,,,290,isd_lite,5.4,isd_lite,1020.7,isd_lite,,,,
2020,2,23,9,25.0,isd_lite,42,isd_lite,,,320,isd_lite,7.6,isd_lite,1017.3,isd_lite,,,,
2020,2,23,12,22.6,isd_lite,52,isd_lite,,,320,isd_lite,1.8,isd_lite,1016.5,isd_lite,,,,
2020,2,24,3,14.2,isd_lite,78,isd_lite,,,0,isd_lite,0.0,isd_lite,1017.3,isd_lite,5,isd_lite,,
2020,2,24,6,21.4,isd_lite,56,isd_lite,,,290,isd_lite,7.6,isd_lite,1016.7,isd_lite,2,isd_lite,,
2020,2,24,9,24.6,isd_lite,41,isd_lite,,,20,isd_lite,9.4,isd_lite,1014.3,isd_lite,2,isd_lite,,
2020,2,24,12,22.8,isd_lite,54,isd_lite,,,290,isd_lite,5.4,isd_lite,1012.9,isd_lite,3,isd_lite,,
2020,2,25,3,15.6,isd_lite,87,isd_lite,,,0,isd_lite,0.0,isd_lite,1015.4,isd_lite,,,,
2020,2,25,6,22.2,isd_lite,60,isd_lite,,,70,isd_lite,5.4,isd_lite,1015.3,isd_lite,,,,
2020,2,25,9,24.0,isd_lite,54,isd_lite,,,0,isd_lite,0.0,isd_lite,1012.7,isd_lite,2,isd_lite,,
2020,2,25,12,22.8,isd_lite,62,isd_lite,,,0,isd_lite,0.0,isd_lite,1012.2,isd_lite,3,isd_lite,,
2020,2,26,3,15.0,isd_lite,85,isd_lite,,,160,isd_lite,3.6,isd_lite,1015.6,isd_lite,,,,
2020,2,26,6,21.4,isd_lite,64,isd_lite,,,110,isd_lite,1.8,isd_lite,1015.4,isd_lite,,,,
2020,2,26,9,24.4,isd_lite,59,isd_lite,,,180,isd_lite,3.6,isd_lite,1012.7,isd_lite,5,isd_lite,,
2020,2,26,12,23.8,isd_lite,66,isd_lite,,,0,isd_lite,0.0,isd_lite,1012.5,isd_lite,5,isd_lite,,
2020,2,27,3,15.0,isd_lite,98,isd_lite,,,140,isd_lite,1.8,isd_lite,1016.9,isd_lite,,,,
2020,2,27,6,18.8,isd_lite,83,isd_lite,,,140,isd_lite,1.8,isd_lite,1017.1,isd_lite,7,isd_lite,,
2020,2,27,9,23.6,isd_lite,64,isd_lite,,,90,isd_lite,7.6,isd_lite,1013.7,isd_lite,5,isd_lite,,
2020,2,27,12,22.6,isd_lite,69,isd_lite,,,0,isd_lite,0.0,isd_lite,1012.8,isd_lite,5,isd_lite,,
2020,2,28,3,15.8,isd_lite,94,isd_lite,,,0,isd_lite,0.0,isd_lite,1015.0,isd_lite,7,isd_lite,,
2020,2,28,6,21.2,isd_lite,73,isd_lite,,,90,isd_lite,18.4,isd_lite,1014.1,isd_lite,7,isd_lite,,
2020,2,28,9,23.6,isd_lite,64,isd_lite,,,90,isd_lite,18.4,isd_lite,1012.5,isd_lite,5,isd_lite,,
2020,2,28,12,22.2,isd_lite,71,isd_lite,,,110,isd_lite,7.6,isd_lite,1011.5,isd_lite,,,,
2020,2,29,3,17.2,isd_lite,88,isd_lite,,,0,isd_lite,0.0,isd_lite,1014.5,isd_lite,7,isd_lite,,
2020,2,29,6,18.8,isd_lite,81,isd_lite,,,70,isd_lite,14.8,isd_lite,1015.2,isd_lite,7,isd_lite,,
2020,2,29,9,22.0,isd_lite,66,isd_lite,,,20,isd_lite,11.2,isd_lite,1011.8,isd_lite,5,isd_lite,,
2020,2,29,12,16.2,isd_lite,73,isd_lite,,,70,isd_lite,20.5,isd_lite,1012.3,isd_lite,5,isd_lite,,
2020,3,1,3,12.8,isd_lite,88,isd_lite,,,0,isd_lite,0.0,isd_lite,1016.3,isd_lite,5,isd_lite,,
2020,3,1,6,21.6,isd_lite,59,isd_lite,,,20,isd_lite,5.4,isd_lite,1016.2,isd_lite,2,isd_lite,,
2020,3,1,9,25.0,isd_lite,42,isd_lite,,,20,isd_lite,11.2,isd_lite,1013.4,isd_lite,3,isd_lite,,
2020,3,1,12,22.8,isd_lite,57,isd_lite,,,360,isd_lite,1.8,isd_lite,1012.6,isd_lite,1,isd_lite,,
2020,3,2,3,16.0,isd_lite,90,isd_lite,,,0,isd_lite,0.0,isd_lite,1014.7,isd_lite,,,,
2020,3,2,6,21.8,isd_lite,64,isd_lite,,,20,isd_lite,3.6,isd_lite,1014.7,isd_lite,,,,
2020,3,2,9,25.0,isd_lite,50,isd_lite,,,360,isd_lite,3.6,isd_lite,1012.1,isd_lite,1,isd_lite,,
2020,3,2,12,23.0,isd_lite,56,isd_lite,,,20,isd_lite,9.4,isd_lite,1011.1,isd_lite,,,,
2020,3,3,3,16.0,isd_lite,90,isd_lite,,,0,isd_lite,0.0,isd_lite,1014.7,isd_lite,,,,
2020,3,3,6,23.6,isd_lite,51,isd_lite,,,0,isd_lite,0.0,isd_lite,1013.1,isd_lite,,,,
2020,3,3,9,25.2,isd_lite,46,isd_lite,,,340,isd_lite,1.8,isd_lite,1010.1,isd_lite,2,isd_lite,,
2020,3,3,12,24.6,isd_lite,40,isd_lite,,,290,isd_lite,5.4,isd_lite,1009.2,isd_lite,,,,
2020,3,4,3,15.4,isd_lite,93,isd_lite,,,0,isd_lite,0.0,isd_lite,1012.1,isd_lite,,,,
2020,3,4,6,23.6,isd_lite,58,isd_lite,,,50,isd_lite,3.6,isd_lite,1011.8,isd_lite,2,isd_lite,,
2020,3,4,9,25.8,isd_lite,41,isd_lite,,,180,isd_lite,7.6,isd_lite,1009.5,isd_lite,2,isd_lite,,
2020,3,4,12,25.2,isd_lite,39,isd_lite,,,0,isd_lite,0.0,isd_lite,1007.7,isd_lite,5,isd_lite,,
2020,3,5,3,15.0,isd_lite,81,isd_lite,,,0,isd_lite,0.0,isd_lite,1012.7,isd_lite,5,isd_lite,,
2020,3,5,6,22.0,isd_lite,57,isd_lite,,,90,isd_lite,14.8,isd_lite,1012.4,isd_lite,2,isd_lite,,
2020,3,5,12,23.2,isd_lite,53,isd_lite,,,190,isd_lite,3.6,isd_lite,1017.4,isd_lite,5,isd_lite,,
2020,3,6,3,15.6,isd_lite,81,isd_lite,,,160,isd_lite,3.6,isd_lite,1009.7,isd_lite,7,isd_lite,,
2020,3,6,6,14.8,isd_lite,91,isd_lite,,,90,isd_lite,27.7,isd_lite,1011.4,isd_lite,8,isd_lite,,
2020,3,6,9,18.0,isd_lite,71,isd_lite,,,110,isd_lite,20.5,isd_lite,1008.8,isd_lite,6,isd_lite,,
2020,3,6,12,12.8,isd_lite,93,isd_lite,,,200,isd_lite,3.6,isd_lite,1009.6,isd_lite,8,isd_lite,,
2020,3,7,3,12.4,isd_lite,97,isd_lite,,,90,isd_lite,7.6,isd_lite,1014.4,isd_lite,8,isd_lite,,
2020,3,7,6,13.8,isd_lite,93,isd_lite,,,90,isd_lite,18.4,isd_lite,1016.2,isd_lite,8,isd_lite,,
2020,3,7,9,15.6,isd_lite,87,isd_lite,,,90,isd_lite,16.6,isd_lite,1015.4,isd_lite,8,isd_lite,,
2020,3,7,12,15.6,isd_lite,81,isd_lite,,,90,isd_lite,7.6,isd_lite,1015.3,isd_lite,8,isd_lite,,
2020,3,8,3,14.2,isd_lite,84,isd_lite,,,0,isd_lite,0.0,isd_lite,1018.3,isd_lite,,,,
2020,3,8,6,20.2,isd_lite,61,isd_lite,,,0,isd_lite,0.0,isd_lite,1018.7,isd_lite,2,isd_lite,,
2020,3,8,9,22.4,isd_lite,55,isd_lite,,,360,isd_lite,11.2,isd_lite,1016.6,isd_lite,2,isd_lite,,
2020,3,8,12,21.4,isd_lite,60,isd_lite,,,320,isd_lite,7.6,isd_lite,1015.4,isd_lite,,,,
2020,3,9,3,14.6,isd_lite,80,isd_lite,,,290,isd_lite,7.6,isd_lite,1015.4,isd_lite,,,,
2020,3,9,6,21.2,isd_lite,44,isd_lite,,,320,isd_lite,14.8,isd_lite,1015.0,isd_lite,,,,
2020,3,9,9,23.6,isd_lite,34,isd_lite,,,290,isd_lite,7.6,isd_lite,1012.5,isd_lite,,,,
2020,3,9,12,22.2,isd_lite,42,isd_lite,,,290,isd_lite,11.2,isd_lite,1010.9,isd_lite,,,,
2020,3,10,3,14.8,isd_lite,78,isd_lite,,,0,isd_lite,0.0,isd_lite,1013.5,isd_lite,2,isd_lite,,
2020,3,10,6,21.8,isd_lite,39,isd_lite,,,20,isd_lite,3.6,isd_lite,1013.8,isd_lite,2,isd_lite,,
2020,3,10,9,23.6,isd_lite,35,isd_lite,,,20,isd_lite,9.4,isd_lite,1010.7,isd_lite,3,isd_lite,,
2020,3,10,12,22.0,isd_lite,43,isd_lite,,,20,isd_lite,5.4,isd_lite,1009.2,isd_lite,5,isd_lite,,
2020,3,11,3,14.2,isd_lite,87,isd_lite,,,90,isd_lite,3.6,isd_lite,1011.7,isd_lite,6,isd_lite,,
2020,3,11,6,18.8,isd_lite,72,isd_lite,,,90,isd_lite,1.8,isd_lite,1011.6,isd_lite,8,isd_lite,,
2020,3,11,12,17.2,isd_lite,82,isd_lite,,,70,isd_lite,14.8,isd_lite,1006.8,isd_lite,6,isd_lite,,
2020,3,12,3,16.0,isd_lite,75,isd_lite,,,160,isd_lite,3.6,isd_lite,1013.7,isd_lite,5,isd_lite,,
2020,3,12,6,22.0,isd_lite,61,isd_lite,,,110,isd_lite,11.2,isd_lite,1014.1,isd_lite,4,isd_lite,,
2020,3,12,9,24.0,isd_lite,52,isd_lite,,,160,isd_lite,7.6,isd_lite,1010.9,isd_lite,5,isd_lite,,
2020,3,12,12,22.2,isd_lite,71,isd_lite,,,0,isd_lite,0.0,isd_lite,1009.9,isd_lite,3,isd_lite,,
2020,3,13,3,15.2,isd_lite,76,isd_lite,,,70,isd_lite,11.2,isd_lite,1014.2,isd_lite,3,isd_lite,,
2020,3,13,6,22.6,isd_lite,57,isd_lite,,,110,isd_lite,9.4,isd_lite,1013.9,isd_lite,0,isd_lite,,
2020,3,13,9,24.4,isd_lite,48,isd_lite,,,140,isd_lite,11.2,isd_lite,1012.7,isd_lite,2,isd_lite,,
2020,3,13,12,22.2,isd_lite,51,isd_lite,,,360,isd_lite,0.0,isd_lite,1013.9,isd_lite,6,isd_lite,,
2020,3,14,3,13.0,isd_lite,91,isd_lite,,,50,isd_lite,9.4,isd_lite,1018.3,isd_lite,8,isd_lite,,
2020,3,14,6,13.0,isd_lite,96,isd_lite,,,360,isd_lite,0.0,isd_lite,1019.7,isd_lite,8,isd_lite,,
2020,3,14,9,14.0,isd_lite,91,isd_lite,,,70,isd_lite,7.6,isd_lite,1016.4,isd_lite,8,isd_lite,,
2020,3,14,12,13.0,isd_lite,91,isd_lite,,,360,isd_lite,0.0,isd_lite,1015.6,isd_lite,8,isd_lite,,
2020,3,15,3,14.0,isd_lite,82,isd_lite,,,0,isd_lite,0.0,isd_lite,1019.2,isd_lite,,,,
2020,3,15,6,19.0,isd_lite,63,isd_lite,,,50,isd_lite,3.6,isd_lite,1020.5,isd_lite,,,,
2020,3,15,9,21.8,isd_lite,50,isd_lite,,,70,isd_lite,3.6,isd_lite,1017.5,isd_lite,,,,
2020,3,15,12,21.4,isd_lite,54,isd_lite,,,50,isd_lite,3.6,isd_lite,1016.8,isd_lite,,,,
2020,3,16,3,17.4,isd_lite,80,isd_lite,,,320,isd_lite,7.6,isd_lite,1017.7,isd_lite,2,isd_lite,,
2020,3,16,6,22.4,isd_lite,58,isd_lite,,,320,isd_lite,11.2,isd_lite,1018.1,isd_lite,5,isd_lite,,
2020,3,16,9,24.0,isd_lite,47,isd_lite,,,90,isd_lite,11.2,isd_lite,1016.2,isd_lite,4,isd_lite,,
2020,3,16,12,23.8,isd_lite,48,isd_lite,,,290,isd_lite,9.4,isd_lite,1015.2,isd_lite,4,isd_lite,,
2020,3,17,3,18.2,isd_lite,76,isd_lite,,,320,isd_lite,9.4,isd_lite,1017.3,isd_lite,,,,
2020,3,17,6,23.6,isd_lite,52,isd_lite,,,320,isd_lite,11.2,isd_lite,1017.1,isd_lite,,,,
2020,3,17,9,25.8,isd_lite,41,isd_lite,,,320,isd_lite,9.4,isd_lite,1015.7,isd_lite,1,isd_lite,,
2020,3,17,12,25.0,isd_lite,45,isd_lite,,,0,isd_lite,0.0,isd_lite,1014.7,isd_lite,,,,
2020,3,18,3,18.8,isd_lite,81,isd_lite,,,0,isd_lite,0.0,isd_lite,1016.5,isd_lite,,,,
2020,3,18,6,24.8,isd_lite,48,isd_lite,,,340,isd_lite,11.2,isd_lite,1015.7,isd_lite,,,,
2020,3,18,9,26.6,isd_lite,37,isd_lite,,,270,isd_lite,5.4,isd_lite,1013.5,isd_lite,,,,
2020,3,18,12,25.6,isd_lite,48,isd_lite,,,320,isd_lite,5.4,isd_lite,1012.4,isd_lite,,,,
2020,3,19,3,20.4,isd_lite,76,isd_lite,,,340,isd_lite,3.6,isd_lite,1012.4,isd_lite,3,isd_lite,,
2020,3,19,6,25.6,isd_lite,52,isd_lite,,,20,isd_lite,3.6,isd_lite,1012.6,isd_lite,1,isd_lite,,
2020,3,19,9,27.4,isd_lite,48,isd_lite,,,270,isd_lite,1.8,isd_lite,1010.2,isd_lite,5,isd_lite,,
2020,3,19,12,26.6,isd_lite,53,isd_lite,,,0,isd_lite,0.0,isd_lite,1009.2,isd_lite,4,isd_lite,,
2020,3,20,3,20.0,isd_lite,76,isd_lite,,,0,isd_lite,0.0,isd_lite,1011.9,isd_lite,2,isd_lite,,
2020,3,20,6,26.0,isd_lite,50,isd_lite,,,90,isd_lite,3.6,isd_lite,1012.0,isd_lite,5,isd_lite,,
2020,3,20,9,27.6,isd_lite,37,isd_lite,,,180,isd_lite,3.6,isd_lite,1010.4,isd_lite,6,isd_lite,,
2020,3,20,12,27.2,isd_lite,48,isd_lite,,,0,isd_lite,0.0,isd_lite,1008.6,isd_lite,4,isd_lite,,
2020,3,21,3,18.6,isd_lite,81,isd_lite,,,140,isd_lite,3.6,isd_lite,1012.7,isd_lite,5,isd_lite,,
2020,3,21,6,24.6,isd_lite,58,isd_lite,,,50,isd_lite,9.4,isd_lite,1012.1,isd_lite,7,isd_lite,,
2020,3,21,9,25.6,isd_lite,62,isd_lite,,,320,isd_lite,1.8,isd_lite,1010.7,isd_lite,8,isd_lite,,
2020,3,21,12,24.0,isd_lite,61,isd_lite,,,0,isd_lite,0.0,isd_lite,1010.3,isd_lite,6,isd_lite,,
2020,3,22,3,19.2,isd_lite,74,isd_lite,,,0,isd_lite,0.0,isd_lite,1014.0,isd_lite,,,,
2020,3,22,6,25.2,isd_lite,45,isd_lite,,,0,isd_lite,0.0,isd_lite,1014.3,isd_lite,,,,
2020,3,22,9,28.2,isd_lite,37,isd_lite,,,320,isd_lite,5.4,isd_lite,1012.1,isd_lite,2,isd_lite,,
2020,3,22,12,26.4,isd_lite,44,isd_lite,,,0,isd_lite,0.0,isd_lite,1010.9,isd_lite,5,isd_lite,,
2020,3,23,3,21.6,isd_lite,70,isd_lite,,,20,isd_lite,7.6,isd_lite,1012.9,isd_lite,2,isd_lite,,
2020,3,23,6,26.0,isd_lite,52,isd_lite,,,0,isd_lite,0.0,isd_lite,1013.2,isd_lite,2,isd_lite,,
2020,3,23,9,28.8,isd_lite,42,isd_lite,,,0,isd_lite,0.0,isd_lite,1011.9,isd_lite,2,isd_lite,,
2020,3,23,12,27.6,isd_lite,46,isd_lite,,,0,isd_lite,0.0,isd_lite,1010.1,isd_lite,5,isd_lite,,
2020,3,24,3,21.2,isd_lite,75,isd_lite,,,290,isd_lite,5.4,isd_lite,1012.3,isd_lite,6,isd_lite,,
2020,3,24,6,25.4,isd_lite,61,isd_lite,,,50,isd_lite,7.6,isd_lite,1012.1,isd_lite,7,isd_lite,,
2020,3,24,9,21.6,isd_lite,86,isd_lite,,,20,isd_lite,25.9,isd_lite,1011.9,isd_lite,6,isd_lite,,
2020,3,24,12,20.2,isd_lite,74,isd_lite,,,50,isd_lite,16.6,isd_lite,1010.9,isd_lite,7,isd_lite,,
2020,3,25,3,19.2,isd_lite,79,isd_lite,,,0,isd_lite,0.0,isd_lite,1012.7,isd_lite,6,isd_lite,,
2020,3,25,6,25.2,isd_lite,60,isd_lite,,,0,isd_lite,0.0,isd_lite,1013.9,isd_lite,6,isd_lite,,
2020,3,25,9,28.2,isd_lite,48,isd_lite,,,20,isd_lite,11.2,isd_lite,1011.4,isd_lite,2,isd_lite,,
2020,3,25,12,25.8,isd_lite,60,isd_lite,,,0,isd_lite,0.0,isd_lite,1010.7,isd_lite,5,isd_lite,,
2020,3,26,3,21.4,isd_lite,72,isd_lite,,,270,isd_lite,1.8,isd_lite,1012.8,isd_lite,6,isd_lite,,
2020,3,26,6,26.6,isd_lite,45,isd_lite,,,250,isd_lite,3.6,isd_lite,1013.2,isd_lite,7,isd_lite,,
2020,3,26,9,26.8,isd_lite,43,isd_lite,,,290,isd_lite,7.6,isd_lite,1012.7,isd_lite,7,isd_lite,,
2020,3,26,12,25.0,isd_lite,55,isd_lite,,,320,isd_lite,7.6,isd_lite,1011.9,isd_lite,7,isd_lite,,
2020,3,27,3,20.0,isd_lite,90,isd_lite,,,90,isd_lite,11.2,isd_lite,1013.6,isd_lite,6,isd_lite,,
2020,3,27,6,21.2,isd_lite,84,isd_lite,,,160,isd_lite,14.8,isd_lite,1013.8,isd_lite,8,isd_lite,,
2020,3,27,9,22.0,isd_lite,69,isd_lite,,,160,isd_lite,14.8,isd_lite,1011.8,isd_lite,7,isd_lite,,
2020,3,27,12,18.4,isd_lite,94,isd_lite,,,250,isd_lite,5.4,isd_lite,1012.9,isd_lite,8,isd_lite,,
2020,3,28,3,17.0,isd_lite,94,isd_lite,,,0,isd_lite,0.0,isd_lite,1017.9,isd_lite,7,isd_lite,,
2020,3,28,6,22.6,isd_lite,69,isd_lite,,,0,isd_lite,0.0,isd_lite,1017.3,isd_lite,,,,
2020,3,28,9,26.0,isd_lite,52,isd_lite,,,270,isd_lite,3.6,isd_lite,1014.0,isd_lite,3,isd_lite,,
2020,3,28,12,25.2,isd_lite,53,isd_lite,,,270,isd_lite,1.8,isd_lite,1012.2,isd_lite,2,isd_lite,,
2020,3,29,3,20.0,isd_lite,69,isd_lite,,,0,isd_lite,0.0,isd_lite,1014.0,isd_lite,,,,
2020,3,29,6,25.2,isd_lite,47,isd_lite,,,320,isd_lite,9.4,isd_lite,1014.0,isd_lite,,,,
2020,3,29,9,26.6,isd_lite,42,isd_lite,,,290,isd_lite,7.6,isd_lite,1012.2,isd_lite,2,isd_lite,,
2020,3,29,12,25.4,isd_lite,48,isd_lite,,,270,isd_lite,9.4,isd_lite,1011.5,isd_lite,,,,
2020,3,30,3,20.6,isd_lite,68,isd_lite,,,320,isd_lite,1.8,isd_lite,1013.5,isd_lite,5,isd_lite,,
2020,3,30,6,25.0,isd_lite,47,isd_lite,,,270,isd_lite,7.6,isd_lite,1014.0,isd_lite,7,isd_lite,,
2020,3,30,9,27.4,isd_lite,39,isd_lite,,,320,isd_lite,11.2,isd_lite,1012.2,isd_lite,5,isd_lite,,
2020,3,30,12,25.6,isd_lite,44,isd_lite,,,320,isd_lite,3.6,isd_lite,1011.0,isd_lite,3,isd_lite,,
2020,3,31,3,18.8,isd_lite,83,isd_lite,,,20,isd_lite,5.4,isd_lite,1012.2,isd_lite,7,isd_lite,,
2020,3,31,6,24.4,isd_lite,58,isd_lite,,,0,isd_lite,0.0,isd_lite,1011.8,isd_lite,6,isd_lite,,
2020,3,31,9,24.2,isd_lite,62,isd_lite,,,230,isd_lite,1.8,isd_lite,1010.9,isd_lite,7,isd_lite,,
2020,3,31,12,21.2,isd_lite,67,isd_lite,,,270,isd_lite,5.4,isd_lite,1013.6,isd_lite,8,isd_lite,,
2020,4,1,3,19.4,isd_lite,74,isd_lite,,,290,isd_lite,3.6,isd_lite,1012.9,isd_lite,,,,
2020,4,1,6,26.2,isd_lite,46,isd_lite,,,340,isd_lite,7.6,isd_lite,1012.5,isd_lite,2,isd_lite,,
2020,4,1,9,28.8,isd_lite,40,isd_lite,,,290,isd_lite,7.6,isd_lite,1010.6,isd_lite,1,isd_lite,,
2020,4,1,12,28.2,isd_lite,43,isd_lite,,,290,isd_lite,3.6,isd_lite,1009.0,isd_lite,,,,
2020,4,2,3,20.6,isd_lite,73,isd_lite,,,340,isd_lite,9.4,isd_lite,1011.7,isd_lite,,,,
2020,4,2,6,26.0,isd_lite,46,isd_lite,,,290,isd_lite,7.6,isd_lite,1012.0,isd_lite,,,,
2020,4,2,12,27.4,isd_lite,27,isd_lite,,,290,isd_lite,7.6,isd_lite,1010.6,isd_lite,1,isd_lite,,
2020,4,3,3,21.0,isd_lite,49,isd_lite,,,320,isd_lite,9.4,isd_lite,1012.9,isd_lite,,,,
2020,4,3,6,26.4,isd_lite,33,isd_lite,,,320,isd_lite,9.4,isd_lite,1012.7,isd_lite,,,,
2020,4,3,9,28.0,isd_lite,30,isd_lite,,,290,isd_lite,7.6,isd_lite,1011.4,isd_lite,2,isd_lite,,
2020,4,3,12,26.6,isd_lite,33,isd_lite,,,290,isd_lite,3.6,isd_lite,1010.6,isd_lite,5,isd_lite,,
2020,4,4,3,21.4,isd_lite,60,isd_lite,,,0,isd_lite,0.0,isd_lite,1013.4,isd_lite,,,,
2020,4,4,6,27.2,isd_lite,35,isd_lite,,,340,isd_lite,11.2,isd_lite,1013.4,isd_lite,,,,
2020,4,4,9,29.6,isd_lite,29,isd_lite,,,320,isd_lite,11.2,isd_lite,1011.4,isd_lite,,,,
2020,4,4,12,28.6,isd_lite,33,isd_lite,,,290,isd_lite,7.6,isd_lite,1010.1,isd_lite,,,,
2020,4,5,3,20.0,isd_lite,74,isd_lite,,,0,isd_lite,0.0,isd_lite,1014.8,isd_lite,5,isd_lite,,
2020,4,5,6,27.8,isd_lite,42,isd_lite,,,340,isd_lite,5.4,isd_lite,1013.6,isd_lite,2,isd_lite,,
2020,4,5,12,29.6,isd_lite,38,isd_lite,,,0,isd_lite,0.0,isd_lite,1009.9,isd_lite,,,,
2020,4,6,3,23.2,isd_lite,56,isd_lite,,,0,isd_lite,0.0,isd_lite,1013.0,isd_lite,,,,
2020,4,6,6,30.2,isd_lite,36,isd_lite,,,320,isd_lite,1.8,isd_lite,1012.5,isd_lite,1,isd_lite,,
2020,4,6,9,30.8,isd_lite,38,isd_lite,,,270,isd_lite,7.6,isd_lite,1012.1,isd_lite,1,isd_lite,,
2020,4,6,12,28.6,isd_lite,43,isd_lite,,,290,isd_lite,9.4,isd_lite,1010.7,isd_lite,1,isd_lite,,
2020,4,7,3,19.8,isd_lite,72,isd_lite,,,20,isd_lite,14.8,isd_lite,1012.1,isd_lite,7,isd_lite,,
2020,4,7,6,26.6,isd_lite,51,isd_lite,,,0,isd_lite,0.0,isd_lite,1011.3,isd_lite,7,isd_lite,,
2020,4,7,9,22.0,isd_lite,74,isd_lite,,,320,isd_lite,9.4,isd_lite,1011.4,isd_lite,8,isd_lite,,
2020,4,7,12,22.2,isd_lite,58,isd_lite,,,20,isd_lite,11.2,isd_lite,1010.4,isd_lite,6,isd_lite,,
2020,4,8,3,20.4,isd_lite,68,isd_lite,,,0,isd_lite,0.0,isd_lite,1012.0,isd_lite,,,,
2020,4,8,6,26.8,isd_lite,36,isd_lite,,,270,isd_lite,7.6,isd_lite,1012.6,isd_lite,,,,
2020,4,8,9,29.2,isd_lite,28,isd_lite,,,290,isd_lite,1.8,isd_lite,1010.9,isd_lite,1,isd_lite,,
2020,4,8,12,28.4,isd_lite,28,isd_lite,,,290,isd_lite,9.4,isd_lite,1009.5,isd_lite,,,,
2020,4,9,3,22.0,isd_lite,60,isd_lite,,,290,isd_lite,3.6,isd_lite,1010.9,isd_lite,6,isd_lite,,
2020,4,9,6,28.8,isd_lite,37,isd_lite,,,320,isd_lite,7.6,isd_lite,1011.4,isd_lite,4,isd_lite,,
2020,4,9,9,30.8,isd_lite,30,isd_lite,,,0,isd_lite,0.0,isd_lite,1009.8,isd_lite,6,isd_lite,,
2020,4,9,12,29.6,isd_lite,33,isd_lite,,,340,isd_lite,5.4,isd_lite,1009.2,isd_lite,5,isd_lite,,
2020,4,10,3,22.6,isd_lite,59,isd_lite,,,50,isd_lite,3.6,isd_lite,1011.5,isd_lite,8,isd_lite,,
2020,4,10,6,30.4,isd_lite,34,isd_lite,,,230,isd_lite,3.6,isd_lite,1012.0,isd_lite,2,isd_lite,,
2020,4,10,9,33.4,isd_lite,24,isd_lite,,,290,isd_lite,11.2,isd_lite,1010.4,isd_lite,1,isd_lite,,
2020,4,10,12,31.6,isd_lite,28,isd_lite,,,290,isd_lite,5.4,isd_lite,1009.7,isd_lite,,,,
2020,4,11,3,26.6,isd_lite,46,isd_lite,,,320,isd_lite,1.8,isd_lite,1014.5,isd_lite,,,,
2020,4,11,6,31.8,isd_lite,27,isd_lite,,,0,isd_lite,0.0,isd_lite,1014.5,isd_lite,3,isd_lite,,
2020,4,11,9,34.0,isd_lite,23,isd_lite,,,0,isd_lite,0.0,isd_lite,1012.0,isd_lite,3,isd_lite,,
2020,4,11,12,32.2,isd_lite,32,isd_lite,,,290,isd_lite,11.2,isd_lite,1010.7,isd_lite,4,isd_lite,,
2020,4,12,3,26.4,isd_lite,48,isd_lite,,,290,isd_lite,3.6,isd_lite,1014.4,isd_lite,3,isd_lite,,
2020,4,12,6,31.0,isd_lite,35,isd_lite,,,250,isd_lite,5.4,isd_lite,1011.1,isd_lite,5,isd_lite,,
2020,4,12,9,33.6,isd_lite,28,isd_lite,,,250,isd_lite,3.6,isd_lite,1008.9,isd_lite,5,isd_lite,,
2020,4,12,12,33.2,isd_lite,25,isd_lite,,,290,isd_lite,5.4,isd_lite,1007.5,isd_lite,2,isd_lite,,
2020,4,13,3,27.8,isd_lite,52,isd_lite,,,0,isd_lite,0.0,isd_lite,1009.0,isd_lite,6,isd_lite,,
2020,4,13,6,33.8,isd_lite,33,isd_lite,,,270,isd_lite,9.4,isd_lite,1008.5,isd_lite,6,isd_lite,,
2020,4,13,9,35.6,isd_lite,26,isd_lite,,,0,isd_lite,0.0,isd_lite,1006.7,isd_lite,5,isd_lite,,
2020,4,13,12,34.2,isd_lite,30,isd_lite,,,290,isd_lite,9.4,isd_lite,1005.4,isd_lite,3,isd_lite,,
2020,4,14,3,26.8,isd_lite,59,isd_lite,,,0,isd_lite,0.0,isd_lite,1008.8,isd_lite,2,isd_lite,,
2020,4,14,6,34.6,isd_lite,31,isd_lite,,,90,isd_lite,7.6,isd_lite,1008.0,isd_lite,2,isd_lite,,
2020,4,14,9,38.0,isd_lite,22,isd_lite,,,0,isd_lite,0.0,isd_lite,1005.5,isd_lite,3,isd_lite,,
2020,4,14,12,37.6,isd_lite,23,isd_lite,,,0,isd_lite,0.0,isd_lite,1004.4,isd_lite,4,isd_lite,,
2020,4,15,3,27.0,isd_lite,48,isd_lite,,,140,isd_lite,3.6,isd_lite,1009.9,isd_lite,4,isd_lite,,
2020,4,15,6,34.8,isd_lite,27,isd_lite,,,110,isd_lite,7.6,isd_lite,1008.7,isd_lite,3,isd_lite,,
2020,4,15,9,37.6,isd_lite,20,isd_lite,,,0,isd_lite,0.0,isd_lite,1005.8,isd_lite,2,isd_lite,,
2020,4,15,12,38.2,isd_lite,15,isd_lite,,,0,isd_lite,0.0,isd_lite,1004.0,isd_lite,,,,
2020,4,16,3,28.4,isd_lite,51,isd_lite,,,320,isd_lite,7.6,isd_lite,1007.8,isd_lite,4,isd_lite,,
2020,4,16,6,33.4,isd_lite,32,isd_lite,,,290,isd_lite,7.6,isd_lite,1008.2,isd_lite,4,isd_lite,,
2020,4,16,9,35.6,isd_lite,18,isd_lite,,,0,isd_lite,0.0,isd_lite,1005.9,isd_lite,5,isd_lite,,
2020,4,16,12,34.8,isd_lite,15,isd_lite,,,290,isd_lite,7.6,isd_lite,1004.9,isd_lite,5,isd_lite,,
2020,4,17,3,26.0,isd_lite,46,isd_lite,,,290,isd_lite,7.6,isd_lite,1008.9,isd_lite,8,isd_lite,,
2020,4,17,6,28.0,isd_lite,44,isd_lite,,,90,isd_lite,14.8,isd_lite,1008.0,isd_lite,7,isd_lite,,
2020,4,17,9,28.8,isd_lite,41,isd_lite,,,340,isd_lite,14.8,isd_lite,1006.5,isd_lite,6,isd_lite,,
2020,4,17,12,30.0,isd_lite,36,isd_lite,,,20,isd_lite,16.6,isd_lite,1005.0,isd_lite,4,isd_lite,,
2020,4,18,3,23.4,isd_lite,62,isd_lite,,,50,isd_lite,9.4,isd_lite,1010.0,isd_lite,,,,
2020,4,18,6,31.4,isd_lite,33,isd_lite,,,90,isd_lite,7.6,isd_lite,1010.0,isd_lite,4,isd_lite,,
2020,4,18,9,33.4,isd_lite,27,isd_lite,,,0,isd_lite,0.0,isd_lite,1007.3,isd_lite,5,isd_lite,,
2020,4,18,12,29.2,isd_lite,50,isd_lite,,,160,isd_lite,16.6,isd_lite,1007.6,isd_lite,7,isd_lite,,
2020,4,19,3,23.4,isd_lite,57,isd_lite,,,20,isd_lite,7.6,isd_lite,1009.7,isd_lite,3,isd_lite,,
2020,4,19,6,29.8,isd_lite,33,isd_lite,,,320,isd_lite,7.6,isd_lite,1009.0,isd_lite,3,isd_lite,,
2020,4,19,9,32.6,isd_lite,27,isd_lite,,,0,isd_lite,0.0,isd_lite,1007.6,isd_lite,5,isd_lite,,
2020,4,19,12,32.2,isd_lite,28,isd_lite,,,0,isd_lite,0.0,isd_lite,1005.5,isd_lite,5,isd_lite,,
2020,4,20,3,26.0,isd_lite,46,isd_lite,,,0,isd_lite,0.0,isd_lite,1008.8,isd_lite,7,isd_lite,,
2020,4,20,6,29.8,isd_lite,38,isd_lite,,,0,isd_lite,0.0,isd_lite,1009.3,isd_lite,7,isd_lite,,
2020,4,20,9,25.0,isd_lite,52,isd_lite,,,270,isd_lite,5.4,isd_lite,1009.0,isd_lite,8,isd_lite,,
2020,4,20,12,20.2,isd_lite,80,isd_lite,,,20,isd_lite,16.6,isd_lite,1008.8,isd_lite,7,isd_lite,,
2020,4,21,3,22.2,isd_lite,64,isd_lite,,,0,isd_lite,0.0,isd_lite,1011.3,isd_lite,,,,
2020,4,21,6,28.8,isd_lite,33,isd_lite,,,320,isd_lite,1.8,isd_lite,1011.5,isd_lite,3,isd_lite,,
2020,4,21,9,30.2,isd_lite,35,isd_lite,,,290,isd_lite,1.8,isd_lite,1008.3,isd_lite,1,isd_lite,,
2020,4,21,12,30.6,isd_lite,28,isd_lite,,,270,isd_lite,5.4,isd_lite,1006.9,isd_lite,2,isd_lite,,
2020,4,22,3,24.6,isd_lite,48,isd_lite,,,0,isd_lite,0.0,isd_lite,1009.1,isd_lite,2,isd_lite,,
2020,4,22,6,30.4,isd_lite,30,isd_lite,,,290,isd_lite,3.6,isd_lite,1008.6,isd_lite,1,isd_lite,,
2020,4,22,9,32.4,isd_lite,27,isd_lite,,,0,isd_lite,0.0,isd_lite,1006.5,isd_lite,3,isd_lite,,
2020,4,22,12,33.2,isd_lite,23,isd_lite,,,360,isd_lite,3.6,isd_lite,1005.0,isd_lite,3,isd_lite,,
2020,4,23,3,24.8,isd_lite,54,isd_lite,,,0,isd_lite,0.0,isd_lite,1008.9,isd_lite,7,isd_lite,,
2020,4,23,6,33.0,isd_lite,25,isd_lite,,,0,isd_lite,0.0,isd_lite,1007.5,isd_lite,,,,
2020,4,23,9,35.0,isd_lite,19,isd_lite,,,0,isd_lite,0.0,isd_lite,1005.2,isd_lite,3,isd_lite,,
2020,4,23,12,34.4,isd_lite,21,isd_lite,,,320,isd_lite,11.2,isd_lite,1002.6,isd_lite,1,isd_lite,,
2020,4,24,3,27.2,isd_lite,46,isd_lite,,,0,isd_lite,0.0,isd_lite,1006.3,isd_lite,,,,
2020,4,24,6,34.0,isd_lite,28,isd_lite,,,0,isd_lite,0.0,isd_lite,1005.5,isd_lite,,,,
2020,4,24,9,35.6,isd_lite,22,isd_lite,,,290,isd_lite,5.4,isd_lite,1003.4,isd_lite,3,isd_lite,,
2020,4,24,12,35.0,isd_lite,23,isd_lite,,,320,isd_lite,9.4,isd_lite,1001.4,isd_lite,2,isd_lite,,
2020,4,25,3,27.0,isd_lite,44,isd_lite,,,20,isd_lite,16.6,isd_lite,1006.6,isd_lite,2,isd_lite,,
2020,4,25,6,31.8,isd_lite,33,isd_lite,,,70,isd_lite,9.4,isd_lite,1006.2,isd_lite,6,isd_lite,,
2020,4,25,9,28.2,isd_lite,45,isd_lite,,,270,isd_lite,1.8,isd_lite,1005.9,isd_lite,8,isd_lite,,
2020,4,25,12,31.2,isd_lite,35,isd_lite,,,50,isd_lite,5.4,isd_lite,1004.1,isd_lite,5,isd_lite,,
2020,4,26,3,26.2,isd_lite,52,isd_lite,,,0,isd_lite,0.0,isd_lite,1008.7,isd_lite,4,isd_lite,,
2020,4,26,6,28.6,isd_lite,50,isd_lite,,,90,isd_lite,11.2,isd_lite,1009.8,isd_lite,1,isd_lite,,
2020,4,26,9,30.6,isd_lite,42,isd_lite,,,110,isd_lite,16.6,isd_lite,1007.4,isd_lite,4,isd_lite,,
2020,4,26,12,29.0,isd_lite,40,isd_lite,,,140,isd_lite,5.4,isd_lite,1005.8,isd_lite,5,isd_lite,,
2020,4,27,3,21.8,isd_lite,77,isd_lite,,,50,isd_lite,5.4,isd_lite,1014.3,isd_lite,7,isd_lite,,
2020,4,27,6,25.0,isd_lite,62,isd_lite,,,90,isd_lite,14.8,isd_lite,1014.3,isd_lite,5,isd_lite,,
2020,4,27,9,28.0,isd_lite,49,isd_lite,,,110,isd_lite,14.8,isd_lite,1011.9,isd_lite,3,isd_lite,,
2020,4,27,12,28.8,isd_lite,47,isd_lite,,,90,isd_lite,16.6,isd_lite,1010.5,isd_lite,2,isd_lite,,
2020,4,28,3,27.2,isd_lite,46,isd_lite,,,0,isd_lite,0.0,isd_lite,1014.3,isd_lite,3,isd_lite,,
2020,4,28,6,31.6,isd_lite,37,isd_lite,,,160,isd_lite,5.4,isd_lite,1012.6,isd_lite,2,isd_lite,,
2020,4,28,9,33.2,isd_lite,31,isd_lite,,,0,isd_lite,0.0,isd_lite,1009.9,isd_lite,3,isd_lite,,
2020,4,28,12,33.0,isd_lite,30,isd_lite,,,0,isd_lite,0.0,isd_lite,1007.6,isd_lite,2,isd_lite,,
2020,4,29,3,27.6,isd_lite,53,isd_lite,,,0,isd_lite,0.0,isd_lite,1009.9,isd_lite,,,,
2020,4,29,6,32.4,isd_lite,37,isd_lite,,,0,isd_lite,0.0,isd_lite,1009.2,isd_lite,1,isd_lite,,
2020,4,29,9,34.6,isd_lite,33,isd_lite,,,0,isd_lite,0.0,isd_lite,1007.1,isd_lite,2,isd_lite,,
2020,4,29,12,35.2,isd_lite,28,isd_lite,,,0,isd_lite,0.0,isd_lite,1004.9,isd_lite,,,,
2020,4,30,3,27.6,isd_lite,67,isd_lite,,,0,isd_lite,0.0,isd_lite,1009.4,isd_lite,,,,
2020,4,30,6,35.0,isd_lite,39,isd_lite,,,0,isd_lite,0.0,isd_lite,1008.7,isd_lite,2,isd_lite,,
2020,4,30,9,36.6,isd_lite,31,isd_lite,,,0,isd_lite,0.0,isd_lite,1005.7,isd_lite,3,isd_lite,,
2020,4,30,12,36.2,isd_lite,26,isd_lite,,,0,isd_lite,0.0,isd_lite,1004.3,isd_lite,3,isd_lite,,
2020,5,1,3,28.8,isd_lite,54,isd_lite,,,0,isd_lite,0.0,isd_lite,1006.9,isd_lite,,,,
2020,5,1,6,35.4,isd_lite,29,isd_lite,,,0,isd_lite,0.0,isd_lite,1006.1,isd_lite,,,,
2020,5,1,9,39.4,isd_lite,20,isd_lite,,,0,isd_lite,0.0,isd_lite,1003.8,isd_lite,,,,
2020,5,1,12,38.2,isd_lite,23,isd_lite,,,290,isd_lite,7.6,isd_lite,1001.8,isd_lite,,,,
2020,5,2,3,28.2,isd_lite,58,isd_lite,,,110,isd_lite,9.4,isd_lite,1006.9,isd_lite,3,isd_lite,,
2020,5,2,6,33.0,isd_lite,44,isd_lite,,,110,isd_lite,5.4,isd_lite,1005.9,isd_lite,5,isd_lite,,
2020,5,2,9,32.6,isd_lite,45,isd_lite,,,140,isd_lite,5.4,isd_lite,1005.3,isd_lite,8,isd_lite,,
2020,5,2,12,29.8,isd_lite,52,isd_lite,,,0,isd_lite,0.0,isd_lite,1003.4,isd_lite,8,isd_lite,,
2020,5,3,3,25.6,isd_lite,64,isd_lite,,,360,isd_lite,22.3,isd_lite,1010.4,isd_lite,5,isd_lite,,
2020,5,3,6,31.8,isd_lite,44,isd_lite,,,50,isd_lite,22.3,isd_lite,1008.7,isd_lite,2,isd_lite,,
2020,5,3,9,34.2,isd_lite,43,isd_lite,,,50,isd_lite,18.4,isd_lite,1005.8,isd_lite,4,isd_lite,,
2020,5,3,12,33.2,isd_lite,45,isd_lite,,,0,isd_lite,0.0,isd_lite,1003.3,isd_lite,8,isd_lite,,
2020,5,4,3,25.0,isd_lite,68,isd_lite,,,0,isd_lite,0.0,isd_lite,1010.7,isd_lite,,,,
2020,5,4,6,29.0,isd_lite,49,isd_lite,,,0,isd_lite,0.0,isd_lite,1010.9,isd_lite,6,isd_lite,,
2020,5,4,9,31.6,isd_lite,38,isd_lite,,,290,isd_lite,5.4,isd_lite,1008.4,isd_lite,6,isd_lite,,
2020,5,4,12,32.4,isd_lite,39,isd_lite,,,0,isd_lite,0.0,isd_lite,1006.3,isd_lite,5,isd_lite,,
2020,5,5,3,28.2,isd_lite,52,isd_lite,,,0,isd_lite,0.0,isd_lite,1008.0,isd_lite,,,,
2020,5,5,6,34.0,isd_lite,31,isd_lite,,,320,isd_lite,9.4,isd_lite,1007.8,isd_lite,2,isd_lite,,
2020,5,5,9,36.2,isd_lite,26,isd_lite,,,290,isd_lite,11.2,isd_lite,1005.1,isd_lite,4,isd_lite,,
2020,5,5,12,35.6,isd_lite,27,isd_lite,,,290,isd_lite,3.6,isd_lite,1003.5,isd_lite,4,isd_lite,,
2020,5,6,3,24.4,isd_lite,71,isd_lite,,,160,isd_lite,11.2,isd_lite,1008.1,isd_lite,8,isd_lite,,
2020,5,6,6,30.4,isd_lite,45,isd_lite,,,0,isd_lite,0.0,isd_lite,1007.8,isd_lite,5,isd_lite,,
2020,5,6,9,33.6,isd_lite,30,isd_lite,,,0,isd_lite,0.0,isd_lite,1005.5,isd_lite,7,isd_lite,,
2020,5,6,12,33.6,isd_lite,27,isd_lite,,,0,isd_lite,0.0,isd_lite,1003.5,isd_lite,5,isd_lite,,
2020,5,7,3,26.4,isd_lite,49,isd_lite,,,0,isd_lite,0.0,isd_lite,1008.7,isd_lite,,,,
2020,5,7,6,32.4,isd_lite,30,isd_lite,,,0,isd_lite,0.0,isd_lite,1008.0,isd_lite,,,,
2020,5,7,9,34.8,isd_lite,24,isd_lite,,,290,isd_lite,1.8,isd_lite,1005.8,isd_lite,,,,
2020,5,7,12,35.0,isd_lite,24,isd_lite,,,320,isd_lite,3.6,isd_lite,1004.2,isd_lite,1,isd_lite,,
2020,5,8,3,29.8,isd_lite,39,isd_lite,,,0,isd_lite,0.0,isd_lite,1005.5,isd_lite,,,,
2020,5,8,6,35.0,isd_lite,22,isd_lite,,,0,isd_lite,0.0,isd_lite,1005.6,isd_lite,,,,
2020,5,8,9,37.4,isd_lite,16,isd_lite,,,0,isd_lite,0.0,isd_lite,1003.7,isd_lite,,,,
2020,5,8,12,37.0,isd_lite,20,isd_lite,,,0,isd_lite,0.0,isd_lite,1002.2,isd_lite,,,,
2020,5,9,3,28.2,isd_lite,46,isd_lite,,,0,isd_lite,0.0,isd_lite,1006.5,isd_lite,2,isd_lite,,
2020,5,9,6,36.2,isd_lite,28,isd_lite,,,0,isd_lite,0.0,isd_lite,1006.4,isd_lite,2,isd_lite,,
2020,5,9,9,38.4,isd_lite,26,isd_lite,,,0,isd_lite,0.0,isd_lite,1004.2,isd_lite,2,isd_lite,,
2020,5,9,12,38.8,isd_lite,20,isd_lite,,,320,isd_lite,11.2,isd_lite,1002.9,isd_lite,2,isd_lite,,
2020,5,10,3,22.8,isd_lite,73,isd_lite,,,50,isd_lite,16.6,isd_lite,1010.3,isd_lite,8,isd_lite,,
2020,5,10,6,23.6,isd_lite,66,isd_lite,,,0,isd_lite,0.0,isd_lite,1009.3,isd_lite,6,isd_lite,,
2020,5,10,9,30.0,isd_lite,40,isd_lite,,,140,isd_lite,9.4,isd_lite,1007.0,isd_lite,3,isd_lite,,
2020,5,10,12,31.4,isd_lite,37,isd_lite,,,160,isd_lite,3.6,isd_lite,1005.4,isd_lite,,,,
2020,5,11,3,27.4,isd_lite,45,isd_lite,,,140,isd_lite,3.6,isd_lite,1009.6,isd_lite,4,isd_lite,,
2020,5,11,6,31.6,isd_lite,37,isd_lite,,,110,isd_lite,9.4,isd_lite,1009.3,isd_lite,6,isd_lite,,
2020,5,11,9,35.0,isd_lite,27,isd_lite,,,140,isd_lite,5.4,isd_lite,1006.8,isd_lite,5,isd_lite,,
2020,5,11,12,34.6,isd_lite,29,isd_lite,,,160,isd_lite,7.6,isd_lite,1004.3,isd_lite,2,isd_lite,,
2020,5,12,3,25.6,isd_lite,64,isd_lite,,,0,isd_lite,0.0,isd_lite,1009.6,isd_lite,,,,
2020,5,12,6,30.8,isd_lite,44,isd_lite,,,0,isd_lite,0.0,isd_lite,1009.9,isd_lite,4,isd_lite,,
2020,5,12,9,34.6,isd_lite,35,isd_lite,,,0,isd_lite,0.0,isd_lite,1007.0,isd_lite,4,isd_lite,,
2020,5,12,12,34.2,isd_lite,33,isd_lite,,,0,isd_lite,0.0,isd_lite,1004.6,isd_lite,4,isd_lite,,
2020,5,13,3,25.8,isd_lite,70,isd_lite,,,0,isd_lite,0.0,isd_lite,1008.6,isd_lite,7,isd_lite,,
2020,5,13,6,28.8,isd_lite,52,isd_lite,,,50,isd_lite,5.4,isd_lite,1007.8,isd_lite,7,isd_lite,,
2020,5,13,9,31.6,isd_lite,45,isd_lite,,,180,isd_lite,1.8,isd_lite,1006.3,isd_lite,5,isd_lite,,
2020,5,13,12,32.4,isd_lite,40,isd_lite,,,0,isd_lite,0.0,isd_lite,1003.6,isd_lite,3,isd_lite,,
2020,5,14,3,29.0,isd_lite,61,isd_lite,,,0,isd_lite,0.0,isd_lite,1006.1,isd_lite,4,isd_lite,,
2020,5,14,6,33.0,isd_lite,47,isd_lite,,,320,isd_lite,11.2,isd_lite,1007.1,isd_lite,6,isd_lite,,
2020,5,14,9,27.8,isd_lite,49,isd_lite,,,320,isd_lite,22.3,isd_lite,1009.8,isd_lite,5,isd_lite,,
2020,5,14,12,27.2,isd_lite,52,isd_lite,,,20,isd_lite,18.4,isd_lite,1006.1,isd_lite,2,isd_lite,,
2020,5,15,3,26.0,isd_lite,55,isd_lite,,,0,isd_lite,0.0,isd_lite,1007.5,isd_lite,4,isd_lite,,
2020,5,15,6,31.2,isd_lite,38,isd_lite,,,270,isd_lite,1.8,isd_lite,1006.8,isd_lite,4,isd_lite,,
2020,5,15,9,34.2,isd_lite,32,isd_lite,,,320,isd_lite,1.8,isd_lite,1004.8,isd_lite,6,isd_lite,,
2020,5,15,12,33.8,isd_lite,33,isd_lite,,,290,isd_lite,9.4,isd_lite,1003.1,isd_lite,2,isd_lite,,
2020,5,16,3,29.0,isd_lite,48,isd_lite,,,320,isd_lite,11.2,isd_lite,1005.7,isd_lite,,,,
2020,5,16,6,34.8,isd_lite,26,isd_lite,,,290,isd_lite,11.2,isd_lite,1005.2,isd_lite,1,isd_lite,,
2020,5,16,9,37.2,isd_lite,20,isd_lite,,,290,isd_lite,7.6,isd_lite,1002.8,isd_lite,,,,
2020,5,16,12,35.8,isd_lite,23,isd_lite,,,0,isd_lite,0.0,isd_lite,1001.1,isd_lite,,,,
2020,5,17,3,30.6,isd_lite,40,isd_lite,,,0,isd_lite,0.0,isd_lite,1003.8,isd_lite,2,isd_lite,,
2020,5,17,6,35.2,isd_lite,24,isd_lite,,,320,isd_lite,7.6,isd_lite,1004.0,isd_lite,5,isd_lite,,
2020,5,17,9,37.4,isd_lite,19,isd_lite,,,270,isd_lite,1.8,isd_lite,1001.5,isd_lite,4,isd_lite,,
2020,5,17,12,37.6,isd_lite,16,isd_lite,,,250,isd_lite,3.6,isd_lite,999.5,isd_lite,2,isd_lite,,
2020,5,18,3,28.4,isd_lite,39,isd_lite,,,20,isd_lite,7.6,isd_lite,1004.0,isd_lite,,,,
2020,5,18,6,36.6,isd_lite,21,isd_lite,,,320,isd_lite,3.6,isd_lite,1002.6,isd_lite,,,,
2020,5,18,9,38.4,isd_lite,16,isd_lite,,,0,isd_lite,0.0,isd_lite,1000.3,isd_lite,3,isd_lite,,
2020,5,18,12,37.2,isd_lite,17,isd_lite,,,270,isd_lite,3.6,isd_lite,999.2,isd_lite,2,isd_lite,,
2020,5,19,3,32.0,isd_lite,26,isd_lite,,,0,isd_lite,0.0,isd_lite,1003.0,isd_lite,3,isd_lite,,
2020,5,19,6,35.0,isd_lite,21,isd_lite,,,50,isd_lite,5.4,isd_lite,1002.8,isd_lite,5,isd_lite,,
2020,5,19,9,37.4,isd_lite,13,isd_lite,,,320,isd_lite,11.2,isd_lite,1001.0,isd_lite,4,isd_lite,,
2020,5,19,12,35.0,isd_lite,14,isd_lite,,,320,isd_lite,11.2,isd_lite,1000.4,isd_lite,3,isd_lite,,
2020,5,20,3,30.2,isd_lite,30,isd_lite,,,0,isd_lite,0.0,isd_lite,1002.1,isd_lite,,,,
2020,5,20,9,37.2,isd_lite,16,isd_lite,,,270,isd_lite,3.6,isd_lite,1000.1,isd_lite,,,,
2020,5,20,12,37.0,isd_lite,15,isd_lite,,,270,isd_lite,9.4,isd_lite,998.9,isd_lite,,,,
2020,5,21,3,31.8,isd_lite,27,isd_lite,,,320,isd_lite,9.4,isd_lite,1001.0,isd_lite,,,,
2020,5,21,6,38.0,isd_lite,17,isd_lite,,,320,isd_lite,9.4,isd_lite,999.9,isd_lite,,,,
2020,5,21,9,39.8,isd_lite,15,isd_lite,,,270,isd_lite,16.6,isd_lite,998.0,isd_lite,,,,
2020,5,21,12,39.8,isd_lite,16,isd_lite,,,270,isd_lite,11.2,isd_lite,996.2,isd_lite,,,,
2020,5,22,3,33.2,isd_lite,34,isd_lite,,,0,isd_lite,0.0,isd_lite,999.8,isd_lite,,,,
2020,5,22,6,40.0,isd_lite,19,isd_lite,,,0,isd_lite,0.0,isd_lite,999.7,isd_lite,,,,
2020,5,22,9,42.2,isd_lite,16,isd_lite,,,50,isd_lite,7.6,isd_lite,998.1,isd_lite,,,,
2020,5,22,12,41.6,isd_lite,15,isd_lite,,,320,isd_lite,11.2,isd_lite,997.0,isd_lite,,,,
2020,5,23,3,32.4,isd_lite,36,isd_lite,,,50,isd_lite,5.4,isd_lite,1001.4,isd_lite,2,isd_lite,,
2020,5,23,6,39.6,isd_lite,25,isd_lite,,,140,isd_lite,7.6,isd_lite,1000.7,isd_lite,3,isd_lite,,
2020,5,23,9,41.6,isd_lite,21,isd_lite,,,160,isd_lite,11.2,isd_lite,998.6,isd_lite,5,isd_lite,,
2020,5,23,12,43.0,isd_lite,15,isd_lite,,,0,isd_lite,0.0,isd_lite,997.1,isd_lite,2,isd_lite,,
2020,5,24,3,32.2,isd_lite,32,isd_lite,,,0,isd_lite,0.0,isd_lite,1003.2,isd_lite,,,,
2020,5,24,6,38.0,isd_lite,25,isd_lite,,,0,isd_lite,0.0,isd_lite,1002.6,isd_lite,,,,
2020,5,24,9,41.0,isd_lite,19,isd_lite,,,320,isd_lite,3.6,isd_lite,1000.7,isd_lite,,,,
2020,5,24,12,40.6,isd_lite,19,isd_lite,,,270,isd_lite,11.2,isd_lite,999.2,isd_lite,,,,
2020,5,25,3,34.6,isd_lite,32,isd_lite,,,0,isd_lite,0.0,isd_lite,1001.1,isd_lite,,,,
2020,5,25,6,39.8,isd_lite,22,isd_lite,,,0,isd_lite,0.0,isd_lite,1001.1,isd_lite,,,,
2020,5,25,9,42.4,isd_lite,16,isd_lite,,,290,isd_lite,7.6,isd_lite,999.8,isd_lite,,,,
2020,5,25,12,41.4,isd_lite,18,isd_lite,,,290,isd_lite,16.6,isd_lite,998.3,isd_lite,,,,
2020,5,26,3,35.6,isd_lite,31,isd_lite,,,0,isd_lite,0.0,isd_lite,999.3,isd_lite,,,,
2020,5,26,6,40.6,isd_lite,25,isd_lite,,,200,isd_lite,7.6,isd_lite,999.6,isd_lite,,,,
2020,5,26,9,43.2,isd_lite,19,isd_lite,,,250,isd_lite,3.6,isd_lite,997.5,isd_lite,2,isd_lite,,
2020,5,26,12,42.4,isd_lite,16,isd_lite,,,320,isd_lite,18.4,isd_lite,996.0,isd_lite,,,,
2020,5,27,3,34.8,isd_lite,30,isd_lite,,,160,isd_lite,5.4,isd_lite,998.7,isd_lite,,,,
2020,5,27,6,39.2,isd_lite,22,isd_lite,,,50,isd_lite,5.4,isd_lite,998.5,isd_lite,,,,
2020,5,27,9,42.8,isd_lite,18,isd_lite,,,270,isd_lite,7.6,isd_lite,995.9,isd_lite,1,isd_lite,,
2020,5,27,12,43.2,isd_lite,16,isd_lite,,,0,isd_lite,0.0,isd_lite,993.4,isd_lite,2,isd_lite,,
2020,5,28,3,31.4,isd_lite,45,isd_lite,,,110,isd_lite,20.5,isd_lite,999.0,isd_lite,,,,
2020,5,28,6,36.4,isd_lite,34,isd_lite,,,140,isd_lite,14.8,isd_lite,998.7,isd_lite,3,isd_lite,,
2020,5,28,9,38.0,isd_lite,32,isd_lite,,,140,isd_lite,11.2,isd_lite,996.3,isd_lite,1,isd_lite,,
2020,5,28,12,32.6,isd_lite,34,isd_lite,,,70,isd_lite,35.3,isd_lite,996.6,isd_lite,3,isd_lite,,
2020,5,29,3,28.8,isd_lite,52,isd_lite,,,110,isd_lite,14.8,isd_lite,1004.3,isd_lite,2,isd_lite,,
2020,5,29,6,32.4,isd_lite,43,isd_lite,,,70,isd_lite,11.2,isd_lite,1003.4,isd_lite,4,isd_lite,,
2020,5,29,9,31.0,isd_lite,45,isd_lite,,,110,isd_lite,18.4,isd_lite,1002.6,isd_lite,6,isd_lite,,
2020,5,29,12,31.0,isd_lite,45,isd_lite,,,70,isd_lite,11.2,isd_lite,1001.3,isd_lite,5,isd_lite,,
2020,5,30,3,27.8,isd_lite,64,isd_lite,,,90,isd_lite,11.2,isd_lite,1005.1,isd_lite,2,isd_lite,,
2020,5,30,6,33.2,isd_lite,40,isd_lite,,,90,isd_lite,16.6,isd_lite,1004.6,isd_lite,5,isd_lite,,
2020,5,30,12,34.0,isd_lite,38,isd_lite,,,180,isd_lite,16.6,isd_lite,1001.6,isd_lite,5,isd_lite,,
2020,5,31,3,23.6,isd_lite,86,isd_lite,,,110,isd_lite,3.6,isd_lite,1008.4,isd_lite,5,isd_lite,,
2020,5,31,6,29.0,isd_lite,61,isd_lite,,,160,isd_lite,7.6,isd_lite,1008.1,isd_lite,5,isd_lite,,
2020,5,31,9,29.0,isd_lite,61,isd_lite,,,160,isd_lite,5.4,isd_lite,1007.0,isd_lite,8,isd_lite,,
2020,5,31,12,26.4,isd_lite,70,isd_lite,,,20,isd_lite,5.4,isd_lite,1005.4,isd_lite,5,isd_lite,,
2020,6,1,3,26.6,isd_lite,65,isd_lite,,,0,isd_lite,0.0,isd_lite,1009.3,isd_lite,4,isd_lite,,
2020,6,1,9,32.0,isd_lite,44,isd_lite,,,160,isd_lite,7.6,isd_lite,1006.9,isd_lite,2,isd_lite,,
2020,6,1,12,32.4,isd_lite,42,isd_lite,,,0,isd_lite,0.0,isd_lite,1004.6,isd_lite,,,,
2020,6,2,3,28.2,isd_lite,57,isd_lite,,,50,isd_lite,5.4,isd_lite,1006.2,isd_lite,5,isd_lite,,
2020,6,2,6,32.0,isd_lite,50,isd_lite,,,180,isd_lite,3.6,isd_lite,1006.8,isd_lite,3,isd_lite,,
2020,6,2,12,29.4,isd_lite,44,isd_lite,,,70,isd_lite,20.5,isd_lite,1003.3,isd_lite,3,isd_lite,,
2020,6,3,3,29.0,isd_lite,54,isd_lite,,,0,isd_lite,0.0,isd_lite,1004.5,isd_lite,4,isd_lite,,
2020,6,3,6,31.8,isd_lite,47,isd_lite,,,0,isd_lite,0.0,isd_lite,1004.6,isd_lite,5,isd_lite,,
2020,6,3,9,34.6,isd_lite,33,isd_lite,,,0,isd_lite,0.0,isd_lite,1002.4,isd_lite,5,isd_lite,,
2020,6,3,12,28.0,isd_lite,51,isd_lite,,,0,isd_lite,0.0,isd_lite,1002.3,isd_lite,6,isd_lite,,
2020,6,4,3,29.8,isd_lite,47,isd_lite,,,0,isd_lite,0.0,isd_lite,1004.0,isd_lite,2,isd_lite,,
2020,6,4,6,33.6,isd_lite,37,isd_lite,,,0,isd_lite,0.0,isd_lite,1002.8,isd_lite,3,isd_lite,,
2020,6,4,9,35.0,isd_lite,32,isd_lite,,,0,isd_lite,0.0,isd_lite,1000.1,isd_lite,3,isd_lite,,
2020,6,4,12,36.2,isd_lite,30,isd_lite,,,0,isd_lite,0.0,isd_lite,998.4,isd_lite,3,isd_lite,,
2020,6,5,3,26.4,isd_lite,66,isd_lite,,,90,isd_lite,5.4,isd_lite,1003.7,isd_lite,4,isd_lite,,
2020,6,5,6,30.8,isd_lite,55,isd_lite,,,0,isd_lite,0.0,isd_lite,1003.4,isd_lite,2,isd_lite,,
2020,6,5,9,34.0,isd_lite,43,isd_lite,,,0,isd_lite,0.0,isd_lite,1001.1,isd_lite,5,isd_lite,,
2020,6,5,12,34.2,isd_lite,38,isd_lite,,,0,isd_lite,0.0,isd_lite,998.9,isd_lite,2,isd_lite,,
2020,6,6,3,20.6,isd_lite,95,isd_lite,,,20,isd_lite,20.5,isd_lite,1005.8,isd_lite,8,isd_lite,,
2020,6,6,6,24.2,isd_lite,85,isd_lite,,,360,isd_lite,14.8,isd_lite,1005.5,isd_lite,8,isd_lite,,
2020,6,6,9,28.8,isd_lite,58,isd_lite,,,50,isd_lite,7.6,isd_lite,1002.3,isd_lite,5,isd_lite,,
2020,6,6,12,28.2,isd_lite,70,isd_lite,,,0,isd_lite,0.0,isd_lite,1000.9,isd_lite,4,isd_lite,,
2020,6,7,3,27.0,isd_lite,60,isd_lite,,,110,isd_lite,1.8,isd_lite,1004.0,isd_lite,2,isd_lite,,
2020,6,7,6,29.6,isd_lite,57,isd_lite,,,0,isd_lite,0.0,isd_lite,1004.5,isd_lite,5,isd_lite,,
2020,6,7,9,31.6,isd_lite,52,isd_lite,,,90,isd_lite,1.8,isd_lite,1001.8,isd_lite,3,isd_lite,,
2020,6,7,12,32.8,isd_lite,46,isd_lite,,,20,isd_lite,7.6,isd_lite,999.2,isd_lite,,,,
2020,6,8,3,30.2,isd_lite,60,isd_lite,,,0,isd_lite,0.0,isd_lite,1002.6,isd_lite,,,,
2020,6,8,6,34.8,isd_lite,44,isd_lite,,,0,isd_lite,0.0,isd_lite,1001.8,isd_lite,,,,
2020,6,8,9,37.0,isd_lite,38,isd_lite,,,270,isd_lite,1.8,isd_lite,999.8,isd_lite,3,isd_lite,,
2020,6,8,12,36.0,isd_lite,54,isd_lite,,,320,isd_lite,7.6,isd_lite,997.9,isd_lite,2,isd_lite,,
2020,6,9,3,32.6,isd_lite,57,isd_lite,,,0,isd_lite,0.0,isd_lite,1002.1,isd_lite,,,,
2020,6,9,6,36.0,isd_lite,44,isd_lite,,,320,isd_lite,11.2,isd_lite,1002.4,isd_lite,3,isd_lite,,
2020,6,9,9,36.0,isd_lite,46,isd_lite,,,320,isd_lite,20.5,isd_lite,1000.6,isd_lite,2,isd_lite,,
2020,6,9,12,36.2,isd_lite,41,isd_lite,,,320,isd_lite,11.2,isd_lite,998.8,isd_lite,,,,
2020,6,10,3,33.2,isd_lite,53,isd_lite,,,0,isd_lite,0.0,isd_lite,1001.3,isd_lite,3,isd_lite,,
2020,6,10,6,31.2,isd_lite,57,isd_lite,,,320,isd_lite,31.7,isd_lite,1003.6,isd_lite,7,isd_lite,,
2020,6,10,9,35.0,isd_lite,43,isd_lite,,,50,isd_lite,20.5,isd_lite,1001.2,isd_lite,3,isd_lite,,
2020,6,10,12,35.0,isd_lite,39,isd_lite,,,0,isd_lite,0.0,isd_lite,998.5,isd_lite,2,isd_lite,,
2020,6,11,3,33.4,isd_lite,48,isd_lite,,,0,isd_lite,0.0,isd_lite,1000.6,isd_lite,,,,
2020,6,11,6,36.8,isd_lite,42,isd_lite,,,0,isd_lite,0.0,isd_lite,1000.3,isd_lite,,,,
2020,6,11,9,39.0,isd_lite,34,isd_lite,,,0,isd_lite,0.0,isd_lite,997.8,isd_lite,3,isd_lite,,
2020,6,11,12,38.6,isd_lite,35,isd_lite,,,360,isd_lite,7.6,isd_lite,995.8,isd_lite,,,,
2020,6,12,3,33.0,isd_lite,60,isd_lite,,,0,isd_lite,0.0,isd_lite,1000.0,isd_lite,2,isd_lite,,
2020,6,12,6,38.4,isd_lite,39,isd_lite,,,0,isd_lite,0.0,isd_lite,998.2,isd_lite,,,,
2020,6,12,9,39.8,isd_lite,34,isd_lite,,,50,isd_lite,3.6,isd_lite,996.0,isd_lite,3,isd_lite,,
2020,6,12,12,36.4,isd_lite,41,isd_lite,,,360,isd_lite,20.5,isd_lite,994.8,isd_lite,5,isd_lite,,
2020,6,13,3,33.8,isd_lite,57,isd_lite,,,160,isd_lite,7.6,isd_lite,999.0,isd_lite,,,,
2020,6,13,6,37.6,isd_lite,46,isd_lite,,,290,isd_lite,1.8,isd_lite,998.3,isd_lite,4,isd_lite,,
2020,6,13,9,37.4,isd_lite,33,isd_lite,,,50,isd_lite,18.4,isd_lite,997.5,isd_lite,3,isd_lite,,
2020,6,13,12,35.4,isd_lite,40,isd_lite,,,140,isd_lite,1.8,isd_lite,996.7,isd_lite,3,isd_lite,,
2020,6,14,3,32.2,isd_lite,52,isd_lite,,,0,isd_lite,0.0,isd_lite,1001.9,isd_lite,,,,
2020,6,14,6,36.8,isd_lite,37,isd_lite,,,0,isd_lite,0.0,isd_lite,1001.2,isd_lite,,,,
2020,6,14,9,39.6,isd_lite,30,isd_lite,,,320,isd_lite,3.6,isd_lite,998.5,isd_lite,,,,
2020,6,14,12,39.6,isd_lite,32,isd_lite,,,320,isd_lite,7.6,isd_lite,996.2,isd_lite,,,,
2020,6,15,3,32.8,isd_lite,66,isd_lite,,,0,isd_lite,0.0,isd_lite,1000.2,isd_lite,,,,
2020,6,15,6,38.2,isd_lite,40,isd_lite,,,0,isd_lite,0.0,isd_lite,998.5,isd_lite,,,,
2020,6,15,9,40.6,isd_lite,30,isd_lite,,,340,isd_lite,9.4,isd_lite,996.0,isd_lite,2,isd_lite,,
2020,6,15,12,40.4,isd_lite,36,isd_lite,,,0,isd_lite,0.0,isd_lite,993.9,isd_lite,,,,
2020,6,16,3,32.4,isd_lite,62,isd_lite,,,160,isd_lite,1.8,isd_lite,997.3,isd_lite,,,,
2020,6,16,6,36.6,isd_lite,49,isd_lite,,,160,isd_lite,1.8,isd_lite,996.7,isd_lite,,,,
2020,6,16,9,41.2,isd_lite,26,isd_lite,,,270,isd_lite,1.8,isd_lite,993.6,isd_lite,3,isd_lite,,
2020,6,16,12,41.0,isd_lite,41,isd_lite,,,290,isd_lite,5.4,isd_lite,992.4,isd_lite,1,isd_lite,,
2020,6,17,3,32.2,isd_lite,59,isd_lite,,,110,isd_lite,3.6,isd_lite,997.0,isd_lite,,,,
2020,6,17,6,35.0,isd_lite,53,isd_lite,,,160,isd_lite,3.6,isd_lite,995.8,isd_lite,,,,
2020,6,17,9,38.8,isd_lite,40,isd_lite,,,0,isd_lite,0.0,isd_lite,993.6,isd_lite,1,isd_lite,,
2020,6,17,12,40.0,isd_lite,33,isd_lite,,,0,isd_lite,0.0,isd_lite,991.7,isd_lite,2,isd_lite,,
2020,6,18,3,32.4,isd_lite,64,isd_lite,,,90,isd_lite,9.4,isd_lite,997.1,isd_lite,,,,
2020,6,18,6,36.8,isd_lite,49,isd_lite,,,140,isd_lite,3.6,isd_lite,996.7,isd_lite,,,,
2020,6,18,9,40.0,isd_lite,36,isd_lite,,,0,isd_lite,0.0,isd_lite,994.3,isd_lite,,,,
2020,6,18,12,41.0,isd_lite,36,isd_lite,,,230,isd_lite,1.8,isd_lite,992.7,isd_lite,2,isd_lite,,
2020,6,19,3,29.0,isd_lite,70,isd_lite,,,0,isd_lite,0.0,isd_lite,998.3,isd_lite,4,isd_lite,,
2020,6,19,6,34.2,isd_lite,51,isd_lite,,,160,isd_lite,5.4,isd_lite,999.0,isd_lite,,,,
2020,6,19,9,36.0,isd_lite,52,isd_lite,,,140,isd_lite,5.4,isd_lite,996.9,isd_lite,,,,
2020,6,19,12,37.8,isd_lite,48,isd_lite,,,0,isd_lite,0.0,isd_lite,995.6,isd_lite,,,,
2020,6,20,3,30.4,isd_lite,74,isd_lite,,,110,isd_lite,5.4,isd_lite,1000.1,isd_lite,,,,
2020,6,20,6,34.2,isd_lite,61,isd_lite,,,0,isd_lite,0.0,isd_lite,1000.1,isd_lite,,,,
2020,6,20,9,36.6,isd_lite,53,isd_lite,,,0,isd_lite,0.0,isd_lite,998.0,isd_lite,,,,
2020,6,20,12,37.4,isd_lite,49,isd_lite,,,0,isd_lite,0.0,isd_lite,995.8,isd_lite,2,isd_lite,,
2020,6,21,3,30.6,isd_lite,54,isd_lite,,,0,isd_lite,0.0,isd_lite,1000.5,isd_lite,4,isd_lite,,
2020,6,21,6,32.8,isd_lite,58,isd_lite,,,0,isd_lite,0.0,isd_lite,999.3,isd_lite,,,,
2020,6,21,9,34.4,isd_lite,52,isd_lite,,,160,isd_lite,3.6,isd_lite,998.9,isd_lite,,,,
2020,6,21,12,35.0,isd_lite,50,isd_lite,,,0,isd_lite,0.0,isd_lite,997.1,isd_lite,,,,
2020,6,22,3,25.6,isd_lite,89,isd_lite,,,90,isd_lite,3.6,isd_lite,1000.5,isd_lite,5,isd_lite,,
2020,6,22,6,30.2,isd_lite,66,isd_lite,,,180,isd_lite,9.4,isd_lite,1000.2,isd_lite,,,,
2020,6,22,9,33.6,isd_lite,53,isd_lite,,,180,isd_lite,1.8,isd_lite,998.7,isd_lite,,,,
2020,6,22,12,34.6,isd_lite,47,isd_lite,,,0,isd_lite,0.0,isd_lite,996.7,isd_lite,,,,
2020,6,23,3,31.4,isd_lite,70,isd_lite,,,0,isd_lite,0.0,isd_lite,1002.1,isd_lite,,,,
2020,6,23,6,34.4,isd_lite,58,isd_lite,,,0,isd_lite,0.0,isd_lite,1002.7,isd_lite,1,isd_lite,,
2020,6,23,9,36.0,isd_lite,54,isd_lite,,,160,isd_lite,3.6,isd_lite,1000.9,isd_lite,5,isd_lite,,
2020,6,23,12,35.6,isd_lite,52,isd_lite,,,0,isd_lite,0.0,isd_lite,998.7,isd_lite,1,isd_lite,,
2020,6,24,3,31.6,isd_lite,72,isd_lite,,,0,isd_lite,0.0,isd_lite,1003.8,isd_lite,3,isd_lite,,
2020,6,24,6,34.2,isd_lite,61,isd_lite,,,160,isd_lite,1.8,isd_lite,1003.2,isd_lite,6,isd_lite,,
2020,6,24,9,29.4,isd_lite,74,isd_lite,,,90,isd_lite,25.9,isd_lite,1003.4,isd_lite,4,isd_lite,,
2020,6,24,12,29.8,isd_lite,67,isd_lite,,,90,isd_lite,3.6,isd_lite,1000.9,isd_lite,3,isd_lite,,
2020,6,25,3,30.6,isd_lite,72,isd_lite,,,0,isd_lite,0.0,isd_lite,1001.2,isd_lite,6,isd_lite,,
2020,6,25,6,31.2,isd_lite,64,isd_lite,,,290,isd_lite,9.4,isd_lite,1001.8,isd_lite,8,isd_lite,,
2020,6,25,9,31.2,isd_lite,66,isd_lite,,,20,isd_lite,7.6,isd_lite,998.7,isd_lite,7,isd_lite,,
2020,6,25,12,31.8,isd_lite,63,isd_lite,,,320,isd_lite,3.6,isd_lite,997.2,isd_lite,5,isd_lite,,
2020,6,26,3,31.2,isd_lite,70,isd_lite,,,0,isd_lite,0.0,isd_lite,1000.3,isd_lite,,,,
2020,6,26,6,33.8,isd_lite,58,isd_lite,,,0,isd_lite,0.0,isd_lite,1000.1,isd_lite,5,isd_lite,,
2020,6,26,9,35.2,isd_lite,53,isd_lite,,,0,isd_lite,0.0,isd_lite,997.8,isd_lite,6,isd_lite,,
2020,6,26,12,35.0,isd_lite,50,isd_lite,,,0,isd_lite,0.0,isd_lite,996.2,isd_lite,6,isd_lite,,
2020,6,27,3,33.6,isd_lite,58,isd_lite,,,0,isd_lite,0.0,isd_lite,998.5,isd_lite,,,,
2020,6,27,6,36.2,isd_lite,50,isd_lite,,,0,isd_lite,0.0,isd_lite,998.0,isd_lite,,,,
2020,6,27,9,36.6,isd_lite,51,isd_lite,,,0,isd_lite,0.0,isd_lite,996.3,isd_lite,5,isd_lite,,
2020,6,27,12,36.4,isd_lite,55,isd_lite,,,0,isd_lite,0.0,isd_lite,995.0,isd_lite,5,isd_lite,,
2020,6,28,3,34.8,isd_lite,60,isd_lite,,,0,isd_lite,0.0,isd_lite,997.1,isd_lite,,,,
2020,6,28,6,37.6,isd_lite,46,isd_lite,,,0,isd_lite,0.0,isd_lite,997.0,isd_lite,2,isd_lite,,
2020,6,28,9,38.6,isd_lite,50,isd_lite,,,180,isd_lite,3.6,isd_lite,995.6,isd_lite,4,isd_lite,,
2020,6,28,12,39.0,isd_lite,46,isd_lite,,,0,isd_lite,0.0,isd_lite,994.5,isd_lite,3,isd_lite,,
2020,6,29,3,32.4,isd_lite,49,isd_lite,,,0,isd_lite,0.0,isd_lite,999.3,isd_lite,,,,
2020,6,29,6,34.2,isd_lite,47,isd_lite,,,290,isd_lite,14.8,isd_lite,1002.0,isd_lite,8,isd_lite,,
2020,6,29,9,33.6,isd_lite,51,isd_lite,,,20,isd_lite,11.2,isd_lite,999.9,isd_lite,1,isd_lite,,
2020,6,29,12,35.6,isd_lite,52,isd_lite,,,0,isd_lite,0.0,isd_lite,997.2,isd_lite,,,,
2020,6,30,3,30.0,isd_lite,74,isd_lite,,,110,isd_lite,9.4,isd_lite,1002.5,isd_lite,4,isd_lite,,
2020,6,30,6,32.6,isd_lite,67,isd_lite,,,160,isd_lite,11.2,isd_lite,1002.2,isd_lite,6,isd_lite,,
2020,6,30,9,35.0,isd_lite,59,isd_lite,,,360,isd_lite,1.8,isd_lite,1000.1,isd_lite,5,isd_lite,,
2020,6,30,12,35.6,isd_lite,53,isd_lite,,,0,isd_lite,0.0,isd_lite,997.5,isd_lite,,,,
2020,7,1,3,32.6,isd_lite,72,isd_lite,,,0,isd_lite,0.0,isd_lite,1000.7,isd_lite,,,,
2020,7,1,6,34.8,isd_lite,59,isd_lite,,,0,isd_lite,0.0,isd_lite,1000.7,isd_lite,4,isd_lite,,
2020,7,1,9,37.0,isd_lite,51,isd_lite,,,0,isd_lite,0.0,isd_lite,998.6,isd_lite,4,isd_lite,,
2020,7,1,12,36.8,isd_lite,51,isd_lite,,,0,isd_lite,0.0,isd_lite,996.0,isd_lite,4,isd_lite,,
2020,7,2,3,33.6,isd_lite,70,isd_lite,,,0,isd_lite,0.0,isd_lite,998.2,isd_lite,2,isd_lite,,
2020,7,2,6,36.6,isd_lite,53,isd_lite,,,0,isd_lite,0.0,isd_lite,997.6,isd_lite,5,isd_lite,,
2020,7,2,9,38.8,isd_lite,44,isd_lite,,,320,isd_lite,7.6,isd_lite,995.3,isd_lite,4,isd_lite,,
2020,7,2,12,39.2,isd_lite,48,isd_lite,,,320,isd_lite,11.2,isd_lite,993.3,isd_lite,2,isd_lite,,
2020,7,3,3,33.8,isd_lite,72,isd_lite,,,0,isd_lite,0.0,isd_lite,996.7,isd_lite,,,,
2020,7,3,6,36.4,isd_lite,56,isd_lite,,,160,isd_lite,7.6,isd_lite,996.9,isd_lite,1,isd_lite,,
2020,7,3,9,40.4,isd_lite,39,isd_lite,,,200,isd_lite,3.6,isd_lite,994.7,isd_lite,3,isd_lite,,
2020,7,3,12,40.0,isd_lite,42,isd_lite,,,90,isd_lite,7.6,isd_lite,993.0,isd_lite,3,isd_lite,,
2020,7,4,3,30.4,isd_lite,63,isd_lite,,,90,isd_lite,14.8,isd_lite,997.4,isd_lite,,,,
2020,7,4,6,35.0,isd_lite,54,isd_lite,,,140,isd_lite,14.8,isd_lite,997.1,isd_lite,,,,
2020,7,4,9,36.0,isd_lite,56,isd_lite,,,110,isd_lite,11.2,isd_lite,994.9,isd_lite,,,,
2020,7,4,12,35.8,isd_lite,58,isd_lite,,,160,isd_lite,11.2,isd_lite,992.5,isd_lite,1,isd_lite,,
2020,7,5,3,24.8,isd_lite,86,isd_lite,,,0,isd_lite,0.0,isd_lite,1000.7,isd_lite,8,isd_lite,,
2020,7,5,6,28.8,isd_lite,74,isd_lite,,,50,isd_lite,3.6,isd_lite,999.1,isd_lite,3,isd_lite,,
2020,7,5,9,32.2,isd_lite,56,isd_lite,,,0,isd_lite,0.0,isd_lite,997.2,isd_lite,2,isd_lite,,
2020,7,5,12,33.6,isd_lite,49,isd_lite,,,0,isd_lite,0.0,isd_lite,995.0,isd_lite,3,isd_lite,,
2020,7,6,3,30.2,isd_lite,73,isd_lite,,,0,isd_lite,0.0,isd_lite,998.2,isd_lite,,,,
2020,7,6,6,32.8,isd_lite,61,isd_lite,,,0,isd_lite,0.0,isd_lite,999.0,isd_lite,3,isd_lite,,
2020,7,6,9,34.6,isd_lite,56,isd_lite,,,0,isd_lite,0.0,isd_lite,997.0,isd_lite,6,isd_lite,,
2020,7,6,12,34.2,isd_lite,54,isd_lite,,,0,isd_lite,0.0,isd_lite,994.9,isd_lite,,,,
2020,7,7,3,29.8,isd_lite,80,isd_lite,,,90,isd_lite,3.6,isd_lite,1000.5,isd_lite,1,isd_lite,,
2020,7,7,6,32.8,isd_lite,68,isd_lite,,,0,isd_lite,0.0,isd_lite,1000.6,isd_lite,3,isd_lite,,
2020,7,7,9,34.0,isd_lite,60,isd_lite,,,140,isd_lite,7.6,isd_lite,999.5,isd_lite,3,isd_lite,,
2020,7,7,12,34.6,isd_lite,58,isd_lite,,,140,isd_lite,3.6,isd_lite,998.2,isd_lite,5,isd_lite,,
2020,7,8,3,24.6,isd_lite,96,isd_lite,,,70,isd_lite,7.6,isd_lite,1003.8,isd_lite,8,isd_lite,,
2020,7,8,6,25.4,isd_lite,96,isd_lite,,,20,isd_lite,14.8,isd_lite,1003.7,isd_lite,8,isd_lite,,
2020,7,8,9,27.4,isd_lite,92,isd_lite,,,50,isd_lite,7.6,isd_lite,1002.0,isd_lite,7,isd_lite,,
2020,7,8,12,28.8,isd_lite,85,isd_lite,,,50,isd_lite,3.6,isd_lite,1000.1,isd_lite,6,isd_lite,,
2020,7,9,3,29.8,isd_lite,85,isd_lite,,,0,isd_lite,0.0,isd_lite,999.9,isd_lite,7,isd_lite,,
2020,7,9,6,26.6,isd_lite,94,isd_lite,,,0,isd_lite,0.0,isd_lite,999.4,isd_lite,8,isd_lite,,
2020,7,9,9,32.6,isd_lite,74,isd_lite,,,0,isd_lite,0.0,isd_lite,996.8,isd_lite,5,isd_lite,,
2020,7,9,12,34.0,isd_lite,61,isd_lite,,,0,isd_lite,0.0,isd_lite,994.9,isd_lite,1,isd_lite,,
2020,7,10,3,32.0,isd_lite,75,isd_lite,,,0,isd_lite,0.0,isd_lite,995.8,isd_lite,,,,
2020,7,10,6,34.2,isd_lite,64,isd_lite,,,0,isd_lite,0.0,isd_lite,995.9,isd_lite,5,isd_lite,,
2020,7,10,9,35.4,isd_lite,65,isd_lite,,,0,isd_lite,0.0,isd_lite,995.1,isd_lite,7,isd_lite,,
2020,7,10,12,35.4,isd_lite,60,isd_lite,,,230,isd_lite,3.6,isd_lite,992.8,isd_lite,7,isd_lite,,
2020,7,11,3,24.8,isd_lite,95,isd_lite,,,0,isd_lite,0.0,isd_lite,998.4,isd_lite,8,isd_lite,,
2020,7,11,6,27.8,isd_lite,78,isd_lite,,,0,isd_lite,0.0,isd_lite,997.5,isd_lite,2,isd_lite,,
2020,7,11,9,31.4,isd_lite,67,isd_lite,,,0,isd_lite,0.0,isd_lite,996.3,isd_lite,2,isd_lite,,
2020,7,11,12,32.8,isd_lite,68,isd_lite,,,0,isd_lite,0.0,isd_lite,994.5,isd_lite,,,,
2020,7,12,3,24.0,isd_lite,86,isd_lite,,,160,isd_lite,5.4,isd_lite,998.6,isd_lite,6,isd_lite,,
2020,7,12,6,28.8,isd_lite,64,isd_lite,,,140,isd_lite,7.6,isd_lite,999.3,isd_lite,3,isd_lite,,
2020,7,12,9,29.2,isd_lite,67,isd_lite,,,160,isd_lite,7.6,isd_lite,999.2,isd_lite,7,isd_lite,,
2020,7,12,12,26.6,isd_lite,84,isd_lite,,,0,isd_lite,0.0,isd_lite,997.8,isd_lite,7,isd_lite,,
2020,7,13,3,28.2,isd_lite,82,isd_lite,,,320,isd_lite,7.6,isd_lite,999.1,isd_lite,,,,
2020,7,13,6,31.0,isd_lite,69,isd_lite,,,0,isd_lite,0.0,isd_lite,998.8,isd_lite,3,isd_lite,,
2020,7,13,9,33.2,isd_lite,64,isd_lite,,,230,isd_lite,3.6,isd_lite,997.4,isd_lite,2,isd_lite,,
2020,7,14,3,31.2,isd_lite,75,isd_lite,,,0,isd_lite,0.0,isd_lite,999.6,isd_lite,2,isd_lite,,
2020,7,14,6,33.6,isd_lite,66,isd_lite,,,0,isd_lite,0.0,isd_lite,999.7,isd_lite,2,isd_lite,,
2020,7,14,9,35.0,isd_lite,62,isd_lite,,,200,isd_lite,3.6,isd_lite,998.4,isd_lite,5,isd_lite,,
2020,7,14,12,35.0,isd_lite,60,isd_lite,,,0,isd_lite,0.0,isd_lite,996.3,isd_lite,2,isd_lite,,
2020,7,15,3,26.4,isd_lite,84,isd_lite,,,0,isd_lite,0.0,isd_lite,1002.1,isd_lite,4,isd_lite,,
2020,7,15,6,30.6,isd_lite,72,isd_lite,,,110,isd_lite,1.8,isd_lite,1001.4,isd_lite,5,isd_lite,,
2020,7,15,9,32.2,isd_lite,70,isd_lite,,,90,isd_lite,9.4,isd_lite,999.2,isd_lite,4,isd_lite,,
2020,7,15,12,33.2,isd_lite,63,isd_lite,,,110,isd_lite,3.6,isd_lite,996.9,isd_lite,2,isd_lite,,
2020,7,16,3,30.6,isd_lite,76,isd_lite,,,110,isd_lite,9.4,isd_lite,999.9,isd_lite,2,isd_lite,,
2020,7,16,6,33.0,isd_lite,68,isd_lite,,,140,isd_lite,5.4,isd_lite,1000.7,isd_lite,5,isd_lite,,
2020,7,16,9,34.6,isd_lite,56,isd_lite,,,180,isd_lite,7.6,isd_lite,998.6,isd_lite,3,isd_lite,,
2020,7,16,12,34.6,isd_lite,56,isd_lite,,,140,isd_lite,3.6,isd_lite,996.3,isd_lite,1,isd_lite,,
2020,7,17,3,31.6,isd_lite,79,isd_lite,,,90,isd_lite,11.2,isd_lite,1000.7,isd_lite,3,isd_lite,,
2020,7,17,6,33.2,isd_lite,68,isd_lite,,,160,isd_lite,11.2,isd_lite,1000.6,isd_lite,4,isd_lite,,
2020,7,17,9,34.0,isd_lite,65,isd_lite,,,160,isd_lite,7.6,isd_lite,999.0,isd_lite,3,isd_lite,,
2020,7,17,12,31.8,isd_lite,84,isd_lite,,,140,isd_lite,3.6,isd_lite,997.9,isd_lite,6,isd_lite,,
2020,7,18,3,31.8,isd_lite,80,isd_lite,,,90,isd_lite,5.4,isd_lite,1001.1,isd_lite,,,,
2020,7,18,6,33.2,isd_lite,72,isd_lite,,,160,isd_lite,11.2,isd_lite,1001.5,isd_lite,4,isd_lite,,
2020,7,18,9,32.2,isd_lite,81,isd_lite,,,160,isd_lite,1.8,isd_lite,1000.4,isd_lite,7,isd_lite,,
2020,7,18,12,32.6,isd_lite,77,isd_lite,,,180,isd_lite,3.6,isd_lite,998.4,isd_lite,4,isd_lite,,
2020,7,19,3,29.0,isd_lite,90,isd_lite,,,50,isd_lite,7.6,isd_lite,1001.5,isd_lite,8,isd_lite,,
2020,7,19,6,29.4,isd_lite,90,isd_lite,,,160,isd_lite,7.6,isd_lite,999.9,isd_lite,8,isd_lite,,
2020,7,19,9,32.8,isd_lite,73,isd_lite,,,0,isd_lite,0.0,isd_lite,997.4,isd_lite,7,isd_lite,,
2020,7,19,12,32.8,isd_lite,70,isd_lite,,,320,isd_lite,7.6,isd_lite,995.5,isd_lite,2,isd_lite,,
2020,7,20,3,25.0,isd_lite,90,isd_lite,,,0,isd_lite,0.0,isd_lite,997.9,isd_lite,8,isd_lite,,
2020,7,20,6,27.2,isd_lite,83,isd_lite,,,0,isd_lite,0.0,isd_lite,998.4,isd_lite,6,isd_lite,,
2020,7,20,9,29.8,isd_lite,73,isd_lite,,,180,isd_lite,7.6,isd_lite,996.8,isd_lite,5,isd_lite,,
2020,7,20,12,32.4,isd_lite,64,isd_lite,,,180,isd_lite,3.6,isd_lite,994.4,isd_lite,,,,
2020,7,21,3,23.4,isd_lite,93,isd_lite,,,0,isd_lite,0.0,isd_lite,1002.2,isd_lite,8,isd_lite,,
2020,7,21,6,25.4,isd_lite,85,isd_lite,,,160,isd_lite,3.6,isd_lite,1003.1,isd_lite,7,isd_lite,,
2020,7,21,9,27.2,isd_lite,81,isd_lite,,,70,isd_lite,1.8,isd_lite,1001.9,isd_lite,7,isd_lite,,
2020,7,21,12,27.6,isd_lite,80,isd_lite,,,0,isd_lite,0.0,isd_lite,1000.3,isd_lite,7,isd_lite,,
2020,7,22,3,25.8,isd_lite,90,isd_lite,,,0,isd_lite,0.0,isd_lite,1002.8,isd_lite,8,isd_lite,,
2020,7,22,6,28.8,isd_lite,79,isd_lite,,,160,isd_lite,3.6,isd_lite,1002.6,isd_lite,6,isd_lite,,
2020,7,22,9,30.8,isd_lite,69,isd_lite,,,200,isd_lite,3.6,isd_lite,1001.0,isd_lite,5,isd_lite,,
2020,7,22,12,31.0,isd_lite,69,isd_lite,,,230,isd_lite,3.6,isd_lite,999.3,isd_lite,5,isd_lite,,
2020,7,23,3,29.2,isd_lite,82,isd_lite,,,320,isd_lite,5.4,isd_lite,1000.4,isd_lite,1,isd_lite,,
2020,7,23,6,31.8,isd_lite,66,isd_lite,,,0,isd_lite,0.0,isd_lite,1000.4,isd_lite,2,isd_lite,,
2020,7,23,9,33.0,isd_lite,64,isd_lite,,,230,isd_lite,3.6,isd_lite,1000.2,isd_lite,7,isd_lite,,
2020,7,23,12,33.4,isd_lite,57,isd_lite,,,270,isd_lite,3.6,isd_lite,997.7,isd_lite,2,isd_lite,,
2020,7,24,3,29.8,isd_lite,73,isd_lite,,,110,isd_lite,9.4,isd_lite,1004.1,isd_lite,,,,
2020,7,24,6,32.6,isd_lite,67,isd_lite,,,160,isd_lite,7.6,isd_lite,1004.4,isd_lite,4,isd_lite,,
2020,7,24,9,34.0,isd_lite,57,isd_lite,,,160,isd_lite,9.4,isd_lite,1003.0,isd_lite,4,isd_lite,,
2020,7,24,12,34.0,isd_lite,58,isd_lite,,,0,isd_lite,0.0,isd_lite,1001.7,isd_lite,4,isd_lite,,
2020,7,25,3,29.0,isd_lite,80,isd_lite,,,160,isd_lite,3.6,isd_lite,1006.7,isd_lite,6,isd_lite,,
2020,7,25,6,31.6,isd_lite,72,isd_lite,,,90,isd_lite,11.2,isd_lite,1007.1,isd_lite,6,isd_lite,,
2020,7,25,9,31.8,isd_lite,67,isd_lite,,,0,isd_lite,0.0,isd_lite,1005.8,isd_lite,6,isd_lite,,
2020,7,25,12,31.6,isd_lite,74,isd_lite,,,50,isd_lite,7.6,isd_lite,1003.3,isd_lite,2,isd_lite,,
2020,7,26,3,29.8,isd_lite,81,isd_lite,,,110,isd_lite,5.4,isd_lite,1006.9,isd_lite,5,isd_lite,,
2020,7,26,6,32.8,isd_lite,66,isd_lite,,,160,isd_lite,3.6,isd_lite,1006.5,isd_lite,4,isd_lite,,
2020,7,26,9,34.6,isd_lite,62,isd_lite,,,0,isd_lite,0.0,isd_lite,1003.8,isd_lite,3,isd_lite,,
2020,7,26,12,33.6,isd_lite,63,isd_lite,,,0,isd_lite,0.0,isd_lite,1001.9,isd_lite,3,isd_lite,,
2020,7,27,3,32.4,isd_lite,72,isd_lite,,,0,isd_lite,0.0,isd_lite,1003.3,isd_lite,2,isd_lite,,
2020,7,27,6,33.0,isd_lite,72,isd_lite,,,0,isd_lite,0.0,isd_lite,1002.7,isd_lite,7,isd_lite,,
2020,7,27,9,35.2,isd_lite,59,isd_lite,,,230,isd_lite,9.4,isd_lite,1000.1,isd_lite,4,isd_lite,,
2020,7,27,12,35.0,isd_lite,59,isd_lite,,,270,isd_lite,5.4,isd_lite,998.0,isd_lite,2,isd_lite,,
2020,7,28,3,31.4,isd_lite,74,isd_lite,,,0,isd_lite,0.0,isd_lite,1000.3,isd_lite,,,,
2020,7,28,6,35.0,isd_lite,59,isd_lite,,,250,isd_lite,5.4,isd_lite,999.8,isd_lite,4,isd_lite,,
2020,7,28,9,36.6,isd_lite,53,isd_lite,,,0,isd_lite,0.0,isd_lite,998.5,isd_lite,4,isd_lite,,
2020,7,28,12,35.6,isd_lite,60,isd_lite,,,230,isd_lite,9.4,isd_lite,996.7,isd_lite,2,isd_lite,,
2020,7,29,3,30.2,isd_lite,83,isd_lite,,,90,isd_lite,11.2,isd_lite,998.6,isd_lite,2,isd_lite,,
2020,7,29,6,30.4,isd_lite,74,isd_lite,,,90,isd_lite,14.8,isd_lite,1000.1,isd_lite,3,isd_lite,,
2020,7,29,9,32.8,isd_lite,67,isd_lite,,,90,isd_lite,9.4,isd_lite,999.5,isd_lite,6,isd_lite,,
2020,7,29,12,32.8,isd_lite,69,isd_lite,,,140,isd_lite,7.6,isd_lite,998.2,isd_lite,3,isd_lite,,
2020,7,30,3,26.0,isd_lite,95,isd_lite,,,110,isd_lite,5.4,isd_lite,1003.7,isd_lite,8,isd_lite,,
2020,7,30,6,27.4,isd_lite,87,isd_lite,,,160,isd_lite,9.4,isd_lite,1004.0,isd_lite,8,isd_lite,,
2020,7,30,9,30.0,isd_lite,78,isd_lite,,,70,isd_lite,11.2,isd_lite,1001.9,isd_lite,5,isd_lite,,
2020,7,30,12,30.4,isd_lite,74,isd_lite,,,0,isd_lite,0.0,isd_lite,1000.2,isd_lite,2,isd_lite,,
2020,7,31,3,28.4,isd_lite,89,isd_lite,,,90,isd_lite,1.8,isd_lite,1003.0,isd_lite,7,isd_lite,,
2020,7,31,6,31.2,isd_lite,74,isd_lite,,,180,isd_lite,9.4,isd_lite,1002.1,isd_lite,6,isd_lite,,
2020,7,31,9,33.4,isd_lite,68,isd_lite,,,180,isd_lite,1.8,isd_lite,999.9,isd_lite,7,isd_lite,,
2020,7,31,12,30.4,isd_lite,81,isd_lite,,,0,isd_lite,0.0,isd_lite,998.2,isd_lite,4,isd_lite,,
2020,8,1,3,28.8,isd_lite,82,isd_lite,,,0,isd_lite,0.0,isd_lite,1001.5,isd_lite,3,isd_lite,,
2020,8,1,6,25.4,isd_lite,96,isd_lite,,,0,isd_lite,0.0,isd_lite,1002.8,isd_lite,5,isd_lite,,
2020,8,1,9,29.6,isd_lite,78,isd_lite,,,0,isd_lite,0.0,isd_lite,1000.3,isd_lite,5,isd_lite,,
2020,8,1,12,31.4,isd_lite,76,isd_lite,,,0,isd_lite,0.0,isd_lite,998.3,isd_lite,5,isd_lite,,
2020,8,2,3,29.2,isd_lite,71,isd_lite,,,0,isd_lite,0.0,isd_lite,1000.7,isd_lite,7,isd_lite,,
2020,8,2,6,32.6,isd_lite,72,isd_lite,,,0,isd_lite,0.0,isd_lite,1000.6,isd_lite,6,isd_lite,,
2020,8,2,9,29.8,isd_lite,73,isd_lite,,,0,isd_lite,0.0,isd_lite,998.7,isd_lite,5,isd_lite,,
2020,8,2,12,33.6,isd_lite,68,isd_lite,,,0,isd_lite,0.0,isd_lite,995.7,isd_lite,6,isd_lite,,
2020,8,3,3,31.4,isd_lite,78,isd_lite,,,0,isd_lite,0.0,isd_lite,995.3,isd_lite,2,isd_lite,,
2020,8,3,6,34.0,isd_lite,74,isd_lite,,,180,isd_lite,3.6,isd_lite,995.3,isd_lite,2,isd_lite,,
2020,8,3,9,36.4,isd_lite,61,isd_lite,,,180,isd_lite,5.4,isd_lite,993.3,isd_lite,3,isd_lite,,
2020,8,3,12,35.4,isd_lite,68,isd_lite,,,0,isd_lite,0.0,isd_lite,991.0,isd_lite,1,isd_lite,,
2020,8,4,3,25.8,isd_lite,81,isd_lite,,,0,isd_lite,0.0,isd_lite,993.7,isd_lite,7,isd_lite,,
2020,8,4,6,28.8,isd_lite,79,isd_lite,,,140,isd_lite,7.6,isd_lite,994.5,isd_lite,4,isd_lite,,
2020,8,4,9,32.6,isd_lite,70,isd_lite,,,160,isd_lite,3.6,isd_lite,993.0,isd_lite,1,isd_lite,,
2020,8,4,12,34.0,isd_lite,72,isd_lite,,,0,isd_lite,0.0,isd_lite,990.7,isd_lite,4,isd_lite,,
2020,8,5,3,30.4,isd_lite,91,isd_lite,,,0,isd_lite,0.0,isd_lite,994.4,isd_lite,5,isd_lite,,
2020,8,5,6,33.4,isd_lite,73,isd_lite,,,90,isd_lite,3.6,isd_lite,995.5,isd_lite,4,isd_lite,,
2020,8,5,9,35.2,isd_lite,64,isd_lite,,,180,isd_lite,7.6,isd_lite,994.3,isd_lite,6,isd_lite,,
2020,8,5,12,26.8,isd_lite,94,isd_lite,,,320,isd_lite,5.4,isd_lite,995.9,isd_lite,6,isd_lite,,
2020,8,6,3,30.0,isd_lite,82,isd_lite,,,0,isd_lite,0.0,isd_lite,999.8,isd_lite,7,isd_lite,,
2020,8,6,6,34.0,isd_lite,72,isd_lite,,,70,isd_lite,7.6,isd_lite,999.9,isd_lite,7,isd_lite,,
2020,8,6,9,35.0,isd_lite,64,isd_lite,,,0,isd_lite,0.0,isd_lite,998.4,isd_lite,3,isd_lite,,
2020,8,6,12,35.0,isd_lite,62,isd_lite,,,0,isd_lite,0.0,isd_lite,996.8,isd_lite,3,isd_lite,,
2020,8,7,3,29.4,isd_lite,80,isd_lite,,,90,isd_lite,7.6,isd_lite,1002.6,isd_lite,7,isd_lite,,
2020,8,7,6,32.4,isd_lite,69,isd_lite,,,140,isd_lite,14.8,isd_lite,1002.4,isd_lite,5,isd_lite,,
2020,8,7,9,34.0,isd_lite,64,isd_lite,,,160,isd_lite,5.4,isd_lite,999.8,isd_lite,3,isd_lite,,
2020,8,7,12,34.0,isd_lite,66,isd_lite,,,160,isd_lite,7.6,isd_lite,998.5,isd_lite,4,isd_lite,,
2020,8,8,3,31.8,isd_lite,75,isd_lite,,,0,isd_lite,0.0,isd_lite,999.9,isd_lite,3,isd_lite,,
2020,8,8,6,27.0,isd_lite,96,isd_lite,,,200,isd_lite,5.4,isd_lite,1000.0,isd_lite,6,isd_lite,,
2020,8,8,9,33.2,isd_lite,73,isd_lite,,,20,isd_lite,7.6,isd_lite,996.8,isd_lite,5,isd_lite,,
2020,8,8,12,32.8,isd_lite,76,isd_lite,,,0,isd_lite,0.0,isd_lite,995.6,isd_lite,5,isd_lite,,
2020,8,9,3,31.0,isd_lite,86,isd_lite,,,0,isd_lite,0.0,isd_lite,997.5,isd_lite,5,isd_lite,,
2020,8,9,6,32.4,isd_lite,83,isd_lite,,,70,isd_lite,9.4,isd_lite,998.0,isd_lite,5,isd_lite,,
2020,8,9,9,29.8,isd_lite,84,isd_lite,,,0,isd_lite,0.0,isd_lite,997.2,isd_lite,7,isd_lite,,
2020,8,9,12,32.4,isd_lite,82,isd_lite,,,0,isd_lite,0.0,isd_lite,995.1,isd_lite,5,isd_lite,,
2020,8,10,3,29.2,isd_lite,90,isd_lite,,,160,isd_lite,9.4,isd_lite,999.4,isd_lite,7,isd_lite,,
2020,8,10,6,32.0,isd_lite,79,isd_lite,,,160,isd_lite,3.6,isd_lite,999.8,isd_lite,7,isd_lite,,
2020,8,10,9,28.2,isd_lite,95,isd_lite,,,180,isd_lite,7.6,isd_lite,998.7,isd_lite,7,isd_lite,,
2020,8,10,12,30.6,isd_lite,86,isd_lite,,,70,isd_lite,1.8,isd_lite,997.2,isd_lite,7,isd_lite,,
2020,8,11,3,29.0,isd_lite,86,isd_lite,,,0,isd_lite,0.0,isd_lite,999.4,isd_lite,3,isd_lite,,
2020,8,11,6,32.4,isd_lite,74,isd_lite,,,180,isd_lite,3.6,isd_lite,999.2,isd_lite,3,isd_lite,,
2020,8,11,9,33.4,isd_lite,73,isd_lite,,,0,isd_lite,0.0,isd_lite,996.7,isd_lite,7,isd_lite,,
2020,8,11,12,33.0,isd_lite,79,isd_lite,,,0,isd_lite,0.0,isd_lite,995.1,isd_lite,3,isd_lite,,
2020,8,12,3,27.8,isd_lite,81,isd_lite,,,160,isd_lite,7.6,isd_lite,997.6,isd_lite,5,isd_lite,,
2020,8,12,6,32.8,isd_lite,78,isd_lite,,,0,isd_lite,0.0,isd_lite,997.1,isd_lite,5,isd_lite,,
2020,8,12,9,28.2,isd_lite,87,isd_lite,,,270,isd_lite,11.2,isd_lite,996.8,isd_lite,7,isd_lite,,
2020,8,12,12,28.4,isd_lite,89,isd_lite,,,0,isd_lite,0.0,isd_lite,995.3,isd_lite,3,isd_lite,,
2020,8,13,3,26.8,isd_lite,94,isd_lite,,,0,isd_lite,0.0,isd_lite,996.9,isd_lite,7,isd_lite,,
2020,8,13,6,28.8,isd_lite,88,isd_lite,,,90,isd_lite,5.4,isd_lite,997.5,isd_lite,5,isd_lite,,
2020,8,13,9,30.6,isd_lite,81,isd_lite,,,140,isd_lite,7.6,isd_lite,997.0,isd_lite,8,isd_lite,,
2020,8,13,12,29.4,isd_lite,82,isd_lite,,,140,isd_lite,7.6,isd_lite,995.6,isd_lite,8,isd_lite,,
2020,8,14,3,29.8,isd_lite,80,isd_lite,,,70,isd_lite,3.6,isd_lite,998.6,isd_lite,4,isd_lite,,
2020,8,14,6,31.8,isd_lite,74,isd_lite,,,90,isd_lite,11.2,isd_lite,997.8,isd_lite,5,isd_lite,,
2020,8,14,9,32.8,isd_lite,68,isd_lite,,,140,isd_lite,9.4,isd_lite,996.4,isd_lite,4,isd_lite,,
2020,8,14,12,32.6,isd_lite,68,isd_lite,,,140,isd_lite,5.4,isd_lite,995.0,isd_lite,4,isd_lite,,
2020,8,15,3,30.4,isd_lite,81,isd_lite,,,70,isd_lite,5.4,isd_lite,997.0,isd_lite,2,isd_lite,,
2020,8,15,6,32.4,isd_lite,72,isd_lite,,,160,isd_lite,7.6,isd_lite,997.5,isd_lite,4,isd_lite,,
2020,8,15,9,33.8,isd_lite,64,isd_lite,,,180,isd_lite,5.4,isd_lite,995.9,isd_lite,5,isd_lite,,
2020,8,15,12,33.8,isd_lite,70,isd_lite,,,0,isd_lite,0.0,isd_lite,994.7,isd_lite,2,isd_lite,,
2020,8,16,3,27.8,isd_lite,92,isd_lite,,,110,isd_lite,5.4,isd_lite,998.8,isd_lite,7,isd_lite,,
2020,8,16,6,32.4,isd_lite,76,isd_lite,,,160,isd_lite,7.6,isd_lite,997.9,isd_lite,6,isd_lite,,
2020,8,16,9,32.8,isd_lite,76,isd_lite,,,160,isd_lite,3.6,isd_lite,996.6,isd_lite,6,isd_lite,,
2020,8,16,12,32.6,isd_lite,74,isd_lite,,,160,isd_lite,3.6,isd_lite,995.7,isd_lite,3,isd_lite,,
2020,8,17,3,30.0,isd_lite,90,isd_lite,,,110,isd_lite,3.6,isd_lite,997.9,isd_lite,4,isd_lite,,
2020,8,17,6,32.2,isd_lite,76,isd_lite,,,0,isd_lite,0.0,isd_lite,998.2,isd_lite,7,isd_lite,,
2020,8,17,9,33.2,isd_lite,76,isd_lite,,,160,isd_lite,7.6,isd_lite,997.0,isd_lite,5,isd_lite,,
2020,8,17,12,31.6,isd_lite,80,isd_lite,,,0,isd_lite,0.0,isd_lite,996.2,isd_lite,8,isd_lite,,
2020,8,18,3,29.6,isd_lite,86,isd_lite,,,0,isd_lite,0.0,isd_lite,999.8,isd_lite,8,isd_lite,,
2020,8,18,6,33.2,isd_lite,77,isd_lite,,,0,isd_lite,0.0,isd_lite,998.5,isd_lite,3,isd_lite,,
2020,8,18,9,34.6,isd_lite,69,isd_lite,,,0,isd_lite,0.0,isd_lite,996.2,isd_lite,6,isd_lite,,
2020,8,18,12,30.6,isd_lite,80,isd_lite,,,0,isd_lite,0.0,isd_lite,995.4,isd_lite,7,isd_lite,,
2020,8,19,3,28.6,isd_lite,92,isd_lite,,,140,isd_lite,3.6,isd_lite,997.5,isd_lite,4,isd_lite,,
2020,8,19,6,32.0,isd_lite,80,isd_lite,,,320,isd_lite,20.5,isd_lite,997.9,isd_lite,8,isd_lite,,
2020,8,19,9,25.6,isd_lite,93,isd_lite,,,180,isd_lite,7.6,isd_lite,997.0,isd_lite,8,isd_lite,,
2020,8,19,12,26.2,isd_lite,87,isd_lite,,,90,isd_lite,7.6,isd_lite,997.1,isd_lite,6,isd_lite,,
2020,8,20,3,26.4,isd_lite,89,isd_lite,,,140,isd_lite,3.6,isd_lite,1001.7,isd_lite,7,isd_lite,,
2020,8,20,6,28.8,isd_lite,80,isd_lite,,,180,isd_lite,3.6,isd_lite,1002.7,isd_lite,6,isd_lite,,
2020,8,20,9,31.4,isd_lite,72,isd_lite,,,180,isd_lite,1.8,isd_lite,1000.6,isd_lite,7,isd_lite,,
2020,8,20,12,27.6,isd_lite,81,isd_lite,,,110,isd_lite,7.6,isd_lite,1000.8,isd_lite,7,isd_lite,,
2020,8,21,3,25.8,isd_lite,93,isd_lite,,,70,isd_lite,9.4,isd_lite,1005.0,isd_lite,7,isd_lite,,
2020,8,21,6,25.6,isd_lite,93,isd_lite,,,110,isd_lite,9.4,isd_lite,1006.2,isd_lite,7,isd_lite,,
2020,8,21,9,26.0,isd_lite,94,isd_lite,,,90,isd_lite,11.2,isd_lite,1004.8,isd_lite,6,isd_lite,,
2020,8,21,12,27.4,isd_lite,86,isd_lite,,,50,isd_lite,7.6,isd_lite,1002.4,isd_lite,4,isd_lite,,
2020,8,22,3,27.6,isd_lite,87,isd_lite,,,0,isd_lite,0.0,isd_lite,1004.0,isd_lite,3,isd_lite,,
2020,8,22,6,32.8,isd_lite,64,isd_lite,,,140,isd_lite,3.6,isd_lite,1003.4,isd_lite,3,isd_lite,,
2020,8,22,9,31.4,isd_lite,78,isd_lite,,,180,isd_lite,5.4,isd_lite,1001.8,isd_lite,6,isd_lite,,
2020,8,22,12,31.2,isd_lite,78,isd_lite,,,0,isd_lite,0.0,isd_lite,999.5,isd_lite,4,isd_lite,,
2020,8,23,3,27.2,isd_lite,89,isd_lite,,,0,isd_lite,0.0,isd_lite,1003.1,isd_lite,3,isd_lite,,
2020,8,23,6,32.0,isd_lite,69,isd_lite,,,180,isd_lite,3.6,isd_lite,1002.4,isd_lite,4,isd_lite,,
2020,8,23,9,33.6,isd_lite,64,isd_lite,,,180,isd_lite,5.4,isd_lite,1000.4,isd_lite,6,isd_lite,,
2020,8,23,12,32.6,isd_lite,69,isd_lite,,,160,isd_lite,3.6,isd_lite,998.8,isd_lite,2,isd_lite,,
2020,8,24,3,29.8,isd_lite,78,isd_lite,,,90,isd_lite,9.4,isd_lite,1001.5,isd_lite,1,isd_lite,,
2020,8,24,6,31.8,isd_lite,67,isd_lite,,,160,isd_lite,11.2,isd_lite,1001.4,isd_lite,5,isd_lite,,
2020,8,24,9,32.2,isd_lite,69,isd_lite,,,140,isd_lite,7.6,isd_lite,1000.4,isd_lite,5,isd_lite,,
2020,8,24,12,32.2,isd_lite,70,isd_lite,,,140,isd_lite,3.6,isd_lite,999.3,isd_lite,3,isd_lite,,
2020,8,25,3,28.4,isd_lite,86,isd_lite,,,140,isd_lite,7.6,isd_lite,1003.1,isd_lite,4,isd_lite,,
2020,8,25,6,31.8,isd_lite,72,isd_lite,,,180,isd_lite,7.6,isd_lite,1003.1,isd_lite,4,isd_lite,,
2020,8,25,9,33.8,isd_lite,64,isd_lite,,,160,isd_lite,11.2,isd_lite,1001.7,isd_lite,6,isd_lite,,
2020,8,25,12,32.4,isd_lite,67,isd_lite,,,160,isd_lite,1.8,isd_lite,1000.9,isd_lite,6,isd_lite,,
2020,8,26,3,28.6,isd_lite,88,isd_lite,,,140,isd_lite,11.2,isd_lite,1003.8,isd_lite,6,isd_lite,,
2020,8,26,6,31.8,isd_lite,72,isd_lite,,,180,isd_lite,7.6,isd_lite,1003.8,isd_lite,5,isd_lite,,
2020,8,26,9,33.0,isd_lite,67,isd_lite,,,180,isd_lite,11.2,isd_lite,1002.2,isd_lite,3,isd_lite,,
2020,8,26,12,32.6,isd_lite,70,isd_lite,,,180,isd_lite,3.6,isd_lite,1000.7,isd_lite,4,isd_lite,,
2020,8,27,3,29.6,isd_lite,78,isd_lite,,,180,isd_lite,7.6,isd_lite,1004.2,isd_lite,4,isd_lite,,
2020,8,27,6,32.6,isd_lite,64,isd_lite,,,200,isd_lite,3.6,isd_lite,1004.0,isd_lite,6,isd_lite,,
2020,8,27,9,31.6,isd_lite,75,isd_lite,,,90,isd_lite,1.8,isd_lite,1002.1,isd_lite,7,isd_lite,,
2020,8,27,12,31.8,isd_lite,76,isd_lite,,,20,isd_lite,3.6,isd_lite,1000.1,isd_lite,4,isd_lite,,
2020,8,28,3,26.0,isd_lite,95,isd_lite,,,340,isd_lite,11.2,isd_lite,1002.6,isd_lite,8,isd_lite,,
2020,8,28,6,28.6,isd_lite,83,isd_lite,,,0,isd_lite,0.0,isd_lite,1002.8,isd_lite,7,isd_lite,,
2020,8,28,9,30.6,isd_lite,78,isd_lite,,,90,isd_lite,3.6,isd_lite,1001.0,isd_lite,5,isd_lite,,
2020,8,28,12,29.8,isd_lite,80,isd_lite,,,50,isd_lite,3.6,isd_lite,999.9,isd_lite,6,isd_lite,,
2020,8,29,3,27.4,isd_lite,92,isd_lite,,,0,isd_lite,0.0,isd_lite,1002.4,isd_lite,8,isd_lite,,
2020,8,29,6,30.6,isd_lite,77,isd_lite,,,90,isd_lite,3.6,isd_lite,1002.5,isd_lite,5,isd_lite,,
2020,8,29,9,32.0,isd_lite,67,isd_lite,,,0,isd_lite,0.0,isd_lite,1000.5,isd_lite,6,isd_lite,,
2020,8,29,12,31.8,isd_lite,74,isd_lite,,,0,isd_lite,0.0,isd_lite,999.3,isd_lite,3,isd_lite,,
2020,8,30,3,30.0,isd_lite,82,isd_lite,,,90,isd_lite,7.6,isd_lite,1002.0,isd_lite,3,isd_lite,,
2020,8,30,6,31.0,isd_lite,71,isd_lite,,,90,isd_lite,5.4,isd_lite,1002.5,isd_lite,6,isd_lite,,
2020,8,30,9,31.6,isd_lite,66,isd_lite,,,160,isd_lite,3.6,isd_lite,1001.2,isd_lite,7,isd_lite,,
2020,8,30,12,31.2,isd_lite,75,isd_lite,,,90,isd_lite,7.6,isd_lite,999.9,isd_lite,5,isd_lite,,
2020,8,31,3,29.4,isd_lite,74,isd_lite,,,90,isd_lite,9.4,isd_lite,1002.8,isd_lite,2,isd_lite,,
2020,8,31,6,31.4,isd_lite,66,isd_lite,,,140,isd_lite,11.2,isd_lite,1003.5,isd_lite,4,isd_lite,,
2020,8,31,9,31.6,isd_lite,60,isd_lite,,,160,isd_lite,18.4,isd_lite,1002.2,isd_lite,3,isd_lite,,
2020,8,31,12,31.4,isd_lite,62,isd_lite,,,140,isd_lite,7.6,isd_lite,1000.2,isd_lite,2,isd_lite,,
2020,9,1,3,28.0,isd_lite,80,isd_lite,,,140,isd_lite,7.6,isd_lite,1004.6,isd_lite,3,isd_lite,,
2020,9,1,6,30.6,isd_lite,68,isd_lite,,,180,isd_lite,7.6,isd_lite,1005.5,isd_lite,3,isd_lite,,
2020,9,1,9,32.2,isd_lite,65,isd_lite,,,160,isd_lite,11.2,isd_lite,1003.6,isd_lite,4,isd_lite,,
2020,9,1,12,31.4,isd_lite,66,isd_lite,,,140,isd_lite,3.6,isd_lite,1002.7,isd_lite,2,isd_lite,,
2020,9,2,3,29.8,isd_lite,81,isd_lite,,,90,isd_lite,7.6,isd_lite,1006.6,isd_lite,,,,
2020,9,2,6,32.6,isd_lite,63,isd_lite,,,140,isd_lite,3.6,isd_lite,1007.1,isd_lite,4,isd_lite,,
2020,9,2,9,33.6,isd_lite,62,isd_lite,,,180,isd_lite,3.6,isd_lite,1005.9,isd_lite,4,isd_lite,,
2020,9,2,12,32.8,isd_lite,63,isd_lite,,,140,isd_lite,3.6,isd_lite,1004.5,isd_lite,3,isd_lite,,
2020,9,3,3,30.4,isd_lite,80,isd_lite,,,90,isd_lite,7.6,isd_lite,1007.9,isd_lite,6,isd_lite,,
2020,9,3,6,32.8,isd_lite,67,isd_lite,,,140,isd_lite,7.6,isd_lite,1008.1,isd_lite,6,isd_lite,,
2020,9,3,9,32.2,isd_lite,72,isd_lite,,,110,isd_lite,7.6,isd_lite,1006.4,isd_lite,5,isd_lite,,
2020,9,3,12,25.6,isd_lite,95,isd_lite,,,0,isd_lite,0.0,isd_lite,1007.1,isd_lite,7,isd_lite,,
2020,9,4,3,28.8,isd_lite,85,isd_lite,,,160,isd_lite,5.4,isd_lite,1007.8,isd_lite,4,isd_lite,,
2020,9,4,6,31.4,isd_lite,71,isd_lite,,,0,isd_lite,0.0,isd_lite,1008.2,isd_lite,4,isd_lite,,
2020,9,4,9,32.6,isd_lite,64,isd_lite,,,50,isd_lite,3.6,isd_lite,1005.9,isd_lite,6,isd_lite,,
2020,9,4,12,29.6,isd_lite,85,isd_lite,,,320,isd_lite,11.2,isd_lite,1004.4,isd_lite,6,isd_lite,,
2020,9,5,3,28.6,isd_lite,85,isd_lite,,,0,isd_lite,0.0,isd_lite,1004.9,isd_lite,,,,
2020,9,5,6,33.4,isd_lite,59,isd_lite,,,0,isd_lite,0.0,isd_lite,1005.1,isd_lite,4,isd_lite,,
2020,9,5,9,31.0,isd_lite,71,isd_lite,,,0,isd_lite,0.0,isd_lite,1003.0,isd_lite,7,isd_lite,,
2020,9,5,12,29.8,isd_lite,78,isd_lite,,,0,isd_lite,0.0,isd_lite,1001.9,isd_lite,8,isd_lite,,
2020,9,6,3,27.5,isd_lite,81,isd_lite,,,360,isd_lite,0.0,isd_lite,1004.1,isd_lite,6,isd_lite,,
2020,9,6,6,31.2,isd_lite,75,isd_lite,,,0,isd_lite,0.0,isd_lite,1004.0,isd_lite,6,isd_lite,,
2020,9,6,9,30.6,isd_lite,73,isd_lite,,,0,isd_lite,0.0,isd_lite,1002.3,isd_lite,6,isd_lite,,
2020,9,6,12,33.2,isd_lite,63,isd_lite,,,0,isd_lite,0.0,isd_lite,1000.9,isd_lite,3,isd_lite,,
2020,9,7,3,28.8,isd_lite,83,isd_lite,,,0,isd_lite,0.0,isd_lite,1004.3,isd_lite,,,,
2020,9,7,6,33.2,isd_lite,64,isd_lite,,,0,isd_lite,0.0,isd_lite,1005.2,isd_lite,3,isd_lite,,
2020,9,7,9,33.6,isd_lite,62,isd_lite,,,320,isd_lite,11.2,isd_lite,1003.7,isd_lite,3,isd_lite,,
2020,9,7,12,32.0,isd_lite,69,isd_lite,,,270,isd_lite,3.6,isd_lite,1001.5,isd_lite,2,isd_lite,,
2020,9,8,3,28.6,isd_lite,85,isd_lite,,,0,isd_lite,0.0,isd_lite,1005.5,isd_lite,,,,
2020,9,8,6,32.4,isd_lite,66,isd_lite,,,0,isd_lite,0.0,isd_lite,1006.0,isd_lite,4,isd_lite,,
2020,9,8,9,34.0,isd_lite,61,isd_lite,,,90,isd_lite,18.4,isd_lite,1003.9,isd_lite,2,isd_lite,,
2020,9,8,12,32.0,isd_lite,69,isd_lite,,,320,isd_lite,3.6,isd_lite,1002.2,isd_lite,2,isd_lite,,
2020,9,9,3,29.8,isd_lite,84,isd_lite,,,0,isd_lite,0.0,isd_lite,1005.8,isd_lite,,,,
2020,9,9,6,33.2,isd_lite,62,isd_lite,,,20,isd_lite,11.2,isd_lite,1005.6,isd_lite,3,isd_lite,,
2020,9,9,9,33.8,isd_lite,60,isd_lite,,,340,isd_lite,11.2,isd_lite,1003.4,isd_lite,3,isd_lite,,
2020,9,9,12,32.8,isd_lite,68,isd_lite,,,340,isd_lite,5.4,isd_lite,1001.5,isd_lite,3,isd_lite,,
2020,9,10,3,30.4,isd_lite,76,isd_lite,,,0,isd_lite,0.0,isd_lite,1002.9,isd_lite,,,,
2020,9,10,6,34.0,isd_lite,63,isd_lite,,,360,isd_lite,7.6,isd_lite,1002.2,isd_lite,3,isd_lite,,
2020,9,10,9,33.8,isd_lite,60,isd_lite,,,320,isd_lite,7.6,isd_lite,1000.4,isd_lite,3,isd_lite,,
2020,9,10,12,33.0,isd_lite,64,isd_lite,,,320,isd_lite,3.6,isd_lite,998.6,isd_lite,3,isd_lite,,
2020,9,11,3,30.0,isd_lite,82,isd_lite,,,0,isd_lite,0.0,isd_lite,1002.1,isd_lite,,,,
2020,9,11,6,33.2,isd_lite,64,isd_lite,,,0,isd_lite,0.0,isd_lite,1002.3,isd_lite,4,isd_lite,,
2020,9,11,9,34.0,isd_lite,56,isd_lite,,,0,isd_lite,0.0,isd_lite,1001.7,isd_lite,5,isd_lite,,
2020,9,12,3,30.0,isd_lite,80,isd_lite,,,0,isd_lite,0.0,isd_lite,1006.4,isd_lite,,,,
2020,9,12,6,34.4,isd_lite,56,isd_lite,,,20,isd_lite,9.4,isd_lite,1005.9,isd_lite,2,isd_lite,,
2020,9,12,9,34.4,isd_lite,56,isd_lite,,,0,isd_lite,0.0,isd_lite,1004.2,isd_lite,4,isd_lite,,
2020,9,12,12,33.8,isd_lite,56,isd_lite,,,290,isd_lite,3.6,isd_lite,1002.7,isd_lite,2,isd_lite,,
2020,9,13,3,29.8,isd_lite,82,isd_lite,,,0,isd_lite,0.0,isd_lite,1005.8,isd_lite,,,,
2020,9,13,6,34.0,isd_lite,63,isd_lite,,,0,isd_lite,0.0,isd_lite,1006.0,isd_lite,3,isd_lite,,
2020,9,13,9,34.2,isd_lite,58,isd_lite,,,0,isd_lite,0.0,isd_lite,1004.1,isd_lite,3,isd_lite,,
2020,9,13,12,33.2,isd_lite,61,isd_lite,,,320,isd_lite,7.6,isd_lite,1002.7,isd_lite,,,,
2020,9,14,3,30.4,isd_lite,77,isd_lite,,,0,isd_lite,0.0,isd_lite,1005.4,isd_lite,,,,
2020,9,14,9,35.2,isd_lite,50,isd_lite,,,270,isd_lite,3.6,isd_lite,1002.4,isd_lite,5,isd_lite,,
2020,9,14,12,33.8,isd_lite,58,isd_lite,,,0,isd_lite,0.0,isd_lite,1001.1,isd_lite,5,isd_lite,,
2020,9,15,3,30.2,isd_lite,80,isd_lite,,,0,isd_lite,0.0,isd_lite,1004.1,isd_lite,,,,
2020,9,15,6,33.4,isd_lite,62,isd_lite,,,0,isd_lite,0.0,isd_lite,1004.3,isd_lite,4,isd_lite,,
2020,9,15,9,35.0,isd_lite,59,isd_lite,,,0,isd_lite,0.0,isd_lite,1002.1,isd_lite,4,isd_lite,,
2020,9,15,12,34.2,isd_lite,58,isd_lite,,,270,isd_lite,3.6,isd_lite,1000.4,isd_lite,5,isd_lite,,
2020,9,16,3,31.6,isd_lite,75,isd_lite,,,0,isd_lite,0.0,isd_lite,1003.2,isd_lite,3,isd_lite,,
2020,9,16,6,35.4,isd_lite,57,isd_lite,,,0,isd_lite,0.0,isd_lite,1003.1,isd_lite,3,isd_lite,,
2020,9,16,9,35.6,isd_lite,58,isd_lite,,,230,isd_lite,7.6,isd_lite,1001.6,isd_lite,3,isd_lite,,
2020,9,16,12,34.6,isd_lite,51,isd_lite,,,270,isd_lite,3.6,isd_lite,1000.6,isd_lite,3,isd_lite,,
2020,9,17,3,30.6,isd_lite,72,isd_lite,,,0,isd_lite,0.0,isd_lite,1003.0,isd_lite,,,,
2020,9,17,6,35.2,isd_lite,44,isd_lite,,,0,isd_lite,0.0,isd_lite,1002.8,isd_lite,,,,
2020,9,17,9,35.8,isd_lite,52,isd_lite,,,270,isd_lite,3.6,isd_lite,1000.9,isd_lite,3,isd_lite,,
2020,9,17,12,34.2,isd_lite,60,isd_lite,,,270,isd_lite,3.6,isd_lite,999.9,isd_lite,3,isd_lite,,
2020,9,18,3,30.6,isd_lite,73,isd_lite,,,0,isd_lite,0.0,isd_lite,1001.7,isd_lite,,,,
2020,9,18,6,35.0,isd_lite,52,isd_lite,,,230,isd_lite,1.8,isd_lite,1002.1,isd_lite,2,isd_lite,,
2020,9,18,9,36.8,isd_lite,33,isd_lite,,,0,isd_lite,0.0,isd_lite,1000.5,isd_lite,,,,
2020,9,18,12,34.6,isd_lite,48,isd_lite,,,270,isd_lite,1.8,isd_lite,999.4,isd_lite,3,isd_lite,,
2020,9,19,3,30.4,isd_lite,83,isd_lite,,,0,isd_lite,0.0,isd_lite,1002.7,isd_lite,,,,
2020,9,19,6,33.8,isd_lite,62,isd_lite,,,0,isd_lite,0.0,isd_lite,1003.4,isd_lite,5,isd_lite,,
2020,9,19,12,33.6,isd_lite,62,isd_lite,,,320,isd_lite,3.6,isd_lite,999.1,isd_lite,3,isd_lite,,
2020,9,20,3,30.0,isd_lite,74,isd_lite,,,0,isd_lite,0.0,isd_lite,1003.5,isd_lite,,,,
2020,9,20,6,34.2,isd_lite,55,isd_lite,,,320,isd_lite,7.6,isd_lite,1002.0,isd_lite,1,isd_lite,,
2020,9,20,9,35.6,isd_lite,49,isd_lite,,,320,isd_lite,11.2,isd_lite,999.8,isd_lite,2,isd_lite,,
2020,9,20,12,34.0,isd_lite,56,isd_lite,,,270,isd_lite,3.6,isd_lite,998.6,isd_lite,3,isd_lite,,
2020,9,21,3,30.0,isd_lite,76,isd_lite,,,0,isd_lite,0.0,isd_lite,1001.7,isd_lite,,,,
2020,9,21,6,34.8,isd_lite,48,isd_lite,,,360,isd_lite,5.4,isd_lite,1001.3,isd_lite,2,isd_lite,,
2020,9,21,12,33.4,isd_lite,50,isd_lite,,,320,isd_lite,7.6,isd_lite,997.7,isd_lite,,,,
2020,9,22,3,29.8,isd_lite,72,isd_lite,,,0,isd_lite,0.0,isd_lite,1002.4,isd_lite,,,,
2020,9,22,6,33.0,isd_lite,67,isd_lite,,,160,isd_lite,5.4,isd_lite,1002.3,isd_lite,1,isd_lite,,
2020,9,22,9,34.0,isd_lite,67,isd_lite,,,140,isd_lite,3.6,isd_lite,999.7,isd_lite,2,isd_lite,,
2020,9,22,12,32.8,isd_lite,67,isd_lite,,,0,isd_lite,0.0,isd_lite,998.0,isd_lite,,,,
2020,9,23,3,29.4,isd_lite,68,isd_lite,,,0,isd_lite,0.0,isd_lite,1001.9,isd_lite,,,,
2020,9,23,6,32.6,isd_lite,63,isd_lite,,,70,isd_lite,7.6,isd_lite,1001.5,isd_lite,3,isd_lite,,
2020,9,23,9,35.0,isd_lite,58,isd_lite,,,180,isd_lite,7.6,isd_lite,999.1,isd_lite,3,isd_lite,,
2020,9,23,12,32.8,isd_lite,67,isd_lite,,,360,isd_lite,3.6,isd_lite,997.8,isd_lite,3,isd_lite,,
2020,9,24,3,28.6,isd_lite,85,isd_lite,,,160,isd_lite,5.4,isd_lite,1003.8,isd_lite,,,,
2020,9,24,6,32.6,isd_lite,70,isd_lite,,,180,isd_lite,3.6,isd_lite,1003.7,isd_lite,5,isd_lite,,
2020,9,24,9,34.2,isd_lite,55,isd_lite,,,270,isd_lite,3.6,isd_lite,1001.4,isd_lite,5,isd_lite,,
2020,9,24,12,33.2,isd_lite,63,isd_lite,,,230,isd_lite,1.8,isd_lite,1000.6,isd_lite,5,isd_lite,,
2020,9,25,3,28.8,isd_lite,82,isd_lite,,,0,isd_lite,0.0,isd_lite,1003.0,isd_lite,,,,
2020,9,25,6,34.0,isd_lite,58,isd_lite,,,0,isd_lite,0.0,isd_lite,1002.8,isd_lite,2,isd_lite,,
2020,9,25,9,35.0,isd_lite,48,isd_lite,,,270,isd_lite,3.6,isd_lite,1000.9,isd_lite,3,isd_lite,,
2020,9,25,12,33.6,isd_lite,46,isd_lite,,,270,isd_lite,3.6,isd_lite,999.7,isd_lite,,,,
2020,9,26,3,27.2,isd_lite,67,isd_lite,,,0,isd_lite,0.0,isd_lite,1002.1,isd_lite,7,isd_lite,,
2020,9,26,6,32.6,isd_lite,52,isd_lite,,,0,isd_lite,0.0,isd_lite,1002.9,isd_lite,5,isd_lite,,
2020,9,26,9,34.4,isd_lite,46,isd_lite,,,230,isd_lite,3.6,isd_lite,1001.6,isd_lite,2,isd_lite,,
2020,9,26,12,32.8,isd_lite,51,isd_lite,,,50,isd_lite,3.6,isd_lite,1000.8,isd_lite,,,,
2020,9,27,3,27.0,isd_lite,76,isd_lite,,,0,isd_lite,0.0,isd_lite,1006.1,isd_lite,,,,
2020,9,27,6,32.6,isd_lite,57,isd_lite,,,0,isd_lite,0.0,isd_lite,1006.1,isd_lite,,,,
2020,9,27,9,34.4,isd_lite,49,isd_lite,,,0,isd_lite,0.0,isd_lite,1004.1,isd_lite,2,isd_lite,,
2020,9,27,12,33.4,isd_lite,48,isd_lite,,,0,isd_lite,0.0,isd_lite,1003.2,isd_lite,,,,
2020,9,28,3,26.8,isd_lite,69,isd_lite,,,0,isd_lite,0.0,isd_lite,1007.8,isd_lite,,,,
2020,9,28,6,32.0,isd_lite,55,isd_lite,,,270,isd_lite,3.6,isd_lite,1007.7,isd_lite,2,isd_lite,,
2020,9,28,9,34.2,isd_lite,37,isd_lite,,,270,isd_lite,3.6,isd_lite,1005.2,isd_lite,3,isd_lite,,
2020,9,28,12,31.8,isd_lite,47,isd_lite,,,270,isd_lite,3.6,isd_lite,1004.5,isd_lite,,,,
2020,9,29,3,28.0,isd_lite,63,isd_lite,,,0,isd_lite,0.0,isd_lite,1007.1,isd_lite,,,,
2020,9,29,6,32.6,isd_lite,46,isd_lite,,,270,isd_lite,3.6,isd_lite,1007.7,isd_lite,,,,
2020,9,29,9,34.0,isd_lite,46,isd_lite,,,320,isd_lite,7.6,isd_lite,1005.2,isd_lite,2,isd_lite,,
2020,9,29,12,32.2,isd_lite,54,isd_lite,,,0,isd_lite,0.0,isd_lite,1003.9,isd_lite,,,,
2020,9,30,3,27.0,isd_lite,67,isd_lite,,,0,isd_lite,0.0,isd_lite,1006.1,isd_lite,,,,
2020,9,30,6,33.4,isd_lite,39,isd_lite,,,290,isd_lite,9.4,isd_lite,1005.7,isd_lite,,,,
2020,9,30,9,34.2,isd_lite,38,isd_lite,,,290,isd_lite,7.6,isd_lite,1003.9,isd_lite,,,,
2020,9,30,12,32.2,isd_lite,49,isd_lite,,,270,isd_lite,3.6,isd_lite,1003.0,isd_lite,,,,
2020,10,1,3,27.4,isd_lite,64,isd_lite,,,0,isd_lite,0.0,isd_lite,1005.2,isd_lite,,,,
2020,10,1,6,32.8,isd_lite,48,isd_lite,,,360,isd_lite,7.6,isd_lite,1005.1,isd_lite,,,,
2020,10,1,9,35.0,isd_lite,40,isd_lite,,,270,isd_lite,3.6,isd_lite,1003.0,isd_lite,,,,
2020,10,1,12,32.8,isd_lite,45,isd_lite,,,270,isd_lite,3.6,isd_lite,1002.5,isd_lite,,,,
2020,10,2,3,26.8,isd_lite,75,isd_lite,,,0,isd_lite,0.0,isd_lite,1005.4,isd_lite,,,,
2020,10,2,6,33.4,isd_lite,32,isd_lite,,,270,isd_lite,5.4,isd_lite,1005.4,isd_lite,,,,
2020,10,2,9,34.2,isd_lite,29,isd_lite,,,270,isd_lite,3.6,isd_lite,1004.2,isd_lite,,,,
2020,10,2,12,32.2,isd_lite,36,isd_lite,,,0,isd_lite,0.0,isd_lite,1003.8,isd_lite,,,,
2020,10,3,3,25.0,isd_lite,73,isd_lite,,,0,isd_lite,0.0,isd_lite,1006.7,isd_lite,,,,
2020,10,3,6,32.4,isd_lite,39,isd_lite,,,0,isd_lite,0.0,isd_lite,1006.9,isd_lite,,,,
2020,10,3,9,34.6,isd_lite,23,isd_lite,,,290,isd_lite,1.8,isd_lite,1005.0,isd_lite,,,,
2020,10,3,12,32.2,isd_lite,34,isd_lite,,,290,isd_lite,1.8,isd_lite,1004.2,isd_lite,,,,
2020,10,4,3,25.6,isd_lite,70,isd_lite,,,0,isd_lite,0.0,isd_lite,1009.0,isd_lite,,,,
2020,10,4,6,32.8,isd_lite,35,isd_lite,,,0,isd_lite,0.0,isd_lite,1008.1,isd_lite,,,,
2020,10,4,9,34.6,isd_lite,27,isd_lite,,,320,isd_lite,7.6,isd_lite,1005.5,isd_lite,,,,
2020,10,4,12,32.2,isd_lite,33,isd_lite,,,270,isd_lite,3.6,isd_lite,1004.5,isd_lite,,,,
2020,10,5,3,25.4,isd_lite,66,isd_lite,,,0,isd_lite,0.0,isd_lite,1008.2,isd_lite,,,,
2020,10,5,6,33.6,isd_lite,29,isd_lite,,,290,isd_lite,11.2,isd_lite,1006.9,isd_lite,,,,
2020,10,5,9,35.0,isd_lite,23,isd_lite,,,270,isd_lite,11.2,isd_lite,1004.7,isd_lite,,,,
2020,10,5,12,32.6,isd_lite,31,isd_lite,,,270,isd_lite,3.6,isd_lite,1004.1,isd_lite,,,,
2020,10,6,3,26.2,isd_lite,58,isd_lite,,,0,isd_lite,0.0,isd_lite,1008.4,isd_lite,,,,
2020,10,6,6,32.4,isd_lite,47,isd_lite,,,0,isd_lite,0.0,isd_lite,1007.9,isd_lite,,,,
2020,10,6,9,34.8,isd_lite,27,isd_lite,,,290,isd_lite,9.4,isd_lite,1005.7,isd_lite,,,,
2020,10,6,12,32.0,isd_lite,40,isd_lite,,,0,isd_lite,0.0,isd_lite,1005.1,isd_lite,,,,
2020,10,7,3,23.8,isd_lite,75,isd_lite,,,0,isd_lite,0.0,isd_lite,1010.3,isd_lite,,,,
2020,10,7,6,33.0,isd_lite,40,isd_lite,,,0,isd_lite,0.0,isd_lite,1009.9,isd_lite,,,,
2020,10,7,9,34.8,isd_lite,28,isd_lite,,,270,isd_lite,5.4,isd_lite,1007.3,isd_lite,,,,
2020,10,7,12,32.2,isd_lite,38,isd_lite,,,0,isd_lite,0.0,isd_lite,1006.8,isd_lite,,,,
2020,10,8,3,25.8,isd_lite,67,isd_lite,,,0,isd_lite,0.0,isd_lite,1010.2,isd_lite,,,,
2020,10,8,6,32.6,isd_lite,45,isd_lite,,,270,isd_lite,5.4,isd_lite,1010.0,isd_lite,,,,
2020,10,8,9,34.4,isd_lite,34,isd_lite,,,270,isd_lite,3.6,isd_lite,1007.9,isd_lite,,,,
2020,10,8,12,31.8,isd_lite,36,isd_lite,,,0,isd_lite,0.0,isd_lite,1007.4,isd_lite,,,,
2020,10,9,3,24.4,isd_lite,74,isd_lite,,,0,isd_lite,0.0,isd_lite,1011.3,isd_lite,,,,
2020,10,9,6,32.0,isd_lite,44,isd_lite,,,0,isd_lite,0.0,isd_lite,1011.1,isd_lite,,,,
2020,10,9,9,34.4,isd_lite,29,isd_lite,,,290,isd_lite,5.4,isd_lite,1008.3,isd_lite,,,,
2020,10,9,12,31.6,isd_lite,37,isd_lite,,,0,isd_lite,0.0,isd_lite,1007.3,isd_lite,,,,
2020,10,10,3,25.0,isd_lite,73,isd_lite,,,0,isd_lite,0.0,isd_lite,1010.2,isd_lite,,,,
2020,10,10,6,33.2,isd_lite,29,isd_lite,,,320,isd_lite,5.4,isd_lite,1009.7,isd_lite,,,,
2020,10,10,9,34.2,isd_lite,32,isd_lite,,,320,isd_lite,7.6,isd_lite,1006.9,isd_lite,,,,
2020,10,10,12,32.2,isd_lite,41,isd_lite,,,270,isd_lite,3.6,isd_lite,1005.5,isd_lite,,,,
2020,10,11,3,25.8,isd_lite,67,isd_lite,,,0,isd_lite,0.0,isd_lite,1008.0,isd_lite,,,,
2020,10,11,6,33.6,isd_lite,26,isd_lite,,,340,isd_lite,3.6,isd_lite,1006.8,isd_lite,,,,
2020,10,11,9,35.0,isd_lite,22,isd_lite,,,320,isd_lite,7.6,isd_lite,1003.8,isd_lite,4,isd_lite,,
2020,10,11,12,32.6,isd_lite,36,isd_lite,,,320,isd_lite,3.6,isd_lite,1003.0,isd_lite,,,,
2020,10,12,3,24.6,isd_lite,65,isd_lite,,,0,isd_lite,0.0,isd_lite,1006.6,isd_lite,,,,
2020,10,12,6,31.8,isd_lite,43,isd_lite,,,0,isd_lite,0.0,isd_lite,1005.8,isd_lite,,,,
2020,10,12,9,34.4,isd_lite,28,isd_lite,,,320,isd_lite,7.6,isd_lite,1003.1,isd_lite,,,,
2020,10,12,12,30.6,isd_lite,48,isd_lite,,,0,isd_lite,0.0,isd_lite,1002.1,isd_lite,,,,
2020,10,13,3,23.8,isd_lite,76,isd_lite,,,0,isd_lite,0.0,isd_lite,1006.8,isd_lite,,,,
2020,10,13,6,31.8,isd_lite,47,isd_lite,,,110,isd_lite,1.8,isd_lite,1006.7,isd_lite,,,,
2020,10,13,12,32.2,isd_lite,46,isd_lite,,,0,isd_lite,0.0,isd_lite,1004.2,isd_lite,3,isd_lite,,
2020,10,14,3,24.6,isd_lite,72,isd_lite,,,0,isd_lite,0.0,isd_lite,1009.0,isd_lite,,,,
2020,10,14,6,32.4,isd_lite,37,isd_lite,,,0,isd_lite,0.0,isd_lite,1008.8,isd_lite,,,,
2020,10,14,9,34.6,isd_lite,21,isd_lite,,,290,isd_lite,3.6,isd_lite,1005.7,isd_lite,,,,
2020,10,14,12,30.6,isd_lite,36,isd_lite,,,0,isd_lite,0.0,isd_lite,1005.3,isd_lite,,,,
2020,10,15,3,22.4,isd_lite,68,isd_lite,,,0,isd_lite,0.0,isd_lite,1010.3,isd_lite,,,,
2020,10,15,6,32.2,isd_lite,28,isd_lite,,,200,isd_lite,11.2,isd_lite,1009.5,isd_lite,,,,
2020,10,15,9,33.8,isd_lite,17,isd_lite,,,320,isd_lite,11.2,isd_lite,1008.6,isd_lite,,,,
2020,10,15,12,31.4,isd_lite,20,isd_lite,,,270,isd_lite,3.6,isd_lite,1005.6,isd_lite,,,,
2020,10,16,3,22.6,isd_lite,68,isd_lite,,,0,isd_lite,0.0,isd_lite,1008.9,isd_lite,,,,
2020,10,16,6,31.4,isd_lite,38,isd_lite,,,0,isd_lite,0.0,isd_lite,1008.3,isd_lite,,,,
2020,10,16,9,33.4,isd_lite,24,isd_lite,,,0,isd_lite,0.0,isd_lite,1006.0,isd_lite,,,,
2020,10,16,12,30.2,isd_lite,32,isd_lite,,,0,isd_lite,0.0,isd_lite,1005.5,isd_lite,,,,
2020,10,17,3,21.4,isd_lite,72,isd_lite,,,0,isd_lite,0.0,isd_lite,1010.0,isd_lite,,,,
2020,10,17,6,31.4,isd_lite,30,isd_lite,,,0,isd_lite,0.0,isd_lite,1009.8,isd_lite,,,,
2020,10,17,9,33.6,isd_lite,21,isd_lite,,,320,isd_lite,11.2,isd_lite,1007.1,isd_lite,,,,
2020,10,17,12,30.6,isd_lite,25,isd_lite,,,0,isd_lite,0.0,isd_lite,1006.5,isd_lite,,,,
2020,10,18,3,21.8,isd_lite,62,isd_lite,,,0,isd_lite,0.0,isd_lite,1010.1,isd_lite,,,,
2020,10,18,6,31.8,isd_lite,24,isd_lite,,,320,isd_lite,5.4,isd_lite,1009.3,isd_lite,,,,
2020,10,18,9,33.4,isd_lite,21,isd_lite,,,270,isd_lite,11.2,isd_lite,1006.9,isd_lite,,,,
2020,10,18,12,30.2,isd_lite,28,isd_lite,,,270,isd_lite,3.6,isd_lite,1006.6,isd_lite,,,,
2020,10,19,3,21.8,isd_lite,66,isd_lite,,,0,isd_lite,0.0,isd_lite,1010.0,isd_lite,,,,
2020,10,19,6,32.0,isd_lite,24,isd_lite,,,320,isd_lite,3.6,isd_lite,1009.7,isd_lite,,,,
2020,10,19,9,33.6,isd_lite,19,isd_lite,,,320,isd_lite,3.6,isd_lite,1006.9,isd_lite,0,isd_lite,,
2020,10,19,12,30.0,isd_lite,23,isd_lite,,,270,isd_lite,3.6,isd_lite,1006.0,isd_lite,,,,
2020,10,20,3,22.2,isd_lite,55,isd_lite,,,0,isd_lite,0.0,isd_lite,1009.1,isd_lite,,,,
2020,10,20,6,31.0,isd_lite,28,isd_lite,,,0,isd_lite,0.0,isd_lite,1008.6,isd_lite,,,,
2020,10,20,9,33.0,isd_lite,20,isd_lite,,,0,isd_lite,0.0,isd_lite,1006.2,isd_lite,,,,
2020,10,20,12,29.7,isd_lite,24,isd_lite,,,360,isd_lite,0.0,isd_lite,1006.3,isd_lite,0,isd_lite,,
2020,10,21,3,20.8,isd_lite,52,isd_lite,,,270,isd_lite,3.6,isd_lite,1011.5,isd_lite,,,,
2020,10,21,6,30.4,isd_lite,29,isd_lite,,,0,isd_lite,0.0,isd_lite,1010.4,isd_lite,,,,
2020,10,21,9,32.2,isd_lite,18,isd_lite,,,50,isd_lite,7.6,isd_lite,1007.4,isd_lite,,,,
2020,10,21,12,28.2,isd_lite,30,isd_lite,,,0,isd_lite,0.0,isd_lite,1006.5,isd_lite,,,,
2020,10,22,3,19.8,isd_lite,62,isd_lite,,,0,isd_lite,0.0,isd_lite,1010.1,isd_lite,,,,
2020,10,22,6,28.8,isd_lite,33,isd_lite,,,0,isd_lite,0.0,isd_lite,1009.0,isd_lite,,,,
2020,10,22,9,32.0,isd_lite,19,isd_lite,,,320,isd_lite,3.6,isd_lite,1005.9,isd_lite,,,,
2020,10,22,12,29.6,isd_lite,33,isd_lite,,,0,isd_lite,0.0,isd_lite,1005.6,isd_lite,,,,
2020,10,23,3,20.0,isd_lite,61,isd_lite,,,0,isd_lite,0.0,isd_lite,1009.6,isd_lite,,,,
2020,10,23,6,28.6,isd_lite,34,isd_lite,,,360,isd_lite,3.6,isd_lite,1008.7,isd_lite,,,,
2020,10,23,9,31.0,isd_lite,26,isd_lite,,,320,isd_lite,7.6,isd_lite,1006.1,isd_lite,,,,
2020,10,23,12,27.2,isd_lite,41,isd_lite,,,320,isd_lite,1.8,isd_lite,1005.5,isd_lite,,,,
2020,10,24,3,19.4,isd_lite,69,isd_lite,,,0,isd_lite,0.0,isd_lite,1009.2,isd_lite,,,,
2020,10,24,6,28.0,isd_lite,47,isd_lite,,,0,isd_lite,0.0,isd_lite,1008.9,isd_lite,,,,
2020,10,24,9,31.4,isd_lite,30,isd_lite,,,320,isd_lite,7.6,isd_lite,1006.4,isd_lite,,,,
2020,10,24,12,28.6,isd_lite,36,isd_lite,,,270,isd_lite,1.8,isd_lite,1006.5,isd_lite,,,,
2020,10,25,3,19.8,isd_lite,74,isd_lite,,,0,isd_lite,0.0,isd_lite,1011.8,isd_lite,,,,
2020,10,25,6,28.4,isd_lite,44,isd_lite,,,0,isd_lite,0.0,isd_lite,1011.5,isd_lite,,,,
2020,10,25,9,31.8,isd_lite,19,isd_lite,,,0,isd_lite,0.0,isd_lite,1009.2,isd_lite,,,,
2020,10,25,12,29.2,isd_lite,28,isd_lite,,,0,isd_lite,0.0,isd_lite,1009.1,isd_lite,,,,
2020,10,26,3,19.2,isd_lite,68,isd_lite,,,0,isd_lite,0.0,isd_lite,1014.3,isd_lite,2,isd_lite,,
2020,10,26,6,28.8,isd_lite,30,isd_lite,,,320,isd_lite,1.8,isd_lite,1014.1,isd_lite,,,,
2020,10,26,9,31.6,isd_lite,19,isd_lite,,,320,isd_lite,11.2,isd_lite,1011.4,isd_lite,,,,
2020,10,26,12,27.6,isd_lite,29,isd_lite,,,0,isd_lite,0.0,isd_lite,1011.0,isd_lite,,,,
2020,10,27,3,20.4,isd_lite,62,isd_lite,,,0,isd_lite,0.0,isd_lite,1013.0,isd_lite,,,,
2020,10,27,6,28.4,isd_lite,22,isd_lite,,,320,isd_lite,5.4,isd_lite,1012.4,isd_lite,,,,
2020,10,27,9,30.8,isd_lite,16,isd_lite,,,270,isd_lite,1.8,isd_lite,1010.5,isd_lite,,,,
2020,10,27,12,28.0,isd_lite,23,isd_lite,,,0,isd_lite,0.0,isd_lite,1010.6,isd_lite,,,,
2020,10,28,3,17.0,isd_lite,74,isd_lite,,,0,isd_lite,0.0,isd_lite,1014.1,isd_lite,,,,
2020,10,28,6,27.8,isd_lite,41,isd_lite,,,0,isd_lite,0.0,isd_lite,1013.7,isd_lite,,,,
2020,10,28,9,30.8,isd_lite,21,isd_lite,,,0,isd_lite,0.0,isd_lite,1011.2,isd_lite,,,,
2020,10,28,12,26.0,isd_lite,35,isd_lite,,,0,isd_lite,0.0,isd_lite,1010.9,isd_lite,,,,
2020,10,29,3,17.6,isd_lite,72,isd_lite,,,0,isd_lite,0.0,isd_lite,1015.7,isd_lite,,,,
2020,10,29,6,27.4,isd_lite,33,isd_lite,,,0,isd_lite,0.0,isd_lite,1015.2,isd_lite,,,,
2020,10,29,9,29.2,isd_lite,27,isd_lite,,,0,isd_lite,0.0,isd_lite,1012.7,isd_lite,,,,
2020,10,29,12,25.4,isd_lite,43,isd_lite,,,0,isd_lite,0.0,isd_lite,1012.8,isd_lite,,,,
2020,10,30,3,18.4,isd_lite,66,isd_lite,,,0,isd_lite,0.0,isd_lite,1015.9,isd_lite,,,,
2020,10,30,6,27.6,isd_lite,27,isd_lite,,,290,isd_lite,5.4,isd_lite,1014.7,isd_lite,,,,
2020,10,30,9,30.0,isd_lite,21,isd_lite,,,320,isd_lite,5.4,isd_lite,1012.0,isd_lite,,,,
2020,10,30,12,26.2,isd_lite,29,isd_lite,,,0,isd_lite,0.0,isd_lite,1011.3,isd_lite,,,,
2020,10,31,3,20.0,isd_lite,62,isd_lite,,,0,isd_lite,0.0,isd_lite,1014.9,isd_lite,,,,
2020,10,31,6,28.6,isd_lite,20,isd_lite,,,290,isd_lite,9.4,isd_lite,1014.1,isd_lite,,,,
2020,10,31,9,30.0,isd_lite,15,isd_lite,,,270,isd_lite,7.6,isd_lite,1011.9,isd_lite,,,,
2020,10,31,12,25.8,isd_lite,24,isd_lite,,,0,isd_lite,0.0,isd_lite,1011.4,isd_lite,,,,
2020,11,1,3,17.6,isd_lite,62,isd_lite,,,0,isd_lite,0.0,isd_lite,1015.2,isd_lite,,,,
2020,11,1,6,27.6,isd_lite,26,isd_lite,,,0,isd_lite,0.0,isd_lite,1014.6,isd_lite,,,,
2020,11,1,9,30.0,isd_lite,19,isd_lite,,,0,isd_lite,0.0,isd_lite,1012.4,isd_lite,,,,
2020,11,1,12,26.2,isd_lite,28,isd_lite,,,0,isd_lite,0.0,isd_lite,1011.6,isd_lite,,,,
2020,11,2,3,17.6,isd_lite,58,isd_lite,,,0,isd_lite,0.0,isd_lite,1015.6,isd_lite,,,,
2020,11,2,6,27.0,isd_lite,37,isd_lite,,,0,isd_lite,0.0,isd_lite,1015.7,isd_lite,,,,
2020,11,2,9,28.6,isd_lite,24,isd_lite,,,290,isd_lite,1.8,isd_lite,1013.6,isd_lite,,,,
2020,11,2,12,26.2,isd_lite,27,isd_lite,,,0,isd_lite,0.0,isd_lite,1012.8,isd_lite,,,,
2020,11,3,3,15.8,isd_lite,77,isd_lite,,,0,isd_lite,0.0,isd_lite,1015.9,isd_lite,,,,
2020,11,3,6,25.2,isd_lite,37,isd_lite,,,0,isd_lite,0.0,isd_lite,1014.9,isd_lite,,,,
2020,11,3,9,28.2,isd_lite,25,isd_lite,,,0,isd_lite,0.0,isd_lite,1012.6,isd_lite,,,,
2020,11,3,12,25.6,isd_lite,37,isd_lite,,,0,isd_lite,0.0,isd_lite,1011.9,isd_lite,,,,
2020,11,4,3,16.8,isd_lite,76,isd_lite,,,0,isd_lite,0.0,isd_lite,1014.5,isd_lite,,,,
2020,11,4,6,26.6,isd_lite,33,isd_lite,,,250,isd_lite,3.6,isd_lite,1013.1,isd_lite,,,,
2020,11,4,9,29.4,isd_lite,20,isd_lite,,,270,isd_lite,7.6,isd_lite,1010.3,isd_lite,,,,
2020,11,4,12,26.6,isd_lite,25,isd_lite,,,270,isd_lite,3.6,isd_lite,1009.9,isd_lite,,,,
2020,11,5,3,18.2,isd_lite,62,isd_lite,,,0,isd_lite,0.0,isd_lite,1013.9,isd_lite,,,,
2020,11,5,6,27.8,isd_lite,25,isd_lite,,,20,isd_lite,1.8,isd_lite,1014.1,isd_lite,,,,
2020,11,5,9,30.0,isd_lite,15,isd_lite,,,0,isd_lite,0.0,isd_lite,1012.6,isd_lite,,,,
2020,11,5,12,25.4,isd_lite,35,isd_lite,,,0,isd_lite,0.0,isd_lite,1013.1,isd_lite,,,,
2020,11,6,3,17.0,isd_lite,74,isd_lite,,,0,isd_lite,0.0,isd_lite,1017.8,isd_lite,,,,
2020,11,6,6,28.2,isd_lite,24,isd_lite,,,0,isd_lite,0.0,isd_lite,1017.0,isd_lite,,,,
2020,11,6,9,29.6,isd_lite,18,isd_lite,,,320,isd_lite,7.6,isd_lite,1015.5,isd_lite,,,,
2020,11,6,12,25.4,isd_lite,24,isd_lite,,,270,isd_lite,3.6,isd_lite,1015.5,isd_lite,,,,
2020,11,7,3,17.2,isd_lite,65,isd_lite,,,0,isd_lite,0.0,isd_lite,1018.9,isd_lite,,,,
2020,11,7,6,27.4,isd_lite,24,isd_lite,,,320,isd_lite,5.4,isd_lite,1017.9,isd_lite,,,,
2020,11,7,9,29.2,isd_lite,18,isd_lite,,,270,isd_lite,3.6,isd_lite,1015.7,isd_lite,,,,
2020,11,7,12,26.0,isd_lite,25,isd_lite,,,270,isd_lite,3.6,isd_lite,1015.6,isd_lite,,,,
2020,11,8,3,13.8,isd_lite,80,isd_lite,,,0,isd_lite,0.0,isd_lite,1020.1,isd_lite,,,,
2020,11,8,6,24.8,isd_lite,39,isd_lite,,,0,isd_lite,0.0,isd_lite,1019.4,isd_lite,,,,
2020,11,8,9,27.4,isd_lite,33,isd_lite,,,0,isd_lite,0.0,isd_lite,1016.6,isd_lite,,,,
2020,11,8,12,24.8,isd_lite,41,isd_lite,,,0,isd_lite,0.0,isd_lite,1016.7,isd_lite,,,,
2020,11,9,3,13.6,isd_lite,87,isd_lite,,,0,isd_lite,0.0,isd_lite,1019.0,isd_lite,,,,
2020,11,9,6,26.0,isd_lite,38,isd_lite,,,0,isd_lite,0.0,isd_lite,1017.8,isd_lite,,,,
2020,11,9,9,28.0,isd_lite,23,isd_lite,,,0,isd_lite,0.0,isd_lite,1015.1,isd_lite,,,,
2020,11,9,12,24.0,isd_lite,45,isd_lite,,,0,isd_lite,0.0,isd_lite,1015.0,isd_lite,,,,
2020,11,10,3,16.0,isd_lite,75,isd_lite,,,0,isd_lite,0.0,isd_lite,1017.4,isd_lite,3,isd_lite,,
2020,11,10,6,25.0,isd_lite,38,isd_lite,,,0,isd_lite,0.0,isd_lite,1016.6,isd_lite,4,isd_lite,,
2020,11,10,9,28.8,isd_lite,23,isd_lite,,,180,isd_lite,3.6,isd_lite,1014.0,isd_lite,,,,
2020,11,10,12,25.0,isd_lite,43,isd_lite,,,0,isd_lite,0.0,isd_lite,1014.0,isd_lite,2,isd_lite,,
2020,11,11,3,12.2,isd_lite,91,isd_lite,,,0,isd_lite,0.0,isd_lite,1019.8,isd_lite,,,,
2020,11,11,6,24.4,isd_lite,45,isd_lite,,,0,isd_lite,0.0,isd_lite,1019.4,isd_lite,,,,
2020,11,11,9,28.2,isd_lite,35,isd_lite,,,0,isd_lite,0.0,isd_lite,1016.2,isd_lite,,,,
2020,11,12,3,15.4,isd_lite,87,isd_lite,,,0,isd_lite,0.0,isd_lite,1021.0,isd_lite,,,,
2020,11,12,6,25.0,isd_lite,47,isd_lite,,,0,isd_lite,0.0,isd_lite,1020.4,isd_lite,,,,
2020,11,12,9,27.0,isd_lite,32,isd_lite,,,360,isd_lite,3.6,isd_lite,1017.4,isd_lite,,,,
2020,11,12,12,23.2,isd_lite,42,isd_lite,,,0,isd_lite,0.0,isd_lite,1016.9,isd_lite,4,isd_lite,,
2020,11,13,3,13.6,isd_lite,84,isd_lite,,,0,isd_lite,0.0,isd_lite,1019.8,isd_lite,,,,
2020,11,13,6,23.8,isd_lite,42,isd_lite,,,320,isd_lite,3.6,isd_lite,1018.7,isd_lite,,,,
2020,11,13,9,27.0,isd_lite,30,isd_lite,,,0,isd_lite,0.0,isd_lite,1015.3,isd_lite,,,,
2020,11,13,12,22.6,isd_lite,40,isd_lite,,,0,isd_lite,0.0,isd_lite,1015.2,isd_lite,,,,
2020,11,14,3,14.6,isd_lite,78,isd_lite,,,0,isd_lite,0.0,isd_lite,1016.9,isd_lite,,,,
2020,11,14,6,22.2,isd_lite,49,isd_lite,,,0,isd_lite,0.0,isd_lite,1016.4,isd_lite,5,isd_lite,,
2020,11,14,9,25.0,isd_lite,37,isd_lite,,,0,isd_lite,0.0,isd_lite,1013.3,isd_lite,,,,
2020,11,14,12,21.8,isd_lite,55,isd_lite,,,0,isd_lite,0.0,isd_lite,1012.6,isd_lite,,,,
2020,11,15,3,16.6,isd_lite,70,isd_lite,,,0,isd_lite,0.0,isd_lite,1016.4,isd_lite,3,isd_lite,,
2020,11,15,6,22.8,isd_lite,47,isd_lite,,,90,isd_lite,3.6,isd_lite,1015.4,isd_lite,5,isd_lite,,
2020,11,15,9,25.6,isd_lite,36,isd_lite,,,90,isd_lite,3.6,isd_lite,1011.7,isd_lite,3,isd_lite,,
2020,11,15,12,19.4,isd_lite,72,isd_lite,,,270,isd_lite,3.6,isd_lite,1013.7,isd_lite,8,isd_lite,,
2020,11,16,3,15.6,isd_lite,87,isd_lite,,,270,isd_lite,3.6,isd_lite,1018.6,isd_lite,5,isd_lite,,
2020,11,16,6,18.6,isd_lite,75,isd_lite,,,90,isd_lite,7.6,isd_lite,1019.7,isd_lite,6,isd_lite,,
2020,11,16,9,21.0,isd_lite,59,isd_lite,,,20,isd_lite,11.2,isd_lite,1017.7,isd_lite,3,isd_lite,,
2020,11,16,12,18.2,isd_lite,71,isd_lite,,,0,isd_lite,0.0,isd_lite,1017.8,isd_lite,8,isd_lite,,
2020,11,17,3,14.8,isd_lite,81,isd_lite,,,0,isd_lite,0.0,isd_lite,1017.9,isd_lite,,,,
2020,11,17,6,21.6,isd_lite,50,isd_lite,,,0,isd_lite,0.0,isd_lite,1016.8,isd_lite,,,,
2020,11,17,9,23.8,isd_lite,43,isd_lite,,,0,isd_lite,0.0,isd_lite,1013.2,isd_lite,,,,
2020,11,17,12,20.4,isd_lite,56,isd_lite,,,0,isd_lite,0.0,isd_lite,1012.6,isd_lite,,,,
2020,11,18,3,13.6,isd_lite,79,isd_lite,,,0,isd_lite,0.0,isd_lite,1015.1,isd_lite,,,,
2020,11,18,6,21.6,isd_lite,37,isd_lite,,,0,isd_lite,0.0,isd_lite,1015.1,isd_lite,,,,
2020,11,18,9,22.8,isd_lite,37,isd_lite,,,270,isd_lite,3.6,isd_lite,1012.0,isd_lite,,,,
2020,11,18,12,19.4,isd_lite,48,isd_lite,,,0,isd_lite,0.0,isd_lite,1012.2,isd_lite,,,,
2020,11,19,3,10.2,isd_lite,95,isd_lite,,,0,isd_lite,0.0,isd_lite,1015.6,isd_lite,,,,
2020,11,19,6,20.0,isd_lite,36,isd_lite,,,290,isd_lite,7.6,isd_lite,1015.3,isd_lite,,,,
2020,11,19,9,22.2,isd_lite,30,isd_lite,,,270,isd_lite,7.6,isd_lite,1013.4,isd_lite,,,,
2020,11,19,12,18.2,isd_lite,45,isd_lite,,,0,isd_lite,0.0,isd_lite,1013.6,isd_lite,,,,
2020,11,20,3,14.8,isd_lite,70,isd_lite,,,320,isd_lite,3.6,isd_lite,1017.2,isd_lite,,,,
2020,11,20,6,21.2,isd_lite,38,isd_lite,,,,,16.6,isd_lite,1017.2,isd_lite,,,,
2020,11,20,9,22.6,isd_lite,30,isd_lite,,,320,isd_lite,16.6,isd_lite,1015.3,isd_lite,,,,
2020,11,20,12,19.6,isd_lite,38,isd_lite,,,270,isd_lite,7.6,isd_lite,1014.7,isd_lite,,,,
2020,11,21,3,13.8,isd_lite,56,isd_lite,,,290,isd_lite,5.4,isd_lite,1017.9,isd_lite,,,,
2020,11,21,6,19.0,isd_lite,32,isd_lite,,,290,isd_lite,7.6,isd_lite,1018.2,isd_lite,,,,
2020,11,21,9,21.4,isd_lite,27,isd_lite,,,290,isd_lite,14.8,isd_lite,1015.3,isd_lite,2,isd_lite,,
2020,11,21,12,18.6,isd_lite,34,isd_lite,,,250,isd_lite,7.6,isd_lite,1014.8,isd_lite,3,isd_lite,,
2020,11,22,3,10.4,isd_lite,70,isd_lite,,,0,isd_lite,0.0,isd_lite,1017.9,isd_lite,,,,
2020,11,22,6,20.2,isd_lite,24,isd_lite,,,320,isd_lite,3.6,isd_lite,1017.6,isd_lite,3,isd_lite,,
2020,11,22,9,21.4,isd_lite,27,isd_lite,,,340,isd_lite,14.8,isd_lite,1016.0,isd_lite,5,isd_lite,,
2020,11,22,12,19.0,isd_lite,31,isd_lite,,,0,isd_lite,0.0,isd_lite,1016.3,isd_lite,5,isd_lite,,
2020,11,23,3,13.8,isd_lite,75,isd_lite,,,0,isd_lite,0.0,isd_lite,1018.4,isd_lite,3,isd_lite,,
2020,11,23,6,18.0,isd_lite,64,isd_lite,,,0,isd_lite,0.0,isd_lite,1018.2,isd_lite,5,isd_lite,,
2020,11,23,9,21.4,isd_lite,41,isd_lite,,,0,isd_lite,0.0,isd_lite,1015.7,isd_lite,3,isd_lite,,
2020,11,23,12,18.0,isd_lite,58,isd_lite,,,0,isd_lite,0.0,isd_lite,1016.6,isd_lite,4,isd_lite,,
2020,11,24,3,14.0,isd_lite,84,isd_lite,,,0,isd_lite,0.0,isd_lite,1018.0,isd_lite,7,isd_lite,,
2020,11,24,6,21.6,isd_lite,45,isd_lite,,,160,isd_lite,1.8,isd_lite,1017.3,isd_lite,6,isd_lite,,
2020,11,24,9,21.6,isd_lite,49,isd_lite,,,0,isd_lite,0.0,isd_lite,1015.2,isd_lite,7,isd_lite,,
2020,11,24,12,19.6,isd_lite,60,isd_lite,,,0,isd_lite,0.0,isd_lite,1015.4,isd_lite,2,isd_lite,,
2020,11,25,3,14.6,isd_lite,84,isd_lite,,,0,isd_lite,0.0,isd_lite,1019.2,isd_lite,7,isd_lite,,
2020,11,25,6,17.2,isd_lite,70,isd_lite,,,90,isd_lite,1.8,isd_lite,1019.3,isd_lite,7,isd_lite,,
2020,11,25,9,18.6,isd_lite,62,isd_lite,,,0,isd_lite,0.0,isd_lite,1017.4,isd_lite,7,isd_lite,,
2020,11,25,12,17.0,isd_lite,64,isd_lite,,,0,isd_lite,0.0,isd_lite,1017.4,isd_lite,7,isd_lite,,
2020,11,26,3,13.6,isd_lite,93,isd_lite,,,0,isd_lite,0.0,isd_lite,1021.5,isd_lite,6,isd_lite,,
2020,11,26,6,19.0,isd_lite,65,isd_lite,,,0,isd_lite,0.0,isd_lite,1021.6,isd_lite,4,isd_lite,,
2020,11,26,9,22.4,isd_lite,47,isd_lite,,,320,isd_lite,7.6,isd_lite,1019.4,isd_lite,,,,
2020,11,26,12,19.2,isd_lite,60,isd_lite,,,320,isd_lite,5.4,isd_lite,1019.7,isd_lite,,,,
2020,11,27,3,14.8,isd_lite,70,isd_lite,,,320,isd_lite,3.6,isd_lite,1022.5,isd_lite,,,,
2020,11,27,6,23.4,isd_lite,38,isd_lite,,,340,isd_lite,11.2,isd_lite,1021.9,isd_lite,,,,
2020,11,27,9,25.0,isd_lite,31,isd_lite,,,320,isd_lite,11.2,isd_lite,1020.0,isd_lite,,,,
2020,11,27,12,21.0,isd_lite,46,isd_lite,,,270,isd_lite,7.6,isd_lite,1019.9,isd_lite,,,,
2020,11,28,3,13.6,isd_lite,69,isd_lite,,,290,isd_lite,1.8,isd_lite,1021.1,isd_lite,,,,
2020,11,28,6,21.2,isd_lite,36,isd_lite,,,320,isd_lite,3.6,isd_lite,1020.6,isd_lite,,,,
2020,11,28,9,25.2,isd_lite,28,isd_lite,,,270,isd_lite,5.4,isd_lite,1016.9,isd_lite,2,isd_lite,,
2020,11,28,12,21.4,isd_lite,50,isd_lite,,,250,isd_lite,3.6,isd_lite,1017.2,isd_lite,2,isd_lite,,
2020,11,29,3,12.0,isd_lite,76,isd_lite,,,180,isd_lite,3.6,isd_lite,1020.0,isd_lite,3,isd_lite,,
2020,11,29,6,22.2,isd_lite,45,isd_lite,,,180,isd_lite,3.6,isd_lite,1019.7,isd_lite,2,isd_lite,,
2020,11,29,9,23.2,isd_lite,37,isd_lite,,,270,isd_lite,3.6,isd_lite,1016.9,isd_lite,4,isd_lite,,
2020,11,29,12,20.6,isd_lite,50,isd_lite,,,0,isd_lite,0.0,isd_lite,1016.1,isd_lite,2,isd_lite,,
2020,11,30,3,10.6,isd_lite,87,isd_lite,,,0,isd_lite,0.0,isd_lite,1019.1,isd_lite,,,,
2020,11,30,6,22.0,isd_lite,45,isd_lite,,,50,isd_lite,5.4,isd_lite,1018.4,isd_lite,,,,
2020,11,30,9,24.0,isd_lite,33,isd_lite,,,50,isd_lite,5.4,isd_lite,1015.9,isd_lite,,,,
2020,11,30,12,20.6,isd_lite,47,isd_lite,,,270,isd_lite,3.6,isd_lite,1015.8,isd_lite,1,isd_lite,,
2020,12,1,3,12.0,isd_lite,85,isd_lite,,,0,isd_lite,0.0,isd_lite,1018.7,isd_lite,,,,
2020,12,1,6,22.2,isd_lite,42,isd_lite,,,270,isd_lite,3.6,isd_lite,1018.9,isd_lite,,,,
2020,12,1,9,25.0,isd_lite,32,isd_lite,,,340,isd_lite,7.6,isd_lite,1016.4,isd_lite,,,,
2020,12,1,12,21.0,isd_lite,57,isd_lite,,,0,isd_lite,0.0,isd_lite,1016.1,isd_lite,,,,
2020,12,2,3,13.0,isd_lite,84,isd_lite,,,0,isd_lite,0.0,isd_lite,1017.9,isd_lite,,,,
2020,12,2,6,23.0,isd_lite,39,isd_lite,,,270,isd_lite,5.4,isd_lite,1016.4,isd_lite,,,,
2020,12,2,9,25.6,isd_lite,29,isd_lite,,,270,isd_lite,9.4,isd_lite,1013.3,isd_lite,,,,
2020,12,2,12,22.2,isd_lite,45,isd_lite,,,270,isd_lite,5.4,isd_lite,1012.4,isd_lite,,,,
2020,12,3,3,12.2,isd_lite,91,isd_lite,,,0,isd_lite,0.0,isd_lite,1016.1,isd_lite,,,,
2020,12,3,6,21.8,isd_lite,50,isd_lite,,,160,isd_lite,7.6,isd_lite,1015.7,isd_lite,,,,
2020,12,3,9,24.0,isd_lite,45,isd_lite,,,110,isd_lite,5.4,isd_lite,1013.3,isd_lite,,,,
2020,12,3,12,22.0,isd_lite,57,isd_lite,,,0,isd_lite,0.0,isd_lite,1012.5,isd_lite,,,,
2020,12,4,3,10.0,isd_lite,92,isd_lite,,,0,isd_lite,0.0,isd_lite,1015.2,isd_lite,,,,
2020,12,4,6,21.2,isd_lite,60,isd_lite,,,160,isd_lite,7.6,isd_lite,1014.5,isd_lite,2,isd_lite,,
2020,12,4,9,23.4,isd_lite,54,isd_lite,,,140,isd_lite,7.6,isd_lite,1011.1,isd_lite,,,,
2020,12,4,12,20.8,isd_lite,65,isd_lite,,,90,isd_lite,3.6,isd_lite,1010.4,isd_lite,,,,
2020,12,5,3,15.0,isd_lite,78,isd_lite,,,90,isd_lite,7.6,isd_lite,1014.3,isd_lite,3,isd_lite,,
2020,12,5,6,21.4,isd_lite,56,isd_lite,,,110,isd_lite,11.2,isd_lite,1014.2,isd_lite,3,isd_lite,,
2020,12,5,9,24.0,isd_lite,49,isd_lite,,,160,isd_lite,11.2,isd_lite,1011.2,isd_lite,1,isd_lite,,
2020,12,5,12,20.0,isd_lite,69,isd_lite,,,90,isd_lite,3.6,isd_lite,1011.7,isd_lite,3,isd_lite,,
2020,12,6,3,13.6,isd_lite,91,isd_lite,,,0,isd_lite,0.0,isd_lite,1017.6,isd_lite,,,,
2020,12,6,6,22.2,isd_lite,58,isd_lite,,,90,isd_lite,7.6,isd_lite,1017.8,isd_lite,,,,
2020,12,6,9,24.2,isd_lite,52,isd_lite,,,70,isd_lite,3.6,isd_lite,1015.2,isd_lite,,,,
2020,12,6,12,21.0,isd_lite,75,isd_lite,,,0,isd_lite,0.0,isd_lite,1014.8,isd_lite,,,,
2020,12,7,3,16.2,isd_lite,87,isd_lite,,,0,isd_lite,0.0,isd_lite,1018.2,isd_lite,,,,
2020,12,7,6,23.6,isd_lite,45,isd_lite,,,320,isd_lite,7.6,isd_lite,1017.5,isd_lite,,,,
2020,12,7,9,25.4,isd_lite,39,isd_lite,,,290,isd_lite,7.6,isd_lite,1015.7,isd_lite,,,,
2020,12,7,12,22.0,isd_lite,50,isd_lite,,,270,isd_lite,5.4,isd_lite,1016.0,isd_lite,2,isd_lite,,
2020,12,8,3,14.6,isd_lite,82,isd_lite,,,0,isd_lite,0.0,isd_lite,1019.3,isd_lite,,,,
2020,12,8,6,21.8,isd_lite,56,isd_lite,,,70,isd_lite,3.6,isd_lite,1019.0,isd_lite,,,,
2020,12,8,9,25.2,isd_lite,36,isd_lite,,,20,isd_lite,5.4,isd_lite,1015.8,isd_lite,3,isd_lite,,
2020,12,8,12,21.4,isd_lite,56,isd_lite,,,0,isd_lite,0.0,isd_lite,1015.3,isd_lite,2,isd_lite,,
2020,12,9,3,14.8,isd_lite,89,isd_lite,,,0,isd_lite,0.0,isd_lite,1017.0,isd_lite,6,isd_lite,,
2020,12,9,6,23.8,isd_lite,42,isd_lite,,,290,isd_lite,5.4,isd_lite,1016.4,isd_lite,3,isd_lite,,
2020,12,9,9,22.8,isd_lite,47,isd_lite,,,340,isd_lite,14.8,isd_lite,1014.7,isd_lite,7,isd_lite,,
2020,12,9,12,19.4,isd_lite,60,isd_lite,,,340,isd_lite,9.4,isd_lite,1014.0,isd_lite,7,isd_lite,,
2020,12,10,3,15.2,isd_lite,83,isd_lite,,,290,isd_lite,9.4,isd_lite,1016.7,isd_lite,,,,
2020,12,10,6,21.6,isd_lite,53,isd_lite,,,320,isd_lite,7.6,isd_lite,1016.6,isd_lite,,,,
2020,12,10,9,24.0,isd_lite,45,isd_lite,,,320,isd_lite,5.4,isd_lite,1014.1,isd_lite,,,,
2020,12,10,12,20.6,isd_lite,56,isd_lite,,,0,isd_lite,0.0,isd_lite,1014.0,isd_lite,1,isd_lite,,
2020,12,11,3,14.4,isd_lite,89,isd_lite,,,0,isd_lite,0.0,isd_lite,1017.3,isd_lite,2,isd_lite,,
2020,12,11,6,23.4,isd_lite,49,isd_lite,,,0,isd_lite,0.0,isd_lite,1015.8,isd_lite,,,,
2020,12,11,9,25.0,isd_lite,50,isd_lite,,,0,isd_lite,0.0,isd_lite,1012.4,isd_lite,,,,
2020,12,11,12,22.8,isd_lite,59,isd_lite,,,0,isd_lite,0.0,isd_lite,1011.6,isd_lite,3,isd_lite,,
2020,12,12,3,13.0,isd_lite,91,isd_lite,,,50,isd_lite,5.4,isd_lite,1017.0,isd_lite,6,isd_lite,,
2020,12,12,6,19.6,isd_lite,65,isd_lite,,,50,isd_lite,1.8,isd_lite,1017.3,isd_lite,,,,
2020,12,12,9,21.6,isd_lite,59,isd_lite,,,180,isd_lite,5.4,isd_lite,1015.1,isd_lite,4,isd_lite,,
2020,12,12,12,19.0,isd_lite,74,isd_lite,,,250,isd_lite,3.6,isd_lite,1015.1,isd_lite,6,isd_lite,,
2020,12,13,3,11.6,isd_lite,95,isd_lite,,,290,isd_lite,3.6,isd_lite,1017.5,isd_lite,,,,
2020,12,13,6,12.2,isd_lite,93,isd_lite,,,230,isd_lite,1.8,isd_lite,1018.5,isd_lite,,,,
2020,12,13,9,12.8,isd_lite,84,isd_lite,,,270,isd_lite,3.6,isd_lite,1016.6,isd_lite,5,isd_lite,,
2020,12,13,12,12.2,isd_lite,83,isd_lite,,,270,isd_lite,3.6,isd_lite,1015.7,isd_lite,3,isd_lite,,
2020,12,14,3,11.4,isd_lite,85,isd_lite,,,360,isd_lite,3.6,isd_lite,1018.1,isd_lite,,,,
2020,12,14,6,12.4,isd_lite,77,isd_lite,,,290,isd_lite,3.6,isd_lite,1019.9,isd_lite,,,,
2020,12,14,9,13.2,isd_lite,73,isd_lite,,,360,isd_lite,1.8,isd_lite,1018.2,isd_lite,,,,
2020,12,14,12,12.4,isd_lite,74,isd_lite,,,320,isd_lite,1.8,isd_lite,1017.7,isd_lite,7,isd_lite,,
2020,12,15,3,10.0,isd_lite,82,isd_lite,,,0,isd_lite,0.0,isd_lite,1021.2,isd_lite,7,isd_lite,,
2020,12,15,6,13.6,isd_lite,64,isd_lite,,,0,isd_lite,0.0,isd_lite,1022.0,isd_lite,4,isd_lite,,
2020,12,15,9,15.8,isd_lite,57,isd_lite,,,0,isd_lite,0.0,isd_lite,1020.1,isd_lite,,,,
2020,12,15,12,13.8,isd_lite,69,isd_lite,,,270,isd_lite,3.6,isd_lite,1019.3,isd_lite,,,,
2020,12,16,3,7.0,isd_lite,100,isd_lite,,,0,isd_lite,0.0,isd_lite,1023.5,isd_lite,,,,
2020,12,16,6,9.2,isd_lite,95,isd_lite,,,20,isd_lite,7.6,isd_lite,1024.8,isd_lite,,,,
2020,12,16,9,11.6,isd_lite,76,isd_lite,,,290,isd_lite,5.4,isd_lite,1022.7,isd_lite,,,,
2020,12,16,12,8.2,isd_lite,86,isd_lite,,,290,isd_lite,7.6,isd_lite,1022.0,isd_lite,4,isd_lite,,
2020,12,17,3,6.8,isd_lite,91,isd_lite,,,320,isd_lite,5.4,isd_lite,1023.1,isd_lite,7,isd_lite,,
2020,12,17,6,10.8,isd_lite,68,isd_lite,,,0,isd_lite,0.0,isd_lite,1022.9,isd_lite,,,,
2020,12,17,9,14.4,isd_lite,57,isd_lite,,,290,isd_lite,3.6,isd_lite,1019.8,isd_lite,,,,
2020,12,17,12,11.6,isd_lite,69,isd_lite,,,0,isd_lite,0.0,isd_lite,1019.3,isd_lite,,,,
2020,12,18,3,3.6,isd_lite,100,isd_lite,,,0,isd_lite,0.0,isd_lite,1020.5,isd_lite,,,,
2020,12,18,6,14.0,isd_lite,41,isd_lite,,,290,isd_lite,11.2,isd_lite,1020.3,isd_lite,,,,
2020,12,18,9,17.0,isd_lite,28,isd_lite,,,320,isd_lite,11.2,isd_lite,1018.2,isd_lite,,,,
2020,12,18,12,14.2,isd_lite,36,isd_lite,,,270,isd_lite,3.6,isd_lite,1018.3,isd_lite,,,,
2020,12,19,3,8.6,isd_lite,78,isd_lite,,,0,isd_lite,0.0,isd_lite,1021.9,isd_lite,,,,
2020,12,19,6,17.0,isd_lite,25,isd_lite,,,320,isd_lite,9.4,isd_lite,1020.1,isd_lite,,,,
2020,12,19,9,19.2,isd_lite,28,isd_lite,,,270,isd_lite,5.4,isd_lite,1018.2,isd_lite,,,,
2020,12,19,12,14.8,isd_lite,44,isd_lite,,,290,isd_lite,3.6,isd_lite,1018.0,isd_lite,2,isd_lite,,
2020,12,20,3,8.0,isd_lite,86,isd_lite,,,0,isd_lite,0.0,isd_lite,1021.5,isd_lite,,,,
2020,12,20,6,19.4,isd_lite,24,isd_lite,,,320,isd_lite,11.2,isd_lite,1020.7,isd_lite,,,,
2020,12,20,9,21.2,isd_lite,25,isd_lite,,,320,isd_lite,7.6,isd_lite,1017.9,isd_lite,,,,
2020,12,20,12,17.8,isd_lite,39,isd_lite,,,270,isd_lite,3.6,isd_lite,1017.5,isd_lite,4,isd_lite,,
2020,12,21,3,7.0,isd_lite,91,isd_lite,,,0,isd_lite,0.0,isd_lite,1019.6,isd_lite,4,isd_lite,,
2020,12,21,6,17.8,isd_lite,53,isd_lite,,,0,isd_lite,0.0,isd_lite,1019.0,isd_lite,2,isd_lite,,
2020,12,21,9,22.2,isd_lite,22,isd_lite,,,0,isd_lite,0.0,isd_lite,1015.7,isd_lite,3,isd_lite,,
2020,12,21,12,19.0,isd_lite,29,isd_lite,,,290,isd_lite,1.8,isd_lite,1015.3,isd_lite,3,isd_lite,,
2020,12,22,3,5.0,isd_lite,94,isd_lite,,,0,isd_lite,0.0,isd_lite,1019.5,isd_lite,,,,
2020,12,22,6,17.4,isd_lite,57,isd_lite,,,160,isd_lite,1.8,isd_lite,1018.8,isd_lite,,,,
2020,12,22,9,20.0,isd_lite,51,isd_lite,,,0,isd_lite,0.0,isd_lite,1015.4,isd_lite,,,,
2020,12,22,12,17.4,isd_lite,57,isd_lite,,,0,isd_lite,0.0,isd_lite,1014.2,isd_lite,,,,
2020,12,23,3,5.0,isd_lite,100,isd_lite,,,0,isd_lite,0.0,isd_lite,1018.8,isd_lite,,,,
2020,12,23,6,16.8,isd_lite,60,isd_lite,,,20,isd_lite,1.8,isd_lite,1017.9,isd_lite,,,,
2020,12,23,9,20.6,isd_lite,34,isd_lite,,,270,isd_lite,3.6,isd_lite,1014.8,isd_lite,,,,
2020,12,23,12,17.2,isd_lite,52,isd_lite,,,0,isd_lite,0.0,isd_lite,1013.7,isd_lite,,,,
2020,12,24,3,7.2,isd_lite,94,isd_lite,,,0,isd_lite,0.0,isd_lite,1017.5,isd_lite,,,,
2020,12,24,6,17.4,isd_lite,47,isd_lite,,,230,isd_lite,1.8,isd_lite,1017.4,isd_lite,,,,
2020,12,24,9,20.6,isd_lite,41,isd_lite,,,0,isd_lite,0.0,isd_lite,1015.0,isd_lite,,,,
2020,12,24,12,17.2,isd_lite,56,isd_lite,,,0,isd_lite,0.0,isd_lite,1014.5,isd_lite,,,,
2020,12,25,3,7.0,isd_lite,100,isd_lite,,,0,isd_lite,0.0,isd_lite,1019.6,isd_lite,,,,
2020,12,25,6,11.6,isd_lite,92,isd_lite,,,0,isd_lite,0.0,isd_lite,1019.7,isd_lite,,,,
2020,12,25,9,19.8,isd_lite,32,isd_lite,,,320,isd_lite,3.6,isd_lite,1016.2,isd_lite,3,isd_lite,,
2020,12,25,12,16.8,isd_lite,43,isd_lite,,,270,isd_lite,3.6,isd_lite,1015.9,isd_lite,3,isd_lite,,
2020,12,26,3,6.8,isd_lite,82,isd_lite,,,0,isd_lite,0.0,isd_lite,1018.3,isd_lite,,,,
2020,12,26,6,9.8,isd_lite,92,isd_lite,,,0,isd_lite,0.0,isd_lite,1018.7,isd_lite,,,,
2020,12,26,9,17.4,isd_lite,63,isd_lite,,,0,isd_lite,0.0,isd_lite,1015.5,isd_lite,,,,
2020,12,26,12,15.0,isd_lite,74,isd_lite,,,0,isd_lite,0.0,isd_lite,1015.0,isd_lite,,,,
2020,12,27,3,5.6,isd_lite,100,isd_lite,,,0,isd_lite,0.0,isd_lite,1016.2,isd_lite,,,,
2020,12,27,6,11.2,isd_lite,85,isd_lite,,,90,isd_lite,9.4,isd_lite,1014.7,isd_lite,,,,
2020,12,27,9,17.2,isd_lite,47,isd_lite,,,140,isd_lite,11.2,isd_lite,1010.2,isd_lite,2,isd_lite,,
2020,12,27,12,14.8,isd_lite,64,isd_lite,,,140,isd_lite,7.6,isd_lite,1009.5,isd_lite,4,isd_lite,,
2020,12,28,3,4.2,isd_lite,100,isd_lite,,,0,isd_lite,0.0,isd_lite,1019.3,isd_lite,,,,
2020,12,28,6,8.2,isd_lite,100,isd_lite,,,0,isd_lite,0.0,isd_lite,1020.6,isd_lite,,,,
2020,12,28,9,12.8,isd_lite,60,isd_lite,,,200,isd_lite,1.8,isd_lite,1018.7,isd_lite,,,,
2020,12,28,12,10.8,isd_lite,75,isd_lite,,,20,isd_lite,5.4,isd_lite,1018.0,isd_lite,,,,
2020,12,29,3,5.8,isd_lite,100,isd_lite,,,0,isd_lite,0.0,isd_lite,1020.3,isd_lite,,,,
2020,12,29,6,9.8,isd_lite,79,isd_lite,,,270,isd_lite,3.6,isd_lite,1021.8,isd_lite,,,,
2020,12,29,9,12.8,isd_lite,66,isd_lite,,,290,isd_lite,9.4,isd_lite,1018.7,isd_lite,,,,
2020,12,29,12,10.8,isd_lite,70,isd_lite,,,0,isd_lite,0.0,isd_lite,1018.0,isd_lite,,,,
2020,12,30,6,7.8,isd_lite,92,isd_lite,,,0,isd_lite,0.0,isd_lite,1021.6,isd_lite,,,,
2020,12,30,9,13.6,isd_lite,71,isd_lite,,,20,isd_lite,7.6,isd_lite,1019.6,isd_lite,,,,
2020,12,31,3,4.4,isd_lite,100,isd_lite,,,0,isd_lite,0.0,isd_lite,1021.5,isd_lite,,,,
2020,12,31,6,8.0,isd_lite,89,isd_lite,,,20,isd_lite,3.6,isd_lite,1021.0,isd_lite,,,,
2020,12,31,9,15.0,isd_lite,52,isd_lite,,,270,isd_lite,3.6,isd_lite,1018.2,isd_lite,5,isd_lite,,
2020,12,31,12,14.0,isd_lite,57,isd_lite,,,0,isd_lite,0.0,isd_lite,1017.2,isd_lite,5,isd_lite,,
