timestamp,temperature,humidity,pressure,temp_prev,rhum_prev,pres_prev,temp_diff,rhum_diff,pres_diff,time_diff_hours,temp_rate,rhum_rate,pres_rate,temp_roll_mean_3,rhum_roll_mean_3,pres_roll_mean_3,temp_roll_std_3,rhum_roll_std_3,pres_roll_std_3,hour,month,hour_sin,hour_cos,month_sin,month_cos
2020-01-01 09:00:00,17.0,52,1022.3,10.8,77.0,1025.1,6.199999999999999,-25.0,-2.7999999999999545,3.0,2.0666666666666664,-8.333333333333334,-0.9333333333333181,9.633333333333333,74.66666666666667,1024.0333333333333,8.01394617734193,21.594752448994026,1.5143755588801018,9,1,0.7071067811865476,-0.7071067811865475,0.49999999999999994,0.8660254037844387
2020-01-01 12:00:00,15.0,68,1022.5,17.0,52.0,1022.3,-2.0,16.0,0.20000000000004547,3.0,-0.6666666666666666,5.333333333333333,0.06666666666668182,14.266666666666666,65.66666666666667,1023.2999999999998,3.164385143014881,12.662279942148391,1.5620499351813173,12,1,1.2246467991473532e-16,-1.0,0.49999999999999994,0.8660254037844387
2020-01-02 03:00:00,5.4,94,1024.7,15.0,68.0,1022.5,-9.6,26.0,2.2000000000000455,15.0,-0.64,1.7333333333333334,0.1466666666666697,12.466666666666667,71.33333333333333,1023.1666666666666,6.20107517559119,21.197484127446195,1.3316656236959643,3,1,0.7071067811865476,0.7071067811865476,0.49999999999999994,0.8660254037844387
2020-01-02 06:00:00,16.2,58,1024.0,5.4,94.0,1024.7,10.799999999999999,-36.0,-0.7000000000000455,3.0,3.5999999999999996,-12.0,-0.2333333333333485,12.200000000000001,73.33333333333333,1023.7333333333332,5.919459434779495,18.583146486355137,1.1239810200059466,6,1,1.0,6.123233995736766e-17,0.49999999999999994,0.8660254037844387
2020-01-02 09:00:00,19.6,47,1021.0,16.2,58.0,1024.0,3.400000000000002,-11.0,-3.0,3.0,1.133333333333334,-3.6666666666666665,-1.0,13.733333333333334,66.33333333333333,1023.2333333333332,7.414400402819727,24.583192089989726,1.9655363983741152,9,1,0.7071067811865476,-0.7071067811865475,0.49999999999999994,0.8660254037844387
2020-01-02 12:00:00,15.8,67,1020.6,19.6,47.0,1021.0,-3.8000000000000007,20.0,-0.39999999999997726,3.0,-1.2666666666666668,6.666666666666667,-0.13333333333332575,17.200000000000003,57.333333333333336,1021.8666666666667,2.088061301782111,10.016652800877834,1.8583146486353836,12,1,1.2246467991473532e-16,-1.0,0.49999999999999994,0.8660254037844387
2020-01-03 03:00:00,8.4,97,1021.1,15.8,67.0,1020.6,-7.4,30.0,0.5,15.0,-0.49333333333333335,2.0,0.03333333333333333,14.600000000000001,70.33333333333333,1020.9,5.6956123463592565,25.166114784235834,0.2645751311049818,3,1,0.7071067811865476,0.7071067811865476,0.49999999999999994,0.8660254037844387
2020-01-03 06:00:00,17.4,56,1020.4,8.4,97.0,1021.1,8.999999999999998,-41.0,-0.7000000000000455,3.0,2.9999999999999996,-13.666666666666666,-0.2333333333333485,13.866666666666667,73.33333333333333,1020.6999999999999,4.801388688008222,21.221058723196006,0.36055512754519903,6,1,1.0,6.123233995736766e-17,0.49999999999999994,0.8660254037844387
2020-01-03 09:00:00,20.0,40,1017.2,17.4,56.0,1020.4,2.6000000000000014,-16.0,-3.199999999999932,3.0,0.8666666666666671,-5.333333333333333,-1.066666666666644,15.266666666666666,64.33333333333333,1019.5666666666667,6.087144924620517,29.399546481762837,2.0792626898330533,9,1,0.7071067811865476,-0.7071067811865475,0.49999999999999994,0.8660254037844387
2020-01-03 12:00:00,17.4,56,1017.1,20.0,40.0,1017.2,-2.6000000000000014,16.0,-0.10000000000002274,3.0,-0.8666666666666671,5.333333333333333,-0.03333333333334091,18.266666666666666,50.666666666666664,1018.2333333333332,1.5011106998930288,9.237604307034038,1.8770544300395136,12,1,1.2246467991473532e-16,-1.0,0.49999999999999994,0.8660254037844387
2020-01-04 03:00:00,6.4,91,1019.8,17.4,56.0,1017.1,-10.999999999999998,35.0,2.699999999999932,15.0,-0.7333333333333332,2.3333333333333335,0.17999999999999544,14.600000000000001,62.333333333333336,1018.0333333333333,7.219418259112018,26.083200212652848,1.530795000426526,3,1,0.7071067811865476,0.7071067811865476,0.49999999999999994,0.8660254037844387
2020-01-04 06:00:00,16.0,59,1020.0,6.4,91.0,1019.8,9.6,-32.0,0.20000000000004547,3.0,3.1999999999999997,-10.666666666666666,0.06666666666668182,13.266666666666667,68.66666666666667,1018.9666666666667,5.987765303795175,19.399312702601947,1.6196707484336683,6,1,1.0,6.123233995736766e-17,0.49999999999999994,0.8660254037844387
2020-01-04 09:00:00,18.8,39,1016.3,16.0,59.0,1020.0,2.8000000000000007,-20.0,-3.7000000000000455,3.0,0.9333333333333336,-6.666666666666667,-1.2333333333333485,13.733333333333334,63.0,1018.6999999999999,6.503332479070507,26.229754097208,2.080865204668075,9,1,0.7071067811865476,-0.7071067811865475,0.49999999999999994,0.8660254037844387
2020-01-04 12:00:00,16.0,56,1016.7,18.8,39.0,1016.3,-2.8000000000000007,17.0,0.40000000000009095,3.0,-0.9333333333333336,5.666666666666667,0.13333333333336364,16.933333333333334,51.333333333333336,1017.6666666666666,1.6165807537309589,10.785793124908952,2.0305992547351237,12,1,1.2246467991473532e-16,-1.0,0.49999999999999994,0.8660254037844387
2020-01-05 03:00:00,8.0,94,1019.3,16.0,56.0,1016.7,-8.0,38.0,2.599999999999909,15.0,-0.5333333333333333,2.533333333333333,0.17333333333332726,14.266666666666667,63.0,1017.4333333333334,5.604759881862321,28.160255680657446,1.628905563048563,3,1,0.7071067811865476,0.7071067811865476,0.49999999999999994,0.8660254037844387
2020-01-05 06:00:00,17.2,50,1019.1,8.0,94.0,1019.3,9.2,-44.0,-0.1999999999999318,3.0,3.0666666666666664,-14.666666666666666,-0.06666666666664393,13.733333333333334,66.66666666666667,1018.3666666666667,5.001333155602948,23.860706890897706,1.4468356276133645,6,1,1.0,6.123233995736766e-17,0.49999999999999994,0.8660254037844387
2020-01-05 09:00:00,17.6,46,1017.7,17.2,50.0,1019.1,0.40000000000000213,-4.0,-1.3999999999999773,3.0,0.13333333333333405,-1.3333333333333333,-0.46666666666665907,14.266666666666667,63.333333333333336,1018.6999999999999,5.430776494511015,26.63331247391757,0.8717797887072357,9,1,0.7071067811865476,-0.7071067811865475,0.49999999999999994,0.8660254037844387
2020-01-05 12:00:00,15.4,65,1018.6,17.6,46.0,1017.7,-2.200000000000001,19.0,0.8999999999999773,3.0,-0.7333333333333337,6.333333333333333,0.29999999999999244,16.733333333333334,53.666666666666664,1018.4666666666667,1.1718930554164715,10.016652800877814,0.7094598884585411,12,1,1.2246467991473532e-16,-1.0,0.49999999999999994,0.8660254037844387
2020-01-06 03:00:00,11.0,88,1021.0,15.4,65.0,1018.6,-4.4,23.0,2.3999999999999773,15.0,-0.29333333333333333,1.5333333333333334,0.15999999999999848,14.666666666666666,66.33333333333333,1019.1,3.3605555096342856,21.031722072463147,1.705872210922812,3,1,0.7071067811865476,0.7071067811865476,0.49999999999999994,0.8660254037844387
2020-01-06 06:00:00,12.6,79,1021.3,11.0,88.0,1021.0,1.5999999999999996,-9.0,0.2999999999999545,3.0,0.5333333333333332,-3.0,0.09999999999998484,13.0,77.33333333333333,1020.2999999999998,2.2271057451320115,11.590225767142483,1.4798648586946603,6,1,1.0,6.123233995736766e-17,0.49999999999999994,0.8660254037844387
2020-01-06 09:00:00,12.0,85,1020.0,12.6,79.0,1021.3,-0.5999999999999996,6.0,-1.2999999999999545,3.0,-0.19999999999999987,2.0,-0.4333333333333182,11.866666666666669,84.0,1020.7666666666668,0.8082903768654829,4.582575694955871,0.6806859285551554,9,1,0.7071067811865476,-0.7071067811865475,0.49999999999999994,0.8660254037844387
2020-01-06 12:00:00,10.2,97,1019.9,12.0,85.0,1020.0,-1.8000000000000007,12.0,-0.10000000000002274,3.0,-0.6000000000000002,4.0,-0.03333333333334091,11.600000000000001,87.0,1020.4,1.2489995996796843,9.165151389911696,0.7810249675903782,12,1,1.2246467991473532e-16,-1.0,0.49999999999999994,0.8660254037844387
2020-01-07 03:00:00,10.8,100,1019.4,10.2,97.0,1019.9,0.6000000000000014,3.0,-0.5,15.0,0.0400000000000001,0.2,-0.03333333333333333,11.0,94.0,1019.7666666666668,0.9165151389911743,7.93725393319379,0.3214550253654522,3,1,0.7071067811865476,0.7071067811865476,0.49999999999999994,0.8660254037844387
2020-01-07 06:00:00,13.0,93,1019.0,10.8,100.0,1019.4,2.1999999999999993,-7.0,-0.39999999999997726,3.0,0.7333333333333331,-2.3333333333333335,-0.13333333333332575,11.333333333333334,96.66666666666667,1019.4333333333334,1.4742229591664024,3.5118845842842887,0.4509249752814965,6,1,1.0,6.123233995736766e-17,0.49999999999999994,0.8660254037844387
2020-01-07 09:00:00,13.0,96,1016.5,13.0,93.0,1019.0,0.0,3.0,-2.5,3.0,0.0,1.0,-0.8333333333333334,12.266666666666667,96.33333333333333,1018.2999999999998,1.2701705922171795,3.5118845842842887,1.5716233645498978,9,1,0.7071067811865476,-0.7071067811865475,0.49999999999999994,0.8660254037844387
2020-01-07 12:00:00,13.0,96,1015.4,13.0,96.0,1016.5,0.0,0.0,-1.1000000000000227,3.0,0.0,0.0,-0.36666666666667425,13.0,95.0,1016.9666666666667,0.0,1.7320508075689593,1.8448125469360155,12,1,1.2246467991473532e-16,-1.0,0.49999999999999994,0.8660254037844387
2020-01-08 03:00:00,11.8,100,1016.4,13.0,96.0,1015.4,-1.1999999999999993,4.0,1.0,15.0,-0.07999999999999995,0.26666666666666666,0.06666666666666667,12.600000000000001,97.33333333333333,1016.1,0.6928203230275503,2.309401076758505,0.6082762530292358,3,1,0.7071067811865476,0.7071067811865476,0.49999999999999994,0.8660254037844387
2020-01-08 06:00:00,12.4,93,1016.7,11.8,100.0,1016.4,0.5999999999999996,-7.0,0.3000000000000682,3.0,0.19999999999999987,-2.3333333333333335,0.10000000000002274,12.4,96.33333333333333,1016.1666666666666,0.599999999999999,3.5118845842842465,0.6806859285548814,6,1,1.0,6.123233995736766e-17,0.49999999999999994,0.8660254037844387
2020-01-08 09:00:00,13.0,84,1015.3,12.4,93.0,1016.7,0.5999999999999996,-9.0,-1.400000000000091,3.0,0.19999999999999987,-3.0,-0.466666666666697,12.4,92.33333333333333,1016.1333333333332,0.599999999999999,8.02080627701064,0.7371114795827531,9,1,0.7071067811865476,-0.7071067811865475,0.49999999999999994,0.8660254037844387
2020-01-08 12:00:00,11.6,83,1015.9,13.0,84.0,1015.3,-1.4000000000000004,-1.0,0.6000000000000227,3.0,-0.4666666666666668,-0.3333333333333333,0.2000000000000076,12.333333333333334,86.66666666666667,1015.9666666666667,0.7023769168568488,5.507570547286098,0.7023769168564349,12,1,1.2246467991473532e-16,-1.0,0.49999999999999994,0.8660254037844387
2020-01-09 03:00:00,7.8,100,1020.0,11.6,83.0,1015.9,-3.8,17.0,4.100000000000023,15.0,-0.2533333333333333,1.1333333333333333,0.27333333333333487,10.800000000000002,89.0,1017.0666666666666,2.69072480941474,9.539392014169454,2.557994005726464,3,1,0.7071067811865476,0.7071067811865476,0.49999999999999994,0.8660254037844387
2020-01-09 06:00:00,11.0,88,1022.2,7.8,100.0,1020.0,3.2,-12.0,2.2000000000000455,3.0,1.0666666666666667,-4.0,0.7333333333333485,10.133333333333335,90.33333333333333,1019.3666666666667,2.0428737928059375,8.736894948054102,3.1973947728318426,6,1,1.0,6.123233995736766e-17,0.49999999999999994,0.8660254037844387
2020-01-09 09:00:00,13.6,69,1020.1,11.0,88.0,1022.2,2.5999999999999996,-19.0,-2.1000000000000227,3.0,0.8666666666666666,-6.333333333333333,-0.7000000000000076,10.800000000000002,85.66666666666667,1020.7666666666668,2.905167809266788,15.631165450257809,1.2423096769051645,9,1,0.7071067811865476,-0.7071067811865475,0.49999999999999994,0.8660254037844387
2020-01-09 12:00:00,12.6,70,1020.6,13.6,69.0,1020.1,-1.0,1.0,0.5,3.0,-0.3333333333333333,0.3333333333333333,0.16666666666666666,12.4,75.66666666666667,1020.9666666666667,1.3114877048604003,10.692676621563633,1.0969655114597838,12,1,1.2246467991473532e-16,-1.0,0.49999999999999994,0.8660254037844387
2020-01-10 03:00:00,6.6,94,1021.9,12.6,70.0,1020.6,-6.0,24.0,1.2999999999999545,15.0,-0.4,1.6,0.08666666666666363,10.933333333333335,77.66666666666667,1020.8666666666668,3.7859388972001806,14.15391583037477,0.9291573243171202,3,1,0.7071067811865476,0.7071067811865476,0.49999999999999994,0.8660254037844387
2020-01-10 06:00:00,13.8,56,1021.8,6.6,94.0,1021.9,7.200000000000001,-38.0,-0.10000000000002274,3.0,2.4000000000000004,-12.666666666666666,-0.03333333333334091,11.0,73.33333333333333,1021.4333333333334,3.857460304397181,19.2180470738661,0.7234178138062134,6,1,1.0,6.123233995736766e-17,0.49999999999999994,0.8660254037844387
2020-01-10 09:00:00,17.0,43,1019.8,13.8,56.0,1021.8,3.1999999999999993,-13.0,-2.0,3.0,1.0666666666666664,-4.333333333333333,-0.6666666666666666,12.466666666666669,64.33333333333333,1021.1666666666666,5.326662494783515,26.501572280401277,1.1846237095939929,9,1,0.7071067811865476,-0.7071067811865475,0.49999999999999994,0.8660254037844387
2020-01-10 12:00:00,14.2,55,1019.3,17.0,43.0,1019.8,-2.8000000000000007,12.0,-0.5,3.0,-0.9333333333333336,4.0,-0.16666666666666666,15.0,51.333333333333336,1020.2999999999998,1.7435595774162782,7.234178138070213,1.322875655531873,12,1,1.2246467991473532e-16,-1.0,0.49999999999999994,0.8660254037844387
2020-01-11 03:00:00,7.8,86,1020.5,14.2,55.0,1019.3,-6.3999999999999995,31.0,1.2000000000000455,15.0,-0.42666666666666664,2.066666666666667,0.08000000000000303,13.0,61.333333333333336,1019.8666666666667,4.7159304490206395,22.188585654190156,0.6027713773332531,3,1,0.7071067811865476,0.7071067811865476,0.49999999999999994,0.8660254037844387
2020-01-11 06:00:00,15.4,46,1021.3,7.8,86.0,1020.5,7.6000000000000005,-40.0,0.7999999999999545,3.0,2.5333333333333337,-13.333333333333334,0.2666666666666515,12.466666666666669,62.333333333333336,1020.3666666666667,4.085747585611885,20.984120980716188,1.0066445913688302,6,1,1.0,6.123233995736766e-17,0.49999999999999994,0.8660254037844387
2020-01-11 09:00:00,18.6,38,1018.2,15.4,46.0,1021.3,3.200000000000001,-8.0,-3.099999999999909,3.0,1.066666666666667,-2.6666666666666665,-1.033333333333303,13.933333333333335,56.666666666666664,1020.0,5.547371750057262,25.716402029314544,1.6093476939427365,9,1,0.7071067811865476,-0.7071067811865475,0.49999999999999994,0.8660254037844387
2020-01-12 03:00:00,10.0,87,1018.3,18.6,38.0,1018.2,-8.600000000000001,49.0,0.09999999999990905,18.0,-0.47777777777777786,2.7222222222222223,0.0055555555555505025,14.66666666666667,57.0,1019.2666666666668,4.346646216720815,26.28687885618983,1.7616280348962639,3,1,0.7071067811865476,0.7071067811865476,0.49999999999999994,0.8660254037844387
2020-01-12 06:00:00,15.8,59,1018.1,10.0,87.0,1018.3,5.800000000000001,-28.0,-0.1999999999999318,3.0,1.9333333333333336,-9.333333333333334,-0.06666666666664393,14.800000000000002,61.333333333333336,1018.1999999999999,4.3863424398922675,24.583192089989723,0.0999999999982835,6,1,1.0,6.123233995736766e-17,0.49999999999999994,0.8660254037844387
2020-01-12 12:00:00,14.8,76,1014.6,15.8,59.0,1018.1,-1.0,17.0,-3.5,6.0,-0.16666666666666666,2.8333333333333335,-0.5833333333333334,13.533333333333337,74.0,1017.0,3.100537587795602,14.10673597966588,2.080865204668559,12,1,1.2246467991473532e-16,-1.0,0.49999999999999994,0.8660254037844387
2020-01-13 03:00:00,11.4,92,1011.1,14.8,76.0,1014.6,-3.4000000000000004,16.0,-3.5,15.0,-0.22666666666666668,1.0666666666666667,-0.23333333333333334,14.000000000000002,75.66666666666667,1014.6,2.306512518934167,16.502525059315413,3.5000000000002927,3,1,0.7071067811865476,0.7071067811865476,0.49999999999999994,0.8660254037844387
2020-01-13 06:00:00,14.2,78,1010.7,11.4,92.0,1011.1,2.799999999999999,-14.0,-0.39999999999997726,3.0,0.933333333333333,-4.666666666666667,-0.13333333333332575,13.466666666666669,82.0,1012.1333333333333,1.8147543451755022,8.717797887081332,2.1455380055680657,6,1,1.0,6.123233995736766e-17,0.49999999999999994,0.8660254037844387
2020-01-13 09:00:00,12.6,96,1009.2,14.2,78.0,1010.7,-1.5999999999999996,18.0,-1.5,3.0,-0.5333333333333332,6.0,-0.5,12.733333333333334,88.66666666666667,1010.3333333333334,1.40475383371371,9.451631252505202,1.0016652800901424,9,1,0.7071067811865476,-0.7071067811865475,0.49999999999999994,0.8660254037844387
2020-01-13 12:00:00,12.8,96,1010.6,12.6,96.0,1009.2,0.20000000000000107,0.0,1.3999999999999773,3.0,0.06666666666666703,0.0,0.46666666666665907,13.200000000000003,90.0,1010.1666666666666,0.8717797887081524,10.392304845413252,0.8386497083634933,12,1,1.2246467991473532e-16,-1.0,0.49999999999999994,0.8660254037844387
2020-01-14 03:00:00,8.8,97,1017.8,12.8,96.0,1010.6,-4.0,1.0,7.199999999999932,15.0,-0.26666666666666666,0.06666666666666667,0.47999999999999543,11.4,96.33333333333333,1012.5333333333333,2.2538855339169377,0.5773502691896278,4.614469994846181,3,1,0.7071067811865476,0.7071067811865476,0.49999999999999994,0.8660254037844387
2020-01-14 06:00:00,12.2,83,1018.8,8.8,97.0,1017.8,3.3999999999999986,-14.0,1.0,3.0,1.1333333333333329,-4.666666666666667,0.3333333333333333,11.266666666666667,92.0,1015.7333333333332,2.157158624981801,7.810249675906654,4.473626418615275,6,1,1.0,6.123233995736766e-17,0.49999999999999994,0.8660254037844387
2020-01-14 09:00:00,15.4,66,1015.7,12.2,83.0,1018.8,3.200000000000001,-17.0,-3.099999999999909,3.0,1.066666666666667,-5.666666666666667,-1.033333333333303,12.133333333333335,82.0,1017.4333333333334,3.3005050118630885,15.524174696260024,1.5821925715066552,9,1,0.7071067811865476,-0.7071067811865475,0.49999999999999994,0.8660254037844387
2020-01-14 12:00:00,13.8,73,1015.7,15.4,66.0,1015.7,-1.5999999999999996,7.0,0.0,3.0,-0.5333333333333332,2.3333333333333335,0.0,13.800000000000002,74.0,1016.7333333333332,1.6000000000000068,8.54400374531753,1.7897858344873994,12,1,1.2246467991473532e-16,-1.0,0.49999999999999994,0.8660254037844387
2020-01-15 03:00:00,7.8,97,1018.8,13.8,73.0,1015.7,-6.000000000000001,24.0,3.099999999999909,15.0,-0.4000000000000001,1.6,0.20666666666666061,12.333333333333336,78.66666666666667,1016.7333333333332,4.006661120351129,16.258331197676263,1.7897858344877873,3,1,0.7071067811865476,0.7071067811865476,0.49999999999999994,0.8660254037844387
2020-01-15 06:00:00,11.2,85,1019.8,7.8,97.0,1018.8,3.3999999999999995,-12.0,1.0,3.0,1.133333333333333,-4.0,0.3333333333333333,10.933333333333335,85.0,1018.1,3.0088757590391424,11.999999999999995,2.137755832643133,6,1,1.0,6.123233995736766e-17,0.49999999999999994,0.8660254037844387
2020-01-15 09:00:00,14.4,76,1017.4,11.2,85.0,1019.8,3.200000000000001,-9.0,-2.3999999999999773,3.0,1.066666666666667,-3.0,-0.7999999999999924,11.133333333333333,86.0,1018.6666666666666,3.300505011863089,10.535653752852733,1.2055427546682813,9,1,0.7071067811865476,-0.7071067811865475,0.49999999999999994,0.8660254037844387
2020-01-15 12:00:00,12.0,90,1017.0,14.4,76.0,1017.4,-2.4000000000000004,14.0,-0.39999999999997726,3.0,-0.8000000000000002,4.666666666666667,-0.13333333333332575,12.533333333333333,83.66666666666667,1018.0666666666666,1.6653327995729135,7.094598884597578,1.5143755588799923,12,1,1.2246467991473532e-16,-1.0,0.49999999999999994,0.8660254037844387
2020-01-16 03:00:00,7.8,100,1017.9,12.0,90.0,1017.0,-4.2,10.0,0.8999999999999773,15.0,-0.28,0.6666666666666666,0.059999999999998485,11.4,88.66666666666667,1017.4333333333334,3.340658617698019,12.055427546683408,0.4509249752819979,3,1,0.7071067811865476,0.7071067811865476,0.49999999999999994,0.8660254037844387
2020-01-16 06:00:00,9.6,97,1018.4,7.8,100.0,1017.9,1.7999999999999998,-3.0,0.5,3.0,0.6,-1.0,0.16666666666666666,9.800000000000002,95.66666666666667,1017.7666666666665,2.107130750570561,5.131601439446862,0.7094598884595822,6,1,1.0,6.123233995736766e-17,0.49999999999999994,0.8660254037844387
2020-01-16 09:00:00,11.8,88,1016.1,9.6,97.0,1018.4,2.200000000000001,-9.0,-2.2999999999999545,3.0,0.7333333333333337,-3.0,-0.7666666666666515,9.733333333333336,95.0,1017.4666666666666,2.003330560175577,6.244997998398378,1.2096831541081643,9,1,0.7071067811865476,-0.7071067811865475,0.49999999999999994,0.8660254037844387
2020-01-16 12:00:00,10.8,92,1015.7,11.8,88.0,1016.1,-1.0,4.0,-0.39999999999997726,3.0,-0.3333333333333333,1.3333333333333333,-0.13333333333332575,10.733333333333334,92.33333333333333,1016.7333333333332,1.101514109457241,4.509249752822866,1.4571661996261964,12,1,1.2246467991473532e-16,-1.0,0.49999999999999994,0.8660254037844387
2020-01-17 03:00:00,9.8,100,1018.4,10.8,92.0,1015.7,-1.0,8.0,2.699999999999932,15.0,-0.06666666666666667,0.5333333333333333,0.17999999999999544,10.800000000000002,93.33333333333333,1016.7333333333332,1.000000000000022,6.110100926607767,1.4571661996261964,3,1,0.7071067811865476,0.7071067811865476,0.49999999999999994,0.8660254037844387
2020-01-17 06:00:00,14.0,78,1018.5,9.8,100.0,1018.4,4.199999999999999,-22.0,0.10000000000002274,3.0,1.3999999999999997,-7.333333333333333,0.03333333333334091,11.533333333333337,90.0,1017.5333333333333,2.193931022920585,11.135528725660034,1.5885003409924472,6,1,1.0,6.123233995736766e-17,0.49999999999999994,0.8660254037844387
2020-01-17 09:00:00,15.2,73,1016.4,14.0,78.0,1018.5,1.1999999999999993,-5.0,-2.1000000000000227,3.0,0.39999999999999974,-1.6666666666666667,-0.7000000000000076,13.0,83.66666666666667,1017.7666666666668,2.8354893757515667,14.364307617610155,1.184623709594446,9,1,0.7071067811865476,-0.7071067811865475,0.49999999999999994,0.8660254037844387
2020-01-17 12:00:00,14.8,76,1016.5,15.2,73.0,1016.4,-0.3999999999999986,3.0,0.10000000000002274,3.0,-0.13333333333333286,1.0,0.03333333333334091,14.666666666666666,75.66666666666667,1017.1333333333332,0.611010092660765,2.5166114784235547,1.1846237095944612,12,1,1.2246467991473532e-16,-1.0,0.49999999999999994,0.8660254037844387
2020-01-18 03:00:00,10.2,97,1020.2,14.8,76.0,1016.5,-4.600000000000001,21.0,3.7000000000000455,15.0,-0.30666666666666675,1.4,0.2466666666666697,13.4,82.0,1017.6999999999999,2.7784887978899633,13.076696830622016,2.165640782770779,3,1,0.7071067811865476,0.7071067811865476,0.49999999999999994,0.8660254037844387
2020-01-18 06:00:00,12.8,79,1021.8,10.2,97.0,1020.2,2.6000000000000014,-18.0,1.599999999999909,3.0,0.8666666666666671,-6.0,0.533333333333303,12.600000000000001,84.0,1019.5,2.3065125189341664,11.35781669160054,2.718455443813523,6,1,1.0,6.123233995736766e-17,0.49999999999999994,0.8660254037844387
2020-01-18 09:00:00,15.0,76,1018.6,12.8,79.0,1021.8,2.1999999999999993,-3.0,-3.199999999999932,3.0,0.7333333333333331,-1.0,-1.066666666666644,12.666666666666666,84.0,1020.1999999999999,2.402776172125353,11.35781669160054,1.5999999999997219,9,1,0.7071067811865476,-0.7071067811865475,0.49999999999999994,0.8660254037844387
2020-01-18 12:00:00,13.5,79,1018.2,15.0,76.0,1018.6,-1.5,3.0,-0.39999999999997726,3.0,-0.5,1.0,-0.13333333333332575,13.766666666666667,78.0,1019.5333333333333,1.1239810200058276,1.7320508075688363,1.9731531449263502,12,1,1.2246467991473532e-16,-1.0,0.49999999999999994,0.8660254037844387
2020-01-19 03:00:00,7.6,100,1021.1,13.5,79.0,1018.2,-5.9,21.0,2.8999999999999773,15.0,-0.39333333333333337,1.4,0.19333333333333183,12.033333333333333,85.0,1019.3000000000001,3.9119475115769857,13.076696830622016,1.5716233645500937,3,1,0.7071067811865476,0.7071067811865476,0.49999999999999994,0.8660254037844387
2020-01-19 06:00:00,14.2,61,1021.7,7.6,100.0,1021.1,6.6,-39.0,0.6000000000000227,3.0,2.1999999999999997,-13.0,0.2000000000000076,11.766666666666667,80.0,1020.3333333333334,3.625373543972176,19.519221295943133,1.8717193521819695,6,1,1.0,6.123233995736766e-17,0.49999999999999994,0.8660254037844387
2020-01-19 09:00:00,18.2,52,1018.8,14.2,61.0,1021.7,4.0,-9.0,-2.900000000000091,3.0,1.3333333333333333,-3.0,-0.966666666666697,13.333333333333334,71.0,1020.5333333333333,5.352880844305555,25.514701644346147,1.530795000427059,9,1,0.7071067811865476,-0.7071067811865475,0.49999999999999994,0.8660254037844387
2020-01-19 12:00:00,16.2,56,1017.8,18.2,52.0,1018.8,-2.0,4.0,-1.0,3.0,-0.6666666666666666,1.3333333333333333,-0.3333333333333333,16.2,56.333333333333336,1019.4333333333334,1.9999999999999947,4.509249752822882,2.0256686138984095,12,1,1.2246467991473532e-16,-1.0,0.49999999999999994,0.8660254037844387
2020-01-20 03:00:00,9.2,95,1019.1,16.2,56.0,1017.8,-7.0,39.0,1.3000000000000682,15.0,-0.4666666666666667,2.6,0.08666666666667121,14.533333333333333,67.66666666666667,1018.5666666666666,4.725815626252607,23.755701070129106,0.6806859285554367,3,1,0.7071067811865476,0.7071067811865476,0.49999999999999994,0.8660254037844387
2020-01-20 06:00:00,16.0,47,1019.1,9.2,95.0,1019.1,6.800000000000001,-48.0,0.0,3.0,2.266666666666667,-16.0,0.0,13.799999999999999,66.0,1018.6666666666666,3.9849717690342543,25.514701644346143,0.75055534994652,6,1,1.0,6.123233995736766e-17,0.49999999999999994,0.8660254037844387
2020-01-20 09:00:00,18.8,30,1016.9,16.0,47.0,1019.1,2.8000000000000007,-17.0,-2.2000000000000455,3.0,0.9333333333333336,-5.666666666666667,-0.7333333333333485,14.666666666666666,57.333333333333336,1018.3666666666667,4.936935621752964,33.70954365359064,1.270170592217203,9,1,0.7071067811865476,-0.7071067811865475,0.49999999999999994,0.8660254037844387
2020-01-20 12:00:00,16.2,56,1016.9,18.8,30.0,1016.9,-2.6000000000000014,26.0,0.0,3.0,-0.8666666666666671,8.666666666666666,0.0,17.0,44.333333333333336,1017.6333333333333,1.5620499351813202,13.203534880225563,1.270170592217203,12,1,1.2246467991473532e-16,-1.0,0.49999999999999994,0.8660254037844387
2020-01-21 03:00:00,12.0,81,1020.1,16.2,56.0,1016.9,-4.199999999999999,25.0,3.2000000000000455,15.0,-0.27999999999999997,1.6666666666666667,0.21333333333333637,15.666666666666666,55.666666666666664,1017.9666666666667,3.4312291286554033,25.501633934580216,1.8475208614068122,3,1,0.7071067811865476,0.7071067811865476,0.49999999999999994,0.8660254037844387
2020-01-21 06:00:00,16.8,59,1020.6,12.0,81.0,1020.1,4.800000000000001,-22.0,0.5,3.0,1.6000000000000003,-7.333333333333333,0.16666666666666666,15.0,65.33333333333333,1019.1999999999999,2.615339366124403,13.65039681962884,2.0074859899884667,6,1,1.0,6.123233995736766e-17,0.49999999999999994,0.8660254037844387
2020-01-21 09:00:00,19.6,46,1018.3,16.8,59.0,1020.6,2.8000000000000007,-13.0,-2.300000000000068,3.0,0.9333333333333336,-4.333333333333333,-0.7666666666666894,16.133333333333336,62.0,1019.6666666666666,3.843609414773217,17.691806012954128,1.2096831541082378,9,1,0.7071067811865476,-0.7071067811865475,0.49999999999999994,0.8660254037844387
2020-01-21 12:00:00,16.2,68,1018.7,19.6,46.0,1018.3,-3.400000000000002,22.0,0.40000000000009095,3.0,-1.133333333333334,7.333333333333333,0.13333333333336364,17.533333333333335,57.666666666666664,1019.2000000000002,1.8147543451754795,11.060440015358033,1.2288205727444277,12,1,1.2246467991473532e-16,-1.0,0.49999999999999994,0.8660254037844387
2020-01-22 03:00:00,9.8,87,1023.2,16.2,68.0,1018.7,-6.399999999999999,19.0,4.5,15.0,-0.4266666666666666,1.2666666666666666,0.3,15.199999999999998,67.0,1020.0666666666666,4.975942121849889,20.51828452868319,2.720906711619003,3,1,0.7071067811865476,0.7071067811865476,0.49999999999999994,0.8660254037844387
2020-01-22 06:00:00,17.2,50,1023.2,9.8,87.0,1023.2,7.399999999999999,-37.0,0.0,3.0,2.4666666666666663,-12.333333333333334,0.0,14.4,68.33333333333333,1021.7000000000002,4.014971979976944,18.502252115170553,2.5980762113532765,6,1,1.0,6.123233995736766e-17,0.49999999999999994,0.8660254037844387
2020-01-22 09:00:00,20.0,40,1020.5,17.2,50.0,1023.2,2.8000000000000007,-10.0,-2.7000000000000455,3.0,0.9333333333333336,-3.3333333333333335,-0.9000000000000151,15.666666666666666,59.0,1022.3000000000001,5.27004111305911,24.75883680627989,1.5588457268120322,9,1,0.7071067811865476,-0.7071067811865475,0.49999999999999994,0.8660254037844387
2020-01-22 12:00:00,17.0,52,1019.7,20.0,40.0,1020.5,-3.0,12.0,-0.7999999999999545,3.0,-1.0,4.0,-0.2666666666666515,18.066666666666666,47.333333333333336,1021.1333333333333,1.6772994167211954,6.429100507328618,1.8339392937972765,12,1,1.2246467991473532e-16,-1.0,0.49999999999999994,0.8660254037844387
2020-01-23 03:00:00,9.8,77,1021.1,17.0,52.0,1019.7,-7.199999999999999,25.0,1.3999999999999773,15.0,-0.4799999999999999,1.6666666666666667,0.09333333333333181,15.6,56.333333333333336,1020.4333333333334,5.24213696883246,18.876793513023685,0.7023769168571702,3,1,0.7071067811865476,0.7071067811865476,0.49999999999999994,0.8660254037844387
2020-01-23 06:00:00,15.2,49,1021.9,9.8,77.0,1021.1,5.399999999999999,-28.0,0.7999999999999545,3.0,1.7999999999999996,-9.333333333333334,0.2666666666666515,14.0,59.333333333333336,1020.9,3.7469987990390394,15.373136743466933,1.1135528725661457,6,1,1.0,6.123233995736766e-17,0.49999999999999994,0.8660254037844387
2020-01-23 09:00:00,17.6,41,1019.1,15.2,49.0,1021.9,2.400000000000002,-8.0,-2.7999999999999545,3.0,0.8000000000000007,-2.6666666666666665,-0.9333333333333181,14.200000000000001,55.666666666666664,1020.6999999999999,3.9949968710876367,18.903262505010424,1.4422205101857113,9,1,0.7071067811865476,-0.7071067811865475,0.49999999999999994,0.8660254037844387
2020-01-23 12:00:00,15.2,49,1017.8,17.6,41.0,1019.1,-2.400000000000002,8.0,-1.3000000000000682,3.0,-0.8000000000000007,2.6666666666666665,-0.43333333333335605,16.0,46.333333333333336,1019.6,1.3856406460550976,4.6188021535169685,2.095232683975808,12,1,1.2246467991473532e-16,-1.0,0.49999999999999994,0.8660254037844387
2020-01-24 03:00:00,8.0,83,1018.3,15.2,49.0,1017.8,-7.199999999999999,34.0,0.5,15.0,-0.4799999999999999,2.2666666666666666,0.03333333333333333,13.6,57.666666666666664,1018.4,4.9959983987187195,22.300971578236968,0.6557438524306819,3,1,0.7071067811865476,0.7071067811865476,0.49999999999999994,0.8660254037844387
2020-01-24 06:00:00,15.8,48,1017.7,8.0,83.0,1018.3,7.800000000000001,-35.0,-0.599999999999909,3.0,2.6,-11.666666666666666,-0.19999999999996967,13.0,60.0,1017.9333333333334,4.340506882842142,19.92485884517127,0.3214550253672971,6,1,1.0,6.123233995736766e-17,0.49999999999999994,0.8660254037844387
2020-01-24 09:00:00,19.8,34,1014.6,15.8,48.0,1017.7,4.0,-14.0,-3.1000000000000227,3.0,1.3333333333333333,-4.666666666666667,-1.033333333333341,14.533333333333333,55.0,1016.8666666666667,6.0011110082495005,25.23885892824792,1.9857828011476573,9,1,0.7071067811865476,-0.7071067811865475,0.49999999999999994,0.8660254037844387
2020-01-24 12:00:00,17.0,41,1014.8,19.8,34.0,1014.6,-2.8000000000000007,7.0,0.1999999999999318,3.0,-0.9333333333333336,2.3333333333333335,0.06666666666664393,17.533333333333335,41.0,1015.7000000000002,2.052640575778747,6.999999999999984,1.7349351572899723,12,1,1.2246467991473532e-16,-1.0,0.49999999999999994,0.8660254037844387
2020-01-25 03:00:00,7.0,91,1018.8,17.0,41.0,1014.8,-10.0,50.0,4.0,15.0,-0.6666666666666666,3.3333333333333335,0.26666666666666666,14.6,55.333333333333336,1016.0666666666666,6.729041536504288,31.085902485424697,2.3692474191890107,3,1,0.7071067811865476,0.7071067811865476,0.49999999999999994,0.8660254037844387
2020-01-25 06:00:00,15.0,58,1018.7,7.0,91.0,1018.8,8.0,-33.0,-0.09999999999990905,3.0,2.6666666666666665,-11.0,-0.03333333333330302,13.0,63.333333333333336,1017.4333333333334,5.2915026221291805,25.423086620891127,2.281081614790162,6,1,1.0,6.123233995736766e-17,0.49999999999999994,0.8660254037844387
2020-01-25 09:00:00,19.6,42,1015.3,15.0,58.0,1018.7,4.600000000000001,-16.0,-3.400000000000091,3.0,1.5333333333333339,-5.333333333333333,-1.1333333333333637,13.866666666666667,63.666666666666664,1017.6,6.375996654118737,24.98666310921355,1.9924858845171878,9,1,0.7071067811865476,-0.7071067811865475,0.49999999999999994,0.8660254037844387
2020-01-25 12:00:00,16.0,69,1015.3,19.6,42.0,1015.3,-3.6000000000000014,27.0,0.0,3.0,-1.2000000000000004,9.0,0.0,16.866666666666667,56.333333333333336,1016.4333333333334,2.419366308216534,13.576941236277529,1.9629909152448164,12,1,1.2246467991473532e-16,-1.0,0.49999999999999994,0.8660254037844387
2020-01-26 03:00:00,6.8,100,1017.9,16.0,69.0,1015.3,-9.2,31.0,2.6000000000000227,15.0,-0.6133333333333333,2.066666666666667,0.17333333333333484,14.133333333333333,70.33333333333333,1016.1666666666666,6.601010023726166,29.022979401386987,1.5011106998930401,3,1,0.7071067811865476,0.7071067811865476,0.49999999999999994,0.8660254037844387
2020-01-26 06:00:00,12.2,93,1017.4,6.8,100.0,1017.9,5.3999999999999995,-7.0,-0.5,3.0,1.7999999999999998,-2.3333333333333335,-0.16666666666666666,11.666666666666666,87.33333333333333,1016.8666666666667,4.623130252689549,16.25833119767627,1.3796134724383635,6,1,1.0,6.123233995736766e-17,0.49999999999999994,0.8660254037844387
2020-01-26 09:00:00,20.0,46,1014.8,12.2,93.0,1017.4,7.800000000000001,-47.0,-2.6000000000000227,3.0,2.6,-15.666666666666666,-0.8666666666666742,13.0,79.66666666666667,1016.6999999999999,6.636264009214823,29.365512652316045,1.6643316977093627,9,1,0.7071067811865476,-0.7071067811865475,0.49999999999999994,0.8660254037844387
2020-01-26 12:00:00,16.8,68,1013.5,20.0,46.0,1014.8,-3.1999999999999993,22.0,-1.2999999999999545,3.0,-1.0666666666666664,7.333333333333333,-0.4333333333333182,16.333333333333332,69.0,1015.2333333333332,3.9208842540086946,23.515952032609704,1.9857828011474905,12,1,1.2246467991473532e-16,-1.0,0.49999999999999994,0.8660254037844387
2020-01-27 03:00:00,8.8,92,1014.9,16.8,68.0,1013.5,-8.0,24.0,1.3999999999999773,15.0,-0.5333333333333333,1.6,0.09333333333333181,15.200000000000001,68.66666666666667,1014.4,5.768882040742383,23.007245235649872,0.7810249675904513,3,1,0.7071067811865476,0.7071067811865476,0.49999999999999994,0.8660254037844387
2020-01-27 06:00:00,15.0,76,1014.7,8.8,92.0,1014.9,6.199999999999999,-16.0,-0.1999999999999318,3.0,2.0666666666666664,-5.333333333333333,-0.06666666666664393,13.533333333333333,78.66666666666667,1014.3666666666667,4.196824196143241,12.220201853215585,0.7571877794398296,6,1,1.0,6.123233995736766e-17,0.49999999999999994,0.8660254037844387
2020-01-27 09:00:00,14.8,84,1012.8,15.0,76.0,1014.7,-0.1999999999999993,8.0,-1.900000000000091,3.0,-0.06666666666666643,2.6666666666666665,-0.6333333333333636,12.866666666666667,84.0,1014.1333333333333,3.523256069793021,8.000000000000016,1.1590225767141062,9,1,0.7071067811865476,-0.7071067811865475,0.49999999999999994,0.8660254037844387
2020-01-27 12:00:00,13.6,91,1011.9,14.8,84.0,1012.8,-1.200000000000001,7.0,-0.8999999999999773,3.0,-0.40000000000000036,2.3333333333333335,-0.29999999999999244,14.466666666666667,83.66666666666667,1013.1333333333332,0.7571877794400416,7.50555349946515,1.4294521094925334,12,1,1.2246467991473532e-16,-1.0,0.49999999999999994,0.8660254037844387
2020-01-28 03:00:00,12.2,93,1011.1,13.6,91.0,1011.9,-1.4000000000000004,2.0,-0.7999999999999545,15.0,-0.09333333333333335,0.13333333333333333,-0.053333333333330304,13.533333333333333,89.33333333333333,1011.9333333333334,1.3012814197295515,4.725815626252632,0.8504900548107832,3,1,0.7071067811865476,0.7071067811865476,0.49999999999999994,0.8660254037844387
2020-01-28 06:00:00,15.2,76,1011.7,12.2,93.0,1011.1,3.0,-17.0,0.6000000000000227,3.0,1.0,-5.666666666666667,0.2000000000000076,13.666666666666666,86.66666666666667,1011.5666666666666,1.5011106998930337,9.291573243177584,0.41633319989154294,6,1,1.0,6.123233995736766e-17,0.49999999999999994,0.8660254037844387
2020-01-28 09:00:00,17.2,76,1009.0,15.2,76.0,1011.7,2.0,0.0,-2.7000000000000455,3.0,0.6666666666666666,0.0,-0.9000000000000151,14.866666666666665,81.66666666666667,1010.6,2.516611478423584,9.814954576223654,1.417744687875104,9,1,0.7071067811865476,-0.7071067811865475,0.49999999999999994,0.8660254037844387
2020-01-28 12:00:00,15.6,75,1009.3,17.2,76.0,1009.0,-1.5999999999999996,-1.0,0.2999999999999545,3.0,-0.5333333333333332,-0.3333333333333333,0.09999999999998484,16.0,75.66666666666667,1010.0,1.05830052442583,0.5773502691896278,1.4798648586941021,12,1,1.2246467991473532e-16,-1.0,0.49999999999999994,0.8660254037844387
2020-01-29 03:00:00,10.6,95,1018.4,15.6,75.0,1009.3,-5.0,20.0,9.100000000000023,15.0,-0.3333333333333333,1.3333333333333333,0.6066666666666681,14.466666666666663,82.0,1012.2333333333332,3.442867022313429,11.269427669584644,5.342596122984806,3,1,0.7071067811865476,0.7071067811865476,0.49999999999999994,0.8660254037844387
2020-01-29 06:00:00,16.0,71,1020.0,10.6,95.0,1018.4,5.4,-24.0,1.6000000000000227,3.0,1.8,-8.0,0.5333333333333409,14.066666666666668,80.33333333333333,1015.9,3.0088757590391375,12.858201014657272,5.771481612203352,6,1,1.0,6.123233995736766e-17,0.49999999999999994,0.8660254037844387
2020-01-29 09:00:00,17.8,62,1018.1,16.0,71.0,1020.0,1.8000000000000007,-9.0,-1.8999999999999773,3.0,0.6000000000000002,-3.0,-0.6333333333333258,14.799999999999999,76.0,1018.8333333333334,3.7469987990390403,17.05872210923198,1.0214368964045764,9,1,0.7071067811865476,-0.7071067811865475,0.49999999999999994,0.8660254037844387
2020-01-29 12:00:00,17.4,59,1017.6,17.8,62.0,1018.1,-0.40000000000000213,-3.0,-0.5,3.0,-0.13333333333333405,-1.0,-0.16666666666666666,17.066666666666666,64.0,1018.5666666666666,0.945163125250514,6.244997998398398,1.2662279942160217,12,1,1.2246467991473532e-16,-1.0,0.49999999999999994,0.8660254037844387
2020-01-30 03:00:00,10.8,90,1020.0,17.4,59.0,1017.6,-6.599999999999998,31.0,2.3999999999999773,15.0,-0.43999999999999984,2.066666666666667,0.15999999999999848,15.333333333333334,70.33333333333333,1018.5666666666666,3.931072796748152,17.097758137642884,1.2662279942160217,3,1,0.7071067811865476,0.7071067811865476,0.49999999999999994,0.8660254037844387
2020-01-30 06:00:00,16.4,62,1020.5,10.8,90.0,1020.0,5.599999999999998,-28.0,0.5,3.0,1.866666666666666,-9.333333333333334,0.16666666666666666,14.866666666666665,70.33333333333333,1019.3666666666668,3.557152419187761,17.097758137642884,1.5502687938990216,6,1,1.0,6.123233995736766e-17,0.49999999999999994,0.8660254037844387
2020-01-30 09:00:00,18.0,50,1018.0,16.4,62.0,1020.5,1.6000000000000014,-12.0,-2.5,3.0,0.5333333333333338,-4.0,-0.8333333333333334,15.066666666666668,67.33333333333333,1019.5,3.7806525010020873,20.526405757787536,1.3228756555337933,9,1,0.7071067811865476,-0.7071067811865475,0.49999999999999994,0.8660254037844387
2020-01-30 12:00:00,15.8,61,1017.3,18.0,50.0,1018.0,-2.1999999999999993,11.0,-0.7000000000000455,3.0,-0.7333333333333331,3.6666666666666665,-0.2333333333333485,16.733333333333334,57.666666666666664,1018.6,1.1372481406154624,6.658328118479385,1.6822603841270203,12,1,1.2246467991473532e-16,-1.0,0.49999999999999994,0.8660254037844387
2020-01-31 03:00:00,7.0,100,1017.3,15.8,61.0,1017.3,-8.8,39.0,0.0,15.0,-0.5866666666666667,2.6,0.0,13.6,70.33333333333333,1017.5333333333333,5.8206528843421,26.27419519858474,0.4041451884354286,3,1,0.7071067811865476,0.7071067811865476,0.49999999999999994,0.8660254037844387
2020-01-31 06:00:00,13.4,79,1017.5,7.0,100.0,1017.3,6.4,-21.0,0.20000000000004547,3.0,2.1333333333333333,-7.0,0.06666666666668182,12.066666666666668,80.0,1017.3666666666667,4.548992562461864,19.519221295943137,0.11547005384656285,6,1,1.0,6.123233995736766e-17,0.49999999999999994,0.8660254037844387
2020-01-31 09:00:00,15.8,67,1014.7,13.4,79.0,1017.5,2.4000000000000004,-12.0,-2.7999999999999545,3.0,0.8000000000000002,-4.0,-0.9333333333333181,12.066666666666668,82.0,1016.5,4.548992562461864,16.70329308849007,1.562049935181661,9,1,0.7071067811865476,-0.7071067811865475,0.49999999999999994,0.8660254037844387
2020-01-31 12:00:00,15.0,68,1014.2,15.8,67.0,1014.7,-0.8000000000000007,1.0,-0.5,3.0,-0.2666666666666669,0.3333333333333333,-0.16666666666666666,14.733333333333334,71.33333333333333,1015.4666666666667,1.2220201853215606,6.6583281184794005,1.7785762095938635,12,1,1.2246467991473532e-16,-1.0,0.49999999999999994,0.8660254037844387
2020-02-01 03:00:00,5.0,100,1020.3,15.0,68.0,1014.2,-10.0,32.0,6.099999999999909,15.0,-0.6666666666666666,2.1333333333333333,0.4066666666666606,11.933333333333335,78.33333333333333,1016.4,6.017751518078272,18.770544300401454,3.386738844375273,3,2,0.7071067811865476,0.7071067811865476,0.8660254037844386,0.5000000000000001
2020-02-01 06:00:00,11.2,92,1021.4,5.0,100.0,1020.3,6.199999999999999,-8.0,1.1000000000000227,3.0,2.0666666666666664,-2.6666666666666665,0.36666666666667425,10.399999999999999,86.66666666666667,1018.6333333333333,5.047771785649587,16.653327995729068,3.8785736209766304,6,2,1.0,6.123233995736766e-17,0.8660254037844386,0.5000000000000001
2020-02-01 09:00:00,16.2,60,1019.5,11.2,92.0,1021.4,5.0,-32.0,-1.8999999999999773,3.0,1.6666666666666667,-10.666666666666666,-0.6333333333333258,10.799999999999999,84.0,1020.4,5.610704055642216,21.16601048851673,0.9539392014193391,9,2,0.7071067811865476,-0.7071067811865475,0.8660254037844386,0.5000000000000001
2020-02-01 12:00:00,15.0,66,1019.7,16.2,60.0,1019.5,-1.1999999999999993,6.0,0.20000000000004547,3.0,-0.39999999999999974,2.0,0.06666666666668182,14.133333333333333,72.66666666666667,1020.1999999999999,2.610236260060252,17.00980109623077,1.0440306508931354,12,2,1.2246467991473532e-16,-1.0,0.8660254037844386,0.5000000000000001
2020-02-02 03:00:00,5.0,97,1022.5,15.0,66.0,1019.7,-10.0,31.0,2.7999999999999545,15.0,-0.6666666666666666,2.066666666666667,0.18666666666666362,12.066666666666668,74.33333333333333,1020.5666666666666,6.149254697386777,19.85782801147531,1.677299416722614,3,2,0.7071067811865476,0.7071067811865476,0.8660254037844386,0.5000000000000001
2020-02-02 06:00:00,15.8,65,1021.9,5.0,97.0,1022.5,10.8,-32.0,-0.6000000000000227,3.0,3.6,-10.666666666666666,-0.2000000000000076,11.933333333333332,76.0,1021.3666666666667,6.0177515180782715,18.193405398660254,1.4742229591682243,6,2,1.0,6.123233995736766e-17,0.8660254037844386,0.5000000000000001
2020-02-02 12:00:00,16.2,54,1018.6,15.8,65.0,1021.9,0.3999999999999986,-11.0,-3.2999999999999545,6.0,0.06666666666666643,-1.8333333333333333,-0.5499999999999924,12.333333333333334,72.0,1021.0,6.354001363970057,22.338307903688683,2.100000000001195,12,2,1.2246467991473532e-16,-1.0,0.8660254037844386,0.5000000000000001
2020-02-03 03:00:00,5.6,97,1021.1,16.2,54.0,1018.6,-10.6,43.0,2.5,15.0,-0.7066666666666667,2.8666666666666667,0.16666666666666666,12.533333333333333,72.0,1020.5333333333334,6.007772743149772,22.338307903688683,1.7214335111580357,3,2,0.7071067811865476,0.7071067811865476,0.8660254037844386,0.5000000000000001
2020-02-03 06:00:00,15.6,69,1020.5,5.6,97.0,1021.1,10.0,-28.0,-0.6000000000000227,3.0,3.3333333333333335,-9.333333333333334,-0.2000000000000076,12.466666666666667,73.33333333333333,1020.0666666666666,5.9542701763804216,21.825062046494477,1.3051181300317478,6,2,1.0,6.123233995736766e-17,0.8660254037844386,0.5000000000000001
2020-02-03 09:00:00,19.2,39,1017.5,15.6,69.0,1020.5,3.5999999999999996,-30.0,-3.0,3.0,1.2,-10.0,-1.0,13.466666666666667,68.33333333333333,1019.7000000000002,7.046512139586034,29.005746557076133,1.928730152199645,9,2,0.7071067811865476,-0.7071067811865475,0.8660254037844386,0.5000000000000001
2020-02-03 12:00:00,18.0,50,1016.5,19.2,39.0,1017.5,-1.1999999999999993,11.0,-1.0,3.0,-0.39999999999999974,3.6666666666666665,-0.3333333333333333,17.599999999999998,52.666666666666664,1018.1666666666666,1.8330302779823426,15.176736583776336,2.081665999466925,12,2,1.2246467991473532e-16,-1.0,0.8660254037844386,0.5000000000000001
2020-02-04 03:00:00,5.4,94,1019.2,18.0,50.0,1016.5,-12.6,44.0,2.7000000000000455,15.0,-0.84,2.933333333333333,0.18000000000000302,14.200000000000001,61.0,1017.7333333333332,7.6446059414465575,29.103264421710513,1.3650396819640294,3,2,0.7071067811865476,0.7071067811865476,0.8660254037844386,0.5000000000000001
2020-02-04 06:00:00,15.2,66,1019.3,5.4,94.0,1019.2,9.799999999999999,-28.0,0.09999999999990905,3.0,3.266666666666666,-9.333333333333334,0.03333333333330302,12.866666666666667,70.0,1018.3333333333334,6.616141876753653,22.271057451320093,1.5885003409935203,6,2,1.0,6.123233995736766e-17,0.8660254037844386,0.5000000000000001
2020-02-04 09:00:00,18.2,48,1017.1,15.2,66.0,1019.3,3.0,-18.0,-2.199999999999932,3.0,1.0,-6.0,-0.7333333333333106,12.933333333333332,69.33333333333333,1018.5333333333333,6.694276162015827,23.18045153428495,1.2423096769069233,9,2,0.7071067811865476,-0.7071067811865475,0.8660254037844386,0.5000000000000001
2020-02-04 12:00:00,15.4,57,1017.8,18.2,48.0,1017.1,-2.799999999999999,9.0,0.6999999999999318,3.0,-0.933333333333333,3.0,0.2333333333333106,16.266666666666666,57.0,1018.0666666666666,1.6772994167212283,9.000000000000057,1.123981020007234,12,2,1.2246467991473532e-16,-1.0,0.8660254037844386,0.5000000000000001
2020-02-05 03:00:00,11.0,88,1019.9,15.4,57.0,1017.8,-4.4,31.0,2.1000000000000227,15.0,-0.29333333333333333,2.066666666666667,0.1400000000000015,14.866666666666665,64.33333333333333,1018.2666666666668,3.6295086903509906,20.984120980716202,1.4571661996273801,3,2,0.7071067811865476,0.7071067811865476,0.8660254037844386,0.5000000000000001
2020-02-05 06:00:00,15.2,66,1019.9,11.0,88.0,1019.9,4.199999999999999,-22.0,0.0,3.0,1.3999999999999997,-7.333333333333333,0.0,13.866666666666667,70.33333333333333,1019.1999999999999,2.4846193538112358,15.94783161854092,1.2124355652995815,6,2,1.0,6.123233995736766e-17,0.8660254037844386,0.5000000000000001
2020-02-05 09:00:00,18.6,41,1016.6,15.2,66.0,1019.9,3.400000000000002,-25.0,-3.2999999999999545,3.0,1.133333333333334,-8.333333333333334,-1.0999999999999848,14.933333333333335,65.0,1018.7999999999998,3.807011076071801,23.5159520326097,1.9052558883265829,9,2,0.7071067811865476,-0.7071067811865475,0.8660254037844386,0.5000000000000001
2020-02-05 12:00:00,16.8,53,1016.4,18.6,41.0,1016.6,-1.8000000000000007,12.0,-0.20000000000004547,3.0,-0.6000000000000002,4.0,-0.06666666666668182,16.86666666666667,53.333333333333336,1017.6333333333333,1.7009801096230903,12.503332889007403,1.965536398374874,12,2,1.2246467991473532e-16,-1.0,0.8660254037844386,0.5000000000000001
2020-02-06 03:00:00,7.8,89,1017.8,16.8,53.0,1016.4,-9.0,36.0,1.3999999999999773,15.0,-0.6,2.4,0.09333333333333181,14.4,61.0,1016.9333333333333,5.7861904565957785,24.9799919935936,0.7571877794421327,3,2,0.7071067811865476,0.7071067811865476,0.8660254037844386,0.5000000000000001
2020-02-06 06:00:00,16.2,56,1017.6,7.8,89.0,1017.8,8.399999999999999,-33.0,-0.1999999999999318,3.0,2.7999999999999994,-11.0,-0.06666666666664393,13.6,66.0,1017.2666666666668,5.031898250163655,19.97498435543818,0.7571877794421765,6,2,1.0,6.123233995736766e-17,0.8660254037844386,0.5000000000000001
2020-02-06 12:00:00,16.8,50,1015.4,16.2,56.0,1017.6,0.6000000000000014,-6.0,-2.2000000000000455,6.0,0.10000000000000024,-1.0,-0.36666666666667425,13.6,65.0,1016.9333333333333,5.031898250163655,21.000000000000004,1.331665623697138,12,2,1.2246467991473532e-16,-1.0,0.8660254037844386,0.5000000000000001
2020-02-07 03:00:00,7.0,94,1021.5,16.8,50.0,1015.4,-9.8,44.0,6.100000000000023,15.0,-0.6533333333333334,2.933333333333333,0.4066666666666682,13.333333333333334,66.66666666666667,1018.1666666666666,5.493025881363877,23.860706890897706,3.089228598426547,3,2,0.7071067811865476,0.7071067811865476,0.8660254037844386,0.5000000000000001
2020-02-07 06:00:00,16.0,63,1021.6,7.0,94.0,1021.5,9.0,-31.0,0.10000000000002274,3.0,3.0,-10.333333333333334,0.03333333333334091,13.266666666666666,69.0,1019.5,5.441813423238011,22.605309110914625,3.5510561809133767,6,2,1.0,6.123233995736766e-17,0.8660254037844386,0.5000000000000001
2020-02-07 09:00:00,18.2,43,1019.4,16.0,63.0,1021.6,2.1999999999999993,-20.0,-2.2000000000000455,3.0,0.7333333333333331,-6.666666666666667,-0.7333333333333485,13.733333333333334,66.66666666666667,1020.8333333333334,5.9340823497263155,25.69695182961071,1.242309676906822,9,2,0.7071067811865476,-0.7071067811865475,0.8660254037844386,0.5000000000000001
2020-02-07 12:00:00,17.0,50,1019.2,18.2,43.0,1019.4,-1.1999999999999993,7.0,-0.1999999999999318,3.0,-0.39999999999999974,2.3333333333333335,-0.06666666666664393,17.066666666666666,52.0,1020.0666666666666,1.1015141094572305,10.148891565092256,1.3316656236969244,12,2,1.2246467991473532e-16,-1.0,0.8660254037844386,0.5000000000000001
2020-02-08 03:00:00,7.6,94,1022.4,17.0,50.0,1019.2,-9.4,44.0,3.199999999999932,15.0,-0.6266666666666667,2.933333333333333,0.2133333333333288,14.266666666666666,62.333333333333336,1020.3333333333334,5.804595880277402,27.646579052991953,1.7925772879672655,3,2,0.7071067811865476,0.7071067811865476,0.8660254037844386,0.5000000000000001
2020-02-08 06:00:00,17.6,48,1023.5,7.6,94.0,1022.4,10.000000000000002,-46.0,1.1000000000000227,3.0,3.333333333333334,-15.333333333333334,0.36666666666667425,14.066666666666668,64.0,1021.6999999999999,5.608327142146167,26.0,2.233830790369522,6,2,1.0,6.123233995736766e-17,0.8660254037844386,0.5000000000000001
2020-02-08 09:00:00,20.0,38,1020.9,17.6,48.0,1023.5,2.3999999999999986,-10.0,-2.6000000000000227,3.0,0.7999999999999995,-3.3333333333333335,-0.8666666666666742,15.066666666666668,60.0,1022.2666666666668,6.57672664274055,29.866369046136164,1.3051181300313537,9,2,0.7071067811865476,-0.7071067811865475,0.8660254037844386,0.5000000000000001
2020-02-08 12:00:00,18.4,36,1020.7,20.0,38.0,1020.9,-1.6000000000000014,-2.0,-0.1999999999999318,3.0,-0.5333333333333338,-0.6666666666666666,-0.06666666666664393,18.666666666666668,40.666666666666664,1021.6999999999999,1.2220201853215655,6.429100507328753,1.5620499351822859,12,2,1.2246467991473532e-16,-1.0,0.8660254037844386,0.5000000000000001
2020-02-09 03:00:00,6.4,94,1023.9,18.4,36.0,1020.7,-11.999999999999998,58.0,3.199999999999932,15.0,-0.7999999999999999,3.8666666666666667,0.2133333333333288,14.933333333333332,56.0,1021.8333333333334,7.433258594542058,32.92415526630867,1.792577287967325,3,2,0.7071067811865476,0.7071067811865476,0.8660254037844386,0.5000000000000001
2020-02-09 06:00:00,17.8,62,1023.5,6.4,94.0,1023.9,11.4,-32.0,-0.39999999999997726,3.0,3.8000000000000003,-10.666666666666666,-0.13333333333332575,14.199999999999998,64.0,1022.6999999999999,6.761656601750791,29.05167809266791,1.743559577417148,6,2,1.0,6.123233995736766e-17,0.8660254037844386,0.5000000000000001
2020-02-09 09:00:00,20.2,44,1020.7,17.8,62.0,1023.5,2.3999999999999986,-18.0,-2.7999999999999545,3.0,0.7999999999999995,-6.0,-0.9333333333333181,14.799999999999997,66.66666666666667,1022.7000000000002,7.372923436466708,25.32455988429678,1.743559577417148,9,2,0.7071067811865476,-0.7071067811865475,0.8660254037844386,0.5000000000000001
2020-02-09 12:00:00,17.6,54,1020.3,20.2,44.0,1020.7,-2.599999999999998,10.0,-0.40000000000009095,3.0,-0.8666666666666659,3.3333333333333335,-0.13333333333336364,18.53333333333333,53.333333333333336,1021.5,1.4468356276140657,9.01849950564585,1.743559577417099,12,2,1.2246467991473532e-16,-1.0,0.8660254037844386,0.5000000000000001
2020-02-10 03:00:00,9.0,95,1021.0,17.6,54.0,1020.3,-8.600000000000001,41.0,0.7000000000000455,15.0,-0.5733333333333335,2.7333333333333334,0.0466666666666697,15.6,64.33333333333333,1020.6666666666666,5.861740355901144,27.024680078279072,0.3511884584320847,3,2,0.7071067811865476,0.7071067811865476,0.8660254037844386,0.5000000000000001
2020-02-10 06:00:00,18.0,50,1020.7,9.0,95.0,1021.0,9.0,-45.0,-0.2999999999999545,3.0,3.0,-15.0,-0.09999999999998484,14.866666666666665,66.33333333333333,1020.6666666666666,5.084617324178232,24.90649179096353,0.3511884584320847,6,2,1.0,6.123233995736766e-17,0.8660254037844386,0.5000000000000001
2020-02-10 09:00:00,20.0,36,1018.8,18.0,50.0,1020.7,2.0,-14.0,-1.900000000000091,3.0,0.6666666666666666,-4.666666666666667,-0.6333333333333636,15.666666666666664,60.333333333333336,1020.1666666666666,5.859465277082321,30.827476921300807,1.1930353445458959,9,2,0.7071067811865476,-0.7071067811865475,0.8660254037844386,0.5000000000000001
2020-02-10 12:00:00,18.0,55,1018.4,20.0,36.0,1018.8,-2.0,19.0,-0.39999999999997726,3.0,-0.6666666666666666,6.333333333333333,-0.13333333333332575,18.666666666666664,47.0,1019.3000000000001,1.1547005383792708,9.848857801796168,1.22882057274528,12,2,1.2246467991473532e-16,-1.0,0.8660254037844386,0.5000000000000001
2020-02-11 03:00:00,7.8,97,1020.7,18.0,55.0,1018.4,-10.2,42.0,2.300000000000068,15.0,-0.6799999999999999,2.8,0.15333333333333787,15.266666666666664,62.666666666666664,1019.3000000000001,6.54318984390132,31.21431295629192,1.22882057274528,3,2,0.7071067811865476,0.7071067811865476,0.8660254037844386,0.5000000000000001
2020-02-11 06:00:00,18.0,55,1021.7,7.8,97.0,1020.7,10.2,-42.0,1.0,3.0,3.4,-14.0,0.3333333333333333,14.6,69.0,1020.2666666666668,5.888972745734187,24.24871130596428,1.6921386862003616,6,2,1.0,6.123233995736766e-17,0.8660254037844386,0.5000000000000001
2020-02-11 09:00:00,21.2,38,1019.0,18.0,55.0,1021.7,3.1999999999999993,-17.0,-2.7000000000000455,3.0,1.0666666666666664,-5.666666666666667,-0.9000000000000151,15.666666666666664,63.333333333333336,1020.4666666666667,6.99809497887342,30.369941279714944,1.365039681963846,9,2,0.7071067811865476,-0.7071067811865475,0.8660254037844386,0.5000000000000001
2020-02-11 12:00:00,19.2,47,1018.6,21.2,38.0,1019.0,-2.0,9.0,-0.39999999999997726,3.0,-0.6666666666666666,3.0,-0.13333333333332575,19.466666666666665,46.666666666666664,1019.7666666666668,1.6165807537309618,8.504900548115456,1.6862186493263025,12,2,1.2246467991473532e-16,-1.0,0.8660254037844386,0.5000000000000001
2020-02-12 03:00:00,13.8,87,1020.9,19.2,47.0,1018.6,-5.399999999999999,40.0,2.2999999999999545,15.0,-0.35999999999999993,2.6666666666666665,0.1533333333333303,18.066666666666666,57.333333333333336,1019.5,3.8279672586548297,26.08320021265286,1.2288205727453876,3,2,0.7071067811865476,0.7071067811865476,0.8660254037844386,0.5000000000000001
2020-02-12 06:00:00,20.2,46,1020.9,13.8,87.0,1020.9,6.399999999999999,-41.0,0.0,3.0,2.133333333333333,-13.666666666666666,0.0,17.73333333333333,60.0,1020.1333333333332,3.4428670223134343,23.388031127053015,1.3279056191369998,6,2,1.0,6.123233995736766e-17,0.8660254037844386,0.5000000000000001
2020-02-12 09:00:00,22.6,43,1018.4,20.2,46.0,1020.9,2.400000000000002,-3.0,-2.5,3.0,0.8000000000000007,-1.0,-0.8333333333333334,18.866666666666664,58.666666666666664,1020.0666666666666,4.548992562461866,24.583192089989737,1.4433756729748637,9,2,0.7071067811865476,-0.7071067811865475,0.8660254037844386,0.5000000000000001
2020-02-12 12:00:00,21.2,46,1017.0,22.6,43.0,1018.4,-1.4000000000000021,3.0,-1.3999999999999773,3.0,-0.4666666666666674,1.0,-0.46666666666665907,21.333333333333332,45.0,1018.7666666666665,1.2055427546683455,1.7320508075692953,1.9756855350321514,12,2,1.2246467991473532e-16,-1.0,0.8660254037844386,0.5000000000000001
2020-02-13 03:00:00,13.4,82,1018.4,21.2,46.0,1017.0,-7.799999999999999,36.0,1.3999999999999773,15.0,-0.5199999999999999,2.4,0.09333333333333181,19.066666666666666,57.0,1017.9333333333334,4.95714971867235,21.70253441421072,0.8082903768665232,3,2,0.7071067811865476,0.7071067811865476,0.8660254037844386,0.5000000000000001
2020-02-13 06:00:00,21.8,47,1017.5,13.4,82.0,1018.4,8.4,-35.0,-0.8999999999999773,3.0,2.8000000000000003,-11.666666666666666,-0.29999999999999244,18.8,58.333333333333336,1017.6333333333332,4.686149805543995,20.502032419575723,0.7094598884608728,6,2,1.0,6.123233995736766e-17,0.8660254037844386,0.5000000000000001
2020-02-13 09:00:00,25.2,50,1014.6,21.8,47.0,1017.5,3.3999999999999986,3.0,-2.8999999999999773,3.0,1.1333333333333329,1.0,-0.9666666666666591,20.13333333333333,59.666666666666664,1016.8333333333334,6.073988255942987,19.399312702601964,1.9857828011478587,9,2,0.7071067811865476,-0.7071067811865475,0.8660254037844386,0.5000000000000001
2020-02-13 12:00:00,22.2,54,1013.8,25.2,50.0,1014.6,-3.0,4.0,-0.8000000000000682,3.0,-1.0,1.3333333333333333,-0.2666666666666894,23.066666666666663,50.333333333333336,1015.3000000000001,1.8583146486354976,3.5118845842844104,1.9467922333934924,12,2,1.2246467991473532e-16,-1.0,0.8660254037844386,0.5000000000000001
2020-02-14 03:00:00,14.4,74,1014.4,22.2,54.0,1013.8,-7.799999999999999,20.0,0.6000000000000227,15.0,-0.5199999999999999,1.3333333333333333,0.040000000000001514,20.599999999999998,59.333333333333336,1014.2666666666668,5.574943945906542,12.858201014657299,0.41633319989451695,3,2,0.7071067811865476,0.7071067811865476,0.8660254037844386,0.5000000000000001
2020-02-14 06:00:00,20.0,54,1014.5,14.4,74.0,1014.4,5.6,-20.0,0.10000000000002274,3.0,1.8666666666666665,-6.666666666666667,0.03333333333334091,18.866666666666664,60.666666666666664,1014.2333333333332,4.021608301828185,11.547005383792541,0.37859388972144176,6,2,1.0,6.123233995736766e-17,0.8660254037844386,0.5000000000000001
2020-02-14 09:00:00,23.4,36,1012.1,20.0,54.0,1014.5,3.3999999999999986,-18.0,-2.3999999999999773,3.0,1.1333333333333329,-6.0,-0.7999999999999924,19.266666666666662,54.666666666666664,1013.6666666666666,4.544593857907808,19.00876990584436,1.357694123628033,9,2,0.7071067811865476,-0.7071067811865475,0.8660254037844386,0.5000000000000001
2020-02-14 12:00:00,21.0,45,1011.7,23.4,36.0,1012.1,-2.3999999999999986,9.0,-0.39999999999997726,3.0,-0.7999999999999995,3.0,-0.13333333333332575,21.466666666666665,45.0,1012.7666666666668,1.7473789896108203,9.000000000000082,1.514375558880168,12,2,1.2246467991473532e-16,-1.0,0.8660254037844386,0.5000000000000001
2020-02-15 03:00:00,12.8,62,1013.5,21.0,45.0,1011.7,-8.2,17.0,1.7999999999999545,15.0,-0.5466666666666666,1.1333333333333333,0.11999999999999697,19.066666666666663,47.666666666666664,1012.4333333333334,5.558177159225259,13.203534880225623,0.9451631252505838,3,2,0.7071067811865476,0.7071067811865476,0.8660254037844386,0.5000000000000001
2020-02-15 06:00:00,19.2,45,1014.3,12.8,62.0,1013.5,6.399999999999999,-17.0,0.7999999999999545,3.0,2.133333333333333,-5.666666666666667,0.2666666666666515,17.666666666666664,50.666666666666664,1013.1666666666666,4.3096790290384055,9.814954576223698,1.331665623695944,6,2,1.0,6.123233995736766e-17,0.8660254037844386,0.5000000000000001
2020-02-15 09:00:00,24.0,37,1012.6,19.2,45.0,1014.3,4.800000000000001,-8.0,-1.6999999999999318,3.0,1.6000000000000003,-2.6666666666666665,-0.5666666666666439,18.666666666666664,48.0,1013.4666666666666,5.619015334854798,12.767145334803757,0.8504900548116922,9,2,0.7071067811865476,-0.7071067811865475,0.8660254037844386,0.5000000000000001
2020-02-15 12:00:00,21.8,39,1012.7,24.0,37.0,1012.6,-2.1999999999999993,2.0,0.10000000000002274,3.0,-0.7333333333333331,0.6666666666666666,0.03333333333334091,21.66666666666666,40.333333333333336,1013.1999999999999,2.402776172125343,4.163331998932481,0.953939201417028,12,2,1.2246467991473532e-16,-1.0,0.8660254037844386,0.5000000000000001
2020-02-16 03:00:00,11.6,81,1017.5,21.8,39.0,1012.7,-10.200000000000001,42.0,4.7999999999999545,15.0,-0.68,2.8,0.31999999999999695,19.13333333333333,52.333333333333336,1014.2666666666668,6.616141876753655,24.84619353811232,2.80059517483944,3,2,0.7071067811865476,0.7071067811865476,0.8660254037844386,0.5000000000000001
2020-02-16 06:00:00,23.0,29,1017.6,11.6,81.0,1017.5,11.4,-52.0,0.10000000000002274,3.0,3.8000000000000003,-17.333333333333332,0.03333333333334091,18.799999999999997,49.666666666666664,1015.9333333333334,6.264183905346334,27.59226944876653,2.800595174839584,6,2,1.0,6.123233995736766e-17,0.8660254037844386,0.5000000000000001
2020-02-16 09:00:00,25.8,14,1015.6,23.0,29.0,1017.6,2.8000000000000007,-15.0,-2.0,3.0,0.9333333333333336,-5.0,-0.6666666666666666,20.13333333333333,41.333333333333336,1016.9,7.521524668133008,35.16153201061261,1.1269427669594,9,2,0.7071067811865476,-0.7071067811865475,0.8660254037844386,0.5000000000000001
2020-02-16 12:00:00,24.4,31,1015.4,25.8,14.0,1015.6,-1.4000000000000021,17.0,-0.20000000000004547,3.0,-0.4666666666666674,5.666666666666667,-0.06666666666668182,24.399999999999995,24.666666666666668,1016.1999999999999,1.3999999999999775,9.291573243177721,1.216552506060391,12,2,1.2246467991473532e-16,-1.0,0.8660254037844386,0.5000000000000001
2020-02-17 03:00:00,13.8,87,1019.6,24.4,31.0,1015.4,-10.599999999999998,56.0,4.2000000000000455,15.0,-0.7066666666666666,3.7333333333333334,0.280000000000003,21.333333333333332,44.0,1016.8666666666668,6.5615038926555025,38.196858509568585,2.3692474191893442,3,2,0.7071067811865476,0.7071067811865476,0.8660254037844386,0.5000000000000001
2020-02-17 06:00:00,22.2,36,1019.3,13.8,87.0,1019.6,8.399999999999999,-51.0,-0.3000000000000682,3.0,2.7999999999999994,-17.0,-0.10000000000002274,20.13333333333333,51.333333333333336,1018.1,5.594044452212846,30.989245446337264,2.343074902772544,6,2,1.0,6.123233995736766e-17,0.8660254037844386,0.5000000000000001
2020-02-17 09:00:00,25.0,21,1016.6,22.2,36.0,1019.3,2.8000000000000007,-15.0,-2.699999999999932,3.0,0.9333333333333336,-5.0,-0.8999999999999773,20.333333333333332,48.0,1018.5,5.828664798505171,34.597687784012415,1.652271164186631,9,2,0.7071067811865476,-0.7071067811865475,0.8660254037844386,0.5000000000000001
2020-02-17 12:00:00,22.6,36,1015.7,25.0,21.0,1016.6,-2.3999999999999986,15.0,-0.8999999999999773,3.0,-0.7999999999999995,5.0,-0.29999999999999244,23.266666666666666,31.0,1017.1999999999999,1.514375558880056,8.660254037844549,1.8734993995199134,12,2,1.2246467991473532e-16,-1.0,0.8660254037844386,0.5000000000000001
2020-02-18 03:00:00,12.0,76,1016.2,22.6,36.0,1015.7,-10.600000000000001,40.0,0.5,15.0,-0.7066666666666668,2.6666666666666665,0.03333333333333333,19.866666666666664,44.333333333333336,1016.1666666666666,6.917610377387075,28.43120351538667,0.45092497528313547,3,2,0.7071067811865476,0.7071067811865476,0.8660254037844386,0.5000000000000001
2020-02-18 06:00:00,22.4,26,1015.5,12.0,76.0,1016.2,10.399999999999999,-50.0,-0.7000000000000455,3.0,3.4666666666666663,-16.666666666666668,-0.2333333333333485,18.999999999999996,46.0,1015.8000000000001,6.06300255648965,26.45751311064594,0.3605551275470271,6,2,1.0,6.123233995736766e-17,0.8660254037844386,0.5000000000000001
2020-02-18 09:00:00,26.0,17,1013.1,22.4,26.0,1015.5,3.6000000000000014,-9.0,-2.3999999999999773,3.0,1.2000000000000004,-3.0,-0.7999999999999924,20.13333333333333,39.666666666666664,1014.9333333333334,7.270029802781646,31.785741037977004,1.625833119767524,9,2,0.7071067811865476,-0.7071067811865475,0.8660254037844386,0.5000000000000001
2020-02-18 12:00:00,24.0,26,1011.3,26.0,17.0,1013.1,-2.0,9.0,-1.8000000000000682,3.0,-0.6666666666666666,3.0,-0.6000000000000227,24.13333333333333,23.0,1013.3000000000001,1.803699901129137,5.1961524227069305,2.107130750570084,12,2,1.2246467991473532e-16,-1.0,0.8660254037844386,0.5000000000000001
2020-02-19 03:00:00,11.4,90,1013.8,24.0,26.0,1011.3,-12.6,64.0,2.5,15.0,-0.84,4.266666666666667,0.16666666666666666,20.466666666666665,44.333333333333336,1012.7333333333332,7.915385861304131,39.80368492154131,1.2897028081425082,3,2,0.7071067811865476,0.7071067811865476,0.8660254037844386,0.5000000000000001
2020-02-19 06:00:00,17.8,71,1014.4,11.4,90.0,1013.8,6.4,-19.0,0.6000000000000227,3.0,2.1333333333333333,-6.333333333333333,0.2000000000000076,17.73333333333333,62.333333333333336,1013.1666666666666,6.300264544710278,32.868424564212596,1.644181660684511,6,2,1.0,6.123233995736766e-17,0.8660254037844386,0.5000000000000001
2020-02-19 09:00:00,21.4,50,1011.0,17.8,71.0,1014.4,3.599999999999998,-21.0,-3.3999999999999773,3.0,1.1999999999999993,-7.0,-1.1333333333333258,16.866666666666664,70.33333333333333,1013.0666666666666,5.064911976859363,20.00833159794523,1.814754345174846,9,2,0.7071067811865476,-0.7071067811865475,0.8660254037844386,0.5000000000000001
2020-02-19 12:00:00,21.8,50,1010.4,21.4,50.0,1011.0,0.40000000000000213,0.0,-0.6000000000000227,3.0,0.13333333333333405,0.0,-0.2000000000000076,20.333333333333332,57.0,1011.9333333333334,2.203028218914443,12.124355652982183,2.1571586249808687,12,2,1.2246467991473532e-16,-1.0,0.8660254037844386,0.5000000000000001
2020-02-20 03:00:00,17.4,69,1014.2,21.8,50.0,1010.4,-4.400000000000002,19.0,3.800000000000068,15.0,-0.2933333333333335,1.2666666666666666,0.2533333333333379,20.199999999999996,56.333333333333336,1011.8666666666667,2.433105012119292,10.969655114602888,2.042873792804966,3,2,0.7071067811865476,0.7071067811865476,0.8660254037844386,0.5000000000000001
2020-02-20 06:00:00,22.6,48,1013.6,17.4,69.0,1014.2,5.200000000000003,-21.0,-0.6000000000000227,3.0,1.7333333333333343,-7.0,-0.2000000000000076,20.599999999999998,55.666666666666664,1012.7333333333332,2.800000000000002,11.59022576714247,2.0428737928052674,6,2,1.0,6.123233995736766e-17,0.8660254037844386,0.5000000000000001
2020-02-20 09:00:00,22.6,52,1011.1,22.6,48.0,1013.6,0.0,4.0,-2.5,3.0,0.0,1.3333333333333333,-0.8333333333333334,20.866666666666664,56.333333333333336,1012.9666666666667,3.002221399786055,11.150485789118486,1.6441816606843578,9,2,0.7071067811865476,-0.7071067811865475,0.8660254037844386,0.5000000000000001
2020-02-20 12:00:00,20.6,55,1010.6,22.6,52.0,1011.1,-2.0,3.0,-0.5,3.0,-0.6666666666666666,1.0,-0.16666666666666666,21.933333333333326,51.666666666666664,1011.7666666666668,1.154700538379251,3.511884584284247,1.6072751268308343,12,2,1.2246467991473532e-16,-1.0,0.8660254037844386,0.5000000000000001
2020-02-21 03:00:00,15.0,76,1018.3,20.6,55.0,1010.6,-5.600000000000001,21.0,7.699999999999932,15.0,-0.3733333333333334,1.4,0.5133333333333288,19.4,61.0,1013.3333333333334,3.939543120718443,13.076696830622021,4.308518693626764,3,2,0.7071067811865476,0.7071067811865476,0.8660254037844386,0.5000000000000001
2020-02-21 06:00:00,18.8,65,1020.2,15.0,76.0,1018.3,3.8000000000000007,-11.0,1.900000000000091,3.0,1.2666666666666668,-3.6666666666666665,0.6333333333333636,18.13333333333333,65.33333333333333,1016.3666666666667,2.8589042189855447,10.503967504392486,5.083633870897537,6,2,1.0,6.123233995736766e-17,0.8660254037844386,0.5000000000000001
2020-02-21 09:00:00,21.4,56,1018.5,18.8,65.0,1020.2,2.599999999999998,-9.0,-1.7000000000000455,3.0,0.8666666666666659,-3.0,-0.5666666666666819,18.399999999999995,65.66666666666667,1019.0,3.218695387886217,10.016652800877816,1.0440306508949428,9,2,0.7071067811865476,-0.7071067811865475,0.8660254037844386,0.5000000000000001
2020-02-21 12:00:00,20.6,60,1018.6,21.4,56.0,1018.5,-0.7999999999999972,4.0,0.10000000000002274,3.0,-0.2666666666666657,1.3333333333333333,0.03333333333334091,20.266666666666662,60.333333333333336,1019.1,1.331665623695877,4.50924975282291,0.9539392014212619,12,2,1.2246467991473532e-16,-1.0,0.8660254037844386,0.5000000000000001
2020-02-22 03:00:00,15.0,81,1023.4,20.6,60.0,1018.6,-5.600000000000001,21.0,4.7999999999999545,15.0,-0.3733333333333334,1.4,0.31999999999999695,18.999999999999996,65.66666666666667,1020.1666666666666,3.48711915483254,13.428824718989128,2.8005951748411144,3,2,0.7071067811865476,0.7071067811865476,0.8660254037844386,0.5000000000000001
2020-02-22 06:00:00,21.8,53,1023.4,15.0,81.0,1023.4,6.800000000000001,-28.0,0.0,3.0,2.266666666666667,-9.333333333333334,0.0,19.13333333333333,64.66666666666667,1021.8000000000001,3.6295086903509888,14.571661996262932,2.771281292112537,6,2,1.0,6.123233995736766e-17,0.8660254037844386,0.5000000000000001
2020-02-22 09:00:00,23.8,44,1020.2,21.8,53.0,1023.4,2.0,-9.0,-3.199999999999932,3.0,0.6666666666666666,-3.0,-1.066666666666644,20.2,59.333333333333336,1022.3333333333334,4.6130250378683195,19.29594085120841,1.8475208614105487,9,2,0.7071067811865476,-0.7071067811865475,0.8660254037844386,0.5000000000000001
2020-02-22 12:00:00,21.6,53,1018.9,23.8,44.0,1020.2,-2.1999999999999993,9.0,-1.3000000000000682,3.0,-0.7333333333333331,3.0,-0.43333333333335605,22.399999999999995,50.0,1020.8333333333334,1.2165525060596387,5.196152422706648,2.3158871590266177,12,2,1.2246467991473532e-16,-1.0,0.8660254037844386,0.5000000000000001
2020-02-23 03:00:00,15.6,91,1020.6,21.6,53.0,1018.9,-6.000000000000002,38.0,1.7000000000000455,15.0,-0.40000000000000013,2.533333333333333,0.11333333333333637,20.333333333333332,62.666666666666664,1019.9,4.244211744639202,24.946609656090214,0.8888194417368004,3,2,0.7071067811865476,0.7071067811865476,0.8660254037844386,0.5000000000000001
2020-02-23 06:00:00,22.2,55,1020.7,15.6,91.0,1020.6,6.6,-36.0,0.10000000000002274,3.0,2.1999999999999997,-12.0,0.03333333333334091,19.799999999999997,66.33333333333333,1020.0666666666666,3.6496575181789326,21.385353243127255,1.0115993937043395,6,2,1.0,6.123233995736766e-17,0.8660254037844386,0.5000000000000001
2020-02-23 09:00:00,25.0,42,1017.3,22.2,55.0,1020.7,2.8000000000000007,-13.0,-3.400000000000091,3.0,0.9333333333333336,-4.333333333333333,-1.1333333333333637,20.93333333333333,62.666666666666664,1019.5333333333333,4.826316746063538,25.38372181799457,1.9347695814598005,9,2,0.7071067811865476,-0.7071067811865475,0.8660254037844386,0.5000000000000001
2020-02-23 12:00:00,22.6,52,1016.5,25.0,42.0,1017.3,-2.3999999999999986,10.0,-0.7999999999999545,3.0,-0.7999999999999995,3.3333333333333335,-0.2666666666666515,23.266666666666662,49.666666666666664,1018.1666666666666,1.5143755588800722,6.806859285554054,2.230097157825107,12,2,1.2246467991473532e-16,-1.0,0.8660254037844386,0.5000000000000001
2020-02-24 03:00:00,14.2,78,1017.3,22.6,52.0,1016.5,-8.400000000000002,26.0,0.7999999999999545,15.0,-0.5600000000000002,1.7333333333333334,0.053333333333330304,20.599999999999998,57.333333333333336,1017.0333333333333,5.670978751503132,18.58314648635514,0.4618802153560733,3,2,0.7071067811865476,0.7071067811865476,0.8660254037844386,0.5000000000000001
2020-02-24 06:00:00,21.4,56,1016.7,14.2,78.0,1017.3,7.199999999999999,-22.0,-0.599999999999909,3.0,2.4,-7.333333333333333,-0.19999999999996967,19.399999999999995,62.0,1016.8333333333334,4.543126676640221,14.000000000000002,0.4163331998976826,6,2,1.0,6.123233995736766e-17,0.8660254037844386,0.5000000000000001
2020-02-24 09:00:00,24.6,41,1014.3,21.4,56.0,1016.7,3.200000000000003,-15.0,-2.400000000000091,3.0,1.0666666666666675,-5.0,-0.8000000000000304,20.066666666666663,58.333333333333336,1016.1,5.326662494783516,18.610033136277146,1.587450786639581,9,2,0.7071067811865476,-0.7071067811865475,0.8660254037844386,0.5000000000000001
2020-02-24 12:00:00,22.8,54,1012.9,24.6,41.0,1014.3,-1.8000000000000007,13.0,-1.3999999999999773,3.0,-0.6000000000000002,4.333333333333333,-0.46666666666665907,22.933333333333326,50.333333333333336,1014.6333333333333,1.6041612554021207,8.144527815247084,1.9218047073866973,12,2,1.2246467991473532e-16,-1.0,0.8660254037844386,0.5000000000000001
2020-02-25 03:00:00,15.6,87,1015.4,22.8,54.0,1012.9,-7.200000000000001,33.0,2.5,15.0,-0.4800000000000001,2.2,0.16666666666666666,21.0,60.666666666666664,1014.1999999999999,4.762352359916263,23.713568549109883,1.2529964086139593,3,2,0.7071067811865476,0.7071067811865476,0.8660254037844386,0.5000000000000001
2020-02-25 06:00:00,22.2,60,1015.3,15.6,87.0,1015.4,6.6,-27.0,-0.10000000000002274,3.0,2.1999999999999997,-9.0,-0.03333333333334091,20.199999999999996,67.0,1014.5333333333333,3.9949968710876353,17.57839583124695,1.415391583037494,6,2,1.0,6.123233995736766e-17,0.8660254037844386,0.5000000000000001
2020-02-25 09:00:00,24.0,54,1012.7,22.2,60.0,1015.3,1.8000000000000007,-6.0,-2.599999999999909,3.0,0.6000000000000002,-2.0,-0.8666666666666364,20.599999999999998,67.0,1014.4666666666666,4.422668877499194,17.57839583124695,1.5307950004272934,9,2,0.7071067811865476,-0.7071067811865475,0.8660254037844386,0.5000000000000001
2020-02-25 12:00:00,22.8,62,1012.2,24.0,54.0,1012.7,-1.1999999999999993,8.0,-0.5,3.0,-0.39999999999999974,2.6666666666666665,-0.16666666666666666,22.999999999999996,58.666666666666664,1013.4,0.9165151389911352,4.163331998932287,1.6643316977087732,12,2,1.2246467991473532e-16,-1.0,0.8660254037844386,0.5000000000000001
2020-02-26 03:00:00,15.0,85,1015.6,22.8,62.0,1012.2,-7.800000000000001,23.0,3.3999999999999773,15.0,-0.52,1.5333333333333334,0.22666666666666516,20.599999999999998,67.0,1013.5,4.886716689148247,16.093476939431085,1.8357559750681556,3,2,0.7071067811865476,0.7071067811865476,0.8660254037844386,0.5000000000000001
2020-02-26 06:00:00,21.4,64,1015.4,15.0,85.0,1015.6,6.399999999999999,-21.0,-0.20000000000004547,3.0,2.133333333333333,-7.0,-0.06666666666668182,19.73333333333333,70.33333333333333,1014.4,4.1585253796668535,12.741009902410934,1.9078784028338172,6,2,1.0,6.123233995736766e-17,0.8660254037844386,0.5000000000000001
2020-02-26 09:00:00,24.4,59,1012.7,21.4,64.0,1015.4,3.0,-5.0,-2.699999999999932,3.0,1.0,-1.6666666666666667,-0.8999999999999773,20.266666666666666,69.33333333333333,1014.5666666666666,4.801388688008224,13.796134724383258,1.6196707484342021,9,2,0.7071067811865476,-0.7071067811865475,0.8660254037844386,0.5000000000000001
2020-02-26 12:00:00,23.8,66,1012.5,24.4,59.0,1012.7,-0.5999999999999979,7.0,-0.20000000000004547,3.0,-0.1999999999999993,2.3333333333333335,-0.06666666666668182,23.2,63.0,1013.5333333333334,1.5874507866387382,3.605551275463997,1.6196707484338122,12,2,1.2246467991473532e-16,-1.0,0.8660254037844386,0.5000000000000001
2020-02-27 03:00:00,15.0,98,1016.9,23.8,66.0,1012.5,-8.8,32.0,4.399999999999977,15.0,-0.5866666666666667,2.1333333333333333,0.29333333333333184,21.066666666666663,74.33333333333333,1014.0333333333333,5.262445565830902,20.792626898334266,2.484619353811096,3,2,0.7071067811865476,0.7071067811865476,0.8660254037844386,0.5000000000000001
2020-02-27 06:00:00,18.8,83,1017.1,15.0,98.0,1016.9,3.8000000000000007,-15.0,0.20000000000004547,3.0,1.2666666666666668,-5.0,0.06666666666668182,19.2,82.33333333333333,1015.5,4.413615298142786,16.01041327803045,2.600000000000251,6,2,1.0,6.123233995736766e-17,0.8660254037844386,0.5000000000000001
2020-02-27 09:00:00,23.6,64,1013.7,18.8,83.0,1017.1,4.800000000000001,-19.0,-3.3999999999999773,3.0,1.6000000000000003,-6.333333333333333,-1.1333333333333258,19.13333333333333,81.66666666666667,1015.9,4.309679029038401,17.039170558842756,1.907878402834334,9,2,0.7071067811865476,-0.7071067811865475,0.8660254037844386,0.5000000000000001
2020-02-27 12:00:00,22.6,69,1012.8,23.6,64.0,1013.7,-1.0,5.0,-0.900000000000091,3.0,-0.3333333333333333,1.6666666666666667,-0.3000000000000303,21.666666666666668,72.0,1014.5333333333333,2.532455988429669,9.848857801796129,2.2678918257565104,12,2,1.2246467991473532e-16,-1.0,0.8660254037844386,0.5000000000000001
2020-02-28 03:00:00,15.8,94,1015.0,22.6,69.0,1012.8,-6.800000000000001,25.0,2.2000000000000455,15.0,-0.45333333333333337,1.6666666666666667,0.1466666666666697,20.666666666666668,75.66666666666667,1013.8333333333334,4.2442117446392,16.072751268321603,1.1060440015352366,3,2,0.7071067811865476,0.7071067811865476,0.8660254037844386,0.5000000000000001
2020-02-28 06:00:00,21.2,73,1014.1,15.8,94.0,1015.0,5.399999999999999,-21.0,-0.8999999999999773,3.0,1.7999999999999996,-7.0,-0.29999999999999244,19.866666666666664,78.66666666666667,1013.9666666666667,3.5907288025320634,13.428824718989137,1.1060440015353155,6,2,1.0,6.123233995736766e-17,0.8660254037844386,0.5000000000000001
2020-02-28 09:00:00,23.6,64,1012.5,21.2,73.0,1014.1,2.400000000000002,-9.0,-1.6000000000000227,3.0,0.8000000000000007,-3.0,-0.5333333333333409,20.2,77.0,1013.8666666666667,3.9949968710876367,15.394804318340663,1.266227994214327,9,2,0.7071067811865476,-0.7071067811865475,0.8660254037844386,0.5000000000000001
2020-02-28 12:00:00,22.2,71,1011.5,23.6,64.0,1012.5,-1.4000000000000021,7.0,-1.0,3.0,-0.4666666666666674,2.3333333333333335,-0.3333333333333333,22.333333333333332,69.33333333333333,1012.6999999999999,1.2055427546683224,4.7258156262526425,1.3114877048592584,12,2,1.2246467991473532e-16,-1.0,0.8660254037844386,0.5000000000000001
2020-02-29 03:00:00,17.2,88,1014.5,22.2,71.0,1011.5,-5.0,17.0,3.0,15.0,-0.3333333333333333,1.1333333333333333,0.2,20.999999999999996,74.33333333333333,1012.8333333333334,3.364520768252142,12.342339054382427,1.5275252316510255,3,2,0.7071067811865476,0.7071067811865476,0.8660254037844386,0.5000000000000001
2020-02-29 06:00:00,18.8,81,1015.2,17.2,88.0,1014.5,1.6000000000000014,-7.0,0.7000000000000455,3.0,0.5333333333333338,-2.3333333333333335,0.2333333333333485,19.4,80.0,1013.7333333333335,2.553429066960743,8.544003745317553,1.9655363983737517,6,2,1.0,6.123233995736766e-17,0.8660254037844386,0.5000000000000001
2020-02-29 09:00:00,22.0,66,1011.8,18.8,81.0,1015.2,3.1999999999999993,-15.0,-3.400000000000091,3.0,1.0666666666666664,-5.0,-1.1333333333333637,19.333333333333332,78.33333333333333,1013.8333333333334,2.4440403706431173,11.239810200058258,1.7953644012657626,9,2,0.7071067811865476,-0.7071067811865475,0.8660254037844386,0.5000000000000001
2020-02-29 12:00:00,16.2,73,1012.3,22.0,66.0,1011.8,-5.800000000000001,7.0,0.5,3.0,-1.9333333333333336,2.3333333333333335,0.16666666666666666,19.0,73.33333333333333,1013.1,2.905167809266794,7.5055534994651545,1.8357559750680115,12,2,1.2246467991473532e-16,-1.0,0.8660254037844386,0.5000000000000001
2020-03-01 03:00:00,12.8,88,1016.3,16.2,73.0,1012.3,-3.3999999999999986,15.0,4.0,15.0,-0.22666666666666657,1.0,0.26666666666666666,16.999999999999996,75.66666666666667,1013.4666666666666,4.651881339845209,11.239810200058253,2.466441431157762,3,3,0.7071067811865476,0.7071067811865476,1.0,6.123233995736766e-17
2020-03-01 06:00:00,21.6,59,1016.2,12.8,88.0,1016.3,8.8,-29.0,-0.09999999999990905,3.0,2.9333333333333336,-9.666666666666666,-0.03333333333330302,16.866666666666664,73.33333333333333,1014.9333333333334,4.437717130838039,14.502873278538067,2.2810816147901742,6,3,1.0,6.123233995736766e-17,1.0,6.123233995736766e-17
2020-03-01 09:00:00,25.0,42,1013.4,21.6,59.0,1016.2,3.3999999999999986,-17.0,-2.800000000000068,3.0,1.1333333333333329,-5.666666666666667,-0.9333333333333561,19.799999999999997,63.0,1015.2999999999998,6.2960304954788775,23.259406699226016,1.6462077633156942,9,3,0.7071067811865476,-0.7071067811865475,1.0,6.123233995736766e-17
2020-03-01 12:00:00,22.8,57,1012.6,25.0,42.0,1013.4,-2.1999999999999993,15.0,-0.7999999999999545,3.0,-0.7333333333333331,5.0,-0.2666666666666515,23.13333333333333,52.666666666666664,1014.0666666666667,1.7243356208503202,9.291573243177575,1.8903262505007885,12,3,1.2246467991473532e-16,-1.0,1.0,6.123233995736766e-17
2020-03-02 03:00:00,16.0,90,1014.7,22.8,57.0,1012.6,-6.800000000000001,33.0,2.1000000000000227,15.0,-0.45333333333333337,2.2,0.1400000000000015,21.266666666666666,63.0,1013.5666666666666,4.691836882643438,24.556058315617353,1.0598742063714581,3,3,0.7071067811865476,0.7071067811865476,1.0,6.123233995736766e-17
2020-03-02 06:00:00,21.8,64,1014.7,16.0,90.0,1014.7,5.800000000000001,-26.0,0.0,3.0,1.9333333333333336,-8.666666666666666,0.0,20.2,70.33333333333333,1014.0,3.671511950137161,17.387735140993303,1.21243556529778,6,3,1.0,6.123233995736766e-17,1.0,6.123233995736766e-17
2020-03-02 09:00:00,25.0,50,1012.1,21.8,64.0,1014.7,3.1999999999999993,-14.0,-2.6000000000000227,3.0,1.0666666666666664,-4.666666666666667,-0.8666666666666742,20.933333333333334,68.0,1013.8333333333334,4.562163229580162,20.297783130184442,1.5011106998930401,9,3,0.7071067811865476,-0.7071067811865475,1.0,6.123233995736766e-17
2020-03-02 12:00:00,23.0,56,1011.1,25.0,50.0,1012.1,-2.0,6.0,-1.0,3.0,-0.6666666666666666,2.0,-0.3333333333333333,23.266666666666666,56.666666666666664,1012.6333333333333,1.616580753730922,7.0237691685685,1.8583146486355684,12,3,1.2246467991473532e-16,-1.0,1.0,6.123233995736766e-17
2020-03-03 03:00:00,16.0,90,1014.7,23.0,56.0,1011.1,-7.0,34.0,3.6000000000000227,15.0,-0.4666666666666667,2.2666666666666666,0.24000000000000152,21.333333333333332,65.33333333333333,1012.6333333333333,4.725815626252604,21.57158624981792,1.8583146486355684,3,3,0.7071067811865476,0.7071067811865476,1.0,6.123233995736766e-17
2020-03-03 06:00:00,23.6,51,1013.1,16.0,90.0,1014.7,7.600000000000001,-39.0,-1.6000000000000227,3.0,2.5333333333333337,-13.0,-0.5333333333333409,20.866666666666664,65.66666666666667,1012.9666666666667,4.225320500664217,21.221058723196013,1.803699901129198,6,3,1.0,6.123233995736766e-17,1.0,6.123233995736766e-17
2020-03-03 09:00:00,25.2,46,1010.1,23.6,51.0,1013.1,1.5999999999999979,-5.0,-3.0,3.0,0.5333333333333327,-1.6666666666666667,-1.0,21.599999999999998,62.333333333333336,1012.6333333333333,4.915282290977798,24.090108620206212,2.3352373184183337,9,3,0.7071067811865476,-0.7071067811865475,1.0,6.123233995736766e-17
2020-03-03 12:00:00,24.6,40,1009.2,25.2,46.0,1010.1,-0.5999999999999979,-6.0,-0.8999999999999773,3.0,-0.1999999999999993,-2.0,-0.29999999999999244,24.466666666666665,45.666666666666664,1010.8000000000001,0.8082903768653761,5.507570547286132,2.0420577856663615,12,3,1.2246467991473532e-16,-1.0,1.0,6.123233995736766e-17
2020-03-04 03:00:00,15.4,93,1012.1,24.6,40.0,1009.2,-9.200000000000001,53.0,2.8999999999999773,15.0,-0.6133333333333334,3.533333333333333,0.19333333333333183,21.73333333333333,59.666666666666664,1010.4666666666667,5.4930258813638675,29.02297940138699,1.4843629385477222,3,3,0.7071067811865476,0.7071067811865476,1.0,6.123233995736766e-17
2020-03-04 06:00:00,23.6,58,1011.8,15.4,93.0,1012.1,8.200000000000001,-35.0,-0.3000000000000682,3.0,2.733333333333334,-11.666666666666666,-0.10000000000002274,21.2,63.666666666666664,1011.0333333333334,5.047771785649584,26.95057204092955,1.5947831618542654,6,3,1.0,6.123233995736766e-17,1.0,6.123233995736766e-17
2020-03-04 09:00:00,25.8,41,1009.5,23.6,58.0,1011.8,2.1999999999999993,-17.0,-2.2999999999999545,3.0,0.7333333333333331,-5.666666666666667,-0.7666666666666515,21.599999999999998,64.0,1011.1333333333332,5.480875842417885,26.51414716712571,1.4224392195569777,9,3,0.7071067811865476,-0.7071067811865475,1.0,6.123233995736766e-17
2020-03-04 12:00:00,25.2,39,1007.7,25.8,41.0,1009.5,-0.6000000000000014,-2.0,-1.7999999999999545,3.0,-0.20000000000000048,-0.6666666666666666,-0.5999999999999849,24.866666666666664,46.0,1009.6666666666666,1.1372481406153825,10.440306508910561,2.055075018906519,12,3,1.2246467991473532e-16,-1.0,1.0,6.123233995736766e-17
2020-03-05 03:00:00,15.0,81,1012.7,25.2,39.0,1007.7,-10.2,42.0,5.0,15.0,-0.6799999999999999,2.8,0.3333333333333333,22.0,53.666666666666664,1009.9666666666667,6.069596362197402,23.692474191889154,2.5324559884298172,3,3,0.7071067811865476,0.7071067811865476,1.0,6.123233995736766e-17
2020-03-05 06:00:00,22.0,57,1012.4,15.0,81.0,1012.7,7.0,-24.0,-0.3000000000000682,3.0,2.3333333333333335,-8.0,-0.10000000000002274,20.73333333333333,59.0,1010.9333333333334,5.2166400425305675,21.071307505705484,2.804163571073269,6,3,1.0,6.123233995736766e-17,1.0,6.123233995736766e-17
2020-03-05 12:00:00,23.2,53,1017.4,22.0,57.0,1012.4,1.1999999999999993,-4.0,5.0,6.0,0.19999999999999987,-0.6666666666666666,0.8333333333333334,20.066666666666663,63.666666666666664,1014.1666666666666,4.428694314731302,15.143755588800738,2.804163571073581,12,3,1.2246467991473532e-16,-1.0,1.0,6.123233995736766e-17
2020-03-06 03:00:00,15.6,81,1009.7,23.2,53.0,1017.4,-7.6,28.0,-7.699999999999932,15.0,-0.5066666666666666,1.8666666666666667,-0.5133333333333288,20.266666666666662,63.666666666666664,1013.1666666666666,4.085747585611885,15.143755588800738,3.906831623366375,3,3,0.7071067811865476,0.7071067811865476,1.0,6.123233995736766e-17
2020-03-06 06:00:00,14.8,91,1011.4,15.6,81.0,1009.7,-0.7999999999999989,10.0,1.6999999999999318,3.0,-0.26666666666666633,3.3333333333333335,0.5666666666666439,17.866666666666664,75.0,1012.8333333333334,4.6360903068570005,19.697715603592215,4.045161719058381,6,3,1.0,6.123233995736766e-17,1.0,6.123233995736766e-17
2020-03-06 09:00:00,18.0,71,1008.8,14.8,91.0,1011.4,3.1999999999999993,-20.0,-2.6000000000000227,3.0,1.0666666666666664,-6.666666666666667,-0.8666666666666742,16.13333333333333,81.0,1009.9666666666667,1.6653327995729625,10.000000000000014,1.3203534880227912,9,3,0.7071067811865476,-0.7071067811865475,1.0,6.123233995736766e-17
2020-03-06 12:00:00,12.8,93,1009.6,18.0,71.0,1008.8,-5.199999999999999,22.0,0.8000000000000682,3.0,-1.7333333333333332,7.333333333333333,0.2666666666666894,15.199999999999998,85.0,1009.9333333333334,2.622975409720843,12.165525060596451,1.3316656236961077,12,3,1.2246467991473532e-16,-1.0,1.0,6.123233995736766e-17
2020-03-07 03:00:00,12.4,97,1014.4,12.8,93.0,1009.6,-0.40000000000000036,4.0,4.7999999999999545,15.0,-0.02666666666666669,0.26666666666666666,0.31999999999999695,14.399999999999999,87.0,1010.9333333333333,3.1240998703627025,14.00000000000001,3.028751117760309,3,3,0.7071067811865476,0.7071067811865476,1.0,6.123233995736766e-17
2020-03-07 06:00:00,13.8,93,1016.2,12.4,97.0,1014.4,1.4000000000000004,-4.0,1.8000000000000682,3.0,0.4666666666666668,-1.3333333333333333,0.6000000000000227,13.0,94.33333333333333,1013.4000000000001,0.7211102550930114,2.3094010767585638,3.4117444218467097,6,3,1.0,6.123233995736766e-17,1.0,6.123233995736766e-17
2020-03-07 09:00:00,15.6,87,1015.4,13.8,93.0,1016.2,1.799999999999999,-6.0,-0.8000000000000682,3.0,0.5999999999999996,-2.0,-0.2666666666666894,13.933333333333332,92.33333333333333,1015.3333333333334,1.6041612554022133,5.033222956847193,0.9018499505663374,9,3,0.7071067811865476,-0.7071067811865475,1.0,6.123233995736766e-17
2020-03-07 12:00:00,15.6,81,1015.3,15.6,87.0,1015.4,0.0,-6.0,-0.10000000000002274,3.0,0.0,-2.0,-0.03333333333334091,15.0,87.0,1015.6333333333332,1.039230484541438,6.00000000000002,0.49328828623499005,12,3,1.2246467991473532e-16,-1.0,1.0,6.123233995736766e-17
2020-03-08 03:00:00,14.2,84,1018.3,15.6,81.0,1015.3,-1.4000000000000004,3.0,3.0,15.0,-0.09333333333333335,0.2,0.2,15.133333333333331,84.0,1016.3333333333334,0.8082903768654762,3.0000000000000413,1.7039170558853245,3,3,0.7071067811865476,0.7071067811865476,1.0,6.123233995736766e-17
2020-03-08 06:00:00,20.2,61,1018.7,14.2,84.0,1018.3,6.0,-23.0,0.40000000000009095,3.0,2.0,-7.666666666666667,0.13333333333336364,16.666666666666668,75.33333333333333,1017.4333333333334,3.139001964531615,12.503332889007376,1.858314648636648,6,3,1.0,6.123233995736766e-17,1.0,6.123233995736766e-17
2020-03-08 09:00:00,22.4,55,1016.6,20.2,61.0,1018.7,2.1999999999999993,-6.0,-2.1000000000000227,3.0,0.7333333333333331,-2.0,-0.7000000000000076,18.933333333333334,66.66666666666667,1017.8666666666667,4.244211744639204,15.307950004273387,1.1150485789137867,9,3,0.7071067811865476,-0.7071067811865475,1.0,6.123233995736766e-17
2020-03-08 12:00:00,21.4,60,1015.4,22.4,55.0,1016.6,-1.0,5.0,-1.2000000000000455,3.0,-0.3333333333333333,1.6666666666666667,-0.4000000000000152,21.333333333333332,58.666666666666664,1016.9,1.1015141094572338,3.2145502536643744,1.670329308850225,12,3,1.2246467991473532e-16,-1.0,1.0,6.123233995736766e-17
2020-03-09 03:00:00,14.6,80,1015.4,21.4,60.0,1015.4,-6.799999999999999,20.0,0.0,15.0,-0.45333333333333325,1.3333333333333333,0.0,19.466666666666665,65.0,1015.8000000000001,4.2442117446392045,13.228756555322965,0.6928203230300743,3,3,0.7071067811865476,0.7071067811865476,1.0,6.123233995736766e-17
2020-03-09 06:00:00,21.2,44,1015.0,14.6,80.0,1015.4,6.6,-36.0,-0.39999999999997726,3.0,2.1999999999999997,-12.0,-0.13333333333332575,19.066666666666666,61.333333333333336,1015.2666666666668,3.8695391629150566,18.036999011291588,0.23094010768281997,6,3,1.0,6.123233995736766e-17,1.0,6.123233995736766e-17
2020-03-09 09:00:00,23.6,34,1012.5,21.2,44.0,1015.0,2.400000000000002,-10.0,-2.5,3.0,0.8000000000000007,-3.3333333333333335,-0.8333333333333334,19.8,52.666666666666664,1014.3000000000001,4.660472079092421,24.193663082165415,1.571623364551068,9,3,0.7071067811865476,-0.7071067811865475,1.0,6.123233995736766e-17
2020-03-09 12:00:00,22.2,42,1010.9,23.6,34.0,1012.5,-1.4000000000000021,8.0,-1.6000000000000227,3.0,-0.4666666666666674,2.6666666666666665,-0.5333333333333409,22.333333333333332,40.0,1012.7999999999998,1.2055427546683513,5.291502622129213,2.066397831977716,12,3,1.2246467991473532e-16,-1.0,1.0,6.123233995736766e-17
2020-03-10 03:00:00,14.8,78,1013.5,22.2,42.0,1010.9,-7.399999999999999,36.0,2.6000000000000227,15.0,-0.49333333333333323,2.4,0.17333333333333484,20.2,51.333333333333336,1012.2999999999998,4.72863616701476,23.437861108329265,1.3114877048611606,3,3,0.7071067811865476,0.7071067811865476,1.0,6.123233995736766e-17
2020-03-10 06:00:00,21.8,39,1013.8,14.8,78.0,1013.5,7.0,-39.0,0.2999999999999545,3.0,2.3333333333333335,-13.0,0.09999999999998484,19.599999999999998,53.0,1012.7333333333332,4.161730409336967,21.70253441421071,1.5947831618547397,6,3,1.0,6.123233995736766e-17,1.0,6.123233995736766e-17
2020-03-10 09:00:00,23.6,35,1010.7,21.8,39.0,1013.8,1.8000000000000007,-4.0,-3.099999999999909,3.0,0.6000000000000002,-1.3333333333333333,-1.033333333333303,20.066666666666666,50.666666666666664,1012.6666666666666,4.649014232429642,23.755701070129113,1.7097758137648653,9,3,0.7071067811865476,-0.7071067811865475,1.0,6.123233995736766e-17
2020-03-10 12:00:00,22.0,43,1009.2,23.6,35.0,1010.7,-1.6000000000000014,8.0,-1.5,3.0,-0.5333333333333338,2.6666666666666665,-0.5,22.46666666666667,39.0,1011.2333333333332,0.9865765724632639,4.000000000000014,2.3459184413221172,12,3,1.2246467991473532e-16,-1.0,1.0,6.123233995736766e-17
2020-03-11 03:00:00,14.2,87,1011.7,22.0,43.0,1009.2,-7.800000000000001,44.0,2.5,15.0,-0.52,2.933333333333333,0.16666666666666666,19.933333333333334,55.0,1010.5333333333334,5.029247790011285,28.000000000000004,1.2583057392126096,3,3,0.7071067811865476,0.7071067811865476,1.0,6.123233995736766e-17
2020-03-11 06:00:00,18.8,72,1011.6,14.2,87.0,1011.7,4.600000000000001,-15.0,-0.10000000000002274,3.0,1.5333333333333339,-5.0,-0.03333333333334091,18.333333333333332,67.33333333333333,1010.8333333333334,3.9208842540087057,22.368132093076827,1.4153915830381991,6,3,1.0,6.123233995736766e-17,1.0,6.123233995736766e-17
2020-03-11 12:00:00,17.2,82,1006.8,18.8,72.0,1011.6,-1.6000000000000014,10.0,-4.800000000000068,6.0,-0.2666666666666669,1.6666666666666667,-0.8000000000000114,16.733333333333334,80.33333333333333,1010.0333333333333,2.335237318418284,7.637626158259748,2.800595174839785,12,3,1.2246467991473532e-16,-1.0,1.0,6.123233995736766e-17
2020-03-12 03:00:00,16.0,75,1013.7,17.2,82.0,1006.8,-1.1999999999999993,-7.0,6.900000000000091,15.0,-0.07999999999999995,-0.4666666666666667,0.46000000000000607,17.333333333333332,76.33333333333333,1010.6999999999999,1.4047538337137266,5.1316014394469045,3.536947836765846,3,3,0.7071067811865476,0.7071067811865476,1.0,6.123233995736766e-17
2020-03-12 06:00:00,22.0,61,1014.1,16.0,75.0,1013.7,6.0,-14.0,0.39999999999997726,3.0,2.0,-4.666666666666667,0.13333333333332575,18.400000000000002,72.66666666666667,1011.5333333333334,3.1749015732775216,10.692676621563638,4.10406302745658,6,3,1.0,6.123233995736766e-17,1.0,6.123233995736766e-17
2020-03-12 09:00:00,24.0,52,1010.9,22.0,61.0,1014.1,2.0,-9.0,-3.2000000000000455,3.0,0.6666666666666666,-3.0,-1.0666666666666818,20.666666666666668,62.666666666666664,1012.9,4.163331998932275,11.590225767142485,1.7435595774170232,9,3,0.7071067811865476,-0.7071067811865475,1.0,6.123233995736766e-17
2020-03-12 12:00:00,22.2,71,1009.9,24.0,52.0,1010.9,-1.8000000000000007,19.0,-1.0,3.0,-0.6000000000000002,6.333333333333333,-0.3333333333333333,22.733333333333334,61.333333333333336,1011.6333333333333,1.1015141094572563,9.50438495292218,2.1939310229211726,12,3,1.2246467991473532e-16,-1.0,1.0,6.123233995736766e-17
2020-03-13 03:00:00,15.2,76,1014.2,22.2,71.0,1009.9,-7.0,5.0,4.300000000000068,15.0,-0.4666666666666667,0.3333333333333333,0.28666666666667123,20.466666666666665,66.33333333333333,1011.6666666666666,4.649014232429647,12.662279942148396,2.250185177565632,3,3,0.7071067811865476,0.7071067811865476,1.0,6.123233995736766e-17
2020-03-13 06:00:00,22.6,57,1013.9,15.2,76.0,1014.2,7.400000000000002,-19.0,-0.3000000000000682,3.0,2.4666666666666672,-6.333333333333333,-0.10000000000002274,20.0,68.0,1012.6666666666666,4.161730409336974,9.84885780179612,2.4006943440046924,6,3,1.0,6.123233995736766e-17,1.0,6.123233995736766e-17
2020-03-13 09:00:00,24.4,48,1012.7,22.6,57.0,1013.9,1.7999999999999972,-9.0,-1.1999999999999318,3.0,0.5999999999999991,-3.0,-0.39999999999997726,20.73333333333333,60.333333333333336,1013.6,4.8757905341937535,14.294521094927722,0.7937253933211366,9,3,0.7071067811865476,-0.7071067811865475,1.0,6.123233995736766e-17
2020-03-13 12:00:00,22.2,51,1013.9,24.4,48.0,1012.7,-2.1999999999999993,3.0,1.1999999999999318,3.0,-0.7333333333333331,1.0,0.39999999999997726,23.066666666666666,52.0,1013.5,1.1718930554164801,4.582575694955877,0.6928203230295379,12,3,1.2246467991473532e-16,-1.0,1.0,6.123233995736766e-17
2020-03-14 03:00:00,13.0,91,1018.3,22.2,51.0,1013.9,-9.2,40.0,4.399999999999977,15.0,-0.6133333333333333,2.6666666666666665,0.29333333333333184,19.866666666666664,63.333333333333336,1014.9666666666666,6.047589051294193,24.006943440041123,2.948445918333281,3,3,0.7071067811865476,0.7071067811865476,1.0,6.123233995736766e-17
2020-03-14 06:00:00,13.0,96,1019.7,13.0,91.0,1018.3,0.0,5.0,1.400000000000091,3.0,0.0,1.6666666666666667,0.466666666666697,16.066666666666666,79.33333333333333,1017.3000000000001,5.31162247654457,24.664414311581243,3.026549190084898,6,3,1.0,6.123233995736766e-17,1.0,6.123233995736766e-17
2020-03-14 09:00:00,14.0,91,1016.4,13.0,96.0,1019.7,1.0,-5.0,-3.300000000000068,3.0,0.3333333333333333,-1.6666666666666667,-1.1000000000000227,13.333333333333334,92.66666666666667,1018.1333333333333,0.5773502691896255,2.886751345948189,1.6563010998417362,9,3,0.7071067811865476,-0.7071067811865475,1.0,6.123233995736766e-17
2020-03-14 12:00:00,13.0,91,1015.6,14.0,91.0,1016.4,-1.0,0.0,-0.7999999999999545,3.0,-0.3333333333333333,0.0,-0.2666666666666515,13.333333333333334,92.66666666666667,1017.2333333333332,0.5773502691896255,2.886751345948189,2.1733231083612226,12,3,1.2246467991473532e-16,-1.0,1.0,6.123233995736766e-17
2020-03-15 03:00:00,14.0,82,1019.2,13.0,91.0,1015.6,1.0,-9.0,3.6000000000000227,15.0,0.06666666666666667,-0.6,0.24000000000000152,13.666666666666666,88.0,1017.0666666666666,0.5773502691896255,5.196152422706632,1.890326250501963,3,3,0.7071067811865476,0.7071067811865476,1.0,6.123233995736766e-17
2020-03-15 06:00:00,19.0,63,1020.5,14.0,82.0,1019.2,5.0,-19.0,1.2999999999999545,3.0,1.6666666666666667,-6.333333333333333,0.4333333333333182,15.333333333333334,78.66666666666667,1018.4333333333334,3.214550253664318,14.294521094927713,2.5383721818000895,6,3,1.0,6.123233995736766e-17,1.0,6.123233995736766e-17
2020-03-15 09:00:00,21.8,50,1017.5,19.0,63.0,1020.5,2.8000000000000007,-13.0,-3.0,3.0,0.9333333333333336,-4.333333333333333,-1.0,18.266666666666666,65.0,1019.0666666666666,3.9513710700633187,16.093476939431085,1.5044378795206115,9,3,0.7071067811865476,-0.7071067811865475,1.0,6.123233995736766e-17
2020-03-15 12:00:00,21.4,54,1016.8,21.8,50.0,1017.5,-0.40000000000000213,4.0,-0.7000000000000455,3.0,-0.13333333333333405,1.3333333333333333,-0.2333333333333485,20.733333333333334,55.666666666666664,1018.2666666666668,1.5143755588800765,6.658328118479401,1.965536398374891,12,3,1.2246467991473532e-16,-1.0,1.0,6.123233995736766e-17
2020-03-16 03:00:00,17.4,80,1017.7,21.4,54.0,1016.8,-4.0,26.0,0.900000000000091,15.0,-0.26666666666666666,1.7333333333333334,0.06000000000000606,20.2,61.333333333333336,1017.3333333333334,2.4331050121192894,16.289055630494158,0.4725815626286137,3,3,0.7071067811865476,0.7071067811865476,1.0,6.123233995736766e-17
2020-03-16 06:00:00,22.4,58,1018.1,17.4,80.0,1017.7,5.0,-22.0,0.39999999999997726,3.0,1.6666666666666667,-7.333333333333333,0.13333333333332575,20.400000000000002,64.0,1017.5333333333333,2.6457513110645916,14.000000000000002,0.6658328118503444,6,3,1.0,6.123233995736766e-17,1.0,6.123233995736766e-17
2020-03-16 09:00:00,24.0,47,1016.2,22.4,58.0,1018.1,1.6000000000000014,-11.0,-1.8999999999999773,3.0,0.5333333333333338,-3.6666666666666665,-0.6333333333333258,21.266666666666666,61.666666666666664,1017.3333333333334,3.4428670223134312,16.802777548171413,1.001665280089349,9,3,0.7071067811865476,-0.7071067811865475,1.0,6.123233995736766e-17
2020-03-16 12:00:00,23.8,48,1015.2,24.0,47.0,1016.2,-0.1999999999999993,1.0,-1.0,3.0,-0.06666666666666643,0.3333333333333333,-0.3333333333333333,23.400000000000002,51.0,1016.5,0.8717797887081553,6.082762530298219,1.4730919862667242,12,3,1.2246467991473532e-16,-1.0,1.0,6.123233995736766e-17
2020-03-17 03:00:00,18.2,76,1017.3,23.8,48.0,1015.2,-5.600000000000001,28.0,2.099999999999909,15.0,-0.3733333333333334,1.8666666666666667,0.13999999999999393,22.0,57.0,1016.2333333333335,3.292415526630871,16.46207763315433,1.050396750440778,3,3,0.7071067811865476,0.7071067811865476,1.0,6.123233995736766e-17
2020-03-17 06:00:00,23.6,52,1017.1,18.2,76.0,1017.3,5.400000000000002,-24.0,-0.1999999999999318,3.0,1.8000000000000007,-8.0,-0.06666666666664393,21.866666666666664,58.666666666666664,1016.5333333333333,3.177000681985034,15.14375558880073,1.1590225767155742,6,3,1.0,6.123233995736766e-17,1.0,6.123233995736766e-17
2020-03-17 09:00:00,25.8,41,1015.7,23.6,52.0,1017.1,2.1999999999999993,-11.0,-1.3999999999999773,3.0,0.7333333333333331,-3.6666666666666665,-0.46666666666665907,22.53333333333333,56.333333333333336,1016.7000000000002,3.910669166949996,17.8978583448784,0.871779788709839,9,3,0.7071067811865476,-0.7071067811865475,1.0,6.123233995736766e-17
2020-03-17 12:00:00,25.0,45,1014.7,25.8,41.0,1015.7,-0.8000000000000007,4.0,-1.0,3.0,-0.2666666666666669,1.3333333333333333,-0.3333333333333333,24.8,46.0,1015.8333333333334,1.11355287256603,5.567764362830027,1.2055427546697992,12,3,1.2246467991473532e-16,-1.0,1.0,6.123233995736766e-17
2020-03-18 03:00:00,18.8,81,1016.5,25.0,45.0,1014.7,-6.199999999999999,36.0,1.7999999999999545,15.0,-0.4133333333333333,2.4,0.11999999999999697,23.200000000000003,55.666666666666664,1015.6333333333333,3.831448812133608,22.030282189144412,0.9018499505666104,3,3,0.7071067811865476,0.7071067811865476,1.0,6.123233995736766e-17
2020-03-18 06:00:00,24.8,48,1015.7,18.8,81.0,1016.5,6.0,-33.0,-0.7999999999999545,3.0,2.0,-11.0,-0.2666666666666515,22.866666666666664,58.0,1015.6333333333333,3.523256069793021,19.97498435543818,0.9018499505666104,6,3,1.0,6.123233995736766e-17,1.0,6.123233995736766e-17
2020-03-18 09:00:00,26.6,37,1013.5,24.8,48.0,1015.7,1.8000000000000007,-11.0,-2.2000000000000455,3.0,0.6000000000000002,-3.6666666666666665,-0.7333333333333485,23.400000000000002,55.333333333333336,1015.2333333333332,4.084115571332433,22.898325994127465,1.553490693032101,9,3,0.7071067811865476,-0.7071067811865475,1.0,6.123233995736766e-17
2020-03-18 12:00:00,25.6,48,1012.4,26.6,37.0,1013.5,-1.0,11.0,-1.1000000000000227,3.0,-0.3333333333333333,3.6666666666666665,-0.36666666666667425,25.666666666666668,44.333333333333336,1013.8666666666667,0.901849950564624,6.350852961085897,1.6802777548186447,12,3,1.2246467991473532e-16,-1.0,1.0,6.123233995736766e-17
2020-03-19 03:00:00,20.4,76,1012.4,25.6,48.0,1012.4,-5.200000000000003,28.0,0.0,15.0,-0.34666666666666685,1.8666666666666667,0.0,24.2,53.666666666666664,1012.7666666666668,3.328663395418656,20.108041509140904,0.6350852961130283,3,3,0.7071067811865476,0.7071067811865476,1.0,6.123233995736766e-17
2020-03-19 06:00:00,25.6,52,1012.6,20.4,76.0,1012.4,5.200000000000003,-24.0,0.20000000000004547,3.0,1.7333333333333343,-8.0,0.06666666666668182,23.866666666666664,58.666666666666664,1012.4666666666667,3.0022213997860625,15.143755588800737,0.11547005386316855,6,3,1.0,6.123233995736766e-17,1.0,6.123233995736766e-17
2020-03-19 09:00:00,27.4,48,1010.2,25.6,52.0,1012.6,1.7999999999999972,-4.0,-2.3999999999999773,3.0,0.5999999999999991,-1.3333333333333333,-0.7999999999999924,24.46666666666667,58.666666666666664,1011.7333333333332,3.6350149013908304,15.143755588800737,1.3316656236983082,9,3,0.7071067811865476,-0.7071067811865475,1.0,6.123233995736766e-17
2020-03-19 12:00:00,26.6,53,1009.2,27.4,48.0,1010.2,-0.7999999999999972,5.0,-1.0,3.0,-0.2666666666666657,1.6666666666666667,-0.3333333333333333,26.53333333333333,51.0,1010.6666666666666,0.9018499505646378,2.6457513110646227,1.7473789896130028,12,3,1.2246467991473532e-16,-1.0,1.0,6.123233995736766e-17
2020-03-20 03:00:00,20.0,76,1011.9,26.6,53.0,1009.2,-6.600000000000001,23.0,2.699999999999932,15.0,-0.4400000000000001,1.5333333333333334,0.17999999999999544,24.666666666666668,59.0,1010.4333333333334,4.061198509471482,14.933184523068084,1.3650396819657544,3,3,0.7071067811865476,0.7071067811865476,1.0,6.123233995736766e-17
2020-03-20 06:00:00,26.0,50,1012.0,20.0,76.0,1011.9,6.0,-26.0,0.10000000000002274,3.0,2.0,-8.666666666666666,0.03333333333334091,24.2,59.666666666666664,1011.0333333333333,3.649657518178938,14.224392195567917,1.588500340994745,6,3,1.0,6.123233995736766e-17,1.0,6.123233995736766e-17
2020-03-20 09:00:00,27.6,37,1010.4,26.0,50.0,1012.0,1.6000000000000014,-13.0,-1.6000000000000227,3.0,0.5333333333333338,-4.333333333333333,-0.5333333333333409,24.53333333333333,54.333333333333336,1011.4333333333334,4.006661120351132,19.857828011475313,0.8962886439869898,9,3,0.7071067811865476,-0.7071067811865475,1.0,6.123233995736766e-17
2020-03-20 12:00:00,27.2,48,1008.6,27.6,37.0,1010.4,-0.40000000000000213,11.0,-1.7999999999999545,3.0,-0.13333333333333405,3.6666666666666665,-0.5999999999999849,26.933333333333334,45.0,1010.3333333333334,0.8326663997865271,7.000000000000016,1.7009801096254211,12,3,1.2246467991473532e-16,-1.0,1.0,6.123233995736766e-17
2020-03-21 03:00:00,18.6,81,1012.7,27.2,48.0,1008.6,-8.599999999999998,33.0,4.100000000000023,15.0,-0.5733333333333331,2.2,0.27333333333333487,24.46666666666667,55.333333333333336,1010.5666666666666,5.08461732417823,22.898325994127465,2.055075018908347,3,3,0.7071067811865476,0.7071067811865476,1.0,6.123233995736766e-17
2020-03-21 06:00:00,24.6,58,1012.1,18.6,81.0,1012.7,6.0,-23.0,-0.6000000000000227,3.0,2.0,-7.666666666666667,-0.2000000000000076,23.46666666666667,62.333333333333336,1011.1333333333333,4.410593308539492,16.921386861996076,2.2143471573672824,6,3,1.0,6.123233995736766e-17,1.0,6.123233995736766e-17
2020-03-21 09:00:00,25.6,62,1010.7,24.6,58.0,1012.1,1.0,4.0,-1.3999999999999773,3.0,0.3333333333333333,1.3333333333333333,-0.46666666666665907,22.933333333333334,67.0,1011.8333333333334,3.7859388972001833,12.28820572744451,1.0263202878925655,9,3,0.7071067811865476,-0.7071067811865475,1.0,6.123233995736766e-17
2020-03-21 12:00:00,24.0,61,1010.3,25.6,62.0,1010.7,-1.6000000000000014,-1.0,-0.40000000000009095,3.0,-0.5333333333333338,-0.3333333333333333,-0.13333333333336364,24.733333333333334,60.333333333333336,1011.0333333333333,0.8082903768655094,2.081665999466146,0.9451631252544317,12,3,1.2246467991473532e-16,-1.0,1.0,6.123233995736766e-17
2020-03-22 03:00:00,19.2,74,1014.0,24.0,61.0,1010.3,-4.800000000000001,13.0,3.7000000000000455,15.0,-0.32000000000000006,0.8666666666666667,0.2466666666666697,22.933333333333334,65.66666666666667,1011.6666666666666,3.3306655991458123,7.234178138070236,2.03059925473741,3,3,0.7071067811865476,0.7071067811865476,1.0,6.123233995736766e-17
2020-03-22 06:00:00,25.2,45,1014.3,19.2,74.0,1014.0,6.0,-29.0,0.2999999999999545,3.0,2.0,-9.666666666666666,0.09999999999998484,22.8,60.0,1012.8666666666667,3.1749015732775066,14.52583904633395,2.227853974868889,6,3,1.0,6.123233995736766e-17,1.0,6.123233995736766e-17
2020-03-22 09:00:00,28.2,37,1012.1,25.2,45.0,1014.3,3.0,-8.0,-2.199999999999932,3.0,1.0,-2.6666666666666665,-0.7333333333333106,24.2,52.0,1013.4666666666667,4.582575694955843,19.467922333931785,1.1930353445470692,9,3,0.7071067811865476,-0.7071067811865475,1.0,6.123233995736766e-17
2020-03-22 12:00:00,26.4,44,1010.9,28.2,37.0,1012.1,-1.8000000000000007,7.0,-1.2000000000000455,3.0,-0.6000000000000002,2.3333333333333335,-0.4000000000000152,26.599999999999998,42.0,1012.4333333333334,1.5099668870541865,4.358898943540674,1.724335620852107,12,3,1.2246467991473532e-16,-1.0,1.0,6.123233995736766e-17
2020-03-23 03:00:00,21.6,70,1012.9,26.4,44.0,1010.9,-4.799999999999997,26.0,2.0,15.0,-0.3199999999999998,1.7333333333333334,0.13333333333333333,25.399999999999995,50.333333333333336,1011.9666666666666,3.411744421846405,17.3877351409933,1.006644591372713,3,3,0.7071067811865476,0.7071067811865476,1.0,6.123233995736766e-17
2020-03-23 06:00:00,26.0,52,1013.2,21.6,70.0,1012.9,4.399999999999999,-18.0,0.3000000000000682,3.0,1.4666666666666661,-6.0,0.10000000000002274,24.666666666666668,55.333333333333336,1012.3333333333334,2.6633312473917643,13.316656236958783,1.25033328890329,6,3,1.0,6.123233995736766e-17,1.0,6.123233995736766e-17
2020-03-23 09:00:00,28.8,42,1011.9,26.0,52.0,1013.2,2.8000000000000007,-10.0,-1.3000000000000682,3.0,0.9333333333333336,-3.3333333333333335,-0.43333333333335605,25.46666666666667,54.666666666666664,1012.6666666666666,3.6295086903509963,14.189197769195172,0.680685928559899,9,3,0.7071067811865476,-0.7071067811865475,1.0,6.123233995736766e-17
2020-03-23 12:00:00,27.6,46,1010.1,28.8,42.0,1011.9,-1.1999999999999993,4.0,-1.7999999999999545,3.0,-0.39999999999999974,1.3333333333333333,-0.5999999999999849,27.46666666666667,46.666666666666664,1011.7333333333332,1.4047538337137535,5.033222956847155,1.5567059238469365,12,3,1.2246467991473532e-16,-1.0,1.0,6.123233995736766e-17
2020-03-24 03:00:00,21.2,75,1012.3,27.6,46.0,1010.1,-6.400000000000002,29.0,2.199999999999932,15.0,-0.4266666666666668,1.9333333333333333,0.14666666666666212,25.866666666666664,54.333333333333336,1011.4333333333334,4.0857475856118946,18.009256878986797,1.1718930554194216,3,3,0.7071067811865476,0.7071067811865476,1.0,6.123233995736766e-17
2020-03-24 06:00:00,25.4,61,1012.1,21.2,75.0,1012.3,4.199999999999999,-14.0,-0.1999999999999318,3.0,1.3999999999999997,-4.666666666666667,-0.06666666666664393,24.733333333333334,60.666666666666664,1011.5,3.2516662395352594,14.502873278538056,1.2165525060624818,6,3,1.0,6.123233995736766e-17,1.0,6.123233995736766e-17
2020-03-24 09:00:00,21.6,86,1011.9,25.4,61.0,1012.1,-3.799999999999997,25.0,-0.20000000000004547,3.0,-1.2666666666666657,8.333333333333334,-0.06666666666668182,22.73333333333333,74.0,1012.1,2.3180451534284807,12.529964086141662,0.20000000001642113,9,3,0.7071067811865476,-0.7071067811865475,1.0,6.123233995736766e-17
2020-03-24 12:00:00,20.2,74,1010.9,21.6,86.0,1011.9,-1.4000000000000021,-12.0,-1.0,3.0,-0.4666666666666674,-4.0,-0.3333333333333333,22.400000000000002,73.66666666666667,1011.6333333333333,2.6907248094147276,12.503332889007362,0.6429100507381409,12,3,1.2246467991473532e-16,-1.0,1.0,6.123233995736766e-17
2020-03-25 03:00:00,19.2,79,1012.7,20.2,74.0,1010.9,-1.0,5.0,1.8000000000000682,15.0,-0.06666666666666667,0.3333333333333333,0.12000000000000455,20.333333333333332,79.66666666666667,1011.8333333333334,1.2055427546682724,6.027713773341694,0.9018499505683577,3,3,0.7071067811865476,0.7071067811865476,1.0,6.123233995736766e-17
2020-03-25 06:00:00,25.2,60,1013.9,19.2,79.0,1012.7,6.0,-19.0,1.1999999999999318,3.0,2.0,-6.333333333333333,0.39999999999997726,21.53333333333333,71.0,1012.5,3.214550253664301,9.848857801796097,1.5099668870563798,6,3,1.0,6.123233995736766e-17,1.0,6.123233995736766e-17
2020-03-25 09:00:00,28.2,48,1011.4,25.2,60.0,1013.9,3.0,-12.0,-2.5,3.0,1.0,-4.0,-0.8333333333333334,24.2,62.333333333333336,1012.6666666666666,4.5825756949558425,15.631165450257804,1.2503332889034147,9,3,0.7071067811865476,-0.7071067811865475,1.0,6.123233995736766e-17
2020-03-25 12:00:00,25.8,60,1010.7,28.2,48.0,1011.4,-2.3999999999999986,12.0,-0.6999999999999318,3.0,-0.7999999999999995,4.0,-0.2333333333333106,26.400000000000002,56.0,1012.0,1.5874507866387966,6.928203230275503,1.6822603841279797,12,3,1.2246467991473532e-16,-1.0,1.0,6.123233995736766e-17
2020-03-26 03:00:00,21.4,72,1012.8,25.8,60.0,1010.7,-4.400000000000002,12.0,2.099999999999909,15.0,-0.2933333333333335,0.8,0.13999999999999393,25.13333333333333,60.0,1011.6333333333333,3.4486712417006955,11.999999999999996,1.0692676621593047,3,3,0.7071067811865476,0.7071067811865476,1.0,6.123233995736766e-17
2020-03-26 06:00:00,26.6,45,1013.2,21.4,72.0,1012.8,5.200000000000003,-27.0,0.40000000000009095,3.0,1.7333333333333343,-9.0,0.13333333333336364,24.599999999999998,59.0,1012.2333333333332,2.800000000000012,13.52774925846868,1.3428824719013583,6,3,1.0,6.123233995736766e-17,1.0,6.123233995736766e-17
2020-03-26 09:00:00,26.8,43,1012.7,26.6,45.0,1013.2,0.1999999999999993,-2.0,-0.5,3.0,0.06666666666666643,-0.6666666666666666,-0.16666666666666666,24.933333333333337,53.333333333333336,1012.9000000000001,3.061590000854689,16.196707484341786,0.2645751311194781,9,3,0.7071067811865476,-0.7071067811865475,1.0,6.123233995736766e-17
2020-03-26 12:00:00,25.0,55,1011.9,26.8,43.0,1012.7,-1.8000000000000007,12.0,-0.8000000000000682,3.0,-0.6000000000000002,4.0,-0.2666666666666894,26.133333333333336,47.666666666666664,1012.6,0.9865765724633131,6.429100507328633,0.6557438524353936,12,3,1.2246467991473532e-16,-1.0,1.0,6.123233995736766e-17
2020-03-27 03:00:00,20.0,90,1013.6,25.0,55.0,1011.9,-5.0,35.0,1.7000000000000455,15.0,-0.3333333333333333,2.3333333333333335,0.11333333333333637,23.933333333333337,62.666666666666664,1012.7333333333335,3.5232560697930246,24.419937209856485,0.850490054815563,3,3,0.7071067811865476,0.7071067811865476,1.0,6.123233995736766e-17
2020-03-27 06:00:00,21.2,84,1013.8,20.0,90.0,1013.6,1.1999999999999993,-6.0,0.1999999999999318,3.0,0.39999999999999974,-2.0,0.06666666666664393,22.066666666666666,76.33333333333333,1013.0999999999999,2.610236260060252,18.717193521821947,1.0440306508944082,6,3,1.0,6.123233995736766e-17,1.0,6.123233995736766e-17
2020-03-27 09:00:00,22.0,69,1011.8,21.2,84.0,1013.8,0.8000000000000007,-15.0,-2.0,3.0,0.2666666666666669,-5.0,-0.6666666666666666,21.066666666666666,81.0,1013.0666666666666,1.0066445913694162,10.816653826391976,1.1015141094604197,9,3,0.7071067811865476,-0.7071067811865475,1.0,6.123233995736766e-17
2020-03-27 12:00:00,18.4,94,1012.9,22.0,69.0,1011.8,-3.6000000000000014,25.0,1.1000000000000227,3.0,-1.2000000000000004,8.333333333333334,0.36666666666667425,20.53333333333333,82.33333333333333,1012.8333333333334,1.89032625050103,12.583057392117924,1.0016652800912291,12,3,1.2246467991473532e-16,-1.0,1.0,6.123233995736766e-17
2020-03-28 03:00:00,17.0,94,1017.9,18.4,94.0,1012.9,-1.3999999999999986,0.0,5.0,15.0,-0.09333333333333324,0.0,0.3333333333333333,19.13333333333333,85.66666666666667,1014.1999999999999,2.5794056162870613,14.433756729740649,3.2511536414029494,3,3,0.7071067811865476,0.7071067811865476,1.0,6.123233995736766e-17
2020-03-28 06:00:00,22.6,69,1017.3,17.0,94.0,1017.9,5.600000000000001,-25.0,-0.6000000000000227,3.0,1.8666666666666671,-8.333333333333334,-0.2000000000000076,19.333333333333332,85.66666666666667,1016.0333333333333,2.914332399252571,14.433756729740647,2.7300793639273024,6,3,1.0,6.123233995736766e-17,1.0,6.123233995736766e-17
2020-03-28 09:00:00,26.0,52,1014.0,22.6,69.0,1017.3,3.3999999999999986,-17.0,-3.2999999999999545,3.0,1.1333333333333329,-5.666666666666667,-1.0999999999999848,21.86666666666667,71.66666666666667,1016.4,4.544593857907803,21.126602503321106,2.1000000000020123,9,3,0.7071067811865476,-0.7071067811865475,1.0,6.123233995736766e-17
2020-03-28 12:00:00,25.2,53,1012.2,26.0,52.0,1014.0,-0.8000000000000007,1.0,-1.7999999999999545,3.0,-0.2666666666666669,0.3333333333333333,-0.5999999999999849,24.600000000000005,58.0,1014.5,1.7776388834631418,9.539392014169477,2.5865034312770114,12,3,1.2246467991473532e-16,-1.0,1.0,6.123233995736766e-17
2020-03-29 03:00:00,20.0,69,1014.0,25.2,53.0,1012.2,-5.199999999999999,16.0,1.7999999999999545,15.0,-0.3466666666666666,1.0666666666666667,0.11999999999999697,23.73333333333333,58.0,1013.4000000000001,3.257811126098839,9.539392014169477,1.0392304845449756,3,3,0.7071067811865476,0.7071067811865476,1.0,6.123233995736766e-17
2020-03-29 06:00:00,25.2,47,1014.0,20.0,69.0,1014.0,5.199999999999999,-22.0,0.0,3.0,1.7333333333333332,-7.333333333333333,0.0,23.466666666666665,56.333333333333336,1013.4000000000001,3.0022213997860607,11.372481406154673,1.0392304845449756,6,3,1.0,6.123233995736766e-17,1.0,6.123233995736766e-17
2020-03-29 09:00:00,26.6,42,1012.2,25.2,47.0,1014.0,1.4000000000000021,-5.0,-1.7999999999999545,3.0,0.4666666666666674,-1.6666666666666667,-0.5999999999999849,23.933333333333334,52.666666666666664,1013.4,3.47754702819867,14.364307617610182,1.0392304845449756,9,3,0.7071067811865476,-0.7071067811865475,1.0,6.123233995736766e-17
2020-03-29 12:00:00,25.4,48,1011.5,26.6,42.0,1012.2,-1.2000000000000028,6.0,-0.7000000000000455,3.0,-0.40000000000000097,2.0,-0.2333333333333485,25.733333333333334,45.666666666666664,1012.5666666666666,0.7571877794401326,3.214550253664441,1.2897028081464286,12,3,1.2246467991473532e-16,-1.0,1.0,6.123233995736766e-17
2020-03-30 03:00:00,20.6,68,1013.5,25.4,48.0,1011.5,-4.799999999999997,20.0,2.0,15.0,-0.3199999999999998,1.3333333333333333,0.13333333333333333,24.2,52.666666666666664,1012.4,3.1749015732775194,13.613718571108112,1.0148891565128622,3,3,0.7071067811865476,0.7071067811865476,1.0,6.123233995736766e-17
2020-03-30 06:00:00,25.0,47,1014.0,20.6,68.0,1013.5,4.399999999999999,-21.0,0.5,3.0,1.4666666666666661,-7.0,0.16666666666666666,23.666666666666668,54.333333333333336,1013.0,2.6633312473917643,11.846237095944595,1.3228756555350936,6,3,1.0,6.123233995736766e-17,1.0,6.123233995736766e-17
2020-03-30 09:00:00,27.4,39,1012.2,25.0,47.0,1014.0,2.3999999999999986,-8.0,-1.7999999999999545,3.0,0.7999999999999995,-2.6666666666666665,-0.5999999999999849,24.333333333333332,51.333333333333336,1013.2333333333335,3.448671241700692,14.977761292440666,0.9291573243217157,9,3,0.7071067811865476,-0.7071067811865475,1.0,6.123233995736766e-17
2020-03-30 12:00:00,25.6,44,1011.0,27.4,39.0,1012.2,-1.7999999999999972,5.0,-1.2000000000000455,3.0,-0.5999999999999991,1.6666666666666667,-0.4000000000000152,26.0,43.333333333333336,1012.4000000000001,1.2489995996797296,4.041451884327481,1.5099668870565854,12,3,1.2246467991473532e-16,-1.0,1.0,6.123233995736766e-17
2020-03-31 03:00:00,18.8,83,1012.2,25.6,44.0,1011.0,-6.800000000000001,39.0,1.2000000000000455,15.0,-0.45333333333333337,2.6,0.08000000000000303,23.933333333333337,55.333333333333336,1011.8000000000001,4.535783651513087,24.090108620206216,0.6928203230328259,3,3,0.7071067811865476,0.7071067811865476,1.0,6.123233995736766e-17
2020-03-31 06:00:00,24.4,58,1011.8,18.8,83.0,1012.2,5.599999999999998,-25.0,-0.40000000000009095,3.0,1.866666666666666,-8.333333333333334,-0.13333333333336364,22.933333333333334,61.666666666666664,1011.6666666666666,3.6295086903509914,19.7568553503166,0.6110100926667172,6,3,1.0,6.123233995736766e-17,1.0,6.123233995736766e-17
2020-03-31 09:00:00,24.2,62,1010.9,24.4,58.0,1011.8,-0.1999999999999993,4.0,-0.8999999999999773,3.0,-0.06666666666666643,1.3333333333333333,-0.29999999999999244,22.46666666666667,67.66666666666667,1011.6333333333332,3.1770006819850303,13.428824718989127,0.6658328118534156,9,3,0.7071067811865476,-0.7071067811865475,1.0,6.123233995736766e-17
2020-03-31 12:00:00,21.2,67,1013.6,24.2,62.0,1010.9,-3.0,5.0,2.7000000000000455,3.0,-1.0,1.6666666666666667,0.9000000000000151,23.266666666666666,62.333333333333336,1012.1,1.792577287966514,4.509249752822907,1.3747727084894596,12,3,1.2246467991473532e-16,-1.0,1.0,6.123233995736766e-17
2020-04-01 03:00:00,19.4,74,1012.9,21.2,67.0,1013.6,-1.8000000000000007,7.0,-0.7000000000000455,15.0,-0.12000000000000005,0.4666666666666667,-0.0466666666666697,21.599999999999998,67.66666666666667,1012.4666666666666,2.424871130596427,6.027713773341715,1.401189970468258,3,4,0.7071067811865476,0.7071067811865476,0.8660254037844387,-0.4999999999999998
2020-04-01 06:00:00,26.2,46,1012.5,19.4,74.0,1012.9,6.800000000000001,-28.0,-0.39999999999997726,3.0,2.266666666666667,-9.333333333333334,-0.13333333333332575,22.266666666666666,62.333333333333336,1013.0,3.5232560697930184,14.571661996262932,0.5567764362898057,6,4,1.0,6.123233995736766e-17,0.8660254037844387,-0.4999999999999998
2020-04-01 09:00:00,28.8,40,1010.6,26.2,46.0,1012.5,2.6000000000000014,-6.0,-1.8999999999999773,3.0,0.8666666666666671,-2.0,-0.6333333333333258,24.8,53.333333333333336,1012.0,4.853864439804649,18.147543451754938,1.228820572747367,9,4,0.7071067811865476,-0.7071067811865475,0.8660254037844387,-0.4999999999999998
2020-04-01 12:00:00,28.2,43,1009.0,28.8,40.0,1010.6,-0.6000000000000014,3.0,-1.6000000000000227,3.0,-0.20000000000000048,1.0,-0.5333333333333409,27.733333333333334,43.0,1010.6999999999999,1.3613718571108733,3.0000000000000284,1.75214154679547,12,4,1.2246467991473532e-16,-1.0,0.8660254037844387,-0.4999999999999998
2020-04-02 03:00:00,20.6,73,1011.7,28.2,43.0,1009.0,-7.599999999999998,30.0,2.7000000000000455,15.0,-0.5066666666666665,2.0,0.18000000000000302,25.866666666666664,52.0,1010.4333333333334,4.570922591045865,18.248287590894662,1.3576941236302724,3,4,0.7071067811865476,0.7071067811865476,0.8660254037844387,-0.4999999999999998
2020-04-02 06:00:00,26.0,46,1012.0,20.6,73.0,1011.7,5.399999999999999,-27.0,0.2999999999999545,3.0,1.7999999999999996,-9.0,0.09999999999998484,24.933333333333334,54.0,1010.9000000000001,3.9106691669500004,16.52271164185831,1.6522711641879155,6,4,1.0,6.123233995736766e-17,0.8660254037844387,-0.4999999999999998
2020-04-02 12:00:00,27.4,27,1010.6,26.0,46.0,1012.0,1.3999999999999986,-19.0,-1.3999999999999773,6.0,0.2333333333333331,-3.1666666666666665,-0.23333333333332953,24.666666666666668,48.666666666666664,1011.4333333333334,3.590728802532072,23.11565126344775,0.7371114795878895,12,4,1.2246467991473532e-16,-1.0,0.8660254037844387,-0.4999999999999998
2020-04-03 03:00:00,21.0,49,1012.9,27.4,27.0,1010.6,-6.399999999999999,22.0,2.2999999999999545,15.0,-0.4266666666666666,1.4666666666666666,0.1533333333333303,24.8,40.666666666666664,1011.8333333333334,3.3645207682521567,11.930353445448858,1.15902257671724,3,4,0.7071067811865476,0.7071067811865476,0.8660254037844387,-0.4999999999999998
2020-04-03 06:00:00,26.4,33,1012.7,21.0,49.0,1012.9,5.399999999999999,-16.0,-0.1999999999999318,3.0,1.7999999999999996,-5.333333333333333,-0.06666666666664393,24.933333333333334,36.333333333333336,1012.0666666666666,3.442867022313441,11.372481406154659,1.2741009902438472,6,4,1.0,6.123233995736766e-17,0.8660254037844387,-0.4999999999999998
2020-04-03 09:00:00,28.0,30,1011.4,26.4,33.0,1012.7,1.6000000000000014,-3.0,-1.3000000000000682,3.0,0.5333333333333338,-1.0,-0.43333333333335605,25.13333333333333,37.333333333333336,1012.3333333333334,3.6678785875943913,10.214368964029715,0.8144527815290743,9,4,0.7071067811865476,-0.7071067811865475,0.8660254037844387,-0.4999999999999998
2020-04-03 12:00:00,26.6,33,1010.6,28.0,30.0,1011.4,-1.3999999999999986,3.0,-0.7999999999999545,3.0,-0.4666666666666662,1.0,-0.2666666666666515,27.0,32.0,1011.5666666666666,0.8717797887082244,1.732050807568926,1.0598742063756075,12,4,1.2246467991473532e-16,-1.0,0.8660254037844387,-0.4999999999999998
2020-04-04 03:00:00,21.4,60,1013.4,26.6,33.0,1010.6,-5.200000000000003,27.0,2.7999999999999545,15.0,-0.34666666666666685,1.8,0.18666666666666362,25.333333333333332,41.0,1011.8000000000001,3.477547028198675,16.52271164185831,1.4422205101879915,3,4,0.7071067811865476,0.7071067811865476,0.8660254037844387,-0.4999999999999998
2020-04-04 06:00:00,27.2,35,1013.4,21.4,60.0,1013.4,5.800000000000001,-25.0,0.0,3.0,1.9333333333333336,-8.333333333333334,0.0,25.066666666666666,42.666666666666664,1012.4666666666667,3.1895663237081973,15.044378795195682,1.6165807537330754,6,4,1.0,6.123233995736766e-17,0.8660254037844387,-0.4999999999999998
2020-04-04 09:00:00,29.6,29,1011.4,27.2,35.0,1013.4,2.400000000000002,-6.0,-2.0,3.0,0.8000000000000007,-2.0,-0.6666666666666666,26.066666666666663,41.333333333333336,1012.7333333333332,4.215843134336649,16.441816606851372,1.154700538382241,9,4,0.7071067811865476,-0.7071067811865475,0.8660254037844387,-0.4999999999999998
2020-04-04 12:00:00,28.6,33,1010.1,29.6,29.0,1011.4,-1.0,4.0,-1.2999999999999545,3.0,-0.3333333333333333,1.3333333333333333,-0.4333333333333182,28.46666666666667,32.333333333333336,1011.6333333333333,1.2055427546684225,3.0550504633039304,1.662327685307696,12,4,1.2246467991473532e-16,-1.0,0.8660254037844387,-0.4999999999999998
2020-04-05 03:00:00,20.0,74,1014.8,28.6,33.0,1010.1,-8.600000000000001,41.0,4.699999999999932,15.0,-0.5733333333333335,2.7333333333333334,0.3133333333333288,26.066666666666666,45.333333333333336,1012.0999999999999,5.2776257288039545,24.906491790963525,2.426932219903713,3,4,0.7071067811865476,0.7071067811865476,0.8660254037844387,-0.4999999999999998
2020-04-05 06:00:00,27.8,42,1013.6,20.0,74.0,1014.8,7.800000000000001,-32.0,-1.1999999999999318,3.0,2.6,-10.666666666666666,-0.39999999999997726,25.46666666666667,49.666666666666664,1012.8333333333334,4.751140214025835,21.548395145191982,2.4419937209869604,6,4,1.0,6.123233995736766e-17,0.8660254037844387,-0.4999999999999998
2020-04-05 12:00:00,29.6,38,1009.9,27.8,42.0,1013.6,1.8000000000000007,-4.0,-3.7000000000000455,6.0,0.3000000000000001,-0.6666666666666666,-0.6166666666666742,25.8,51.333333333333336,1012.7666666666668,5.102940328869242,19.731531449264992,2.554081700600054,12,4,1.2246467991473532e-16,-1.0,0.8660254037844387,-0.4999999999999998
2020-04-06 03:00:00,23.2,56,1013.0,29.6,38.0,1009.9,-6.400000000000002,18.0,3.1000000000000227,15.0,-0.4266666666666668,1.2,0.2066666666666682,26.866666666666664,45.333333333333336,1012.1666666666666,3.3005050118631067,9.451631252505225,1.9857828011493575,3,4,0.7071067811865476,0.7071067811865476,0.8660254037844387,-0.4999999999999998
2020-04-06 06:00:00,30.2,36,1012.5,23.2,56.0,1013.0,7.0,-20.0,-0.5,3.0,2.3333333333333335,-6.666666666666667,-0.16666666666666666,27.666666666666668,43.333333333333336,1011.8000000000001,3.8798625405204104,11.015141094572211,1.6643316977115536,6,4,1.0,6.123233995736766e-17,0.8660254037844387,-0.4999999999999998
2020-04-06 09:00:00,30.8,38,1012.1,30.2,36.0,1012.5,0.6000000000000014,2.0,-0.39999999999997726,3.0,0.20000000000000048,0.6666666666666666,-0.13333333333332575,28.066666666666663,43.333333333333336,1012.5333333333333,4.22532050066424,11.015141094572211,0.45092497529004427,9,4,0.7071067811865476,-0.7071067811865475,0.8660254037844387,-0.4999999999999998
2020-04-06 12:00:00,28.6,43,1010.7,30.8,38.0,1012.1,-2.1999999999999993,5.0,-1.3999999999999773,3.0,-0.7333333333333331,1.6666666666666667,-0.46666666666665907,29.866666666666664,39.0,1011.7666666666668,1.1372481406155555,3.605551275464013,0.9451631252544355,12,4,1.2246467991473532e-16,-1.0,0.8660254037844387,-0.4999999999999998
2020-04-07 03:00:00,19.8,72,1012.1,28.6,43.0,1010.7,-8.8,29.0,1.3999999999999773,15.0,-0.5866666666666667,1.9333333333333333,0.09333333333333181,26.400000000000002,51.0,1011.6333333333333,5.82065288434211,18.357559750685823,0.8082903768701117,3,4,0.7071067811865476,0.7071067811865476,0.8660254037844387,-0.4999999999999998
2020-04-07 06:00:00,26.6,51,1011.3,19.8,72.0,1012.1,6.800000000000001,-21.0,-0.8000000000000682,3.0,2.266666666666667,-7.0,-0.2666666666666894,25.0,55.333333333333336,1011.3666666666667,4.613025037868327,14.977761292440654,0.7023769168623007,6,4,1.0,6.123233995736766e-17,0.8660254037844387,-0.4999999999999998
2020-04-07 09:00:00,22.0,74,1011.4,26.6,51.0,1011.3,-4.600000000000001,23.0,0.10000000000002274,3.0,-1.5333333333333339,7.666666666666667,0.03333333333334091,22.8,65.66666666666667,1011.6,3.469870314579498,12.741009902410934,0.43588989436271736,9,4,0.7071067811865476,-0.7071067811865475,0.8660254037844387,-0.4999999999999998
2020-04-07 12:00:00,22.2,58,1010.4,22.0,74.0,1011.4,0.1999999999999993,-16.0,-1.0,3.0,0.06666666666666643,-5.333333333333333,-0.3333333333333333,23.600000000000005,61.0,1011.0333333333333,2.6000000000000085,11.789826122551604,0.5507570547356122,12,4,1.2246467991473532e-16,-1.0,0.8660254037844387,-0.4999999999999998
2020-04-08 03:00:00,20.4,68,1012.0,22.2,58.0,1010.4,-1.8000000000000007,10.0,1.6000000000000227,15.0,-0.12000000000000005,0.6666666666666666,0.10666666666666819,21.53333333333333,66.66666666666667,1011.2666666666665,0.9865765724632517,8.082903768654765,0.8082903768702201,3,4,0.7071067811865476,0.7071067811865476,0.8660254037844387,-0.4999999999999998
2020-04-08 06:00:00,26.8,36,1012.6,20.4,68.0,1012.0,6.400000000000002,-32.0,0.6000000000000227,3.0,2.133333333333334,-10.666666666666666,0.2000000000000076,23.13333333333333,54.0,1011.6666666666666,3.3005050118630903,16.370705543744908,1.1372481406188035,6,4,1.0,6.123233995736766e-17,0.8660254037844387,-0.4999999999999998
2020-04-08 09:00:00,29.2,28,1010.9,26.8,36.0,1012.6,2.3999999999999986,-8.0,-1.7000000000000455,3.0,0.7999999999999995,-2.6666666666666665,-0.5666666666666819,25.46666666666667,44.0,1011.8333333333334,4.548992562461872,21.166010488516736,0.8621678104295708,9,4,0.7071067811865476,-0.7071067811865475,0.8660254037844387,-0.4999999999999998
2020-04-08 12:00:00,28.4,28,1009.5,29.2,28.0,1010.9,-0.8000000000000007,0.0,-1.3999999999999773,3.0,-0.2666666666666669,0.0,-0.46666666666665907,28.133333333333336,30.666666666666668,1011.0,1.2220201853216233,4.618802153517102,1.5524174696285544,12,4,1.2246467991473532e-16,-1.0,0.8660254037844387,-0.4999999999999998
2020-04-09 03:00:00,22.0,60,1010.9,28.4,28.0,1009.5,-6.399999999999999,32.0,1.3999999999999773,15.0,-0.4266666666666666,2.1333333333333333,0.09333333333333181,26.53333333333333,38.666666666666664,1010.4333333333334,3.9463062898530112,18.475208614068027,0.8082903768704682,3,4,0.7071067811865476,0.7071067811865476,0.8660254037844387,-0.4999999999999998
2020-04-09 06:00:00,28.8,37,1011.4,22.0,60.0,1010.9,6.800000000000001,-23.0,0.5,3.0,2.266666666666667,-7.666666666666667,0.16666666666666666,26.400000000000002,41.666666666666664,1010.5999999999999,3.815756805667796,16.50252505931542,0.9848857801837028,6,4,1.0,6.123233995736766e-17,0.8660254037844387,-0.4999999999999998
2020-04-09 09:00:00,30.8,30,1009.8,28.8,37.0,1011.4,2.0,-7.0,-1.6000000000000227,3.0,0.6666666666666666,-2.3333333333333335,-0.5333333333333409,27.2,42.333333333333336,1010.6999999999999,4.613025037868333,15.695009822658074,0.818535277192202,9,4,0.7071067811865476,-0.7071067811865475,0.8660254037844387,-0.4999999999999998
2020-04-09 12:00:00,29.6,33,1009.2,30.8,30.0,1009.8,-1.1999999999999993,3.0,-0.599999999999909,3.0,-0.39999999999999974,1.0,-0.19999999999996967,29.733333333333334,33.333333333333336,1010.1333333333333,1.0066445913695432,3.5118845842842625,1.137248140619082,12,4,1.2246467991473532e-16,-1.0,0.8660254037844387,-0.4999999999999998
2020-04-10 03:00:00,22.6,59,1011.5,29.6,33.0,1009.2,-7.0,26.0,2.2999999999999545,15.0,-0.4666666666666667,1.7333333333333334,0.1533333333333303,27.666666666666668,40.666666666666664,1010.1666666666666,4.428694314731317,15.947831618540915,1.1930353445483075,3,4,0.7071067811865476,0.7071067811865476,0.8660254037844387,-0.4999999999999998
2020-04-10 06:00:00,30.4,34,1012.0,22.6,59.0,1011.5,7.799999999999997,-25.0,0.5,3.0,2.599999999999999,-8.333333333333334,0.16666666666666666,27.53333333333333,42.0,1010.9000000000001,4.291076011134442,14.730919862656235,1.4933184523093717,6,4,1.0,6.123233995736766e-17,0.8660254037844387,-0.4999999999999998
2020-04-10 09:00:00,33.4,24,1010.4,30.4,34.0,1012.0,3.0,-10.0,-1.6000000000000227,3.0,1.0,-3.3333333333333335,-0.5333333333333409,28.8,39.0,1011.2999999999998,5.574943945906557,18.02775637731995,0.818535277191857,9,4,0.7071067811865476,-0.7071067811865475,0.8660254037844387,-0.4999999999999998
2020-04-10 12:00:00,31.6,28,1009.7,33.4,24.0,1010.4,-1.7999999999999972,4.0,-0.6999999999999318,3.0,-0.5999999999999991,1.3333333333333333,-0.2333333333333106,31.8,28.666666666666668,1010.6999999999999,1.5099668870542395,5.033222956847201,1.178982612258469,12,4,1.2246467991473532e-16,-1.0,0.8660254037844387,-0.4999999999999998
2020-04-11 03:00:00,26.6,46,1014.5,31.6,28.0,1009.7,-5.0,18.0,4.7999999999999545,15.0,-0.3333333333333333,1.2,0.31999999999999695,30.53333333333333,32.666666666666664,1011.5333333333333,3.5232560697930486,11.71893055416464,2.5929391302807234,3,4,0.7071067811865476,0.7071067811865476,0.8660254037844387,-0.4999999999999998
2020-04-11 06:00:00,31.8,27,1014.5,26.6,46.0,1014.5,5.199999999999999,-19.0,0.0,3.0,1.7333333333333332,-6.333333333333333,0.0,30.0,33.666666666666664,1012.9,2.946183972531284,10.692676621563635,2.7712812921115066,6,4,1.0,6.123233995736766e-17,0.8660254037844387,-0.4999999999999998
2020-04-11 09:00:00,34.0,23,1012.0,31.8,27.0,1014.5,2.1999999999999993,-4.0,-2.5,3.0,0.7333333333333331,-1.3333333333333333,-0.8333333333333334,30.8,32.0,1013.6666666666666,3.80000000000003,12.288205727444515,1.4433756729765563,9,4,0.7071067811865476,-0.7071067811865475,0.8660254037844387,-0.4999999999999998
2020-04-11 12:00:00,32.2,32,1010.7,34.0,23.0,1012.0,-1.7999999999999972,9.0,-1.2999999999999545,3.0,-0.5999999999999991,3.0,-0.4333333333333182,32.666666666666664,27.333333333333332,1012.4,1.1718930554165783,4.509249752822927,1.9313207915847135,12,4,1.2246467991473532e-16,-1.0,0.8660254037844387,-0.4999999999999998
2020-04-12 03:00:00,26.4,48,1014.4,32.2,32.0,1010.7,-5.800000000000004,16.0,3.699999999999932,15.0,-0.38666666666666694,1.0666666666666667,0.24666666666666212,30.866666666666664,34.333333333333336,1012.3666666666667,3.971565602295094,12.662279942148395,1.877054430042092,3,4,0.7071067811865476,0.7071067811865476,0.8660254037844387,-0.4999999999999998
2020-04-12 06:00:00,31.0,35,1011.1,26.4,48.0,1014.4,4.600000000000001,-13.0,-3.2999999999999545,3.0,1.5333333333333339,-4.333333333333333,-1.0999999999999848,29.866666666666664,38.333333333333336,1012.0666666666666,3.061590000854717,8.504900548115394,2.0305992547375658,6,4,1.0,6.123233995736766e-17,0.8660254037844387,-0.4999999999999998
2020-04-12 09:00:00,33.6,28,1008.9,31.0,35.0,1011.1,2.6000000000000014,-7.0,-2.2000000000000455,3.0,0.8666666666666671,-2.3333333333333335,-0.7333333333333485,30.333333333333332,37.0,1011.4666666666667,3.646002377033452,10.148891565092228,2.7682726262673536,9,4,0.7071067811865476,-0.7071067811865475,0.8660254037844387,-0.4999999999999998
2020-04-12 12:00:00,33.2,25,1007.5,33.6,28.0,1008.9,-0.3999999999999986,-3.0,-1.3999999999999773,3.0,-0.13333333333333286,-1.0,-0.46666666666665907,32.599999999999994,29.333333333333332,1009.1666666666666,1.4000000000000914,5.131601439446902,1.8147543451779669,12,4,1.2246467991473532e-16,-1.0,0.8660254037844387,-0.4999999999999998
2020-04-13 03:00:00,27.8,52,1009.0,33.2,25.0,1007.5,-5.400000000000002,27.0,1.5,15.0,-0.36000000000000015,1.8,0.1,31.53333333333333,35.0,1008.4666666666667,3.2393414968684,14.798648586948747,0.8386497083661716,3,4,0.7071067811865476,0.7071067811865476,0.8660254037844387,-0.4999999999999998
2020-04-13 06:00:00,33.8,33,1008.5,27.8,52.0,1009.0,5.9999999999999964,-19.0,-0.5,3.0,1.999999999999999,-6.333333333333333,-0.16666666666666666,31.599999999999998,36.666666666666664,1008.3333333333334,3.3045423283717006,13.868429375143153,0.7637626158321281,6,4,1.0,6.123233995736766e-17,0.8660254037844387,-0.4999999999999998
2020-04-13 09:00:00,35.6,26,1006.7,33.8,33.0,1008.5,1.8000000000000043,-7.0,-1.7999999999999545,3.0,0.6000000000000014,-2.3333333333333335,-0.5999999999999849,32.4,37.0,1008.0666666666666,4.0841155713324575,13.453624047073717,1.2096831541121806,9,4,0.7071067811865476,-0.7071067811865475,0.8660254037844387,-0.4999999999999998
2020-04-13 12:00:00,34.2,30,1005.4,35.6,26.0,1006.7,-1.3999999999999986,4.0,-1.3000000000000682,3.0,-0.4666666666666662,1.3333333333333333,-0.43333333333335605,34.53333333333333,29.666666666666668,1006.8666666666667,0.9451631252506338,3.5118845842842705,1.556705923847978,12,4,1.2246467991473532e-16,-1.0,0.8660254037844387,-0.4999999999999998
2020-04-14 03:00:00,26.8,59,1008.8,34.2,30.0,1005.4,-7.400000000000002,29.0,3.3999999999999773,15.0,-0.49333333333333346,1.9333333333333333,0.22666666666666516,32.2,38.333333333333336,1006.9666666666666,4.72863616701478,18.009256878986804,1.7156145643305825,3,4,0.7071067811865476,0.7071067811865476,0.8660254037844387,-0.4999999999999998
2020-04-14 06:00:00,34.6,31,1008.0,26.8,59.0,1008.8,7.800000000000001,-28.0,-0.7999999999999545,3.0,2.6,-9.333333333333334,-0.2666666666666515,31.866666666666664,40.0,1007.4,4.392417709341128,16.46207763315433,1.7776388834658652,6,4,1.0,6.123233995736766e-17,0.8660254037844387,-0.4999999999999998
2020-04-14 09:00:00,38.0,22,1005.5,34.6,31.0,1008.0,3.3999999999999986,-9.0,-2.5,3.0,1.1333333333333329,-3.0,-0.8333333333333334,33.13333333333333,37.333333333333336,1007.4333333333334,5.742241142039714,19.29594085120841,1.7214335111595198,9,4,0.7071067811865476,-0.7071067811865475,0.8660254037844387,-0.4999999999999998
2020-04-14 12:00:00,37.6,23,1004.4,38.0,22.0,1005.5,-0.3999999999999986,1.0,-1.1000000000000227,3.0,-0.13333333333333286,0.3333333333333333,-0.36666666666667425,36.733333333333334,25.333333333333332,1005.9666666666667,1.8583146486355786,4.932882862316266,1.844812546938951,12,4,1.2246467991473532e-16,-1.0,0.8660254037844387,-0.4999999999999998
2020-04-15 03:00:00,27.0,48,1009.9,37.6,23.0,1004.4,-10.600000000000001,25.0,5.5,15.0,-0.7066666666666668,1.6666666666666667,0.36666666666666664,34.199999999999996,31.0,1006.6,6.238589584192906,14.730919862656242,2.9103264421727526,3,4,0.7071067811865476,0.7071067811865476,0.8660254037844387,-0.4999999999999998
2020-04-15 06:00:00,34.8,27,1008.7,27.0,48.0,1009.9,7.799999999999997,-21.0,-1.1999999999999318,3.0,2.599999999999999,-7.0,-0.39999999999997726,33.13333333333333,32.666666666666664,1007.6666666666666,5.493025881363889,13.42882471898913,2.8919428302342234,6,4,1.0,6.123233995736766e-17,0.8660254037844387,-0.4999999999999998
2020-04-15 09:00:00,37.6,20,1005.8,34.8,27.0,1008.7,2.8000000000000043,-7.0,-2.900000000000091,3.0,0.9333333333333348,-2.3333333333333335,-0.966666666666697,33.13333333333333,31.666666666666668,1008.1333333333332,5.493025881363889,14.571661996262936,2.10792156717063,9,4,0.7071067811865476,-0.7071067811865475,0.8660254037844387,-0.4999999999999998
2020-04-15 12:00:00,38.2,15,1004.0,37.6,20.0,1005.8,0.6000000000000014,-5.0,-1.7999999999999545,3.0,0.20000000000000048,-1.6666666666666667,-0.5999999999999849,36.86666666666667,20.666666666666668,1006.1666666666666,1.814754345175545,6.027713773341725,2.3713568549132438,12,4,1.2246467991473532e-16,-1.0,0.8660254037844387,-0.4999999999999998
2020-04-16 03:00:00,28.4,51,1007.8,38.2,15.0,1004.0,-9.800000000000004,36.0,3.7999999999999545,15.0,-0.6533333333333337,2.4,0.2533333333333303,34.73333333333333,28.666666666666668,1005.8666666666667,5.49302588136389,19.502136635080106,1.9008769905872107,3,4,0.7071067811865476,0.7071067811865476,0.8660254037844387,-0.4999999999999998
2020-04-16 06:00:00,33.4,32,1008.2,28.4,51.0,1007.8,5.0,-19.0,0.40000000000009095,3.0,1.6666666666666667,-6.333333333333333,0.13333333333336364,33.333333333333336,32.666666666666664,1006.6666666666666,4.900340124249901,18.009256878986807,2.3180451534306856,6,4,1.0,6.123233995736766e-17,0.8660254037844387,-0.4999999999999998
2020-04-16 09:00:00,35.6,18,1005.9,33.4,32.0,1008.2,2.200000000000003,-14.0,-2.300000000000068,3.0,0.7333333333333343,-4.666666666666667,-0.7666666666666894,32.46666666666666,33.666666666666664,1007.3000000000001,3.6896250938724804,16.56301099840647,1.2288205727484647,9,4,0.7071067811865476,-0.7071067811865475,0.8660254037844387,-0.4999999999999998
2020-04-16 12:00:00,34.8,15,1004.9,35.6,18.0,1005.9,-0.8000000000000043,-3.0,-1.0,3.0,-0.2666666666666681,-1.0,-0.3333333333333333,34.6,21.666666666666668,1006.3333333333334,1.1135528725660953,9.073771725877476,1.6921386862026955,12,4,1.2246467991473532e-16,-1.0,0.8660254037844387,-0.4999999999999998
2020-04-17 03:00:00,26.0,46,1008.9,34.8,15.0,1004.9,-8.799999999999997,31.0,4.0,15.0,-0.5866666666666664,2.066666666666667,0.26666666666666666,32.13333333333333,26.333333333333332,1006.5666666666666,5.326662494783528,17.097758137642888,2.0816659994685707,3,4,0.7071067811865476,0.7071067811865476,0.8660254037844387,-0.4999999999999998
2020-04-17 06:00:00,28.0,44,1008.0,26.0,46.0,1008.9,2.0,-2.0,-0.8999999999999773,3.0,0.6666666666666666,-0.6666666666666666,-0.29999999999999244,29.599999999999994,35.0,1007.2666666666665,4.613025037868327,17.349351572897483,2.0984120980739323,6,4,1.0,6.123233995736766e-17,0.8660254037844387,-0.4999999999999998
2020-04-17 09:00:00,28.8,41,1006.5,28.0,44.0,1008.0,0.8000000000000007,-3.0,-1.5,3.0,0.2666666666666669,-1.0,-0.5,27.599999999999998,43.666666666666664,1007.8000000000001,1.4422205101856105,2.5166114784237,1.212435565302048,9,4,0.7071067811865476,-0.7071067811865475,0.8660254037844387,-0.4999999999999998
2020-04-17 12:00:00,30.0,36,1005.0,28.8,41.0,1006.5,1.1999999999999993,-5.0,-1.5,3.0,0.39999999999999974,-1.6666666666666667,-0.5,28.933333333333334,40.333333333333336,1006.5,1.0066445913694744,4.04145188432744,1.5000000000033005,12,4,1.2246467991473532e-16,-1.0,0.8660254037844387,-0.4999999999999998
2020-04-18 03:00:00,23.4,62,1010.0,30.0,36.0,1005.0,-6.600000000000001,26.0,5.0,15.0,-0.4400000000000001,1.7333333333333334,0.3333333333333333,27.399999999999995,46.333333333333336,1007.1666666666666,3.5156791662493942,13.796134724383275,2.5658007197252886,3,4,0.7071067811865476,0.7071067811865476,0.8660254037844387,-0.4999999999999998
2020-04-18 06:00:00,31.4,33,1010.0,23.4,62.0,1010.0,8.0,-29.0,0.0,3.0,2.6666666666666665,-9.666666666666666,0.0,28.266666666666666,43.666666666666664,1008.3333333333334,4.272391992003238,15.947831618540933,2.8867513459496745,6,4,1.0,6.123233995736766e-17,0.8660254037844387,-0.4999999999999998
2020-04-18 09:00:00,33.4,27,1007.3,31.4,33.0,1010.0,2.0,-6.0,-2.7000000000000455,3.0,0.6666666666666666,-2.0,-0.9000000000000151,29.399999999999995,40.666666666666664,1009.0999999999999,5.29150262212919,18.717193521821958,1.5588457268147669,9,4,0.7071067811865476,-0.7071067811865475,0.8660254037844387,-0.4999999999999998
2020-04-18 12:00:00,29.2,50,1007.6,33.4,27.0,1007.3,-4.199999999999999,23.0,0.3000000000000682,3.0,-1.3999999999999997,7.666666666666667,0.10000000000002274,31.33333333333333,36.666666666666664,1008.2999999999998,2.100793500878533,11.930353445448869,1.4798648586979117,12,4,1.2246467991473532e-16,-1.0,0.8660254037844387,-0.4999999999999998
2020-04-19 03:00:00,23.4,57,1009.7,29.2,50.0,1007.6,-5.800000000000001,7.0,2.1000000000000227,15.0,-0.3866666666666667,0.4666666666666667,0.1400000000000015,28.66666666666666,44.666666666666664,1008.1999999999999,5.021288015373485,15.69500982265809,1.3076696830657029,3,4,0.7071067811865476,0.7071067811865476,0.8660254037844387,-0.4999999999999998
2020-04-19 06:00:00,29.8,33,1009.0,23.4,57.0,1009.7,6.400000000000002,-24.0,-0.7000000000000455,3.0,2.133333333333334,-8.0,-0.2333333333333485,27.466666666666658,46.666666666666664,1008.7666666666668,3.534590971149753,12.342339054382437,1.0692676621604682,6,4,1.0,6.123233995736766e-17,0.8660254037844387,-0.4999999999999998
2020-04-19 09:00:00,32.6,27,1007.6,29.8,33.0,1009.0,2.8000000000000007,-6.0,-1.3999999999999773,3.0,0.9333333333333336,-2.0,-0.46666666666665907,28.599999999999994,39.0,1008.7666666666668,4.715930449020647,15.874507866387559,1.0692676621604682,9,4,0.7071067811865476,-0.7071067811865475,0.8660254037844387,-0.4999999999999998
2020-04-19 12:00:00,32.2,28,1005.5,32.6,27.0,1007.6,-0.3999999999999986,1.0,-2.1000000000000227,3.0,-0.13333333333333286,0.3333333333333333,-0.7000000000000076,31.53333333333333,29.333333333333332,1007.3666666666667,1.5143755588801322,3.2145502536643558,1.7616280348992381,12,4,1.2246467991473532e-16,-1.0,0.8660254037844387,-0.4999999999999998
2020-04-20 03:00:00,26.0,46,1008.8,32.2,28.0,1005.5,-6.200000000000003,18.0,3.2999999999999545,15.0,-0.4133333333333335,1.2,0.21999999999999698,30.266666666666662,33.666666666666664,1007.3000000000001,3.7004504230341273,10.692676621563644,1.670329308851855,3,4,0.7071067811865476,0.7071067811865476,0.8660254037844387,-0.4999999999999998
2020-04-20 06:00:00,29.8,38,1009.3,26.0,46.0,1008.8,3.8000000000000007,-8.0,0.5,3.0,1.2666666666666668,-2.6666666666666665,0.16666666666666666,29.33333333333333,37.333333333333336,1007.8666666666667,3.1262330900515725,9.018499505645815,2.0647840887953217,6,4,1.0,6.123233995736766e-17,0.8660254037844387,-0.4999999999999998
2020-04-20 09:00:00,25.0,52,1009.0,29.8,38.0,1009.3,-4.800000000000001,14.0,-0.2999999999999545,3.0,-1.6000000000000003,4.666666666666667,-0.09999999999998484,26.933333333333326,45.333333333333336,1009.0333333333333,2.532455988429668,7.0237691685685455,0.25166114785846666,9,4,0.7071067811865476,-0.7071067811865475,0.8660254037844387,-0.4999999999999998
2020-04-20 12:00:00,20.2,80,1008.8,25.0,52.0,1009.0,-4.800000000000001,28.0,-0.20000000000004547,3.0,-1.6000000000000003,9.333333333333334,-0.06666666666668182,24.999999999999996,56.666666666666664,1009.0333333333333,4.7999999999999865,21.385353243127277,0.25166114785846666,12,4,1.2246467991473532e-16,-1.0,0.8660254037844387,-0.4999999999999998
2020-04-21 03:00:00,22.2,64,1011.3,20.2,80.0,1008.8,2.0,-16.0,2.5,15.0,0.13333333333333333,-1.0666666666666667,0.16666666666666666,22.466666666666665,65.33333333333333,1009.6999999999999,2.411085509336634,14.04753833713703,1.3892443989475958,3,4,0.7071067811865476,0.7071067811865476,0.8660254037844387,-0.4999999999999998
2020-04-21 06:00:00,28.8,33,1011.5,22.2,64.0,1011.3,6.600000000000001,-31.0,0.20000000000004547,3.0,2.2000000000000006,-10.333333333333334,0.06666666666668182,23.73333333333333,59.0,1010.5333333333333,4.500370355130025,23.89560629069707,1.5044378795216367,6,4,1.0,6.123233995736766e-17,0.8660254037844387,-0.4999999999999998
2020-04-21 09:00:00,30.2,35,1008.3,28.8,33.0,1011.5,1.3999999999999986,2.0,-3.2000000000000455,3.0,0.4666666666666662,0.6666666666666666,-1.0666666666666818,27.066666666666663,44.0,1010.3666666666667,4.272391992003225,17.34935157289751,1.7925772879683186,9,4,0.7071067811865476,-0.7071067811865475,0.8660254037844387,-0.4999999999999998
2020-04-21 12:00:00,30.6,28,1006.9,30.2,35.0,1008.3,0.40000000000000213,-7.0,-1.3999999999999773,3.0,0.13333333333333405,-2.3333333333333335,-0.46666666666665907,29.86666666666666,32.0,1008.9,0.9451631252505579,3.6055512754641783,2.3579652245122076,12,4,1.2246467991473532e-16,-1.0,0.8660254037844387,-0.4999999999999998
2020-04-22 03:00:00,24.6,48,1009.1,30.6,28.0,1006.9,-6.0,20.0,2.2000000000000455,15.0,-0.4,1.3333333333333333,0.1466666666666697,28.466666666666665,37.0,1008.1,3.3545988334424326,10.148891565092287,1.1135528725705879,3,4,0.7071067811865476,0.7071067811865476,0.8660254037844387,-0.4999999999999998
2020-04-22 06:00:00,30.4,30,1008.6,24.6,48.0,1009.1,5.799999999999997,-18.0,-0.5,3.0,1.9333333333333325,-6.0,-0.16666666666666666,28.533333333333328,35.333333333333336,1008.1999999999999,3.4078341117685484,11.015141094572266,1.1532562594714344,6,4,1.0,6.123233995736766e-17,0.8660254037844387,-0.4999999999999998
2020-04-22 09:00:00,32.4,27,1006.5,30.4,30.0,1008.6,2.0,-3.0,-2.1000000000000227,3.0,0.6666666666666666,-1.0,-0.7000000000000076,29.13333333333333,35.0,1008.0666666666666,4.051337227796935,11.357816691600608,1.3796134724420448,9,4,0.7071067811865476,-0.7071067811865475,0.8660254037844387,-0.4999999999999998
2020-04-22 12:00:00,33.2,23,1005.0,32.4,27.0,1006.5,0.8000000000000043,-4.0,-1.5,3.0,0.2666666666666681,-1.3333333333333333,-0.5,31.999999999999996,26.666666666666668,1006.7000000000002,1.4422205101856644,3.511884584284441,1.8083141320060183,12,4,1.2246467991473532e-16,-1.0,0.8660254037844387,-0.4999999999999998
2020-04-23 03:00:00,24.8,54,1008.9,33.2,23.0,1005.0,-8.400000000000002,31.0,3.8999999999999773,15.0,-0.5600000000000002,2.066666666666667,0.2599999999999985,30.13333333333333,34.666666666666664,1006.8000000000001,4.6360903068570005,16.86218649325569,1.9672315572937382,3,4,0.7071067811865476,0.7071067811865476,0.8660254037844387,-0.4999999999999998
2020-04-23 06:00:00,33.0,25,1007.5,24.8,54.0,1008.9,8.2,-29.0,-1.3999999999999773,3.0,2.733333333333333,-9.666666666666666,-0.46666666666665907,30.33333333333333,34.0,1007.1333333333333,4.793050524804997,17.349351572897515,1.97568553503462,6,4,1.0,6.123233995736766e-17,0.8660254037844387,-0.4999999999999998
2020-04-23 09:00:00,35.0,19,1005.2,33.0,25.0,1007.5,2.0,-6.0,-2.2999999999999545,3.0,0.6666666666666666,-2.0,-0.7666666666666515,30.933333333333326,32.666666666666664,1007.1999999999999,5.404936015655825,18.71719352182198,1.868154169229982,9,4,0.7071067811865476,-0.7071067811865475,0.8660254037844387,-0.4999999999999998
2020-04-23 12:00:00,34.4,21,1002.6,35.0,19.0,1005.2,-0.6000000000000014,2.0,-2.6000000000000227,3.0,-0.20000000000000048,0.6666666666666666,-0.8666666666666742,34.133333333333326,21.666666666666668,1005.1,1.0263202878895092,3.055050463304116,2.4515301344293507,12,4,1.2246467991473532e-16,-1.0,0.8660254037844387,-0.4999999999999998
2020-04-24 03:00:00,27.2,46,1006.3,34.4,21.0,1002.6,-7.199999999999999,25.0,3.699999999999932,15.0,-0.4799999999999999,1.6666666666666667,0.24666666666666212,32.199999999999996,28.666666666666668,1004.6999999999999,4.340506882842161,15.044378795195724,1.9000000000041528,3,4,0.7071067811865476,0.7071067811865476,0.8660254037844387,-0.4999999999999998
2020-04-24 06:00:00,34.0,28,1005.5,27.2,46.0,1006.3,6.800000000000001,-18.0,-0.7999999999999545,3.0,2.266666666666667,-6.0,-0.2666666666666515,31.86666666666666,31.666666666666668,1004.8000000000001,4.0463975747982905,12.897028081435458,1.946792233397173,6,4,1.0,6.123233995736766e-17,0.8660254037844387,-0.4999999999999998
2020-04-24 09:00:00,35.6,22,1003.4,34.0,28.0,1005.5,1.6000000000000014,-6.0,-2.1000000000000227,3.0,0.5333333333333338,-2.0,-0.7000000000000076,32.26666666666666,32.0,1005.0666666666666,4.460194315647414,12.489995996796853,1.497776129249113,9,4,0.7071067811865476,-0.7071067811865475,0.8660254037844387,-0.4999999999999998
2020-04-24 12:00:00,35.0,23,1001.4,35.6,22.0,1003.4,-0.6000000000000014,1.0,-2.0,3.0,-0.20000000000000048,0.3333333333333333,-0.6666666666666666,34.86666666666666,24.333333333333332,1003.4333333333334,0.8082903768656563,3.214550253664539,2.0502032419620444,12,4,1.2246467991473532e-16,-1.0,0.8660254037844387,-0.4999999999999998
2020-04-25 03:00:00,27.0,44,1006.6,35.0,23.0,1001.4,-8.0,21.0,5.2000000000000455,15.0,-0.5333333333333333,1.4,0.3466666666666697,32.533333333333324,29.666666666666668,1003.8000000000001,4.801388688008247,12.423096769056206,2.6229754097241735,3,4,0.7071067811865476,0.7071067811865476,0.8660254037844387,-0.4999999999999998
2020-04-25 06:00:00,31.8,33,1006.2,27.0,44.0,1006.6,4.800000000000001,-11.0,-0.39999999999997726,3.0,1.6000000000000003,-3.6666666666666665,-0.13333333333332575,31.266666666666662,33.333333333333336,1004.7333333333332,4.026578365477756,10.503967504392554,2.893671255230873,6,4,1.0,6.123233995736766e-17,0.8660254037844387,-0.4999999999999998
2020-04-25 09:00:00,28.2,45,1005.9,31.8,33.0,1006.2,-3.6000000000000014,12.0,-0.3000000000000682,3.0,-1.2000000000000004,4.0,-0.10000000000002274,28.99999999999999,40.666666666666664,1006.2333333333332,2.497999199359386,6.6583281184794965,0.3511884584474411,9,4,0.7071067811865476,-0.7071067811865475,0.8660254037844387,-0.4999999999999998
2020-04-25 12:00:00,31.2,35,1004.1,28.2,45.0,1005.9,3.0,-10.0,-1.7999999999999545,3.0,1.0,-3.3333333333333335,-0.5999999999999849,30.39999999999999,37.666666666666664,1005.4000000000001,1.9287301521986333,6.429100507328743,1.1357816691665357,12,4,1.2246467991473532e-16,-1.0,0.8660254037844387,-0.4999999999999998
2020-04-26 03:00:00,26.2,52,1008.7,31.2,35.0,1004.1,-5.0,17.0,4.600000000000023,15.0,-0.3333333333333333,1.1333333333333333,0.3066666666666682,28.533333333333328,44.0,1006.2333333333332,2.5166114784236067,8.54400374531761,2.3180451534313855,3,4,0.7071067811865476,0.7071067811865476,0.8660254037844387,-0.4999999999999998
2020-04-26 06:00:00,28.6,50,1009.8,26.2,52.0,1008.7,2.400000000000002,-2.0,1.099999999999909,3.0,0.8000000000000007,-0.6666666666666666,0.36666666666663633,28.666666666666657,45.666666666666664,1007.5333333333333,2.500666577801498,9.291573243177643,3.023794525648921,6,4,1.0,6.123233995736766e-17,0.8660254037844387,-0.4999999999999998
2020-04-26 09:00:00,30.6,42,1007.4,28.6,50.0,1009.8,2.0,-8.0,-2.3999999999999773,3.0,0.6666666666666666,-2.6666666666666665,-0.7999999999999924,28.466666666666658,48.0,1008.6333333333333,2.2030282189144685,5.291502622129313,1.201388086066602,9,4,0.7071067811865476,-0.7071067811865475,0.8660254037844387,-0.4999999999999998
2020-04-26 12:00:00,29.0,40,1005.8,30.6,42.0,1007.4,-1.6000000000000014,-2.0,-1.6000000000000227,3.0,-0.5333333333333338,-0.6666666666666666,-0.5333333333333409,29.399999999999995,44.0,1007.6666666666666,1.0583005244258992,5.291502622129313,2.0132891827416244,12,4,1.2246467991473532e-16,-1.0,0.8660254037844387,-0.4999999999999998
2020-04-27 03:00:00,21.8,77,1014.3,29.0,40.0,1005.8,-7.199999999999999,37.0,8.5,15.0,-0.4799999999999999,2.466666666666667,0.5666666666666667,27.133333333333326,53.0,1009.1666666666666,4.687572221665861,20.808652046684845,4.517004907385185,3,4,0.7071067811865476,0.7071067811865476,0.8660254037844387,-0.4999999999999998
2020-04-27 06:00:00,25.0,62,1014.3,21.8,77.0,1014.3,3.1999999999999993,-15.0,0.0,3.0,1.0666666666666664,-5.0,0.0,25.266666666666662,59.666666666666664,1011.4666666666666,3.60739980225832,18.61003313627718,4.907477288112261,6,4,1.0,6.123233995736766e-17,0.8660254037844387,-0.4999999999999998
2020-04-27 09:00:00,28.0,49,1011.9,25.0,62.0,1014.3,3.0,-13.0,-2.3999999999999773,3.0,1.0,-4.333333333333333,-0.7999999999999924,24.933333333333326,62.666666666666664,1013.5,3.1005375877955994,14.01189970465585,1.3856406460551052,9,4,0.7071067811865476,-0.7071067811865475,0.8660254037844387,-0.4999999999999998
2020-04-27 12:00:00,28.8,47,1010.5,28.0,49.0,1011.9,0.8000000000000007,-2.0,-1.3999999999999773,3.0,0.2666666666666669,-0.6666666666666666,-0.46666666666665907,27.266666666666662,52.666666666666664,1012.2333333333332,2.0033305601755815,8.144527815247157,1.9218047073866367,12,4,1.2246467991473532e-16,-1.0,0.8660254037844387,-0.4999999999999998
2020-04-28 03:00:00,27.2,46,1014.3,28.8,47.0,1010.5,-1.6000000000000014,-1.0,3.7999999999999545,15.0,-0.10666666666666676,-0.06666666666666667,0.2533333333333303,27.999999999999996,47.333333333333336,1012.2333333333332,0.8000000000000592,1.527525231652366,1.9218047073866367,3,4,0.7071067811865476,0.7071067811865476,0.8660254037844387,-0.4999999999999998
2020-04-28 06:00:00,31.6,37,1012.6,27.2,46.0,1014.3,4.400000000000002,-9.0,-1.6999999999999318,3.0,1.4666666666666675,-3.0,-0.5666666666666439,29.199999999999992,43.333333333333336,1012.4666666666666,2.2271057451320373,5.507570547286219,1.903505538035916,6,4,1.0,6.123233995736766e-17,0.8660254037844387,-0.4999999999999998
2020-04-28 09:00:00,33.2,31,1009.9,31.6,37.0,1012.6,1.6000000000000014,-6.0,-2.7000000000000455,3.0,0.5333333333333338,-2.0,-0.9000000000000151,30.666666666666657,38.0,1012.2666666666665,3.1069813860616384,7.549834435270836,2.2188585654190325,9,4,0.7071067811865476,-0.7071067811865475,0.8660254037844387,-0.4999999999999998
2020-04-28 12:00:00,33.0,30,1007.6,33.2,31.0,1009.9,-0.20000000000000284,-1.0,-2.2999999999999545,3.0,-0.06666666666666761,-0.3333333333333333,-0.7666666666666515,32.599999999999994,32.666666666666664,1010.0333333333334,0.871779788708247,3.7859388972003534,2.50266524595947,12,4,1.2246467991473532e-16,-1.0,0.8660254037844387,-0.4999999999999998
2020-04-29 03:00:00,27.6,53,1009.9,33.0,30.0,1007.6,-5.399999999999999,23.0,2.2999999999999545,15.0,-0.35999999999999993,1.5333333333333334,0.1533333333333303,31.266666666666662,38.0,1009.1333333333333,3.1770006819850556,13.00000000000005,1.3279056191360992,3,4,0.7071067811865476,0.7071067811865476,0.8660254037844387,-0.4999999999999998
2020-04-29 06:00:00,32.4,37,1009.2,27.6,53.0,1009.9,4.799999999999997,-16.0,-0.6999999999999318,3.0,1.599999999999999,-5.333333333333333,-0.2333333333333106,30.99999999999999,40.0,1008.9,2.959729717389776,11.789826122551652,1.1789826122551312,6,4,1.0,6.123233995736766e-17,0.8660254037844387,-0.4999999999999998
2020-04-29 09:00:00,34.6,33,1007.1,32.4,37.0,1009.2,2.200000000000003,-4.0,-2.1000000000000227,3.0,0.7333333333333343,-1.3333333333333333,-0.7000000000000076,31.533333333333328,41.0,1008.7333333333332,3.5795716689757047,10.583005244258423,1.4571661996262781,9,4,0.7071067811865476,-0.7071067811865475,0.8660254037844387,-0.4999999999999998
2020-04-29 12:00:00,35.2,28,1004.9,34.6,33.0,1007.1,0.6000000000000014,-5.0,-2.2000000000000455,3.0,0.20000000000000048,-1.6666666666666667,-0.7333333333333485,34.066666666666656,32.666666666666664,1007.0666666666666,1.474222959166475,4.509249752823038,2.1501937897160888,12,4,1.2246467991473532e-16,-1.0,0.8660254037844387,-0.4999999999999998
2020-04-30 03:00:00,27.6,67,1009.4,35.2,28.0,1004.9,-7.600000000000001,39.0,4.5,15.0,-0.5066666666666667,2.6,0.3,32.46666666666666,42.666666666666664,1007.1333333333333,4.225320500664242,21.221058723196037,2.2501851775650707,3,4,0.7071067811865476,0.7071067811865476,0.8660254037844387,-0.4999999999999998
2020-04-30 06:00:00,35.0,39,1008.7,27.6,67.0,1009.4,7.399999999999999,-28.0,-0.6999999999999318,3.0,2.4666666666666663,-9.333333333333334,-0.2333333333333106,32.599999999999994,44.666666666666664,1007.6666666666666,4.331281565541564,20.108041509140932,2.4214320831552656,6,4,1.0,6.123233995736766e-17,0.8660254037844387,-0.4999999999999998
2020-04-30 09:00:00,36.6,31,1005.7,35.0,39.0,1008.7,1.6000000000000014,-8.0,-3.0,3.0,0.5333333333333338,-2.6666666666666665,-1.0,33.06666666666666,45.666666666666664,1007.9333333333334,4.8013886880082435,18.90326250501047,1.9655363983741043,9,4,0.7071067811865476,-0.7071067811865475,0.8660254037844387,-0.4999999999999998
2020-04-30 12:00:00,36.2,26,1004.3,36.6,31.0,1005.7,-0.3999999999999986,-5.0,-1.400000000000091,3.0,-0.13333333333333286,-1.6666666666666667,-0.466666666666697,35.93333333333333,32.0,1006.2333333333332,0.8326663997865847,6.557438524302101,2.247962040011637,12,4,1.2246467991473532e-16,-1.0,0.8660254037844387,-0.4999999999999998
2020-05-01 03:00:00,28.8,54,1006.9,36.2,26.0,1004.3,-7.400000000000002,28.0,2.6000000000000227,15.0,-0.49333333333333346,1.8666666666666667,0.17333333333333484,33.86666666666667,37.0,1005.6333333333333,4.392417709341122,14.933184523068123,1.3012814197293756,3,5,0.7071067811865476,0.7071067811865476,0.49999999999999994,-0.8660254037844387
2020-05-01 06:00:00,35.4,29,1006.1,28.8,54.0,1006.9,6.599999999999998,-25.0,-0.7999999999999545,3.0,2.1999999999999993,-8.333333333333334,-0.2666666666666515,33.46666666666666,36.333333333333336,1005.7666666666668,4.061198509471496,15.373136743466983,1.3316656236957378,6,5,1.0,6.123233995736766e-17,0.49999999999999994,-0.8660254037844387
2020-05-01 09:00:00,39.4,20,1003.8,35.4,29.0,1006.1,4.0,-9.0,-2.300000000000068,3.0,1.3333333333333333,-3.0,-0.7666666666666894,34.533333333333324,34.333333333333336,1005.6,5.352880844305572,17.61628034896512,1.609347693942944,9,5,0.7071067811865476,-0.7071067811865475,0.49999999999999994,-0.8660254037844387
2020-05-01 12:00:00,38.2,23,1001.8,39.4,20.0,1003.8,-1.1999999999999957,3.0,-2.0,3.0,-0.3999999999999986,1.0,-0.6666666666666666,37.66666666666666,24.0,1003.9,2.0526405757788404,4.582575694955995,2.1517434791346606,12,5,1.2246467991473532e-16,-1.0,0.49999999999999994,-0.8660254037844387
2020-05-02 03:00:00,28.2,58,1006.9,38.2,23.0,1001.8,-10.000000000000004,35.0,5.100000000000023,15.0,-0.6666666666666669,2.3333333333333335,0.3400000000000015,35.26666666666666,33.666666666666664,1004.1666666666666,6.149254697386796,21.12660250332113,2.569695182960804,3,5,0.7071067811865476,0.7071067811865476,0.49999999999999994,-0.8660254037844387
2020-05-02 06:00:00,33.0,44,1005.9,28.2,58.0,1006.9,4.800000000000001,-14.0,-1.0,3.0,1.6000000000000003,-4.666666666666667,-0.3333333333333333,33.133333333333326,41.666666666666664,1004.8666666666667,5.001333155602962,17.616280348965116,2.7024680078277292,6,5,1.0,6.123233995736766e-17,0.49999999999999994,-0.8660254037844387
2020-05-02 09:00:00,32.6,45,1005.3,33.0,44.0,1005.9,-0.3999999999999986,1.0,-0.6000000000000227,3.0,-0.13333333333333286,0.3333333333333333,-0.2000000000000076,31.266666666666655,49.0,1006.0333333333333,2.663331247391768,7.810249675906722,0.8082903768652888,9,5,0.7071067811865476,-0.7071067811865475,0.49999999999999994,-0.8660254037844387
2020-05-02 12:00:00,29.8,52,1003.4,32.6,45.0,1005.3,-2.8000000000000007,7.0,-1.8999999999999773,3.0,-0.9333333333333336,2.3333333333333335,-0.6333333333333258,31.799999999999986,47.0,1004.8666666666667,1.7435595774162906,4.358898943540801,1.3051181300297365,12,5,1.2246467991473532e-16,-1.0,0.49999999999999994,-0.8660254037844387
2020-05-03 03:00:00,25.6,64,1010.4,29.8,52.0,1003.4,-4.199999999999999,12.0,7.0,15.0,-0.27999999999999997,0.8,0.4666666666666667,29.333333333333325,53.666666666666664,1006.3666666666667,3.5232560697930086,9.609023536933098,3.619852667351698,3,5,0.7071067811865476,0.7071067811865476,0.49999999999999994,-0.8660254037844387
2020-05-03 06:00:00,31.8,44,1008.7,25.6,64.0,1010.4,6.199999999999999,-20.0,-1.6999999999999318,3.0,2.0666666666666664,-6.666666666666667,-0.5666666666666439,29.066666666666652,53.333333333333336,1007.5,3.1643851430148744,10.066445913694379,3.6510272527058287,6,5,1.0,6.123233995736766e-17,0.49999999999999994,-0.8660254037844387
2020-05-03 09:00:00,34.2,43,1005.8,31.8,44.0,1008.7,2.400000000000002,-1.0,-2.900000000000091,3.0,0.8000000000000007,-0.3333333333333333,-0.966666666666697,30.53333333333332,50.333333333333336,1008.2999999999998,4.437717130838034,11.846237095944616,2.325940669922884,9,5,0.7071067811865476,-0.7071067811865475,0.49999999999999994,-0.8660254037844387
2020-05-03 12:00:00,33.2,45,1003.3,34.2,43.0,1005.8,-1.0,2.0,-2.5,3.0,-0.3333333333333333,0.6666666666666666,-0.8333333333333334,33.066666666666656,44.0,1005.9333333333334,1.2055427546684072,1.0000000000005906,2.7024680078279815,12,5,1.2246467991473532e-16,-1.0,0.49999999999999994,-0.8660254037844387
2020-05-04 03:00:00,25.0,68,1010.7,33.2,45.0,1003.3,-8.200000000000003,23.0,7.400000000000091,15.0,-0.5466666666666669,1.5333333333333334,0.4933333333333394,30.799999999999994,52.0,1006.6,5.047771785649589,13.89244398944984,3.764306044943868,3,5,0.7071067811865476,0.7071067811865476,0.49999999999999994,-0.8660254037844387
2020-05-04 06:00:00,29.0,49,1010.9,25.0,68.0,1010.7,4.0,-19.0,0.1999999999999318,3.0,1.3333333333333333,-6.333333333333333,0.06666666666664393,29.066666666666652,54.0,1008.3000000000001,4.100406483915134,12.288205727444545,4.331281565541733,6,5,1.0,6.123233995736766e-17,0.49999999999999994,-0.8660254037844387
2020-05-04 09:00:00,31.6,38,1008.4,29.0,49.0,1010.9,2.6000000000000014,-11.0,-2.5,3.0,0.8666666666666671,-3.6666666666666665,-0.8333333333333334,28.53333333333332,51.666666666666664,1010.0,3.3246553706111013,15.176736583776314,1.3892443989457706,9,5,0.7071067811865476,-0.7071067811865475,0.49999999999999994,-0.8660254037844387
2020-05-04 12:00:00,32.4,39,1006.3,31.6,38.0,1008.4,0.7999999999999972,1.0,-2.1000000000000227,3.0,0.2666666666666657,0.3333333333333333,-0.7000000000000076,30.99999999999999,42.0,1008.5333333333333,1.7776388834631327,6.08276253029833,2.3028967265890437,12,5,1.2246467991473532e-16,-1.0,0.49999999999999994,-0.8660254037844387
2020-05-05 03:00:00,28.2,52,1008.0,32.4,39.0,1006.3,-4.199999999999999,13.0,1.7000000000000455,15.0,-0.27999999999999997,0.8666666666666667,0.11333333333333637,30.73333333333332,43.0,1007.5666666666666,2.2300971578237063,7.810249675906738,1.1150485789120987,3,5,0.7071067811865476,0.7071067811865476,0.49999999999999994,-0.8660254037844387
2020-05-05 06:00:00,34.0,31,1007.8,28.2,52.0,1008.0,5.800000000000001,-21.0,-0.20000000000004547,3.0,1.9333333333333336,-7.0,-0.06666666666668182,31.53333333333332,40.666666666666664,1007.3666666666667,2.9955522584881438,10.598742063723163,0.9291573243180092,6,5,1.0,6.123233995736766e-17,0.49999999999999994,-0.8660254037844387
2020-05-05 09:00:00,36.2,26,1005.1,34.0,31.0,1007.8,2.200000000000003,-5.0,-2.699999999999932,3.0,0.7333333333333343,-1.6666666666666667,-0.8999999999999773,32.79999999999999,36.333333333333336,1006.9666666666667,4.132795663954385,13.796134724383306,1.6196707484342128,9,5,0.7071067811865476,-0.7071067811865475,0.49999999999999994,-0.8660254037844387
2020-05-05 12:00:00,35.6,27,1003.5,36.2,26.0,1005.1,-0.6000000000000014,1.0,-1.6000000000000227,3.0,-0.20000000000000048,0.3333333333333333,-0.5333333333333409,35.26666666666665,28.0,1005.4666666666667,1.137248140615593,2.645751311064921,2.1733231083602265,12,5,1.2246467991473532e-16,-1.0,0.49999999999999994,-0.8660254037844387
2020-05-06 03:00:00,24.4,71,1008.1,35.6,27.0,1003.5,-11.200000000000003,44.0,4.600000000000023,15.0,-0.7466666666666668,2.933333333333333,0.3066666666666682,32.066666666666656,41.333333333333336,1005.5666666666666,6.646302230062479,25.69695182961074,2.3352373184181463,3,5,0.7071067811865476,0.7071067811865476,0.49999999999999994,-0.8660254037844387
2020-05-06 06:00:00,30.4,45,1007.8,24.4,71.0,1008.1,6.0,-26.0,-0.3000000000000682,3.0,2.0,-8.666666666666666,-0.10000000000002274,30.133333333333315,47.666666666666664,1006.4666666666667,5.604759881862322,22.120880030716105,2.5735837529276595,6,5,1.0,6.123233995736766e-17,0.49999999999999994,-0.8660254037844387
2020-05-06 09:00:00,33.6,30,1005.5,30.4,45.0,1007.8,3.200000000000003,-15.0,-2.2999999999999545,3.0,1.0666666666666675,-5.0,-0.7666666666666515,29.46666666666665,48.666666666666664,1007.1333333333333,4.67047463683653,20.744477176668845,1.422439219556872,9,5,0.7071067811865476,-0.7071067811865475,0.49999999999999994,-0.8660254037844387
2020-05-06 12:00:00,33.6,27,1003.5,33.6,30.0,1005.5,0.0,-3.0,-2.0,3.0,0.0,-1.0,-0.6666666666666666,32.533333333333324,34.0,1005.6,1.847520861406844,9.643650760993042,2.151743479134804,12,5,1.2246467991473532e-16,-1.0,0.49999999999999994,-0.8660254037844387
2020-05-07 03:00:00,26.4,49,1008.7,33.6,27.0,1003.5,-7.200000000000003,22.0,5.2000000000000455,15.0,-0.4800000000000002,1.4666666666666666,0.3466666666666697,31.199999999999985,35.333333333333336,1005.9,4.156921938165307,11.930353445448922,2.622975409720696,3,5,0.7071067811865476,0.7071067811865476,0.49999999999999994,-0.8660254037844387
2020-05-07 06:00:00,32.4,30,1008.0,26.4,49.0,1008.7,6.0,-19.0,-0.7000000000000455,3.0,2.0,-6.333333333333333,-0.2333333333333485,30.799999999999983,35.333333333333336,1006.7333333333332,3.857460304397182,11.930353445448922,2.8219378684395395,6,5,1.0,6.123233995736766e-17,0.49999999999999994,-0.8660254037844387
2020-05-07 09:00:00,34.8,24,1005.8,32.4,30.0,1008.0,2.3999999999999986,-6.0,-2.2000000000000455,3.0,0.7999999999999995,-2.0,-0.7333333333333485,31.199999999999985,34.333333333333336,1007.5,4.326661530556786,13.051181300301325,1.5132745950421618,9,5,0.7071067811865476,-0.7071067811865475,0.49999999999999994,-0.8660254037844387
2020-05-07 12:00:00,35.0,24,1004.2,34.8,24.0,1005.8,0.20000000000000284,0.0,-1.599999999999909,3.0,0.06666666666666761,0.0,-0.533333333333303,34.066666666666656,26.0,1006.0,1.4468356276140377,3.4641016151380297,1.9078784028337308,12,5,1.2246467991473532e-16,-1.0,0.49999999999999994,-0.8660254037844387
2020-05-08 03:00:00,29.8,39,1005.5,35.0,24.0,1004.2,-5.199999999999999,15.0,1.2999999999999545,15.0,-0.3466666666666666,1.0,0.08666666666666363,33.19999999999998,29.0,1005.1666666666666,2.9461839725312426,8.660254037844387,0.8504900548109889,3,5,0.7071067811865476,0.7071067811865476,0.49999999999999994,-0.8660254037844387
2020-05-08 06:00:00,35.0,22,1005.6,29.8,39.0,1005.5,5.199999999999999,-17.0,0.10000000000002274,3.0,1.7333333333333332,-5.666666666666667,0.03333333333334091,33.26666666666665,28.333333333333332,1005.1,3.00222139978605,9.291573243177568,0.7810249675900663,6,5,1.0,6.123233995736766e-17,0.49999999999999994,-0.8660254037844387
2020-05-08 09:00:00,37.4,16,1003.7,35.0,22.0,1005.6,2.3999999999999986,-6.0,-1.8999999999999773,3.0,0.7999999999999995,-2.0,-0.6333333333333258,34.066666666666656,25.666666666666668,1004.9333333333334,3.8850139424889196,11.930353445448855,1.0692676621559096,9,5,0.7071067811865476,-0.7071067811865475,0.49999999999999994,-0.8660254037844387
2020-05-08 12:00:00,37.0,20,1002.2,37.4,16.0,1003.7,-0.3999999999999986,4.0,-1.5,3.0,-0.13333333333333286,1.3333333333333333,-0.5,36.46666666666665,19.333333333333332,1003.8333333333334,1.2858201014657078,3.055050463303898,1.703917055883885,12,5,1.2246467991473532e-16,-1.0,0.49999999999999994,-0.8660254037844387
2020-05-09 03:00:00,28.2,46,1006.5,37.0,20.0,1002.2,-8.8,26.0,4.2999999999999545,15.0,-0.5866666666666667,1.7333333333333334,0.2866666666666636,34.19999999999998,27.333333333333332,1004.1333333333333,5.1999999999999975,16.289055630494154,2.18250620464917,3,5,0.7071067811865476,0.7071067811865476,0.49999999999999994,-0.8660254037844387
2020-05-09 06:00:00,36.2,28,1006.4,28.2,46.0,1006.5,8.000000000000004,-18.0,-0.10000000000002274,3.0,2.666666666666668,-6.0,-0.03333333333334091,33.79999999999999,31.333333333333332,1005.0333333333333,4.866210024238574,13.316656236958783,2.4542480178931556,6,5,1.0,6.123233995736766e-17,0.49999999999999994,-0.8660254037844387
2020-05-09 09:00:00,38.4,26,1004.2,36.2,28.0,1006.4,2.1999999999999957,-2.0,-2.199999999999932,3.0,0.733333333333332,-0.6666666666666666,-0.7333333333333106,34.26666666666665,33.333333333333336,1005.7000000000002,5.367805262240176,11.015141094572202,1.2999999999998368,9,5,0.7071067811865476,-0.7071067811865475,0.49999999999999994,-0.8660254037844387
2020-05-09 12:00:00,38.8,20,1002.9,38.4,26.0,1004.2,0.3999999999999986,-6.0,-1.3000000000000682,3.0,0.13333333333333286,-2.0,-0.43333333333335605,37.79999999999998,24.666666666666668,1004.5,1.4000000000000004,4.163331998932269,1.769180601295279,12,5,1.2246467991473532e-16,-1.0,0.49999999999999994,-0.8660254037844387
2020-05-10 03:00:00,22.8,73,1010.3,38.8,20.0,1002.9,-15.999999999999996,53.0,7.399999999999977,15.0,-1.0666666666666664,3.533333333333333,0.4933333333333318,33.33333333333332,39.666666666666664,1005.8000000000001,9.12432645916033,29.022979401386987,3.9509492530276233,3,5,0.7071067811865476,0.7071067811865476,0.49999999999999994,-0.8660254037844387
2020-05-10 06:00:00,23.6,66,1009.3,22.8,73.0,1010.3,0.8000000000000007,-7.0,-1.0,3.0,0.2666666666666669,-2.3333333333333335,-0.3333333333333333,28.399999999999988,53.0,1007.5,9.015542135667708,28.79236009777593,4.014971979976933,6,5,1.0,6.123233995736766e-17,0.49999999999999994,-0.8660254037844387
2020-05-10 09:00:00,30.0,40,1007.0,23.6,66.0,1009.3,6.399999999999999,-26.0,-2.2999999999999545,3.0,2.133333333333333,-8.666666666666666,-0.7666666666666515,25.466666666666654,59.666666666666664,1008.8666666666667,3.9463062898529815,17.38773514099329,1.692138686199672,9,5,0.7071067811865476,-0.7071067811865475,0.49999999999999994,-0.8660254037844387
2020-05-10 12:00:00,31.4,37,1005.4,30.0,40.0,1007.0,1.3999999999999986,-3.0,-1.6000000000000227,3.0,0.4666666666666662,-1.0,-0.5333333333333409,28.333333333333318,47.666666666666664,1007.2333333333332,4.1585253796668376,15.947831618540912,1.9604421270043175,12,5,1.2246467991473532e-16,-1.0,0.49999999999999994,-0.8660254037844387
2020-05-11 03:00:00,27.4,45,1009.6,31.4,37.0,1005.4,-4.0,8.0,4.2000000000000455,15.0,-0.26666666666666666,0.5333333333333333,0.280000000000003,29.599999999999984,40.666666666666664,1007.3333333333334,2.0297783130184186,4.0414518843274,2.1197484127446327,3,5,0.7071067811865476,0.7071067811865476,0.49999999999999994,-0.8660254037844387
2020-05-11 06:00:00,31.6,37,1009.3,27.4,45.0,1009.6,4.200000000000003,-8.0,-0.3000000000000682,3.0,1.400000000000001,-2.6666666666666665,-0.10000000000002274,30.133333333333315,39.666666666666664,1008.0999999999999,2.369247419188894,4.618802153517027,2.3430749027720337,6,5,1.0,6.123233995736766e-17,0.49999999999999994,-0.8660254037844387
2020-05-11 09:00:00,35.0,27,1006.8,31.6,37.0,1009.3,3.3999999999999986,-10.0,-2.5,3.0,1.1333333333333329,-3.3333333333333335,-0.8333333333333334,31.333333333333318,36.333333333333336,1008.5666666666666,3.8070110760717837,9.018499505645805,1.5373136743467712,9,5,0.7071067811865476,-0.7071067811865475,0.49999999999999994,-0.8660254037844387
2020-05-11 12:00:00,34.6,29,1004.3,35.0,27.0,1006.8,-0.3999999999999986,2.0,-2.5,3.0,-0.13333333333333286,0.6666666666666666,-0.8333333333333334,33.73333333333332,31.0,1006.8000000000001,1.8583146486354896,5.291502622129223,2.4999999999998868,12,5,1.2246467991473532e-16,-1.0,0.49999999999999994,-0.8660254037844387
2020-05-12 03:00:00,25.6,64,1009.6,34.6,29.0,1004.3,-9.0,35.0,5.300000000000068,15.0,-0.6,2.3333333333333335,0.3533333333333379,31.73333333333332,40.0,1006.9,5.315386470740695,20.808652046684816,2.651414716712506,3,5,0.7071067811865476,0.7071067811865476,0.49999999999999994,-0.8660254037844387
2020-05-12 06:00:00,30.8,44,1009.9,25.6,64.0,1009.6,5.199999999999999,-20.0,0.2999999999999545,3.0,1.7333333333333332,-6.666666666666667,0.09999999999998484,30.333333333333318,45.666666666666664,1007.9333333333334,4.518111699961966,17.559422921421234,3.1501322723551426,6,5,1.0,6.123233995736766e-17,0.49999999999999994,-0.8660254037844387
2020-05-12 09:00:00,34.6,35,1007.0,30.8,44.0,1009.9,3.8000000000000007,-9.0,-2.8999999999999773,3.0,1.2666666666666668,-3.0,-0.9666666666666591,30.333333333333325,47.666666666666664,1008.8333333333334,4.518111699961966,14.84362938547488,1.5947831618541648,9,5,0.7071067811865476,-0.7071067811865475,0.49999999999999994,-0.8660254037844387
2020-05-12 12:00:00,34.2,33,1004.6,34.6,35.0,1007.0,-0.3999999999999986,-2.0,-2.3999999999999773,3.0,-0.13333333333333286,-0.6666666666666666,-0.7999999999999924,33.19999999999999,37.333333333333336,1007.1666666666666,2.088061301782094,5.8594652770823465,2.6539279065815973,12,5,1.2246467991473532e-16,-1.0,0.49999999999999994,-0.8660254037844387
2020-05-13 03:00:00,25.8,70,1008.6,34.2,33.0,1004.6,-8.400000000000002,37.0,4.0,15.0,-0.5600000000000002,2.466666666666667,0.26666666666666666,31.53333333333332,46.0,1006.7333333333332,4.969238707622449,20.808652046684816,2.013289182738679,3,5,0.7071067811865476,0.7071067811865476,0.49999999999999994,-0.8660254037844387
2020-05-13 06:00:00,28.8,52,1007.8,25.8,70.0,1008.6,3.0,-18.0,-0.8000000000000682,3.0,1.0,-6.0,-0.2666666666666894,29.59999999999999,51.666666666666664,1007.0,4.256759330758537,18.502252115170556,2.1166010488515257,6,5,1.0,6.123233995736766e-17,0.49999999999999994,-0.8660254037844387
2020-05-13 09:00:00,31.6,45,1006.3,28.8,52.0,1007.8,2.8000000000000007,-7.0,-1.5,3.0,0.9333333333333336,-2.3333333333333335,-0.5,28.73333333333332,55.666666666666664,1007.5666666666666,2.900574655707584,12.897028081435394,1.1676186592090845,9,5,0.7071067811865476,-0.7071067811865475,0.49999999999999994,-0.8660254037844387
2020-05-13 12:00:00,32.4,40,1003.6,31.6,45.0,1006.3,0.7999999999999972,-5.0,-2.699999999999932,3.0,0.2666666666666657,-1.6666666666666667,-0.8999999999999773,30.933333333333323,45.666666666666664,1005.9,1.890326250501012,6.027713773341718,2.128379665378832,12,5,1.2246467991473532e-16,-1.0,0.49999999999999994,-0.8660254037844387
2020-05-14 03:00:00,29.0,61,1006.1,32.4,40.0,1003.6,-3.3999999999999986,21.0,2.5,15.0,-0.22666666666666657,1.4,0.16666666666666666,30.99999999999999,48.666666666666664,1005.3333333333334,1.7776388834630854,10.96965511460289,1.504437879518769,3,5,0.7071067811865476,0.7071067811865476,0.49999999999999994,-0.8660254037844387
2020-05-14 06:00:00,33.0,47,1007.1,29.0,61.0,1006.1,4.0,-14.0,1.0,3.0,1.3333333333333333,-4.666666666666667,0.3333333333333333,31.466666666666654,49.333333333333336,1005.6,2.1571586249817676,10.692676621563628,1.8027756377314255,6,5,1.0,6.123233995736766e-17,0.49999999999999994,-0.8660254037844387
2020-05-14 09:00:00,27.8,49,1009.8,33.0,47.0,1007.1,-5.199999999999999,2.0,2.699999999999932,3.0,-1.7333333333333332,0.6666666666666666,0.8999999999999773,29.933333333333323,52.333333333333336,1007.6666666666666,2.722743714221591,7.5718777944003595,1.913983629327437,9,5,0.7071067811865476,-0.7071067811865475,0.49999999999999994,-0.8660254037844387
2020-05-14 12:00:00,27.2,52,1006.1,27.8,49.0,1009.8,-0.6000000000000014,3.0,-3.699999999999932,3.0,-0.20000000000000048,1.0,-1.2333333333333105,29.333333333333325,49.333333333333336,1007.6666666666666,3.1895663237081564,2.516611478423584,1.913983629327437,12,5,1.2246467991473532e-16,-1.0,0.49999999999999994,-0.8660254037844387
2020-05-15 03:00:00,26.0,55,1007.5,27.2,52.0,1006.1,-1.1999999999999993,3.0,1.3999999999999773,15.0,-0.07999999999999995,0.2,0.09333333333333181,26.99999999999999,52.0,1007.8000000000001,0.9165151389910318,2.999999999999989,1.8681541692270127,3,5,0.7071067811865476,0.7071067811865476,0.49999999999999994,-0.8660254037844387
2020-05-15 06:00:00,31.2,38,1006.8,26.0,55.0,1007.5,5.199999999999999,-17.0,-0.7000000000000455,3.0,1.7333333333333332,-5.666666666666667,-0.2333333333333485,28.133333333333322,48.333333333333336,1006.8000000000001,2.7227437142215787,9.073771725877469,0.6999999999995025,6,5,1.0,6.123233995736766e-17,0.49999999999999994,-0.8660254037844387
2020-05-15 09:00:00,34.2,32,1004.8,31.2,38.0,1006.8,3.0000000000000036,-6.0,-2.0,3.0,1.000000000000001,-2.0,-0.6666666666666666,30.466666666666654,41.666666666666664,1006.3666666666667,4.148895435333747,11.930353445448866,1.401189970465164,9,5,0.7071067811865476,-0.7071067811865475,0.49999999999999994,-0.8660254037844387
2020-05-15 12:00:00,33.8,33,1003.1,34.2,32.0,1004.8,-0.4000000000000057,1.0,-1.6999999999999318,3.0,-0.13333333333333522,0.3333333333333333,-0.5666666666666439,33.066666666666656,34.333333333333336,1004.9,1.628905563049395,3.214550253664396,1.85202591774432,12,5,1.2246467991473532e-16,-1.0,0.49999999999999994,-0.8660254037844387
2020-05-16 03:00:00,29.0,48,1005.7,33.8,33.0,1003.1,-4.799999999999997,15.0,2.6000000000000227,15.0,-0.3199999999999998,1.0,0.17333333333333484,32.33333333333332,37.666666666666664,1004.5333333333333,2.893671255228078,8.962886439832523,1.320353488021147,3,5,0.7071067811865476,0.7071067811865476,0.49999999999999994,-0.8660254037844387
2020-05-16 06:00:00,34.8,26,1005.2,29.0,48.0,1005.7,5.799999999999997,-22.0,-0.5,3.0,1.9333333333333325,-7.333333333333333,-0.16666666666666666,32.53333333333332,35.666666666666664,1004.6666666666666,3.100537587795581,11.239810200058264,1.3796134724370483,6,5,1.0,6.123233995736766e-17,0.49999999999999994,-0.8660254037844387
2020-05-16 09:00:00,37.2,20,1002.8,34.8,26.0,1005.2,2.4000000000000057,-6.0,-2.400000000000091,3.0,0.8000000000000019,-2.0,-0.8000000000000304,33.66666666666665,31.333333333333332,1004.5666666666666,4.215843134336631,14.742229591664007,1.55026879389666,9,5,0.7071067811865476,-0.7071067811865475,0.49999999999999994,-0.8660254037844387
2020-05-16 12:00:00,35.8,23,1001.1,37.2,20.0,1002.8,-1.4000000000000057,3.0,-1.6999999999999318,3.0,-0.46666666666666856,1.0,-0.5666666666666439,35.933333333333316,23.0,1003.0333333333333,1.2055427546683835,3.0000000000001372,2.0599352740626573,12,5,1.2246467991473532e-16,-1.0,0.49999999999999994,-0.8660254037844387
2020-05-17 03:00:00,30.6,40,1003.8,35.8,23.0,1001.1,-5.199999999999996,17.0,2.699999999999932,15.0,-0.3466666666666664,1.1333333333333333,0.17999999999999544,34.533333333333324,27.666666666666668,1002.5666666666666,3.477547028198663,10.78579312490899,1.3650396819604695,3,5,0.7071067811865476,0.7071067811865476,0.49999999999999994,-0.8660254037844387
2020-05-17 06:00:00,35.2,24,1004.0,30.6,40.0,1003.8,4.600000000000001,-16.0,0.20000000000004547,3.0,1.5333333333333339,-5.333333333333333,0.06666666666668182,33.86666666666665,29.0,1002.9666666666667,2.8448784391135784,9.539392014169492,1.6196707484323412,6,5,1.0,6.123233995736766e-17,0.49999999999999994,-0.8660254037844387
2020-05-17 09:00:00,37.4,19,1001.5,35.2,24.0,1004.0,2.1999999999999957,-5.0,-2.5,3.0,0.733333333333332,-1.6666666666666667,-0.8333333333333334,34.399999999999984,27.666666666666668,1003.1,3.4698703145794956,10.96965511460292,1.3892443989429317,9,5,0.7071067811865476,-0.7071067811865475,0.49999999999999994,-0.8660254037844387
2020-05-17 12:00:00,37.6,16,999.5,37.4,19.0,1001.5,0.20000000000000284,-3.0,-2.0,3.0,0.06666666666666761,-1.0,-0.6666666666666666,36.73333333333332,19.666666666666668,1001.6666666666666,1.3316656236959252,4.041451884327492,2.2546248764096997,12,5,1.2246467991473532e-16,-1.0,0.49999999999999994,-0.8660254037844387
2020-05-18 03:00:00,28.4,39,1004.0,37.6,16.0,999.5,-9.200000000000003,23.0,4.5,15.0,-0.6133333333333335,1.5333333333333334,0.3,34.46666666666665,24.666666666666668,1001.6666666666666,5.254839039716953,12.5033328890074,2.2546248764096997,3,5,0.7071067811865476,0.7071067811865476,0.49999999999999994,-0.8660254037844387
2020-05-18 06:00:00,36.6,21,1002.6,28.4,39.0,1004.0,8.200000000000003,-18.0,-1.3999999999999773,3.0,2.7333333333333343,-6.0,-0.46666666666665907,34.19999999999999,25.333333333333332,1002.0333333333333,5.047771785649591,12.096831541082736,2.3028967265871882,6,5,1.0,6.123233995736766e-17,0.49999999999999994,-0.8660254037844387
2020-05-18 09:00:00,38.4,16,1000.3,36.6,21.0,1002.6,1.7999999999999972,-5.0,-2.300000000000068,3.0,0.5999999999999991,-1.6666666666666667,-0.7666666666666894,34.466666666666654,25.333333333333332,1002.2999999999998,5.3304158687041845,12.096831541082736,1.8681541692251022,9,5,0.7071067811865476,-0.7071067811865475,0.49999999999999994,-0.8660254037844387
2020-05-18 12:00:00,37.2,17,999.2,38.4,16.0,1000.3,-1.1999999999999957,1.0,-1.099999999999909,3.0,-0.3999999999999986,0.3333333333333333,-0.36666666666663633,37.399999999999984,18.0,1000.6999999999999,0.916515138991241,2.645751311064776,1.734935157287044,12,5,1.2246467991473532e-16,-1.0,0.49999999999999994,-0.8660254037844387
2020-05-19 03:00:00,32.0,26,1003.0,37.2,17.0,999.2,-5.200000000000003,9.0,3.7999999999999545,15.0,-0.34666666666666685,0.6,0.2533333333333303,35.86666666666665,19.666666666666668,1000.8333333333334,3.4019602192461638,5.507570547286187,1.9553345834726399,3,5,0.7071067811865476,0.7071067811865476,0.49999999999999994,-0.8660254037844387
2020-05-19 06:00:00,35.0,21,1002.8,32.0,26.0,1003.0,3.0,-5.0,-0.20000000000004547,3.0,1.0,-1.6666666666666667,-0.06666666666668182,34.73333333333332,21.333333333333332,1001.6666666666666,2.6102362600602587,4.509249752822994,2.138535324310848,6,5,1.0,6.123233995736766e-17,0.49999999999999994,-0.8660254037844387
2020-05-19 09:00:00,37.4,13,1001.0,35.0,21.0,1002.8,2.3999999999999986,-8.0,-1.7999999999999545,3.0,0.7999999999999995,-2.6666666666666665,-0.5999999999999849,34.79999999999998,20.0,1002.2666666666668,2.7055498516937417,6.557438524302072,1.101514109454024,9,5,0.7071067811865476,-0.7071067811865475,0.49999999999999994,-0.8660254037844387
2020-05-19 12:00:00,35.0,14,1000.4,37.4,13.0,1001.0,-2.3999999999999986,1.0,-0.6000000000000227,3.0,-0.7999999999999995,0.3333333333333333,-0.2000000000000076,35.79999999999998,16.0,1001.4,1.3856406460551307,4.358898943540796,1.2489995996762822,12,5,1.2246467991473532e-16,-1.0,0.49999999999999994,-0.8660254037844387
2020-05-20 03:00:00,30.2,30,1002.1,35.0,14.0,1000.4,-4.800000000000001,16.0,1.7000000000000455,15.0,-0.32000000000000006,1.0666666666666667,0.11333333333333637,34.19999999999998,19.0,1001.1666666666666,3.6660605559646715,9.539392014169508,0.8621678104200798,3,5,0.7071067811865476,0.7071067811865476,0.49999999999999994,-0.8660254037844387
2020-05-20 09:00:00,37.2,16,1000.1,30.2,30.0,1002.1,7.0000000000000036,-14.0,-2.0,6.0,1.1666666666666672,-2.3333333333333335,-0.3333333333333333,34.13333333333332,20.0,1000.8666666666667,3.5795716689756802,8.717797887081401,1.0785793124865752,9,5,0.7071067811865476,-0.7071067811865475,0.49999999999999994,-0.8660254037844387
2020-05-20 12:00:00,37.0,15,998.9,37.2,16.0,1000.1,-0.20000000000000284,-1.0,-1.2000000000000455,3.0,-0.06666666666666761,-0.3333333333333333,-0.4000000000000152,34.79999999999998,20.333333333333332,1000.3666666666667,3.9849717690342596,8.386497083606137,1.6165807537278287,12,5,1.2246467991473532e-16,-1.0,0.49999999999999994,-0.8660254037844387
2020-05-21 03:00:00,31.8,27,1001.0,37.0,15.0,998.9,-5.199999999999999,12.0,2.1000000000000227,15.0,-0.3466666666666666,0.8,0.1400000000000015,35.33333333333332,19.333333333333332,1000.0,3.0615900008546846,6.658328118479464,1.053565375280156,3,5,0.7071067811865476,0.7071067811865476,0.49999999999999994,-0.8660254037844387
2020-05-21 06:00:00,38.0,17,999.9,31.8,27.0,1001.0,6.199999999999999,-10.0,-1.1000000000000227,3.0,2.0666666666666664,-3.3333333333333335,-0.36666666666667425,35.59999999999999,19.666666666666668,999.9333333333334,3.328663395418657,6.429100507328709,1.0503967504340592,6,5,1.0,6.123233995736766e-17,0.49999999999999994,-0.8660254037844387
2020-05-21 09:00:00,39.8,15,998.0,38.0,17.0,999.9,1.7999999999999972,-2.0,-1.8999999999999773,3.0,0.5999999999999991,-0.6666666666666666,-0.6333333333333258,36.53333333333332,19.666666666666668,999.6333333333333,4.196824196143251,6.429100507328709,1.5176736583738675,9,5,0.7071067811865476,-0.7071067811865475,0.49999999999999994,-0.8660254037844387
2020-05-21 12:00:00,39.8,16,996.2,39.8,15.0,998.0,0.0,1.0,-1.7999999999999545,3.0,0.0,0.3333333333333333,-0.5999999999999849,39.19999999999998,16.0,998.0333333333333,1.0392304845414757,1.0000000000005151,1.8502252115131872,12,5,1.2246467991473532e-16,-1.0,0.49999999999999994,-0.8660254037844387
2020-05-22 03:00:00,33.2,34,999.8,39.8,16.0,996.2,-6.599999999999994,18.0,3.599999999999909,15.0,-0.4399999999999996,1.2,0.23999999999999394,37.59999999999999,21.666666666666668,998.0,3.810511776651552,10.692676621563667,1.7999999999959821,3,5,0.7071067811865476,0.7071067811865476,0.49999999999999994,-0.8660254037844387
2020-05-22 06:00:00,40.0,19,999.7,33.2,34.0,999.8,6.799999999999997,-15.0,-0.09999999999990905,3.0,2.2666666666666657,-5.0,-0.03333333333330302,37.66666666666665,23.0,998.5666666666666,3.869539162915078,9.643650760992998,2.050203241954315,6,5,1.0,6.123233995736766e-17,0.49999999999999994,-0.8660254037844387
2020-05-22 09:00:00,42.2,16,998.1,40.0,19.0,999.7,2.200000000000003,-3.0,-1.6000000000000227,3.0,0.7333333333333343,-1.0,-0.5333333333333409,38.466666666666654,23.0,999.2000000000002,4.691836882643473,9.643650760992998,0.9539392014106143,9,5,0.7071067811865476,-0.7071067811865475,0.49999999999999994,-0.8660254037844387
2020-05-22 12:00:00,41.6,15,997.0,42.2,16.0,998.1,-0.6000000000000014,-1.0,-1.1000000000000227,3.0,-0.20000000000000048,-0.3333333333333333,-0.36666666666667425,41.26666666666665,16.666666666666668,998.2666666666668,1.1372481406157242,2.0816659994663733,1.3576941236226874,12,5,1.2246467991473532e-16,-1.0,0.49999999999999994,-0.8660254037844387
2020-05-23 03:00:00,32.4,36,1001.4,41.6,15.0,997.0,-9.200000000000003,21.0,4.399999999999977,15.0,-0.6133333333333335,1.4,0.29333333333333184,38.73333333333332,22.333333333333332,998.8333333333334,5.493025881363907,11.846237095944609,2.2898325994099604,3,5,0.7071067811865476,0.7071067811865476,0.49999999999999994,-0.8660254037844387
2020-05-23 06:00:00,39.6,25,1000.7,32.4,36.0,1001.4,7.200000000000003,-11.0,-0.6999999999999318,3.0,2.400000000000001,-3.6666666666666665,-0.2333333333333106,37.86666666666665,25.333333333333332,999.6999999999999,4.838732616433113,10.503967504392524,2.3643180835050517,6,5,1.0,6.123233995736766e-17,0.49999999999999994,-0.8660254037844387
2020-05-23 09:00:00,41.6,21,998.6,39.6,25.0,1000.7,2.0,-4.0,-2.1000000000000227,3.0,0.6666666666666666,-1.3333333333333333,-0.7000000000000076,37.86666666666665,27.333333333333332,1000.2333333333332,4.838732616433113,7.767453465154073,1.457166199622839,9,5,0.7071067811865476,-0.7071067811865475,0.49999999999999994,-0.8660254037844387
2020-05-23 12:00:00,43.0,15,997.1,41.6,21.0,998.6,1.3999999999999986,-6.0,-1.5,3.0,0.4666666666666662,-2.0,-0.5,41.399999999999984,20.333333333333332,998.8000000000001,1.708800749063678,5.033222956847255,1.8083141319988927,12,5,1.2246467991473532e-16,-1.0,0.49999999999999994,-0.8660254037844387
2020-05-24 03:00:00,32.2,32,1003.2,43.0,15.0,997.1,-10.799999999999997,17.0,6.100000000000023,15.0,-0.7199999999999999,1.1333333333333333,0.4066666666666682,38.93333333333332,22.666666666666668,999.6333333333333,5.873102530463236,8.621678104251757,3.178574103795926,3,5,0.7071067811865476,0.7071067811865476,0.49999999999999994,-0.8660254037844387
2020-05-24 06:00:00,38.0,25,1002.6,32.2,32.0,1003.2,5.799999999999997,-7.0,-0.6000000000000227,3.0,1.9333333333333325,-2.3333333333333335,-0.2000000000000076,37.73333333333332,24.0,1000.9666666666667,5.404936015655832,8.544003745317578,3.3620430296658723,6,5,1.0,6.123233995736766e-17,0.49999999999999994,-0.8660254037844387
2020-05-24 09:00:00,41.0,19,1000.7,38.0,25.0,1002.6,3.0,-6.0,-1.8999999999999773,3.0,1.0,-2.0,-0.6333333333333258,37.066666666666656,25.333333333333332,1002.1666666666666,4.47362641861538,6.506407098647769,1.3051181300277983,9,5,0.7071067811865476,-0.7071067811865475,0.49999999999999994,-0.8660254037844387
2020-05-24 12:00:00,40.6,19,999.2,41.0,19.0,1000.7,-0.3999999999999986,0.0,-1.5,3.0,-0.13333333333333286,0.0,-0.5,39.86666666666665,21.0,1000.8333333333334,1.6289055630495486,3.464101615137881,1.7039170558816423,12,5,1.2246467991473532e-16,-1.0,0.49999999999999994,-0.8660254037844387
2020-05-25 03:00:00,34.6,32,1001.1,40.6,19.0,999.2,-6.0,13.0,1.8999999999999773,15.0,-0.4,0.8666666666666667,0.12666666666666515,38.73333333333332,23.333333333333332,1000.3333333333334,3.5851545759330437,7.505553499465136,1.0016652800828045,3,5,0.7071067811865476,0.7071067811865476,0.49999999999999994,-0.8660254037844387
2020-05-25 06:00:00,39.8,22,1001.1,34.6,32.0,1001.1,5.199999999999996,-10.0,0.0,3.0,1.7333333333333318,-3.3333333333333335,0.0,38.33333333333332,24.333333333333332,1000.4666666666667,3.257811126098871,6.806859285554046,1.0969655114558672,6,5,1.0,6.123233995736766e-17,0.49999999999999994,-0.8660254037844387
2020-05-25 09:00:00,42.4,16,999.8,39.8,22.0,1001.1,2.6000000000000014,-6.0,-1.3000000000000682,3.0,0.8666666666666671,-2.0,-0.43333333333335605,38.933333333333316,23.333333333333332,1000.6666666666666,3.971565602295103,8.082903768654761,0.7505553499465364,9,5,0.7071067811865476,-0.7071067811865475,0.49999999999999994,-0.8660254037844387
2020-05-25 12:00:00,41.4,18,998.3,42.4,16.0,999.8,-1.0,2.0,-1.5,3.0,-0.3333333333333333,0.6666666666666666,-0.5,41.19999999999998,18.666666666666668,999.7333333333332,1.3114877048606333,3.0550504633038935,1.4011899704655522,12,5,1.2246467991473532e-16,-1.0,0.49999999999999994,-0.8660254037844387
2020-05-26 03:00:00,35.6,31,999.3,41.4,18.0,998.3,-5.799999999999997,13.0,1.0,15.0,-0.3866666666666665,0.8666666666666667,0.06666666666666667,39.79999999999998,21.666666666666668,999.1333333333332,3.6715119501372238,8.144527815247077,0.7637626158257718,3,5,0.7071067811865476,0.7071067811865476,0.49999999999999994,-0.8660254037844387
2020-05-26 06:00:00,40.6,25,999.6,35.6,31.0,999.3,5.0,-6.0,0.3000000000000682,3.0,1.6666666666666667,-2.0,0.10000000000002274,39.19999999999998,24.666666666666668,999.0666666666666,3.1432467291004027,6.506407098647711,0.6806859285551828,6,5,1.0,6.123233995736766e-17,0.49999999999999994,-0.8660254037844387
2020-05-26 09:00:00,43.2,19,997.5,40.6,25.0,999.6,2.6000000000000014,-6.0,-2.1000000000000227,3.0,0.8666666666666671,-2.0,-0.7000000000000076,39.79999999999999,25.0,998.8000000000001,3.8626415831656535,5.999999999999998,1.1357816691598903,9,5,0.7071067811865476,-0.7071067811865475,0.49999999999999994,-0.8660254037844387
2020-05-26 12:00:00,42.4,16,996.0,43.2,19.0,997.5,-0.8000000000000043,-3.0,-1.5,3.0,-0.2666666666666681,-1.0,-0.5,42.066666666666656,20.0,997.6999999999999,1.3316656236961544,4.582575694955838,1.8083141320023746,12,5,1.2246467991473532e-16,-1.0,0.49999999999999994,-0.8660254037844387
2020-05-27 03:00:00,34.8,30,998.7,42.4,16.0,996.0,-7.600000000000001,14.0,2.7000000000000455,15.0,-0.5066666666666667,0.9333333333333333,0.18000000000000302,40.13333333333332,21.666666666666668,997.4000000000001,4.636090306857044,7.371114795831992,1.3527749258466508,3,5,0.7071067811865476,0.7071067811865476,0.49999999999999994,-0.8660254037844387
2020-05-27 06:00:00,39.2,22,998.5,34.8,30.0,998.7,4.400000000000006,-8.0,-0.20000000000004547,3.0,1.4666666666666686,-2.6666666666666665,-0.06666666666668182,38.79999999999998,22.666666666666668,997.7333333333335,3.815756805667826,7.02376916856849,1.5044378795194007,6,5,1.0,6.123233995736766e-17,0.49999999999999994,-0.8660254037844387
2020-05-27 09:00:00,42.8,18,995.9,39.2,22.0,998.5,3.5999999999999943,-4.0,-2.6000000000000227,3.0,1.1999999999999982,-1.3333333333333333,-0.8666666666666742,38.933333333333316,23.333333333333332,997.7000000000002,4.0066611203511675,6.1101009266077835,1.5620499351811967,9,5,0.7071067811865476,-0.7071067811865475,0.49999999999999994,-0.8660254037844387
2020-05-27 12:00:00,43.2,16,993.4,42.8,18.0,995.9,0.4000000000000057,-2.0,-2.5,3.0,0.13333333333333522,-0.6666666666666666,-0.8333333333333334,41.73333333333332,18.666666666666668,995.9333333333333,2.2030282189145884,3.0550504633038855,2.5501633934578076,12,5,1.2246467991473532e-16,-1.0,0.49999999999999994,-0.8660254037844387
2020-05-28 03:00:00,31.4,45,999.0,43.2,16.0,993.4,-11.800000000000004,29.0,5.600000000000023,15.0,-0.786666666666667,1.9333333333333333,0.37333333333333485,39.13333333333332,26.333333333333332,996.0999999999999,6.700248751601221,16.196707484341786,2.805352027820942,3,5,0.7071067811865476,0.7071067811865476,0.49999999999999994,-0.8660254037844387
2020-05-28 06:00:00,36.4,34,998.7,31.4,45.0,999.0,5.0,-11.0,-0.2999999999999545,3.0,1.6666666666666667,-3.6666666666666665,-0.09999999999998484,36.99999999999999,31.666666666666668,997.0333333333333,5.922837157984353,14.640127503998494,3.1501322723550804,6,5,1.0,6.123233995736766e-17,0.49999999999999994,-0.8660254037844387
2020-05-28 09:00:00,38.0,32,996.3,36.4,34.0,998.7,1.6000000000000014,-2.0,-2.400000000000091,3.0,0.5333333333333338,-0.6666666666666666,-0.8000000000000304,35.26666666666665,37.0,998.0,3.4428670223134237,6.99999999999999,1.479864858694904,9,5,0.7071067811865476,-0.7071067811865475,0.49999999999999994,-0.8660254037844387
2020-05-28 12:00:00,32.6,34,996.6,38.0,32.0,996.3,-5.399999999999999,2.0,0.3000000000000682,3.0,-1.7999999999999996,0.6666666666666666,0.10000000000002274,35.66666666666665,33.333333333333336,997.1999999999999,2.773685875028628,1.1547005383791895,1.3076696830620957,12,5,1.2246467991473532e-16,-1.0,0.49999999999999994,-0.8660254037844387
2020-05-29 03:00:00,28.8,52,1004.3,32.6,34.0,996.6,-3.8000000000000007,18.0,7.699999999999932,15.0,-0.25333333333333335,1.2,0.5133333333333288,33.13333333333332,39.333333333333336,999.0666666666666,4.623130252689517,11.015141094572197,4.534681172181094,3,5,0.7071067811865476,0.7071067811865476,0.49999999999999994,-0.8660254037844387
2020-05-29 06:00:00,32.4,43,1003.4,28.8,52.0,1004.3,3.599999999999998,-9.0,-0.8999999999999773,3.0,1.1999999999999993,-3.0,-0.29999999999999244,31.26666666666665,43.0,1001.4333333333333,2.138535324312609,8.999999999999991,4.209908945967184,6,5,1.0,6.123233995736766e-17,0.49999999999999994,-0.8660254037844387
2020-05-29 09:00:00,31.0,45,1002.6,32.4,43.0,1003.4,-1.3999999999999986,2.0,-0.7999999999999545,3.0,-0.4666666666666662,0.6666666666666666,-0.2666666666666515,30.73333333333332,46.666666666666664,1003.4333333333334,1.8147543451753392,4.72581562625259,0.8504900548129769,9,5,0.7071067811865476,-0.7071067811865475,0.49999999999999994,-0.8660254037844387
2020-05-29 12:00:00,31.0,45,1001.3,31.0,45.0,1002.6,0.0,0.0,-1.3000000000000682,3.0,0.0,0.0,-0.43333333333335605,31.466666666666654,44.333333333333336,1002.4333333333334,0.8082903768651832,1.154700538379171,1.0598742063732927,12,5,1.2246467991473532e-16,-1.0,0.49999999999999994,-0.8660254037844387
2020-05-30 03:00:00,27.8,64,1005.1,31.0,45.0,1001.3,-3.1999999999999993,19.0,3.800000000000068,15.0,-0.2133333333333333,1.2666666666666666,0.2533333333333379,29.93333333333332,51.333333333333336,1003.0,1.847520861406802,10.969655114602888,1.9313207915834,3,5,0.7071067811865476,0.7071067811865476,0.49999999999999994,-0.8660254037844387
2020-05-30 06:00:00,33.2,40,1004.6,27.8,64.0,1005.1,5.400000000000002,-24.0,-0.5,3.0,1.8000000000000007,-8.0,-0.16666666666666666,30.666666666666654,49.666666666666664,1003.6666666666666,2.715388247255508,12.662279942148384,2.064784088793781,6,5,1.0,6.123233995736766e-17,0.49999999999999994,-0.8660254037844387
2020-05-30 12:00:00,34.0,38,1001.6,33.2,40.0,1004.6,0.7999999999999972,-2.0,-3.0,6.0,0.13333333333333286,-0.3333333333333333,-0.5,31.666666666666654,47.333333333333336,1003.7666666666668,3.372437298651131,14.468356276140469,1.8929694486007553,12,5,1.2246467991473532e-16,-1.0,0.49999999999999994,-0.8660254037844387
2020-05-31 03:00:00,23.6,86,1008.4,34.0,38.0,1001.6,-10.399999999999999,48.0,6.7999999999999545,15.0,-0.6933333333333332,3.2,0.4533333333333303,30.26666666666665,54.666666666666664,1004.8666666666668,5.787342510456189,27.15388247255507,3.4078341117689526,3,5,0.7071067811865476,0.7071067811865476,0.49999999999999994,-0.8660254037844387
2020-05-31 06:00:00,29.0,61,1008.1,23.6,86.0,1008.4,5.399999999999999,-25.0,-0.2999999999999545,3.0,1.7999999999999996,-8.333333333333334,-0.09999999999998484,28.866666666666656,61.666666666666664,1006.0333333333333,5.2012818932772085,24.00694344004112,3.8423083339753803,6,5,1.0,6.123233995736766e-17,0.49999999999999994,-0.8660254037844387
2020-05-31 09:00:00,29.0,61,1007.0,29.0,61.0,1008.1,0.0,0.0,-1.1000000000000227,3.0,0.0,0.0,-0.36666666666667425,27.19999999999999,69.33333333333333,1007.8333333333334,3.117691453623984,14.433756729740645,0.7371114795860654,9,5,0.7071067811865476,-0.7071067811865475,0.49999999999999994,-0.8660254037844387
2020-05-31 12:00:00,26.4,70,1005.4,29.0,61.0,1007.0,-2.6000000000000014,9.0,-1.6000000000000227,3.0,-0.8666666666666671,3.0,-0.5333333333333409,28.133333333333315,64.0,1006.8333333333334,1.5011106998930277,5.196152422706632,1.3576941236291251,12,5,1.2246467991473532e-16,-1.0,0.49999999999999994,-0.8660254037844387
2020-06-01 03:00:00,26.6,65,1009.3,26.4,70.0,1005.4,0.20000000000000284,-5.0,3.8999999999999773,15.0,0.013333333333333523,-0.3333333333333333,0.2599999999999985,27.333333333333318,65.33333333333333,1007.2333333333332,1.4468356276140468,4.509249752822894,1.9604421270053272,3,6,0.7071067811865476,0.7071067811865476,1.2246467991473532e-16,-1.0
2020-06-01 09:00:00,32.0,44,1006.9,26.6,65.0,1009.3,5.399999999999999,-21.0,-2.3999999999999773,6.0,0.8999999999999998,-3.5,-0.3999999999999962,28.333333333333318,59.666666666666664,1007.1999999999999,3.177000681985028,13.79613472438325,1.9672315572915744,9,6,0.7071067811865476,-0.7071067811865475,1.2246467991473532e-16,-1.0
2020-06-01 12:00:00,32.4,42,1004.6,32.0,44.0,1006.9,0.3999999999999986,-2.0,-2.2999999999999545,3.0,0.13333333333333286,-0.6666666666666666,-0.7666666666666515,30.333333333333318,50.333333333333336,1006.9333333333334,3.239341496868358,12.741009902410928,2.350177298277072,12,6,1.2246467991473532e-16,-1.0,1.2246467991473532e-16,-1.0
2020-06-02 03:00:00,28.2,57,1006.2,32.4,42.0,1004.6,-4.199999999999999,15.0,1.6000000000000227,15.0,-0.27999999999999997,1.0,0.10666666666666819,30.86666666666665,47.666666666666664,1005.9,2.318045153428497,8.144527815247079,1.1789826122565317,3,6,0.7071067811865476,0.7071067811865476,1.2246467991473532e-16,-1.0
2020-06-02 06:00:00,32.0,50,1006.8,28.2,57.0,1006.2,3.8000000000000007,-7.0,0.599999999999909,3.0,1.2666666666666668,-2.3333333333333335,0.19999999999996967,30.86666666666665,49.666666666666664,1005.8666666666667,2.318045153428497,7.505553499465136,1.1372481406168629,6,6,1.0,6.123233995736766e-17,1.2246467991473532e-16,-1.0
2020-06-02 12:00:00,29.4,44,1003.3,32.0,50.0,1006.8,-2.6000000000000014,-6.0,-3.5,6.0,-0.43333333333333357,-1.0,-0.5833333333333334,29.86666666666665,50.333333333333336,1005.4333333333334,1.9425069712444631,6.506407098647714,1.8717193521830149,12,6,1.2246467991473532e-16,-1.0,1.2246467991473532e-16,-1.0
2020-06-03 03:00:00,29.0,54,1004.5,29.4,44.0,1003.3,-0.3999999999999986,10.0,1.2000000000000455,15.0,-0.02666666666666657,0.6666666666666666,0.08000000000000303,30.133333333333315,49.333333333333336,1004.8666666666667,1.628905563049417,5.033222956847171,1.7785762095946438,3,6,0.7071067811865476,0.7071067811865476,1.2246467991473532e-16,-1.0
2020-06-03 06:00:00,31.8,47,1004.6,29.0,54.0,1004.5,2.8000000000000007,-7.0,0.10000000000002274,3.0,0.9333333333333336,-2.3333333333333335,0.03333333333334091,30.066666666666652,48.333333333333336,1004.1333333333333,1.5143755588800747,5.1316014394468885,0.7234178138086389,6,6,1.0,6.123233995736766e-17,1.2246467991473532e-16,-1.0
2020-06-03 09:00:00,34.6,33,1002.4,31.8,47.0,1004.6,2.8000000000000007,-14.0,-2.2000000000000455,3.0,0.9333333333333336,-4.666666666666667,-0.7333333333333485,31.799999999999986,44.666666666666664,1003.8333333333334,2.8000000000000047,10.692676621563628,1.2423096769064972,9,6,0.7071067811865476,-0.7071067811865475,1.2246467991473532e-16,-1.0
2020-06-03 12:00:00,28.0,51,1002.3,34.6,33.0,1002.4,-6.600000000000001,18.0,-0.10000000000002274,3.0,-2.2000000000000006,6.0,-0.03333333333334091,31.466666666666654,43.666666666666664,1003.1,3.3126021996812955,9.451631252505218,1.3000000000007128,12,6,1.2246467991473532e-16,-1.0,1.2246467991473532e-16,-1.0
2020-06-04 03:00:00,29.8,47,1004.0,28.0,51.0,1002.3,1.8000000000000007,-4.0,1.7000000000000455,15.0,0.12000000000000005,-0.26666666666666666,0.11333333333333637,30.799999999999986,43.666666666666664,1002.9,3.411744421846399,9.451631252505218,0.9539392014178487,3,6,0.7071067811865476,0.7071067811865476,1.2246467991473532e-16,-1.0
2020-06-04 06:00:00,33.6,37,1002.8,29.8,47.0,1004.0,3.8000000000000007,-10.0,-1.2000000000000455,3.0,1.2666666666666668,-3.3333333333333335,-0.4000000000000152,30.46666666666665,45.0,1003.0333333333333,2.858904218985544,7.211102550927982,0.8736894948064516,6,6,1.0,6.123233995736766e-17,1.2246467991473532e-16,-1.0
2020-06-04 09:00:00,35.0,32,1000.1,33.6,37.0,1002.8,1.3999999999999986,-5.0,-2.699999999999932,3.0,0.4666666666666662,-1.6666666666666667,-0.8999999999999773,32.79999999999998,38.666666666666664,1002.3000000000001,2.690724809414747,7.637626158259735,1.9974984355441032,9,6,0.7071067811865476,-0.7071067811865475,1.2246467991473532e-16,-1.0
2020-06-04 12:00:00,36.2,30,998.4,35.0,32.0,1000.1,1.2000000000000028,-2.0,-1.7000000000000455,3.0,0.40000000000000097,-0.6666666666666666,-0.5666666666666819,34.933333333333316,33.0,1000.4333333333334,1.3012814197295615,3.6055512754639913,2.2188585654189388,12,6,1.2246467991473532e-16,-1.0,1.2246467991473532e-16,-1.0
2020-06-05 03:00:00,26.4,66,1003.7,36.2,30.0,998.4,-9.800000000000004,36.0,5.300000000000068,15.0,-0.6533333333333337,2.4,0.3533333333333379,32.53333333333332,42.666666666666664,1000.7333333333332,5.345403009440297,20.231987873991358,2.706165799306033,3,6,0.7071067811865476,0.7071067811865476,1.2246467991473532e-16,-1.0
2020-06-05 06:00:00,30.8,55,1003.4,26.4,66.0,1003.7,4.400000000000002,-11.0,-0.3000000000000682,3.0,1.4666666666666675,-3.6666666666666665,-0.10000000000002274,31.133333333333315,50.333333333333336,1001.8333333333334,4.908496035786661,18.448125469362285,2.977135088190439,6,6,1.0,6.123233995736766e-17,1.2246467991473532e-16,-1.0
2020-06-05 09:00:00,34.0,43,1001.1,30.8,55.0,1003.4,3.1999999999999993,-12.0,-2.2999999999999545,3.0,1.0666666666666664,-4.0,-0.7666666666666515,30.39999999999998,54.666666666666664,1002.7333333333332,3.815756805667785,11.50362261782493,1.4224392195575108,9,6,0.7071067811865476,-0.7071067811865475,1.2246467991473532e-16,-1.0
2020-06-05 12:00:00,34.2,38,998.9,34.0,43.0,1001.1,0.20000000000000284,-5.0,-2.2000000000000455,3.0,0.06666666666666761,-1.6666666666666667,-0.7333333333333485,32.999999999999986,45.333333333333336,1001.1333333333333,1.9078784028338975,8.736894948054102,2.2501851775651356,12,6,1.2246467991473532e-16,-1.0,1.2246467991473532e-16,-1.0
2020-06-06 03:00:00,20.6,95,1005.8,34.2,38.0,998.9,-13.600000000000001,57.0,6.899999999999977,15.0,-0.9066666666666667,3.8,0.45999999999999847,29.599999999999984,58.666666666666664,1001.9333333333333,7.794870107962033,31.56474826976026,3.524674925909377,3,6,0.7071067811865476,0.7071067811865476,1.2246467991473532e-16,-1.0
2020-06-06 06:00:00,24.2,85,1005.5,20.6,95.0,1005.8,3.599999999999998,-10.0,-0.2999999999999545,3.0,1.1999999999999993,-3.3333333333333335,-0.09999999999998484,26.333333333333314,72.66666666666667,1003.4,7.046512139586036,30.435724623102587,3.9000000000002775,6,6,1.0,6.123233995736766e-17,1.2246467991473532e-16,-1.0
2020-06-06 09:00:00,28.8,58,1002.3,24.2,85.0,1005.5,4.600000000000001,-27.0,-3.2000000000000455,3.0,1.5333333333333339,-9.0,-1.0666666666666818,24.533333333333314,79.33333333333333,1004.5333333333333,4.110150037812898,19.13983629327411,1.939931270260965,9,6,0.7071067811865476,-0.7071067811865475,1.2246467991473532e-16,-1.0
2020-06-06 12:00:00,28.2,70,1000.9,28.8,58.0,1002.3,-0.6000000000000014,12.0,-1.3999999999999773,3.0,-0.20000000000000048,4.0,-0.46666666666665907,27.06666666666665,71.0,1002.9,2.5006665778014803,13.527749258468665,2.3579652245107225,12,6,1.2246467991473532e-16,-1.0,1.2246467991473532e-16,-1.0
2020-06-07 03:00:00,27.0,60,1004.0,28.2,70.0,1000.9,-1.1999999999999993,-10.0,3.1000000000000227,15.0,-0.07999999999999995,-0.6666666666666666,0.2066666666666682,27.999999999999982,62.666666666666664,1002.4,0.9165151389911854,6.429100507328599,1.5524174696265036,3,6,0.7071067811865476,0.7071067811865476,1.2246467991473532e-16,-1.0
2020-06-07 06:00:00,29.6,57,1004.5,27.0,60.0,1004.0,2.6000000000000014,-3.0,0.5,3.0,0.8666666666666671,-1.0,0.16666666666666666,28.266666666666648,62.333333333333336,1003.1333333333332,1.3012814197295541,6.806859285554011,1.950213663508551,6,6,1.0,6.123233995736766e-17,1.2246467991473532e-16,-1.0
2020-06-07 09:00:00,31.6,52,1001.8,29.6,57.0,1004.5,2.0,-5.0,-2.7000000000000455,3.0,0.6666666666666666,-1.6666666666666667,-0.9000000000000151,29.39999999999998,56.333333333333336,1003.4333333333334,2.3065125189341646,4.041451884327325,1.436430761761814,9,6,0.7071067811865476,-0.7071067811865475,1.2246467991473532e-16,-1.0
2020-06-07 12:00:00,32.8,46,999.2,31.6,52.0,1001.8,1.1999999999999957,-6.0,-2.599999999999909,3.0,0.3999999999999986,-2.0,-0.8666666666666364,31.333333333333314,51.666666666666664,1001.8333333333334,1.6165807537309569,5.50757054728606,2.650157228040329,12,6,1.2246467991473532e-16,-1.0,1.2246467991473532e-16,-1.0
2020-06-08 03:00:00,30.2,60,1002.6,32.8,46.0,999.2,-2.599999999999998,14.0,3.3999999999999773,15.0,-0.1733333333333332,0.9333333333333333,0.22666666666666516,31.533333333333317,52.666666666666664,1001.1999999999999,1.3012814197295501,7.02376916856846,1.7776388834633357,3,6,0.7071067811865476,0.7071067811865476,1.2246467991473532e-16,-1.0
2020-06-08 06:00:00,34.8,44,1001.8,30.2,60.0,1002.6,4.599999999999998,-16.0,-0.8000000000000682,3.0,1.5333333333333325,-5.333333333333333,-0.2666666666666894,32.59999999999998,50.0,1001.1999999999999,2.3065125189341646,8.717797887081321,1.7776388834633357,6,6,1.0,6.123233995736766e-17,1.2246467991473532e-16,-1.0
2020-06-08 09:00:00,37.0,38,999.8,34.8,44.0,1001.8,2.200000000000003,-6.0,-2.0,3.0,0.7333333333333343,-2.0,-0.6666666666666666,33.99999999999998,47.333333333333336,1001.4,3.469870314579502,11.372481406154634,1.4422205101859462,9,6,0.7071067811865476,-0.7071067811865475,1.2246467991473532e-16,-1.0
2020-06-08 12:00:00,36.0,54,997.9,37.0,38.0,999.8,-1.0,16.0,-1.8999999999999773,3.0,-0.3333333333333333,5.333333333333333,-0.6333333333333258,35.933333333333316,45.333333333333336,999.8333333333334,1.101514109457259,8.082903768654733,1.9502136635079488,12,6,1.2246467991473532e-16,-1.0,1.2246467991473532e-16,-1.0
2020-06-09 03:00:00,32.6,57,1002.1,36.0,54.0,997.9,-3.3999999999999986,3.0,4.2000000000000455,15.0,-0.22666666666666657,0.2,0.280000000000003,35.19999999999998,49.666666666666664,999.9333333333333,2.3065125189341775,10.214368964029687,2.103172207246311,3,6,0.7071067811865476,0.7071067811865476,1.2246467991473532e-16,-1.0
2020-06-09 06:00:00,36.0,44,1002.4,32.6,57.0,1002.1,3.3999999999999986,-13.0,0.2999999999999545,3.0,1.1333333333333329,-4.333333333333333,0.09999999999998484,34.866666666666646,51.666666666666664,1000.8000000000001,1.9629909152447504,6.8068592855540135,2.515949125081961,6,6,1.0,6.123233995736766e-17,1.2246467991473532e-16,-1.0
2020-06-09 09:00:00,36.0,46,1000.6,36.0,44.0,1002.4,0.0,2.0,-1.7999999999999545,3.0,0.0,0.6666666666666666,-0.5999999999999849,34.866666666666646,49.0,1001.6999999999999,1.9629909152447504,6.999999999999969,0.9643650760999842,9,6,0.7071067811865476,-0.7071067811865475,1.2246467991473532e-16,-1.0
2020-06-09 12:00:00,36.2,41,998.8,36.0,46.0,1000.6,0.20000000000000284,-5.0,-1.8000000000000682,3.0,0.06666666666666761,-1.6666666666666667,-0.6000000000000227,36.066666666666656,43.666666666666664,1000.6,0.11547005383792576,2.5166114784234948,1.8000000000001113,12,6,1.2246467991473532e-16,-1.0,1.2246467991473532e-16,-1.0
2020-06-10 03:00:00,33.2,53,1001.3,36.2,41.0,998.8,-3.0,12.0,2.5,15.0,-0.2,0.8,0.16666666666666666,35.13333333333332,46.666666666666664,1000.2333333333332,1.6772994167212198,6.027713773341672,1.2897028081435682,3,6,0.7071067811865476,0.7071067811865476,1.2246467991473532e-16,-1.0
2020-06-10 06:00:00,31.2,57,1003.6,33.2,53.0,1001.3,-2.0000000000000036,4.0,2.300000000000068,3.0,-0.6666666666666679,1.3333333333333333,0.7666666666666894,33.53333333333332,50.333333333333336,1001.2333333333332,2.5166114784235916,8.326663997864504,2.4006943440043447,6,6,1.0,6.123233995736766e-17,1.2246467991473532e-16,-1.0
2020-06-10 09:00:00,35.0,43,1001.2,31.2,57.0,1003.6,3.8000000000000007,-14.0,-2.3999999999999773,3.0,1.2666666666666668,-4.666666666666667,-0.7999999999999924,33.13333333333332,51.0,1002.0333333333333,1.9008769905844456,7.211102550927947,1.3576941236283768,9,6,0.7071067811865476,-0.7071067811865475,1.2246467991473532e-16,-1.0
2020-06-10 12:00:00,35.0,39,998.5,35.0,43.0,1001.2,0.0,-4.0,-2.7000000000000455,3.0,0.0,-1.3333333333333333,-0.9000000000000151,33.73333333333331,46.333333333333336,1001.1,2.1939310229205904,9.451631252505193,2.5514701644348214,12,6,1.2246467991473532e-16,-1.0,1.2246467991473532e-16,-1.0
2020-06-11 03:00:00,33.4,48,1000.6,35.0,39.0,998.5,-1.6000000000000014,9.0,2.1000000000000227,15.0,-0.10666666666666676,0.6,0.1400000000000015,34.46666666666665,43.333333333333336,1000.1,0.9237604307034031,4.509249752822846,1.4177446878759137,3,6,0.7071067811865476,0.7071067811865476,1.2246467991473532e-16,-1.0
2020-06-11 06:00:00,36.8,42,1000.3,33.4,48.0,1000.6,3.3999999999999986,-6.0,-0.3000000000000682,3.0,1.1333333333333329,-2.0,-0.10000000000002274,35.06666666666664,43.0,999.8000000000001,1.700980109623074,4.582575694955793,1.1357816691600944,6,6,1.0,6.123233995736766e-17,1.2246467991473532e-16,-1.0
2020-06-11 09:00:00,39.0,34,997.8,36.8,42.0,1000.3,2.200000000000003,-8.0,-2.5,3.0,0.7333333333333343,-2.6666666666666665,-0.8333333333333334,36.39999999999998,41.333333333333336,999.5666666666666,2.8213471959331717,7.023769168568462,1.5373136743467175,9,6,0.7071067811865476,-0.7071067811865475,1.2246467991473532e-16,-1.0
2020-06-11 12:00:00,38.6,35,995.8,39.0,34.0,997.8,-0.3999999999999986,1.0,-2.0,3.0,-0.13333333333333286,0.3333333333333333,-0.6666666666666666,38.13333333333331,37.0,997.9666666666667,1.1718930554164375,4.358898943540626,2.254624876411286,12,6,1.2246467991473532e-16,-1.0,1.2246467991473532e-16,-1.0
2020-06-12 03:00:00,33.0,60,1000.0,38.6,35.0,995.8,-5.600000000000001,25.0,4.2000000000000455,15.0,-0.3733333333333334,1.6666666666666667,0.280000000000003,36.866666666666646,43.0,997.8666666666667,3.354598833442428,14.730919862656222,2.100793500878351,3,6,0.7071067811865476,0.7071067811865476,1.2246467991473532e-16,-1.0
2020-06-12 06:00:00,38.4,39,998.2,33.0,60.0,1000.0,5.399999999999999,-21.0,-1.7999999999999545,3.0,1.7999999999999996,-7.0,-0.5999999999999849,36.66666666666665,44.666666666666664,998.0,3.177000681985023,13.428824718989109,2.107130750570426,6,6,1.0,6.123233995736766e-17,1.2246467991473532e-16,-1.0
2020-06-12 09:00:00,39.8,34,996.0,38.4,39.0,998.2,1.3999999999999986,-5.0,-2.2000000000000455,3.0,0.4666666666666662,-1.6666666666666667,-0.7333333333333485,37.06666666666664,44.333333333333336,998.0666666666666,3.5907288025320554,13.796134724383238,2.0033305601754345,9,6,0.7071067811865476,-0.7071067811865475,1.2246467991473532e-16,-1.0
2020-06-12 12:00:00,36.4,41,994.8,39.8,34.0,996.0,-3.3999999999999986,7.0,-1.2000000000000455,3.0,-1.1333333333333329,2.3333333333333335,-0.4000000000000152,38.19999999999998,38.0,996.3333333333334,1.7088007490634893,3.605551275463942,1.7243356208499219,12,6,1.2246467991473532e-16,-1.0,1.2246467991473532e-16,-1.0
2020-06-13 03:00:00,33.8,57,999.0,36.4,41.0,994.8,-2.6000000000000014,16.0,4.2000000000000455,15.0,-0.17333333333333342,1.0666666666666667,0.280000000000003,36.66666666666664,44.0,996.6,3.0088757590391313,11.789826122551581,2.1633307652780807,3,6,0.7071067811865476,0.7071067811865476,1.2246467991473532e-16,-1.0
2020-06-13 06:00:00,37.6,46,998.3,33.8,57.0,999.0,3.8000000000000043,-11.0,-0.7000000000000455,3.0,1.2666666666666682,-3.6666666666666665,-0.2333333333333485,35.93333333333331,48.0,997.3666666666667,1.942506971244463,8.185352771872429,2.250185177564827,6,6,1.0,6.123233995736766e-17,1.2246467991473532e-16,-1.0
2020-06-13 09:00:00,37.4,33,997.5,37.6,46.0,998.3,-0.20000000000000284,-13.0,-0.7999999999999545,3.0,-0.06666666666666761,-4.333333333333333,-0.2666666666666515,36.266666666666644,45.333333333333336,998.2666666666665,2.138535324312726,12.01388086062672,0.7505553499462357,9,6,0.7071067811865476,-0.7071067811865475,1.2246467991473532e-16,-1.0
2020-06-13 12:00:00,35.4,40,996.7,37.4,33.0,997.5,-2.0,7.0,-0.7999999999999545,3.0,-0.6666666666666666,2.3333333333333335,-0.2666666666666515,36.79999999999998,39.666666666666664,997.5,1.2165525060596423,6.50640709864769,0.799999999999368,12,6,1.2246467991473532e-16,-1.0,1.2246467991473532e-16,-1.0
2020-06-14 03:00:00,32.2,52,1001.9,35.4,40.0,996.7,-3.1999999999999957,12.0,5.199999999999932,15.0,-0.21333333333333304,0.8,0.3466666666666621,34.99999999999998,41.666666666666664,998.7000000000002,2.6229754097207914,9.609023536933035,2.799999999999933,3,6,0.7071067811865476,0.7071067811865476,1.2246467991473532e-16,-1.0
2020-06-14 06:00:00,36.8,37,1001.2,32.2,52.0,1001.9,4.599999999999994,-15.0,-0.6999999999999318,3.0,1.5333333333333314,-5.0,-0.2333333333333106,34.79999999999998,43.0,999.9333333333334,2.3579652245103087,7.937253933193755,2.8219378684396457,6,6,1.0,6.123233995736766e-17,1.2246467991473532e-16,-1.0
2020-06-14 09:00:00,39.6,30,998.5,36.8,37.0,1001.2,2.8000000000000043,-7.0,-2.7000000000000455,3.0,0.9333333333333348,-2.3333333333333335,-0.9000000000000151,36.19999999999998,39.666666666666664,1000.5333333333333,3.736308338453881,11.239810200058232,1.7953644012662784,9,6,0.7071067811865476,-0.7071067811865475,1.2246467991473532e-16,-1.0
2020-06-14 12:00:00,39.6,32,996.2,39.6,30.0,998.5,0.0,2.0,-2.2999999999999545,3.0,0.0,0.6666666666666666,-0.7666666666666515,38.66666666666665,33.0,998.6333333333333,1.616580753730984,3.605551275463948,2.5026652459594683,12,6,1.2246467991473532e-16,-1.0,1.2246467991473532e-16,-1.0
2020-06-15 03:00:00,32.8,66,1000.2,39.6,32.0,996.2,-6.800000000000004,34.0,4.0,15.0,-0.45333333333333364,2.2666666666666666,0.26666666666666666,37.333333333333314,42.666666666666664,998.3000000000001,3.9259818304894587,20.23198787399135,2.007485989988453,3,6,0.7071067811865476,0.7071067811865476,1.2246467991473532e-16,-1.0
2020-06-15 06:00:00,38.2,40,998.5,32.8,66.0,1000.2,5.400000000000006,-26.0,-1.7000000000000455,3.0,1.8000000000000018,-8.666666666666666,-0.5666666666666819,36.866666666666646,46.0,998.3000000000001,3.590728802532066,17.77638883463117,2.007485989988453,6,6,1.0,6.123233995736766e-17,1.2246467991473532e-16,-1.0
2020-06-15 09:00:00,40.6,30,996.0,38.2,40.0,998.5,2.3999999999999986,-10.0,-2.5,3.0,0.7999999999999995,-3.3333333333333335,-0.8333333333333334,37.19999999999998,45.333333333333336,998.2333333333332,3.9949968710876393,18.583146486355133,2.1126602503320893,9,6,0.7071067811865476,-0.7071067811865475,1.2246467991473532e-16,-1.0
2020-06-15 12:00:00,40.4,36,993.9,40.6,30.0,996.0,-0.20000000000000284,6.0,-2.1000000000000227,3.0,-0.06666666666666761,2.0,-0.7000000000000076,39.73333333333332,35.333333333333336,996.1333333333333,1.3316656236958737,5.033222956847149,2.302896726588445,12,6,1.2246467991473532e-16,-1.0,1.2246467991473532e-16,-1.0
2020-06-16 03:00:00,32.4,62,997.3,40.4,36.0,993.9,-8.0,26.0,3.3999999999999773,15.0,-0.5333333333333333,1.7333333333333334,0.22666666666666516,37.799999999999976,42.666666666666664,995.7333333333332,4.677606225410599,17.00980109623076,1.7156145643271652,3,6,0.7071067811865476,0.7071067811865476,1.2246467991473532e-16,-1.0
2020-06-16 06:00:00,36.6,49,996.7,32.4,62.0,997.3,4.200000000000003,-13.0,-0.599999999999909,3.0,1.400000000000001,-4.333333333333333,-0.19999999999996967,36.46666666666665,49.0,995.9666666666667,4.001666319589041,12.999999999999996,1.8147543451750607,6,6,1.0,6.123233995736766e-17,1.2246467991473532e-16,-1.0
2020-06-16 09:00:00,41.2,26,993.6,36.6,49.0,996.7,4.600000000000001,-23.0,-3.1000000000000227,3.0,1.5333333333333339,-7.666666666666667,-1.033333333333341,36.73333333333331,45.666666666666664,995.8666666666667,4.40151489073175,18.230011885167087,1.9857828011470713,9,6,0.7071067811865476,-0.7071067811865475,1.2246467991473532e-16,-1.0
2020-06-16 12:00:00,41.0,41,992.4,41.2,26.0,993.6,-0.20000000000000284,15.0,-1.2000000000000455,3.0,-0.06666666666666761,5.0,-0.4000000000000152,39.59999999999999,38.666666666666664,994.2333333333335,2.600000000000008,11.676186592091323,2.2188585654182775,12,6,1.2246467991473532e-16,-1.0,1.2246467991473532e-16,-1.0
2020-06-17 03:00:00,32.2,59,997.0,41.0,41.0,992.4,-8.799999999999997,18.0,4.600000000000023,15.0,-0.5866666666666664,1.2,0.3066666666666682,38.13333333333332,42.0,994.3333333333334,5.139390365922146,16.5227116418583,2.386070689089065,3,6,0.7071067811865476,0.7071067811865476,1.2246467991473532e-16,-1.0
2020-06-17 06:00:00,35.0,53,995.8,32.2,59.0,997.0,2.799999999999997,-6.0,-1.2000000000000455,3.0,0.9333333333333323,-2.0,-0.4000000000000152,36.06666666666664,51.0,995.0666666666666,4.495924080023298,9.16515138991167,2.3860706890891916,6,6,1.0,6.123233995736766e-17,1.2246467991473532e-16,-1.0
2020-06-17 09:00:00,38.8,40,993.6,35.0,53.0,995.8,3.799999999999997,-13.0,-2.199999999999932,3.0,1.2666666666666657,-4.333333333333333,-0.7333333333333106,35.333333333333314,50.666666666666664,995.4666666666666,3.312602199681289,9.7125348562223,1.724335620849632,9,6,0.7071067811865476,-0.7071067811865475,1.2246467991473532e-16,-1.0
2020-06-17 12:00:00,40.0,33,991.7,38.8,40.0,993.6,1.2000000000000028,-7.0,-1.8999999999999773,3.0,0.40000000000000097,-2.3333333333333335,-0.6333333333333258,37.933333333333316,42.0,993.6999999999999,2.610236260060258,10.14889156509221,2.051828452867446,12,6,1.2246467991473532e-16,-1.0,1.2246467991473532e-16,-1.0
2020-06-18 03:00:00,32.4,64,997.1,40.0,33.0,991.7,-7.600000000000001,31.0,5.399999999999977,15.0,-0.5066666666666667,2.066666666666667,0.3599999999999985,37.06666666666665,45.666666666666664,994.1333333333333,4.085747585611886,16.25833119767626,2.7392213005396346,3,6,0.7071067811865476,0.7071067811865476,1.2246467991473532e-16,-1.0
2020-06-18 06:00:00,36.8,49,996.7,32.4,64.0,997.1,4.399999999999999,-15.0,-0.39999999999997726,3.0,1.4666666666666661,-5.0,-0.13333333333332575,36.399999999999984,48.666666666666664,995.1666666666666,3.8157568056677853,15.502687938977974,3.008875759038645,6,6,1.0,6.123233995736766e-17,1.2246467991473532e-16,-1.0
2020-06-18 09:00:00,40.0,36,994.3,36.8,49.0,996.7,3.200000000000003,-13.0,-2.400000000000091,3.0,1.0666666666666675,-4.333333333333333,-0.8000000000000304,36.39999999999998,49.666666666666664,996.0333333333333,3.8157568056677853,14.011899704655796,1.514375558879206,9,6,0.7071067811865476,-0.7071067811865475,1.2246467991473532e-16,-1.0
2020-06-18 12:00:00,41.0,36,992.7,40.0,36.0,994.3,1.0,0.0,-1.599999999999909,3.0,0.3333333333333333,0.0,-0.533333333333303,39.266666666666644,40.333333333333336,994.5666666666667,2.193931022920583,7.5055534994651225,2.013289182738009,12,6,1.2246467991473532e-16,-1.0,1.2246467991473532e-16,-1.0
2020-06-19 03:00:00,29.0,70,998.3,41.0,36.0,992.7,-12.0,34.0,5.599999999999909,15.0,-0.8,2.2666666666666666,0.37333333333332724,36.66666666666665,47.333333333333336,995.0999999999999,6.658328118479393,19.629909152447276,2.884441020370598,3,6,0.7071067811865476,0.7071067811865476,1.2246467991473532e-16,-1.0
2020-06-19 06:00:00,34.2,51,999.0,29.0,70.0,998.3,5.200000000000003,-19.0,0.7000000000000455,3.0,1.7333333333333343,-6.333333333333333,0.2333333333333485,34.73333333333331,52.333333333333336,996.6666666666666,6.017751518078271,17.03917055884274,3.4530180036209783,6,6,1.0,6.123233995736766e-17,1.2246467991473532e-16,-1.0
2020-06-19 09:00:00,36.0,52,996.9,34.2,51.0,999.0,1.7999999999999972,1.0,-2.1000000000000227,3.0,0.5999999999999991,0.3333333333333333,-0.7000000000000076,33.06666666666665,57.666666666666664,998.0666666666666,3.6350149013908224,10.69267662156362,1.0692676621555122,9,6,0.7071067811865476,-0.7071067811865475,1.2246467991473532e-16,-1.0
2020-06-19 12:00:00,37.8,48,995.6,36.0,52.0,996.9,1.7999999999999972,-4.0,-1.2999999999999545,3.0,0.5999999999999991,-1.3333333333333333,-0.4333333333333182,35.99999999999998,50.333333333333336,997.1666666666666,1.7999999999999847,2.081665999466096,1.715614564327055,12,6,1.2246467991473532e-16,-1.0,1.2246467991473532e-16,-1.0
2020-06-20 03:00:00,30.4,74,1000.1,37.8,48.0,995.6,-7.399999999999999,26.0,4.5,15.0,-0.49333333333333323,1.7333333333333334,0.3,34.73333333333331,58.0,997.5333333333334,3.859188170241676,13.999999999999995,2.315887159023802,3,6,0.7071067811865476,0.7071067811865476,1.2246467991473532e-16,-1.0
2020-06-20 06:00:00,34.2,61,1000.1,30.4,74.0,1000.1,3.8000000000000043,-13.0,0.0,3.0,1.2666666666666682,-4.333333333333333,0.0,34.13333333333332,61.0,998.6,3.7004504230341064,12.999999999999995,2.5980762113530114,6,6,1.0,6.123233995736766e-17,1.2246467991473532e-16,-1.0
2020-06-20 09:00:00,36.6,53,998.0,34.2,61.0,1000.1,2.3999999999999986,-8.0,-2.1000000000000227,3.0,0.7999999999999995,-2.6666666666666665,-0.7000000000000076,33.73333333333331,62.666666666666664,999.4000000000001,3.1262330900515574,10.598742063723089,1.2124355652982108,9,6,0.7071067811865476,-0.7071067811865475,1.2246467991473532e-16,-1.0
2020-06-20 12:00:00,37.4,49,995.8,36.6,53.0,998.0,0.7999999999999972,-4.0,-2.2000000000000455,3.0,0.2666666666666657,-1.3333333333333333,-0.7333333333333485,36.066666666666656,54.333333333333336,997.9666666666667,1.6653327995728904,6.110100926607772,2.150193789715991,12,6,1.2246467991473532e-16,-1.0,1.2246467991473532e-16,-1.0
2020-06-21 03:00:00,30.6,54,1000.5,37.4,49.0,995.8,-6.799999999999997,5.0,4.7000000000000455,15.0,-0.45333333333333314,0.3333333333333333,0.31333333333333635,34.866666666666646,52.0,998.1,3.71662929727102,2.6457513110645596,2.3515952032609415,3,6,0.7071067811865476,0.7071067811865476,1.2246467991473532e-16,-1.0
2020-06-21 06:00:00,32.8,58,999.3,30.6,54.0,1000.5,2.1999999999999957,4.0,-1.2000000000000455,3.0,0.733333333333332,1.3333333333333333,-0.4000000000000152,33.59999999999998,53.666666666666664,998.5333333333333,3.4698703145794862,4.509249752822877,2.4419937209856433,6,6,1.0,6.123233995736766e-17,1.2246467991473532e-16,-1.0
2020-06-21 09:00:00,34.4,52,998.9,32.8,58.0,999.3,1.6000000000000014,-6.0,-0.39999999999997726,3.0,0.5333333333333338,-2.0,-0.13333333333332575,32.59999999999998,54.666666666666664,999.5666666666666,1.9078784028338787,3.0550504633038686,0.8326663997866,9,6,0.7071067811865476,-0.7071067811865475,1.2246467991473532e-16,-1.0
2020-06-21 12:00:00,35.0,50,997.1,34.4,52.0,998.9,0.6000000000000014,-2.0,-1.7999999999999545,3.0,0.20000000000000048,-0.6666666666666666,-0.5999999999999849,34.06666666666664,53.333333333333336,998.4333333333333,1.1372481406154429,4.163331998932248,1.1718930554164666,12,6,1.2246467991473532e-16,-1.0,1.2246467991473532e-16,-1.0
2020-06-22 03:00:00,25.6,89,1000.5,35.0,50.0,997.1,-9.399999999999999,39.0,3.3999999999999773,15.0,-0.6266666666666666,2.6,0.22666666666666516,31.666666666666647,63.666666666666664,998.8333333333334,5.262445565830897,21.96208854670551,1.7009801096230692,3,6,0.7071067811865476,0.7071067811865476,1.2246467991473532e-16,-1.0
2020-06-22 06:00:00,30.2,66,1000.2,25.6,89.0,1000.5,4.599999999999998,-23.0,-0.2999999999999545,3.0,1.5333333333333325,-7.666666666666667,-0.09999999999998484,30.266666666666648,68.33333333333333,999.2666666666668,4.700354596552614,19.60442127004348,1.8823743871327157,6,6,1.0,6.123233995736766e-17,1.2246467991473532e-16,-1.0
2020-06-22 09:00:00,33.6,53,998.7,30.2,66.0,1000.2,3.400000000000002,-13.0,-1.5,3.0,1.133333333333334,-4.333333333333333,-0.5,29.799999999999983,69.33333333333333,999.8000000000001,4.014971979976941,18.230011885167087,0.9643650760991693,9,6,0.7071067811865476,-0.7071067811865475,1.2246467991473532e-16,-1.0
2020-06-22 12:00:00,34.6,47,996.7,33.6,53.0,998.7,1.0,-6.0,-2.0,3.0,0.3333333333333333,-2.0,-0.6666666666666666,32.79999999999998,55.333333333333336,998.5333333333334,2.3065125189341456,9.712534856222295,1.7559422921420833,12,6,1.2246467991473532e-16,-1.0,1.2246467991473532e-16,-1.0
2020-06-23 03:00:00,31.4,70,1002.1,34.6,47.0,996.7,-3.200000000000003,23.0,5.399999999999977,15.0,-0.2133333333333335,1.5333333333333334,0.3599999999999985,33.19999999999998,56.666666666666664,999.1666666666666,1.6370705543744686,11.93035344544884,2.730079363925725,3,6,0.7071067811865476,0.7071067811865476,1.2246467991473532e-16,-1.0
2020-06-23 06:00:00,34.4,58,1002.7,31.4,70.0,1002.1,3.0,-12.0,0.6000000000000227,3.0,1.0,-4.0,0.2000000000000076,33.46666666666665,58.333333333333336,1000.5,1.7925772879664799,11.50362261782492,3.3045423283715967,6,6,1.0,6.123233995736766e-17,1.2246467991473532e-16,-1.0
2020-06-23 09:00:00,36.0,54,1000.9,34.4,58.0,1002.7,1.6000000000000014,-4.0,-1.8000000000000682,3.0,0.5333333333333338,-1.3333333333333333,-0.6000000000000227,33.933333333333316,60.666666666666664,1001.9,2.3352373184182484,8.326663997864513,0.9165151389908598,9,6,0.7071067811865476,-0.7071067811865475,1.2246467991473532e-16,-1.0
2020-06-23 12:00:00,35.6,52,998.7,36.0,54.0,1000.9,-0.3999999999999986,-2.0,-2.199999999999932,3.0,-0.13333333333333286,-0.6666666666666666,-0.7333333333333106,35.333333333333314,54.666666666666664,1000.7666666666668,0.8326663997863946,3.0550504633038416,2.003330560175484,12,6,1.2246467991473532e-16,-1.0,1.2246467991473532e-16,-1.0
2020-06-24 03:00:00,31.6,72,1003.8,35.6,52.0,998.7,-4.0,20.0,5.099999999999909,15.0,-0.26666666666666666,1.3333333333333333,0.3399999999999939,34.399999999999984,59.333333333333336,1001.1333333333333,2.4331050121192694,11.015141094572188,2.5579940057264836,3,6,0.7071067811865476,0.7071067811865476,1.2246467991473532e-16,-1.0
2020-06-24 06:00:00,34.2,61,1003.2,31.6,72.0,1003.8,2.6000000000000014,-11.0,-0.599999999999909,3.0,0.8666666666666671,-3.6666666666666665,-0.19999999999996967,33.79999999999999,61.666666666666664,1001.9,2.029778313018425,10.016652800877795,2.787471972953085,6,6,1.0,6.123233995736766e-17,1.2246467991473532e-16,-1.0
2020-06-24 09:00:00,29.4,74,1003.4,34.2,61.0,1003.2,-4.800000000000004,13.0,0.1999999999999318,3.0,-1.6000000000000014,4.333333333333333,0.06666666666664393,31.73333333333332,69.0,1003.4666666666667,2.402776172125336,6.999999999999976,0.3055050463276167,9,6,0.7071067811865476,-0.7071067811865475,1.2246467991473532e-16,-1.0
2020-06-24 12:00:00,29.8,67,1000.9,29.4,74.0,1003.4,0.40000000000000213,-7.0,-2.5,3.0,0.13333333333333405,-2.3333333333333335,-0.8333333333333334,31.133333333333315,67.33333333333333,1002.5,2.6633312473917483,6.506407098647685,1.3892443989445193,12,6,1.2246467991473532e-16,-1.0,1.2246467991473532e-16,-1.0
2020-06-25 03:00:00,30.6,72,1001.2,29.8,67.0,1000.9,0.8000000000000007,5.0,0.3000000000000682,15.0,0.05333333333333338,0.3333333333333333,0.02000000000000455,29.93333333333332,71.0,1001.8333333333334,0.6110100926607399,3.6055512754639443,1.3650396819624382,3,6,0.7071067811865476,0.7071067811865476,1.2246467991473532e-16,-1.0
2020-06-25 06:00:00,31.2,64,1001.8,30.6,72.0,1001.2,0.5999999999999979,-8.0,0.599999999999909,3.0,0.1999999999999993,-2.6666666666666665,0.19999999999996967,30.533333333333317,67.66666666666667,1001.3000000000001,0.7023769168568126,4.041451884327342,0.45825756949433216,6,6,1.0,6.123233995736766e-17,1.2246467991473532e-16,-1.0
2020-06-25 09:00:00,31.2,66,998.7,31.2,64.0,1001.8,0.0,2.0,-3.099999999999909,3.0,0.0,0.6666666666666666,-1.033333333333303,30.999999999999986,67.33333333333333,1000.5666666666666,0.34641016151369913,4.163331998932227,1.6441816606847937,9,6,0.7071067811865476,-0.7071067811865475,1.2246467991473532e-16,-1.0
2020-06-25 12:00:00,31.8,63,997.2,31.2,66.0,998.7,0.6000000000000014,-3.0,-1.5,3.0,0.20000000000000048,-1.0,-0.5,31.39999999999998,64.33333333333333,999.2333333333335,0.3464101615137768,1.5275252316518357,2.3459184413214587,12,6,1.2246467991473532e-16,-1.0,1.2246467991473532e-16,-1.0
2020-06-26 03:00:00,31.2,70,1000.3,31.8,63.0,997.2,-0.6000000000000014,7.0,3.099999999999909,15.0,-0.0400000000000001,0.4666666666666667,0.20666666666666061,31.39999999999998,66.33333333333333,998.7333333333332,0.3464101615137768,3.5118845842842,1.5502687938974304,3,6,0.7071067811865476,0.7071067811865476,1.2246467991473532e-16,-1.0
2020-06-26 06:00:00,33.8,58,1000.1,31.2,70.0,1000.3,2.599999999999998,-12.0,-0.1999999999999318,3.0,0.8666666666666659,-4.0,-0.06666666666664393,32.266666666666644,63.666666666666664,999.2000000000002,1.361371857110808,6.027713773341681,1.7349351572894178,6,6,1.0,6.123233995736766e-17,1.2246467991473532e-16,-1.0
2020-06-26 09:00:00,35.2,53,997.8,33.8,58.0,1000.1,1.4000000000000057,-5.0,-2.300000000000068,3.0,0.46666666666666856,-1.6666666666666667,-0.7666666666666894,33.399999999999984,60.333333333333336,999.4,2.0297783130184452,8.736894948054086,1.389244398944605,9,6,0.7071067811865476,-0.7071067811865475,1.2246467991473532e-16,-1.0
2020-06-26 12:00:00,35.0,50,996.2,35.2,53.0,997.8,-0.20000000000000284,-3.0,-1.599999999999909,3.0,-0.06666666666666761,-1.0,-0.533333333333303,34.66666666666665,53.666666666666664,998.0333333333334,0.7571877794400408,4.041451884327343,1.96044212700411,12,6,1.2246467991473532e-16,-1.0,1.2246467991473532e-16,-1.0
2020-06-27 03:00:00,33.6,58,998.5,35.0,50.0,996.2,-1.3999999999999986,8.0,2.2999999999999545,15.0,-0.09333333333333324,0.5333333333333333,0.1533333333333303,34.59999999999999,53.666666666666664,997.5,0.8717797887081339,4.041451884327343,1.1789826122547826,3,6,0.7071067811865476,0.7071067811865476,1.2246467991473532e-16,-1.0
2020-06-27 06:00:00,36.2,50,998.0,33.6,58.0,998.5,2.6000000000000014,-8.0,-0.5,3.0,0.8666666666666671,-2.6666666666666665,-0.16666666666666666,34.933333333333316,52.666666666666664,997.5666666666666,1.3012814197295441,4.618802153516973,1.2096831541079096,6,6,1.0,6.123233995736766e-17,1.2246467991473532e-16,-1.0
2020-06-27 09:00:00,36.6,51,996.3,36.2,50.0,998.0,0.3999999999999986,1.0,-1.7000000000000455,3.0,0.13333333333333286,0.3333333333333333,-0.5666666666666819,35.46666666666665,53.0,997.6,1.6289055630494202,4.358898943540639,1.153256259466753,9,6,0.7071067811865476,-0.7071067811865475,1.2246467991473532e-16,-1.0
2020-06-27 12:00:00,36.4,55,995.0,36.6,51.0,996.3,-0.20000000000000284,4.0,-1.2999999999999545,3.0,-0.06666666666666761,1.3333333333333333,-0.4333333333333182,36.399999999999984,52.0,996.4333333333334,0.20000000000008558,2.6457513110645334,1.5044378795193794,12,6,1.2246467991473532e-16,-1.0,1.2246467991473532e-16,-1.0
2020-06-28 03:00:00,34.8,60,997.1,36.4,55.0,995.0,-1.6000000000000014,5.0,2.1000000000000227,15.0,-0.10666666666666676,0.3333333333333333,0.1400000000000015,35.93333333333331,55.333333333333336,996.1333333333333,0.986576572463262,4.50924975282286,1.0598742063720654,3,6,0.7071067811865476,0.7071067811865476,1.2246467991473532e-16,-1.0
2020-06-28 06:00:00,37.6,46,997.0,34.8,60.0,997.1,2.8000000000000043,-14.0,-0.10000000000002274,3.0,0.9333333333333348,-4.666666666666667,-0.03333333333334091,36.266666666666644,53.666666666666664,996.3666666666667,1.4047538337137135,7.0945988845975645,1.1846237095942063,6,6,1.0,6.123233995736766e-17,1.2246467991473532e-16,-1.0
2020-06-28 09:00:00,38.6,50,995.6,37.6,46.0,997.0,1.0,4.0,-1.3999999999999773,3.0,0.3333333333333333,1.3333333333333333,-0.46666666666665907,36.99999999999998,52.0,996.5666666666666,1.9697715603592412,7.211102550927955,0.8386497083602135,9,6,0.7071067811865476,-0.7071067811865475,1.2246467991473532e-16,-1.0
2020-06-28 12:00:00,39.0,46,994.5,38.6,50.0,995.6,0.3999999999999986,-4.0,-1.1000000000000227,3.0,0.13333333333333286,-1.3333333333333333,-0.36666666666667425,38.39999999999998,47.333333333333336,995.7000000000002,0.7211102550928882,2.3094010767584314,1.252996408614043,12,6,1.2246467991473532e-16,-1.0,1.2246467991473532e-16,-1.0
2020-06-29 03:00:00,32.4,49,999.3,39.0,46.0,994.5,-6.600000000000001,3.0,4.7999999999999545,15.0,-0.4400000000000001,0.2,0.31999999999999695,36.66666666666665,48.333333333333336,996.4666666666667,3.7004504230341184,2.0816659994660522,2.514623895005488,3,6,0.7071067811865476,0.7071067811865476,1.2246467991473532e-16,-1.0
2020-06-29 06:00:00,34.2,47,1002.0,32.4,49.0,999.3,1.8000000000000043,-2.0,2.7000000000000455,3.0,0.6000000000000014,-0.6666666666666666,0.9000000000000151,35.19999999999998,47.333333333333336,998.6,3.4117444218463917,1.5275252316518382,3.7986839826443033,6,6,1.0,6.123233995736766e-17,1.2246467991473532e-16,-1.0
2020-06-29 09:00:00,33.6,51,999.9,34.2,47.0,1002.0,-0.6000000000000014,4.0,-2.1000000000000227,3.0,-0.20000000000000048,1.3333333333333333,-0.7000000000000076,33.39999999999998,49.0,1000.4,0.9165151389910945,1.9999999999999165,1.4177446878749524,9,6,0.7071067811865476,-0.7071067811865475,1.2246467991473532e-16,-1.0
2020-06-29 12:00:00,35.6,52,997.2,33.6,51.0,999.9,2.0,1.0,-2.699999999999932,3.0,0.6666666666666666,0.3333333333333333,-0.8999999999999773,34.46666666666665,50.0,999.6999999999999,1.0263202878893498,2.6457513110645277,2.406241883102731,12,6,1.2246467991473532e-16,-1.0,1.2246467991473532e-16,-1.0
2020-06-30 03:00:00,30.0,74,1002.5,35.6,52.0,997.2,-5.600000000000001,22.0,5.2999999999999545,15.0,-0.3733333333333334,1.4666666666666666,0.3533333333333303,33.06666666666665,59.0,999.8666666666667,2.837839553839006,12.999999999999988,2.650157228039709,3,6,0.7071067811865476,0.7071067811865476,1.2246467991473532e-16,-1.0
2020-06-30 06:00:00,32.6,67,1002.2,30.0,74.0,1002.5,2.6000000000000014,-7.0,-0.2999999999999545,3.0,0.8666666666666671,-2.3333333333333335,-0.09999999999998484,32.73333333333331,64.33333333333333,1000.6333333333333,2.802379940931126,11.239810200058228,2.977135088189815,6,6,1.0,6.123233995736766e-17,1.2246467991473532e-16,-1.0
2020-06-30 09:00:00,35.0,59,1000.1,32.6,67.0,1002.2,2.3999999999999986,-8.0,-2.1000000000000227,3.0,0.7999999999999995,-2.6666666666666665,-0.7000000000000076,32.53333333333331,66.66666666666667,1001.6,2.500666577801432,7.505553499465117,1.3076696830612637,9,6,0.7071067811865476,-0.7071067811865475,1.2246467991473532e-16,-1.0
2020-06-30 12:00:00,35.6,53,997.5,35.0,59.0,1000.1,0.6000000000000014,-6.0,-2.6000000000000227,3.0,0.20000000000000048,-2.0,-0.8666666666666742,34.399999999999984,59.666666666666664,999.9333333333334,1.5874507866387424,7.023769168568481,2.354428451521012,12,6,1.2246467991473532e-16,-1.0,1.2246467991473532e-16,-1.0
2020-07-01 03:00:00,32.6,72,1000.7,35.6,53.0,997.5,-3.0,19.0,3.2000000000000455,15.0,-0.2,1.2666666666666666,0.21333333333333637,34.39999999999998,61.333333333333336,999.4333333333334,1.5874507866387424,9.712534856222302,1.7009801096226245,3,7,0.7071067811865476,0.7071067811865476,-0.4999999999999997,-0.8660254037844388
2020-07-01 06:00:00,34.8,59,1000.7,32.6,72.0,1000.7,2.1999999999999957,-13.0,0.0,3.0,0.733333333333332,-4.333333333333333,0.0,34.333333333333314,61.333333333333336,999.6333333333333,1.5534906930307915,9.712534856222302,1.84752086140636,6,7,1.0,6.123233995736766e-17,-0.4999999999999997,-0.8660254037844388
2020-07-01 09:00:00,37.0,51,998.6,34.8,59.0,1000.7,2.200000000000003,-8.0,-2.1000000000000227,3.0,0.7333333333333343,-2.6666666666666665,-0.7000000000000076,34.79999999999998,60.666666666666664,1000.0,2.2000000000000024,10.598742063723089,1.2124355652982108,9,7,0.7071067811865476,-0.7071067811865475,-0.4999999999999997,-0.8660254037844388
2020-07-01 12:00:00,36.8,51,996.0,37.0,51.0,998.6,-0.20000000000000284,0.0,-2.6000000000000227,3.0,-0.06666666666666761,0.0,-0.8666666666666742,36.19999999999998,53.666666666666664,998.4333333333334,1.2165525060597158,4.618802153516983,2.3544284515213354,12,7,1.2246467991473532e-16,-1.0,-0.4999999999999997,-0.8660254037844388
2020-07-02 03:00:00,33.6,70,998.2,36.8,51.0,996.0,-3.1999999999999957,19.0,2.2000000000000455,15.0,-0.21333333333333304,1.2666666666666666,0.1466666666666697,35.799999999999976,57.333333333333336,997.6,1.907878402833923,10.969655114602888,1.3999999999998523,3,7,0.7071067811865476,0.7071067811865476,-0.4999999999999997,-0.8660254037844388
2020-07-02 06:00:00,36.6,53,997.6,33.6,70.0,998.2,3.0,-17.0,-0.6000000000000227,3.0,1.0,-5.666666666666667,-0.2000000000000076,35.66666666666665,58.0,997.2666666666668,1.7925772879665305,10.440306508910549,1.1372481406152877,6,7,1.0,6.123233995736766e-17,-0.4999999999999997,-0.8660254037844388
2020-07-02 09:00:00,38.8,44,995.3,36.6,53.0,997.6,2.1999999999999957,-9.0,-2.300000000000068,3.0,0.733333333333332,-3.0,-0.7666666666666894,36.333333333333314,55.666666666666664,997.0333333333334,2.610236260060287,13.203534880225572,1.5307950004272282,9,7,0.7071067811865476,-0.7071067811865475,-0.4999999999999997,-0.8660254037844388
2020-07-02 12:00:00,39.2,48,993.3,38.8,44.0,995.3,0.4000000000000057,4.0,-2.0,3.0,0.13333333333333522,1.3333333333333333,-0.6666666666666666,38.19999999999998,48.333333333333336,995.4,1.4000000000001491,4.509249752822885,2.151743479134895,12,7,1.2246467991473532e-16,-1.0,-0.4999999999999997,-0.8660254037844388
2020-07-03 03:00:00,33.8,72,996.7,39.2,48.0,993.3,-5.400000000000006,24.0,3.400000000000091,15.0,-0.3600000000000004,1.6,0.22666666666667273,37.26666666666665,54.666666666666664,995.1,3.0088757590391904,15.143755588800728,1.708800749063358,3,7,0.7071067811865476,0.7071067811865476,-0.4999999999999997,-0.8660254037844388
2020-07-03 06:00:00,36.4,56,996.9,33.8,72.0,996.7,2.6000000000000014,-16.0,0.1999999999999318,3.0,0.8666666666666671,-5.333333333333333,0.06666666666664393,36.46666666666665,58.666666666666664,995.6333333333333,2.700617213403925,12.220201853215572,2.023198787399007,6,7,1.0,6.123233995736766e-17,-0.4999999999999997,-0.8660254037844388
2020-07-03 09:00:00,40.4,39,994.7,36.4,56.0,996.9,4.0,-17.0,-2.199999999999932,3.0,1.3333333333333333,-5.666666666666667,-0.7333333333333106,36.866666666666646,55.666666666666664,996.1,3.3246553706111586,16.502525059315417,1.216552506059367,9,7,0.7071067811865476,-0.7071067811865475,-0.4999999999999997,-0.8660254037844388
2020-07-03 12:00:00,40.0,42,993.0,40.4,39.0,994.7,-0.3999999999999986,3.0,-1.7000000000000455,3.0,-0.13333333333333286,1.0,-0.5666666666666819,38.933333333333316,45.666666666666664,994.8666666666667,2.203028218914564,9.073771725877464,1.9553345834748053,12,7,1.2246467991473532e-16,-1.0,-0.4999999999999997,-0.8660254037844388
2020-07-04 03:00:00,30.4,63,997.4,40.0,42.0,993.0,-9.600000000000001,21.0,4.399999999999977,15.0,-0.6400000000000001,1.4,0.29333333333333184,36.933333333333316,48.0,995.0333333333333,5.66156633214993,13.076696830622017,2.21885856541886,3,7,0.7071067811865476,0.7071067811865476,-0.4999999999999997,-0.8660254037844388
2020-07-04 06:00:00,35.0,54,997.1,30.4,63.0,997.4,4.600000000000001,-9.0,-0.2999999999999545,3.0,1.5333333333333339,-3.0,-0.09999999999998484,35.13333333333332,53.0,995.8333333333334,4.801388688008228,10.535653752852735,2.45831920899887,6,7,1.0,6.123233995736766e-17,-0.4999999999999997,-0.8660254037844388
2020-07-04 09:00:00,36.0,56,994.9,35.0,54.0,997.1,1.0,2.0,-2.2000000000000455,3.0,0.3333333333333333,0.6666666666666666,-0.7333333333333485,33.79999999999998,57.666666666666664,996.4666666666667,2.9866369046135937,4.725815626252599,1.3650396819627661,9,7,0.7071067811865476,-0.7071067811865475,-0.4999999999999997,-0.8660254037844388
2020-07-04 12:00:00,35.8,58,992.5,36.0,56.0,994.9,-0.20000000000000284,2.0,-2.3999999999999773,3.0,-0.06666666666666761,0.6666666666666666,-0.7999999999999924,35.59999999999998,56.0,994.8333333333334,0.529150262213025,1.9999999999999751,2.30072452356484,12,7,1.2246467991473532e-16,-1.0,-0.4999999999999997,-0.8660254037844388
2020-07-05 03:00:00,24.8,86,1000.7,35.8,58.0,992.5,-10.999999999999996,28.0,8.200000000000045,15.0,-0.7333333333333331,1.8666666666666667,0.5466666666666697,32.19999999999998,66.66666666666667,996.0333333333334,6.409368143584796,16.77299416721216,4.215843134336648,3,7,0.7071067811865476,0.7071067811865476,-0.4999999999999997,-0.8660254037844388
2020-07-05 06:00:00,28.8,74,999.1,24.8,86.0,1000.7,4.0,-12.0,-1.6000000000000227,3.0,1.3333333333333333,-4.0,-0.5333333333333409,29.799999999999983,72.66666666666667,997.4333333333334,5.567764362829958,14.047538337136976,4.346646216720897,6,7,1.0,6.123233995736766e-17,-0.4999999999999997,-0.8660254037844388
2020-07-05 09:00:00,32.2,56,997.2,28.8,74.0,999.1,3.400000000000002,-18.0,-1.8999999999999773,3.0,1.133333333333334,-6.0,-0.6333333333333258,28.599999999999984,72.0,999.0,3.7040518354903127,15.09966887054149,1.7521415467939518,9,7,0.7071067811865476,-0.7071067811865475,-0.4999999999999997,-0.8660254037844388
2020-07-05 12:00:00,33.6,49,995.0,32.2,56.0,997.2,1.3999999999999986,-7.0,-2.2000000000000455,3.0,0.4666666666666662,-2.3333333333333335,-0.7333333333333485,31.533333333333317,59.666666666666664,997.1,2.468467810876392,12.89702808143539,2.0518284528685284,12,7,1.2246467991473532e-16,-1.0,-0.4999999999999997,-0.8660254037844388
2020-07-06 03:00:00,30.2,73,998.2,33.6,49.0,995.0,-3.400000000000002,24.0,3.2000000000000455,15.0,-0.22666666666666682,1.6,0.21333333333333637,31.999999999999986,59.333333333333336,996.8000000000001,1.7088007490633959,12.342339054382398,1.6370705543747237,3,7,0.7071067811865476,0.7071067811865476,-0.4999999999999997,-0.8660254037844388
2020-07-06 06:00:00,32.8,61,999.0,30.2,73.0,998.2,2.599999999999998,-12.0,0.7999999999999545,3.0,0.8666666666666659,-4.0,0.2666666666666515,32.19999999999998,61.0,997.4,1.7776388834630186,11.999999999999984,2.116601048851864,6,7,1.0,6.123233995736766e-17,-0.4999999999999997,-0.8660254037844388
2020-07-06 09:00:00,34.6,56,997.0,32.8,61.0,999.0,1.8000000000000043,-5.0,-2.0,3.0,0.6000000000000014,-1.6666666666666667,-0.6666666666666666,32.53333333333331,63.333333333333336,998.0666666666666,2.212088003071538,8.736894948054085,1.006644591369862,9,7,0.7071067811865476,-0.7071067811865475,-0.4999999999999997,-0.8660254037844388
2020-07-06 12:00:00,34.2,54,994.9,34.6,56.0,997.0,-0.3999999999999986,-2.0,-2.1000000000000227,3.0,-0.13333333333333286,-0.6666666666666666,-0.7000000000000076,33.866666666666646,57.0,996.9666666666667,0.9451631252504533,3.605551275463942,2.05020324195773,12,7,1.2246467991473532e-16,-1.0,-0.4999999999999997,-0.8660254037844388
2020-07-07 03:00:00,29.8,80,1000.5,34.2,54.0,994.9,-4.400000000000002,26.0,5.600000000000023,15.0,-0.2933333333333335,1.7333333333333334,0.37333333333333485,32.86666666666665,63.333333333333336,997.4666666666667,2.6633312473917075,14.468356276140458,2.829016319029309,3,7,0.7071067811865476,0.7071067811865476,-0.4999999999999997,-0.8660254037844388
2020-07-07 06:00:00,32.8,68,1000.6,29.8,80.0,1000.5,2.9999999999999964,-12.0,0.10000000000002274,3.0,0.9999999999999988,-4.0,0.03333333333334091,32.26666666666665,67.33333333333333,998.6666666666666,2.247962040011572,13.012814197295409,3.262412195498089,6,7,1.0,6.123233995736766e-17,-0.4999999999999997,-0.8660254037844388
2020-07-07 09:00:00,34.0,60,999.5,32.8,68.0,1000.6,1.2000000000000028,-8.0,-1.1000000000000227,3.0,0.40000000000000097,-2.6666666666666665,-0.36666666666667425,32.19999999999998,69.33333333333333,1000.1999999999999,2.1633307652783116,10.066445913694317,0.6082762530314445,9,7,0.7071067811865476,-0.7071067811865475,-0.4999999999999997,-0.8660254037844388
2020-07-07 12:00:00,34.6,58,998.2,34.0,60.0,999.5,0.6000000000000014,-2.0,-1.2999999999999545,3.0,0.20000000000000048,-0.6666666666666666,-0.4333333333333182,33.79999999999998,62.0,999.4333333333334,0.9165151389911004,5.291502622129138,1.2013880860632973,12,7,1.2246467991473532e-16,-1.0,-0.4999999999999997,-0.8660254037844388
2020-07-08 03:00:00,24.6,96,1003.8,34.6,58.0,998.2,-10.0,38.0,5.599999999999909,15.0,-0.6666666666666666,2.533333333333333,0.37333333333332724,31.066666666666652,71.33333333333333,1000.5,5.608327142146117,21.38535324312725,2.9308701779509163,3,7,0.7071067811865476,0.7071067811865476,-0.4999999999999997,-0.8660254037844388
2020-07-08 06:00:00,25.4,96,1003.7,24.6,96.0,1003.8,0.7999999999999972,0.0,-0.09999999999990905,3.0,0.2666666666666657,0.0,-0.03333333333330302,28.199999999999985,83.33333333333333,1001.9000000000001,5.556977595779845,21.939310229205773,3.2046840717929004,6,7,1.0,6.123233995736766e-17,-0.4999999999999997,-0.8660254037844388
2020-07-08 09:00:00,27.4,92,1002.0,25.4,96.0,1003.7,2.0,-4.0,-1.7000000000000455,3.0,0.6666666666666666,-1.3333333333333333,-0.5666666666666819,25.799999999999983,94.66666666666667,1003.1666666666666,1.4422205101851853,2.309401076758505,1.0115993937017291,9,7,0.7071067811865476,-0.7071067811865475,-0.4999999999999997,-0.8660254037844388
2020-07-08 12:00:00,28.8,85,1000.1,27.4,92.0,1002.0,1.4000000000000021,-7.0,-1.8999999999999773,3.0,0.4666666666666674,-2.3333333333333335,-0.6333333333333258,27.199999999999985,91.0,1001.9333333333334,1.7088007490632138,5.567764362830023,1.8009256878996818,12,7,1.2246467991473532e-16,-1.0,-0.4999999999999997,-0.8660254037844388
2020-07-09 03:00:00,29.8,85,999.9,28.8,85.0,1000.1,1.0,0.0,-0.20000000000004547,15.0,0.06666666666666667,0.0,-0.013333333333336365,28.666666666666647,87.33333333333333,1000.6666666666666,1.205542754668003,4.0414518843273814,1.1590225767154883,3,7,0.7071067811865476,0.7071067811865476,-0.4999999999999997,-0.8660254037844388
2020-07-09 06:00:00,26.6,94,999.4,29.8,85.0,999.9,-3.1999999999999993,9.0,-0.5,3.0,-1.0666666666666664,3.0,-0.16666666666666666,28.399999999999988,88.0,999.7999999999998,1.6370705543742294,5.196152422706632,0.36055512754985425,6,7,1.0,6.123233995736766e-17,-0.4999999999999997,-0.8660254037844388
2020-07-09 09:00:00,32.6,74,996.8,26.6,94.0,999.4,6.0,-20.0,-2.6000000000000227,3.0,2.0,-6.666666666666667,-0.8666666666666742,29.666666666666654,84.33333333333333,998.6999999999999,3.002221399785939,10.01665280087781,1.664331697709931,9,7,0.7071067811865476,-0.7071067811865475,-0.4999999999999997,-0.8660254037844388
2020-07-09 12:00:00,34.0,61,994.9,32.6,74.0,996.8,1.3999999999999986,-13.0,-1.8999999999999773,3.0,0.4666666666666662,-4.333333333333333,-0.6333333333333258,31.066666666666652,76.33333333333333,997.0333333333333,3.931072796748086,16.623276853055575,2.2590558499812134,12,7,1.2246467991473532e-16,-1.0,-0.4999999999999997,-0.8660254037844388
2020-07-10 03:00:00,32.0,75,995.8,34.0,61.0,994.9,-2.0,14.0,0.8999999999999773,15.0,-0.13333333333333333,0.9333333333333333,0.059999999999998485,32.86666666666665,70.0,995.8333333333334,1.0263202878892457,7.810249675906645,0.95043849529234,3,7,0.7071067811865476,0.7071067811865476,-0.4999999999999997,-0.8660254037844388
2020-07-10 06:00:00,34.2,64,995.9,32.0,75.0,995.8,2.200000000000003,-11.0,0.10000000000002274,3.0,0.7333333333333343,-3.6666666666666665,0.03333333333334091,33.399999999999984,66.66666666666667,995.5333333333333,1.216552506059563,7.371114795831985,0.5507570547287162,6,7,1.0,6.123233995736766e-17,-0.4999999999999997,-0.8660254037844388
2020-07-10 09:00:00,35.4,65,995.1,34.2,64.0,995.9,1.1999999999999957,1.0,-0.7999999999999545,3.0,0.3999999999999986,0.3333333333333333,-0.2666666666666515,33.86666666666665,68.0,995.5999999999999,1.7243356208503005,6.082762530298207,0.435889894354241,9,7,0.7071067811865476,-0.7071067811865475,-0.4999999999999997,-0.8660254037844388
2020-07-10 12:00:00,35.4,60,992.8,35.4,65.0,995.1,0.0,-5.0,-2.300000000000068,3.0,0.0,-1.6666666666666667,-0.7666666666666894,34.99999999999998,63.0,994.6,0.6928203230275486,2.645751311064561,1.6093476939430245,12,7,1.2246467991473532e-16,-1.0,-0.4999999999999997,-0.8660254037844388
2020-07-11 03:00:00,24.8,95,998.4,35.4,60.0,992.8,-10.599999999999998,35.0,5.600000000000023,15.0,-0.7066666666666666,2.3333333333333335,0.37333333333333485,31.86666666666665,73.33333333333333,995.4333333333334,6.119912853410033,18.92969448600091,2.8148416178061306,3,7,0.7071067811865476,0.7071067811865476,-0.4999999999999997,-0.8660254037844388
2020-07-11 06:00:00,27.8,78,997.5,24.8,95.0,998.4,3.0,-17.0,-0.8999999999999773,3.0,1.0,-5.666666666666667,-0.29999999999999244,29.333333333333314,77.66666666666667,996.2333333333332,5.4638203972434285,17.502380790433435,3.0072135496725108,6,7,1.0,6.123233995736766e-17,-0.4999999999999997,-0.8660254037844388
2020-07-11 09:00:00,31.4,67,996.3,27.8,78.0,997.5,3.599999999999998,-11.0,-1.2000000000000455,3.0,1.1999999999999993,-3.6666666666666665,-0.4000000000000152,27.999999999999982,80.0,997.4,3.3045423283716637,14.10673597966588,1.0535653752858252,9,7,0.7071067811865476,-0.7071067811865475,-0.4999999999999997,-0.8660254037844388
2020-07-11 12:00:00,32.8,68,994.5,31.4,67.0,996.3,1.3999999999999986,1.0,-1.7999999999999545,3.0,0.4666666666666662,0.3333333333333333,-0.5999999999999849,30.666666666666647,71.0,996.1,2.5794056162870778,6.082762530298208,1.509966887054244,12,7,1.2246467991473532e-16,-1.0,-0.4999999999999997,-0.8660254037844388
2020-07-12 03:00:00,24.0,86,998.6,32.8,68.0,994.5,-8.799999999999997,18.0,4.100000000000023,15.0,-0.5866666666666664,1.2,0.27333333333333487,29.399999999999977,73.66666666666667,996.4666666666667,4.728636167014756,10.692676621563617,2.055075018906588,3,7,0.7071067811865476,0.7071067811865476,-0.4999999999999997,-0.8660254037844388
2020-07-12 06:00:00,28.8,64,999.3,24.0,86.0,998.6,4.800000000000001,-22.0,0.6999999999999318,3.0,1.6000000000000003,-7.333333333333333,0.2333333333333106,28.533333333333317,72.66666666666667,997.4666666666667,4.406056437828882,11.718930554164622,2.592939130279453,6,7,1.0,6.123233995736766e-17,-0.4999999999999997,-0.8660254037844388
2020-07-12 09:00:00,29.2,67,999.2,28.8,64.0,999.3,0.3999999999999986,3.0,-0.09999999999990905,3.0,0.13333333333333286,1.0,-0.03333333333330302,27.333333333333314,72.33333333333333,999.0333333333333,2.8936712552281003,11.930353445448844,0.37859388972260966,9,7,0.7071067811865476,-0.7071067811865475,-0.4999999999999997,-0.8660254037844388
2020-07-12 12:00:00,26.6,84,997.8,29.2,67.0,999.2,-2.599999999999998,17.0,-1.400000000000091,3.0,-0.8666666666666659,5.666666666666667,-0.466666666666697,28.199999999999985,71.66666666666667,998.7666666666668,1.4000000000000072,10.785793124908944,0.8386497083617543,12,7,1.2246467991473532e-16,-1.0,-0.4999999999999997,-0.8660254037844388
2020-07-13 03:00:00,28.2,82,999.1,26.6,84.0,997.8,1.5999999999999979,-2.0,1.3000000000000682,15.0,0.10666666666666652,-0.13333333333333333,0.08666666666667121,27.999999999999986,77.66666666666667,998.6999999999999,1.311487704860409,9.29157324317755,0.781024967591915,3,7,0.7071067811865476,0.7071067811865476,-0.4999999999999997,-0.8660254037844388
2020-07-13 06:00:00,31.0,69,998.8,28.2,82.0,999.1,2.8000000000000007,-13.0,-0.3000000000000682,3.0,0.9333333333333336,-4.333333333333333,-0.10000000000002274,28.599999999999984,78.33333333333333,998.5666666666666,2.2271057451320107,8.144527815247052,0.680685928556751,6,7,1.0,6.123233995736766e-17,-0.4999999999999997,-0.8660254037844388
2020-07-13 09:00:00,33.2,64,997.4,31.0,69.0,998.8,2.200000000000003,-5.0,-1.3999999999999773,3.0,0.7333333333333343,-1.6666666666666667,-0.46666666666665907,30.799999999999983,71.66666666666667,998.4333333333333,2.505992817228327,9.291573243177547,0.9073771725887195,9,7,0.7071067811865476,-0.7071067811865475,-0.4999999999999997,-0.8660254037844388
2020-07-14 03:00:00,31.2,75,999.6,33.2,64.0,997.4,-2.0000000000000036,11.0,2.2000000000000455,18.0,-0.11111111111111131,0.6111111111111112,0.12222222222222474,31.799999999999983,69.33333333333333,998.6,1.2165525060596203,5.507570547286069,1.1135528725668566,3,7,0.7071067811865476,0.7071067811865476,-0.4999999999999997,-0.8660254037844388
2020-07-14 06:00:00,33.6,66,999.7,31.2,75.0,999.6,2.400000000000002,-9.0,0.10000000000002274,3.0,0.8000000000000007,-3.0,0.03333333333334091,32.66666666666665,68.33333333333333,998.9,1.2858201014657025,5.8594652770822835,1.3000000000007979,6,7,1.0,6.123233995736766e-17,-0.4999999999999997,-0.8660254037844388
2020-07-14 09:00:00,35.0,62,998.4,33.6,66.0,999.7,1.3999999999999986,-4.0,-1.3000000000000682,3.0,0.4666666666666662,-1.3333333333333333,-0.43333333333335605,33.26666666666665,67.66666666666667,999.2333333333332,1.9218047073865903,6.658328118479368,0.7234178138085392,9,7,0.7071067811865476,-0.7071067811865475,-0.4999999999999997,-0.8660254037844388
2020-07-14 12:00:00,35.0,60,996.3,35.0,62.0,998.4,0.0,-2.0,-2.1000000000000227,3.0,0.0,-0.6666666666666666,-0.7000000000000076,34.53333333333332,62.666666666666664,998.1333333333333,0.8082903768654122,3.0550504633038416,1.7156145643282616,12,7,1.2246467991473532e-16,-1.0,-0.4999999999999997,-0.8660254037844388
2020-07-15 03:00:00,26.4,84,1002.1,35.0,60.0,996.3,-8.600000000000001,24.0,5.800000000000068,15.0,-0.5733333333333335,1.6,0.3866666666666712,32.13333333333332,68.66666666666667,998.9333333333334,4.965212315030783,13.316656236958773,2.9365512652320014,3,7,0.7071067811865476,0.7071067811865476,-0.4999999999999997,-0.8660254037844388
2020-07-15 06:00:00,30.6,72,1001.4,26.4,84.0,1002.1,4.200000000000003,-12.0,-0.7000000000000455,3.0,1.400000000000001,-4.0,-0.2333333333333485,30.666666666666654,72.0,999.9333333333333,4.300387579432038,11.999999999999984,3.165964834507175,6,7,1.0,6.123233995736766e-17,-0.4999999999999997,-0.8660254037844388
2020-07-15 09:00:00,32.2,70,999.2,30.6,72.0,1001.4,1.6000000000000014,-2.0,-2.199999999999932,3.0,0.5333333333333338,-0.6666666666666666,-0.7333333333333106,29.73333333333332,75.33333333333333,1000.9000000000001,2.995552258488133,7.571877794400337,1.5132745950431166,9,7,0.7071067811865476,-0.7071067811865475,-0.4999999999999997,-0.8660254037844388
2020-07-15 12:00:00,33.2,63,996.9,32.2,70.0,999.2,1.0,-7.0,-2.300000000000068,3.0,0.3333333333333333,-2.3333333333333335,-0.7666666666666894,31.99999999999999,68.33333333333333,999.1666666666666,1.3114877048604048,4.725815626252559,2.250185177565486,12,7,1.2246467991473532e-16,-1.0,-0.4999999999999997,-0.8660254037844388
2020-07-16 03:00:00,30.6,76,999.9,33.2,63.0,996.9,-2.6000000000000014,13.0,3.0,15.0,-0.17333333333333342,0.8666666666666667,0.2,31.99999999999999,69.66666666666667,998.6666666666666,1.3114877048604048,6.506407098647673,1.5695009822664006,3,7,0.7071067811865476,0.7071067811865476,-0.4999999999999997,-0.8660254037844388
2020-07-16 06:00:00,33.0,68,1000.7,30.6,76.0,999.9,2.3999999999999986,-8.0,0.8000000000000682,3.0,0.7999999999999995,-2.6666666666666665,0.2666666666666894,32.26666666666665,69.0,999.1666666666666,1.4468356276140513,6.557438524301963,2.003330560176101,6,7,1.0,6.123233995736766e-17,-0.4999999999999997,-0.8660254037844388
2020-07-16 09:00:00,34.6,56,998.6,33.0,68.0,1000.7,1.6000000000000014,-12.0,-2.1000000000000227,3.0,0.5333333333333338,-4.0,-0.7000000000000076,32.73333333333332,66.66666666666667,999.7333333333332,2.0132891827388697,10.06644591369431,1.059874206373392,9,7,0.7071067811865476,-0.7071067811865475,-0.4999999999999997,-0.8660254037844388
2020-07-16 12:00:00,34.6,56,996.3,34.6,56.0,998.6,0.0,0.0,-2.300000000000068,3.0,0.0,0.0,-0.7666666666666894,34.066666666666656,60.0,998.5333333333333,0.9237604307034122,6.928203230275483,2.200757445366223,12,7,1.2246467991473532e-16,-1.0,-0.4999999999999997,-0.8660254037844388
2020-07-17 03:00:00,31.6,79,1000.7,34.6,56.0,996.3,-3.0,23.0,4.400000000000091,15.0,-0.2,1.5333333333333334,0.2933333333333394,33.59999999999999,63.666666666666664,998.5333333333334,1.7320508075688772,13.279056191361393,2.200757445366223,3,7,0.7071067811865476,0.7071067811865476,-0.4999999999999997,-0.8660254037844388
2020-07-17 06:00:00,33.2,68,1000.6,31.6,79.0,1000.7,1.6000000000000014,-11.0,-0.10000000000002274,3.0,0.5333333333333338,-3.6666666666666665,-0.03333333333334091,33.13333333333332,67.66666666666667,999.1999999999999,1.501110699893027,11.503622617824934,2.511971337416526,6,7,1.0,6.123233995736766e-17,-0.4999999999999997,-0.8660254037844388
2020-07-17 09:00:00,34.0,65,999.0,33.2,68.0,1000.6,0.7999999999999972,-3.0,-1.6000000000000227,3.0,0.2666666666666657,-1.0,-0.5333333333333409,32.933333333333316,70.66666666666667,1000.1,1.222020185321557,7.371114795831997,0.9539392014184163,9,7,0.7071067811865476,-0.7071067811865475,-0.4999999999999997,-0.8660254037844388
2020-07-17 12:00:00,31.8,84,997.9,34.0,65.0,999.0,-2.1999999999999993,19.0,-1.1000000000000227,3.0,-0.7333333333333331,6.333333333333333,-0.36666666666667425,32.999999999999986,72.33333333333333,999.1666666666666,1.1135528725660064,10.214368964029715,1.3576941236286066,12,7,1.2246467991473532e-16,-1.0,-0.4999999999999997,-0.8660254037844388
2020-07-18 03:00:00,31.8,80,1001.1,31.8,84.0,997.9,0.0,-4.0,3.2000000000000455,15.0,0.0,-0.26666666666666666,0.21333333333333637,32.533333333333324,76.33333333333333,999.3333333333334,1.270170592217177,10.01665280087782,1.625833119768332,3,7,0.7071067811865476,0.7071067811865476,-0.4999999999999997,-0.8660254037844388
2020-07-18 06:00:00,33.2,72,1001.5,31.8,80.0,1001.1,1.4000000000000021,-8.0,0.39999999999997726,3.0,0.4666666666666674,-2.6666666666666665,0.13333333333332575,32.26666666666665,78.66666666666667,1000.1666666666666,0.8082903768654783,6.110100926607805,1.9731531449271187,6,7,1.0,6.123233995736766e-17,-0.4999999999999997,-0.8660254037844388
2020-07-18 09:00:00,32.2,81,1000.4,33.2,72.0,1001.5,-1.0,9.0,-1.1000000000000227,3.0,-0.3333333333333333,3.0,-0.36666666666667425,32.399999999999984,77.66666666666667,1001.0,0.7211102550928002,4.932882862316271,0.5567764362852473,9,7,0.7071067811865476,-0.7071067811865475,-0.4999999999999997,-0.8660254037844388
2020-07-18 12:00:00,32.6,77,998.4,32.2,81.0,1000.4,0.3999999999999986,-4.0,-2.0,3.0,0.13333333333333286,-1.3333333333333333,-0.6666666666666666,32.66666666666665,76.66666666666667,1000.1,0.5033222956847221,4.509249752822921,1.5716233645510032,12,7,1.2246467991473532e-16,-1.0,-0.4999999999999997,-0.8660254037844388
2020-07-19 03:00:00,29.0,90,1001.5,32.6,77.0,998.4,-3.6000000000000014,13.0,3.1000000000000227,15.0,-0.2400000000000001,0.8666666666666667,0.2066666666666682,31.26666666666665,82.66666666666667,1000.1,1.9731531449264947,6.658328118479408,1.5716233645510032,3,7,0.7071067811865476,0.7071067811865476,-0.4999999999999997,-0.8660254037844388
2020-07-19 06:00:00,29.4,90,999.9,29.0,90.0,1001.5,0.3999999999999986,0.0,-1.6000000000000227,3.0,0.13333333333333286,0.0,-0.5333333333333409,30.333333333333318,85.66666666666667,999.9333333333334,1.9731531449264896,7.505553499465146,1.5502687938986492,6,7,1.0,6.123233995736766e-17,-0.4999999999999997,-0.8660254037844388
2020-07-19 09:00:00,32.8,73,997.4,29.4,90.0,999.9,3.3999999999999986,-17.0,-2.5,3.0,1.1333333333333329,-5.666666666666667,-0.8333333333333334,30.399999999999988,84.33333333333333,999.5999999999999,2.088061301782099,9.814954576223636,2.0663978319778216,9,7,0.7071067811865476,-0.7071067811865475,-0.4999999999999997,-0.8660254037844388
2020-07-19 12:00:00,32.8,70,995.5,32.8,73.0,997.4,0.0,-3.0,-1.8999999999999773,3.0,0.0,-1.0,-0.6333333333333258,31.666666666666647,77.66666666666667,997.5999999999999,1.9629909152447231,10.785793124908956,2.2068076490720463,12,7,1.2246467991473532e-16,-1.0,-0.4999999999999997,-0.8660254037844388
2020-07-20 03:00:00,25.0,90,997.9,32.8,70.0,995.5,-7.799999999999997,20.0,2.3999999999999773,15.0,-0.5199999999999998,1.3333333333333333,0.15999999999999848,30.199999999999978,77.66666666666667,996.9333333333334,4.5033320996790795,10.785793124908956,1.2662279942160053,3,7,0.7071067811865476,0.7071067811865476,-0.4999999999999997,-0.8660254037844388
2020-07-20 06:00:00,27.2,83,998.4,25.0,90.0,997.9,2.1999999999999993,-7.0,0.5,3.0,0.7333333333333331,-2.3333333333333335,0.16666666666666666,28.333333333333318,81.0,997.2666666666665,4.021608301828179,10.148891565092217,1.550268793898751,6,7,1.0,6.123233995736766e-17,-0.4999999999999997,-0.8660254037844388
2020-07-20 09:00:00,29.8,73,996.8,27.2,83.0,998.4,2.6000000000000014,-10.0,-1.6000000000000227,3.0,0.8666666666666671,-3.3333333333333335,-0.5333333333333409,27.333333333333318,82.0,997.6999999999999,2.4027761721253476,8.544003745317529,0.818535277189071,9,7,0.7071067811865476,-0.7071067811865475,-0.4999999999999997,-0.8660254037844388
2020-07-20 12:00:00,32.4,64,994.4,29.8,73.0,996.8,2.599999999999998,-9.0,-2.3999999999999773,3.0,0.8666666666666659,-3.0,-0.7999999999999924,29.799999999999983,73.33333333333333,996.5333333333333,2.5999999999999974,9.504384952922164,2.0132891827395842,12,7,1.2246467991473532e-16,-1.0,-0.4999999999999997,-0.8660254037844388
2020-07-21 03:00:00,23.4,93,1002.2,32.4,64.0,994.4,-9.0,29.0,7.800000000000068,15.0,-0.6,1.9333333333333333,0.5200000000000046,28.533333333333317,76.66666666666667,997.7999999999998,4.631774318048466,14.843629385474873,3.9949968710880635,3,7,0.7071067811865476,0.7071067811865476,-0.4999999999999997,-0.8660254037844388
2020-07-21 06:00:00,25.4,85,1003.1,23.4,93.0,1002.2,2.0,-8.0,0.8999999999999773,3.0,0.6666666666666666,-2.6666666666666665,0.29999999999999244,27.066666666666652,80.66666666666667,999.9000000000001,4.725815626252609,14.97776129244064,4.784349485562655,6,7,1.0,6.123233995736766e-17,-0.4999999999999997,-0.8660254037844388
2020-07-21 09:00:00,27.2,81,1001.9,25.4,85.0,1003.1,1.8000000000000007,-4.0,-1.2000000000000455,3.0,0.6000000000000002,-1.3333333333333333,-0.4000000000000152,25.333333333333318,86.33333333333333,1002.4,1.900876990584437,6.110100926607762,0.6244997998427502,9,7,0.7071067811865476,-0.7071067811865475,-0.4999999999999997,-0.8660254037844388
2020-07-21 12:00:00,27.6,80,1000.3,27.2,81.0,1001.9,0.40000000000000213,-1.0,-1.6000000000000227,3.0,0.13333333333333405,-0.3333333333333333,-0.5333333333333409,26.73333333333332,82.0,1001.7666666666668,1.1718930554164706,2.645751311064529,1.4047538337150214,12,7,1.2246467991473532e-16,-1.0,-0.4999999999999997,-0.8660254037844388
2020-07-22 03:00:00,25.8,90,1002.8,27.6,80.0,1000.3,-1.8000000000000007,10.0,2.5,15.0,-0.12000000000000005,0.6666666666666666,0.16666666666666666,26.866666666666656,83.66666666666667,1001.6666666666666,0.9451631252505309,5.50757054728607,1.266227994216269,3,7,0.7071067811865476,0.7071067811865476,-0.4999999999999997,-0.8660254037844388
2020-07-22 06:00:00,28.8,79,1002.6,25.8,90.0,1002.8,3.0,-11.0,-0.1999999999999318,3.0,1.0,-3.6666666666666665,-0.06666666666664393,27.399999999999988,83.0,1001.9,1.509966887054155,6.082762530298191,1.3892443989462995,6,7,1.0,6.123233995736766e-17,-0.4999999999999997,-0.8660254037844388
2020-07-22 09:00:00,30.8,69,1001.0,28.8,79.0,1002.6,2.0,-10.0,-1.6000000000000227,3.0,0.6666666666666666,-3.3333333333333335,-0.5333333333333409,28.466666666666654,79.33333333333333,1002.1333333333333,2.516611478423585,10.503967504392469,0.9865765724650659,9,7,0.7071067811865476,-0.7071067811865475,-0.4999999999999997,-0.8660254037844388
2020-07-22 12:00:00,31.0,69,999.3,30.8,69.0,1001.0,0.1999999999999993,0.0,-1.7000000000000455,3.0,0.06666666666666643,0.0,-0.5666666666666819,30.19999999999999,72.33333333333333,1000.9666666666667,1.2165525060596436,5.77350269189622,1.6502525059326192,12,7,1.2246467991473532e-16,-1.0,-0.4999999999999997,-0.8660254037844388
2020-07-23 03:00:00,29.2,82,1000.4,31.0,69.0,999.3,-1.8000000000000007,13.0,1.1000000000000227,15.0,-0.12000000000000005,0.8666666666666667,0.07333333333333485,30.333333333333318,73.33333333333333,1000.2333333333332,0.9865765724632494,7.505553499465137,0.8621678104270931,3,7,0.7071067811865476,0.7071067811865476,-0.4999999999999997,-0.8660254037844388
2020-07-23 06:00:00,31.8,66,1000.4,29.2,82.0,1000.4,2.6000000000000014,-16.0,0.0,3.0,0.8666666666666671,-5.333333333333333,0.0,30.666666666666654,72.33333333333333,1000.0333333333333,1.3316656236958784,8.504900548115383,0.6350852961111374,6,7,1.0,6.123233995736766e-17,-0.4999999999999997,-0.8660254037844388
2020-07-23 09:00:00,33.0,64,1000.2,31.8,66.0,1000.4,1.1999999999999993,-2.0,-0.1999999999999318,3.0,0.39999999999999974,-0.6666666666666666,-0.06666666666664393,31.333333333333318,70.66666666666667,1000.3333333333334,1.9425069712444625,9.865765724632498,0.11547005385184966,9,7,0.7071067811865476,-0.7071067811865475,-0.4999999999999997,-0.8660254037844388
2020-07-23 12:00:00,33.4,57,997.7,33.0,64.0,1000.2,0.3999999999999986,-7.0,-2.5,3.0,0.13333333333333286,-2.3333333333333335,-0.8333333333333334,32.73333333333332,62.333333333333336,999.4333333333334,0.8326663997864542,4.72581562625262,1.5044378795206517,12,7,1.2246467991473532e-16,-1.0,-0.4999999999999997,-0.8660254037844388
2020-07-24 03:00:00,29.8,73,1004.1,33.4,57.0,997.7,-3.599999999999998,16.0,6.399999999999977,15.0,-0.23999999999999985,1.0666666666666667,0.42666666666666514,32.066666666666656,64.66666666666667,1000.6666666666666,1.9731531449265007,8.020806277010648,3.2254198693095,3,7,0.7071067811865476,0.7071067811865476,-0.4999999999999997,-0.8660254037844388
2020-07-24 06:00:00,32.6,67,1004.4,29.8,73.0,1004.1,2.8000000000000007,-6.0,0.2999999999999545,3.0,0.9333333333333336,-2.0,0.09999999999998484,31.93333333333332,65.66666666666667,1002.0666666666667,1.8903262505010459,8.082903768654766,3.7846179904101582,6,7,1.0,6.123233995736766e-17,-0.4999999999999997,-0.8660254037844388
2020-07-24 09:00:00,34.0,57,1003.0,32.6,67.0,1004.4,1.3999999999999986,-10.0,-1.3999999999999773,3.0,0.4666666666666662,-3.3333333333333335,-0.46666666666665907,32.13333333333332,65.66666666666667,1003.8333333333334,2.1385353243127265,8.082903768654766,0.7371114795852283,9,7,0.7071067811865476,-0.7071067811865475,-0.4999999999999997,-0.8660254037844388
2020-07-24 12:00:00,34.0,58,1001.7,34.0,57.0,1003.0,0.0,1.0,-1.2999999999999545,3.0,0.0,0.3333333333333333,-0.4333333333333182,33.533333333333324,60.666666666666664,1003.0333333333333,0.8082903768654625,5.507570547286116,1.3503086067030634,12,7,1.2246467991473532e-16,-1.0,-0.4999999999999997,-0.8660254037844388
2020-07-25 03:00:00,29.0,80,1006.7,34.0,58.0,1001.7,-5.0,22.0,5.0,15.0,-0.3333333333333333,1.4666666666666666,0.3333333333333333,32.333333333333314,65.0,1003.8000000000001,2.88675134594813,13.000000000000005,2.5942243542151613,3,7,0.7071067811865476,0.7071067811865476,-0.4999999999999997,-0.8660254037844388
2020-07-25 06:00:00,31.6,72,1007.1,29.0,80.0,1006.7,2.6000000000000014,-8.0,0.39999999999997726,3.0,0.8666666666666671,-2.6666666666666665,0.13333333333332575,31.533333333333317,70.0,1005.1666666666666,2.500666577801476,11.13552872566005,3.00887575903962,6,7,1.0,6.123233995736766e-17,-0.4999999999999997,-0.8660254037844388
2020-07-25 09:00:00,31.8,67,1005.8,31.6,72.0,1007.1,0.1999999999999993,-5.0,-1.3000000000000682,3.0,0.06666666666666643,-1.6666666666666667,-0.43333333333335605,30.799999999999983,73.0,1006.5333333333334,1.5620499351813362,6.557438524302012,0.6658328118500997,9,7,0.7071067811865476,-0.7071067811865475,-0.4999999999999997,-0.8660254037844388
2020-07-25 12:00:00,31.6,74,1003.3,31.8,67.0,1005.8,-0.1999999999999993,7.0,-2.5,3.0,-0.06666666666666643,2.3333333333333335,-0.8333333333333334,31.666666666666654,71.0,1005.4,0.11547005383794683,3.605551275464009,1.9313207915835766,12,7,1.2246467991473532e-16,-1.0,-0.4999999999999997,-0.8660254037844388
2020-07-26 03:00:00,29.8,81,1006.9,31.6,74.0,1003.3,-1.8000000000000007,7.0,3.6000000000000227,15.0,-0.12000000000000005,0.4666666666666667,0.24000000000000152,31.066666666666652,74.0,1005.3333333333334,1.1015141094572252,7.00000000000001,1.8448125469370351,3,7,0.7071067811865476,0.7071067811865476,-0.4999999999999997,-0.8660254037844388
2020-07-26 06:00:00,32.8,66,1006.5,29.8,81.0,1006.9,2.9999999999999964,-15.0,-0.39999999999997726,3.0,0.9999999999999988,-5.0,-0.13333333333332575,31.399999999999988,73.66666666666667,1005.5666666666666,1.5099668870541512,7.505553499465146,1.9731531449272695,6,7,1.0,6.123233995736766e-17,-0.4999999999999997,-0.8660254037844388
2020-07-26 09:00:00,34.6,62,1003.8,32.8,66.0,1006.5,1.8000000000000043,-4.0,-2.7000000000000455,3.0,0.6000000000000014,-1.3333333333333333,-0.9000000000000151,32.399999999999984,69.66666666666667,1005.7333333333332,2.424871130596427,10.016652800877823,1.6862186493264528,9,7,0.7071067811865476,-0.7071067811865475,-0.4999999999999997,-0.8660254037844388
2020-07-26 12:00:00,33.6,63,1001.9,34.6,62.0,1003.8,-1.0,1.0,-1.8999999999999773,3.0,-0.3333333333333333,0.3333333333333333,-0.6333333333333258,33.66666666666665,63.666666666666664,1004.0666666666666,0.9018499505645636,2.0816659994661904,2.3115651263453536,12,7,1.2246467991473532e-16,-1.0,-0.4999999999999997,-0.8660254037844388
2020-07-27 03:00:00,32.4,72,1003.3,33.6,63.0,1001.9,-1.2000000000000028,9.0,1.3999999999999773,15.0,-0.0800000000000002,0.6,0.09333333333333181,33.53333333333332,65.66666666666667,1003.0,1.1015141094572085,5.507570547286122,0.9848857801808679,3,7,0.7071067811865476,0.7071067811865476,-0.4999999999999997,-0.8660254037844388
2020-07-27 06:00:00,33.0,72,1002.7,32.4,72.0,1003.3,0.6000000000000014,0.0,-0.599999999999909,3.0,0.20000000000000048,0.0,-0.19999999999996967,32.99999999999998,69.0,1002.6333333333333,0.5999999999999832,5.196152422706652,0.7023769168585756,6,7,1.0,6.123233995736766e-17,-0.4999999999999997,-0.8660254037844388
2020-07-27 09:00:00,35.2,59,1000.1,33.0,72.0,1002.7,2.200000000000003,-13.0,-2.6000000000000227,3.0,0.7333333333333343,-4.333333333333333,-0.8666666666666742,33.53333333333332,67.66666666666667,1002.0333333333333,1.4742229591663907,7.505553499465137,1.7009801096237553,9,7,0.7071067811865476,-0.7071067811865475,-0.4999999999999997,-0.8660254037844388
2020-07-27 12:00:00,35.0,59,998.0,35.2,59.0,1000.1,-0.20000000000000284,0.0,-2.1000000000000227,3.0,-0.06666666666666761,0.0,-0.7000000000000076,34.399999999999984,63.333333333333336,1000.2666666666668,1.2165525060596276,7.5055534994651385,2.3544284515218594,12,7,1.2246467991473532e-16,-1.0,-0.4999999999999997,-0.8660254037844388
2020-07-28 03:00:00,31.4,74,1000.3,35.0,59.0,998.0,-3.6000000000000014,15.0,2.2999999999999545,15.0,-0.2400000000000001,1.0,0.1533333333333303,33.86666666666665,64.0,999.4666666666667,2.13853532431272,8.660254037844387,1.2741009902419125,3,7,0.7071067811865476,0.7071067811865476,-0.4999999999999997,-0.8660254037844388
2020-07-28 06:00:00,35.0,59,999.8,31.4,74.0,1000.3,3.6000000000000014,-15.0,-0.5,3.0,1.2000000000000004,-5.0,-0.16666666666666666,33.79999999999998,64.0,999.3666666666667,2.078460969082647,8.660254037844387,1.2096831541091082,6,7,1.0,6.123233995736766e-17,-0.4999999999999997,-0.8660254037844388
2020-07-28 09:00:00,36.6,53,998.5,35.0,59.0,999.8,1.6000000000000014,-6.0,-1.2999999999999545,3.0,0.5333333333333338,-2.0,-0.4333333333333182,34.333333333333314,62.0,999.5333333333333,2.663331247391753,10.816653826391969,0.9291573243188607,9,7,0.7071067811865476,-0.7071067811865475,-0.4999999999999997,-0.8660254037844388
2020-07-28 12:00:00,35.6,60,996.7,36.6,53.0,998.5,-1.0,7.0,-1.7999999999999545,3.0,-0.3333333333333333,2.3333333333333335,-0.5999999999999849,35.73333333333332,57.333333333333336,998.3333333333334,0.8082903768654524,3.785938897200182,1.556705923845283,12,7,1.2246467991473532e-16,-1.0,-0.4999999999999997,-0.8660254037844388
2020-07-29 03:00:00,30.2,83,998.6,35.6,60.0,996.7,-5.400000000000002,23.0,1.8999999999999773,15.0,-0.36000000000000015,1.5333333333333334,0.12666666666666515,34.13333333333332,65.33333333333333,997.9333333333334,3.4428670223134237,15.695009822658074,1.0692676621571444,3,7,0.7071067811865476,0.7071067811865476,-0.4999999999999997,-0.8660254037844388
2020-07-29 06:00:00,30.4,74,1000.1,30.2,83.0,998.6,0.1999999999999993,-9.0,1.5,3.0,0.06666666666666643,-3.0,0.5,32.066666666666656,72.33333333333333,998.4666666666667,3.0615900008546686,11.590225767142478,1.7039170558848233,6,7,1.0,6.123233995736766e-17,-0.4999999999999997,-0.8660254037844388
2020-07-29 09:00:00,32.8,67,999.5,30.4,74.0,1000.1,2.3999999999999986,-7.0,-0.6000000000000227,3.0,0.7999999999999995,-2.3333333333333335,-0.2000000000000076,31.133333333333315,74.66666666666667,999.4,1.4468356276140233,8.020806277010655,0.7549834435285109,9,7,0.7071067811865476,-0.7071067811865475,-0.4999999999999997,-0.8660254037844388
2020-07-29 12:00:00,32.8,69,998.2,32.8,67.0,999.5,0.0,2.0,-1.2999999999999545,3.0,0.0,0.6666666666666666,-0.4333333333333182,31.999999999999982,70.0,999.2666666666668,1.3856406460550794,3.6055512754640207,0.9712534856233254,12,7,1.2246467991473532e-16,-1.0,-0.4999999999999997,-0.8660254037844388
2020-07-30 03:00:00,26.0,95,1003.7,32.8,69.0,998.2,-6.799999999999997,26.0,5.5,15.0,-0.45333333333333314,1.7333333333333334,0.36666666666666664,30.533333333333317,77.0,1000.4666666666667,3.9259818304894534,15.620499351813317,2.874601421647168,3,7,0.7071067811865476,0.7071067811865476,-0.4999999999999997,-0.8660254037844388
2020-07-30 06:00:00,27.4,87,1004.0,26.0,95.0,1003.7,1.3999999999999986,-8.0,0.2999999999999545,3.0,0.4666666666666662,-2.6666666666666665,0.09999999999998484,28.73333333333332,83.66666666666667,1001.9666666666667,3.5907288025320603,13.316656236958794,3.265475973474063,6,7,1.0,6.123233995736766e-17,-0.4999999999999997,-0.8660254037844388
2020-07-30 09:00:00,30.0,78,1001.9,27.4,87.0,1004.0,2.6000000000000014,-9.0,-2.1000000000000227,3.0,0.8666666666666671,-3.0,-0.7000000000000076,27.799999999999983,86.66666666666667,1003.1999999999999,2.029778313018443,8.504900548115394,1.13578166916163,9,7,0.7071067811865476,-0.7071067811865475,-0.4999999999999997,-0.8660254037844388
2020-07-30 12:00:00,30.4,74,1000.2,30.0,78.0,1001.9,0.3999999999999986,-4.0,-1.6999999999999318,3.0,0.13333333333333286,-1.3333333333333333,-0.5666666666666439,29.26666666666665,79.66666666666667,1002.0333333333334,1.628905563049418,6.658328118479413,1.9035055380366888,12,7,1.2246467991473532e-16,-1.0,-0.4999999999999997,-0.8660254037844388
2020-07-31 03:00:00,28.4,89,1003.0,30.4,74.0,1000.2,-2.0,15.0,2.7999999999999545,15.0,-0.13333333333333333,1.0,0.18666666666666362,29.599999999999984,80.33333333333333,1001.7000000000002,1.0583005244258423,7.76745346515405,1.4106735979676108,3,7,0.7071067811865476,0.7071067811865476,-0.4999999999999997,-0.8660254037844388
2020-07-31 06:00:00,31.2,74,1002.1,28.4,89.0,1003.0,2.8000000000000007,-15.0,-0.8999999999999773,3.0,0.9333333333333336,-5.0,-0.29999999999999244,29.999999999999986,79.0,1001.7666666666668,1.4422205101855998,8.660254037844405,1.4294521094938044,6,7,1.0,6.123233995736766e-17,-0.4999999999999997,-0.8660254037844388
2020-07-31 09:00:00,33.4,68,999.9,31.2,74.0,1002.1,2.1999999999999993,-6.0,-2.2000000000000455,3.0,0.7333333333333331,-2.0,-0.7333333333333485,30.999999999999982,77.0,1001.6666666666666,2.5059928172283352,10.816653826391983,1.5947831618550283,9,7,0.7071067811865476,-0.7071067811865475,-0.4999999999999997,-0.8660254037844388
2020-07-31 12:00:00,30.4,81,998.2,33.4,68.0,999.9,-3.0,13.0,-1.6999999999999318,3.0,-1.0,4.333333333333333,-0.5666666666666439,31.666666666666647,74.33333333333333,1000.0666666666666,1.5534906930308072,6.506407098647738,1.9553345834753753,12,7,1.2246467991473532e-16,-1.0,-0.4999999999999997,-0.8660254037844388
2020-08-01 03:00:00,28.8,82,1001.5,30.4,81.0,998.2,-1.5999999999999979,1.0,3.2999999999999545,15.0,-0.10666666666666652,0.06666666666666667,0.21999999999999698,30.86666666666665,77.0,999.8666666666668,2.335237318418266,7.810249675906677,1.6502525059319348,3,8,0.7071067811865476,0.7071067811865476,-0.8660254037844385,-0.5000000000000004
2020-08-01 06:00:00,25.4,96,1002.8,28.8,82.0,1001.5,-3.400000000000002,14.0,1.2999999999999545,3.0,-1.133333333333334,4.666666666666667,0.4333333333333182,28.199999999999985,86.33333333333333,1000.8333333333334,2.553429066960744,8.386497083606105,2.371356854911477,6,8,1.0,6.123233995736766e-17,-0.8660254037844385,-0.5000000000000004
2020-08-01 09:00:00,29.6,78,1000.3,25.4,96.0,1002.8,4.200000000000003,-18.0,-2.5,3.0,1.400000000000001,-6.0,-0.8333333333333334,27.93333333333332,85.33333333333333,1001.5333333333333,2.230097157823702,9.451631252505237,1.2503332889021097,9,8,0.7071067811865476,-0.7071067811865475,-0.8660254037844385,-0.5000000000000004
2020-08-01 12:00:00,31.4,76,998.3,29.6,78.0,1000.3,1.7999999999999972,-2.0,-2.0,3.0,0.5999999999999991,-0.6666666666666666,-0.6666666666666666,28.799999999999983,83.33333333333333,1000.4666666666666,3.078960863668133,11.015141094572222,2.2546248764120076,12,8,1.2246467991473532e-16,-1.0,-0.8660254037844385,-0.5000000000000004
2020-08-02 03:00:00,29.2,71,1000.7,31.4,76.0,998.3,-2.1999999999999993,-5.0,2.400000000000091,15.0,-0.1466666666666666,-0.3333333333333333,0.16000000000000605,30.06666666666665,75.0,999.7666666666668,1.1718930554164666,3.6055512754640366,1.2858201014665316,3,8,0.7071067811865476,0.7071067811865476,-0.8660254037844385,-0.5000000000000004
2020-08-02 06:00:00,32.6,72,1000.6,29.2,71.0,1000.7,3.400000000000002,1.0,-0.10000000000002274,3.0,1.133333333333334,0.3333333333333333,-0.03333333333334091,31.066666666666652,73.0,999.8666666666667,1.724335620850346,2.645751311064655,1.3576941236285658,6,8,1.0,6.123233995736766e-17,-0.8660254037844385,-0.5000000000000004
2020-08-02 09:00:00,29.8,73,998.7,32.6,72.0,1000.6,-2.8000000000000007,1.0,-1.8999999999999773,3.0,-0.9333333333333336,0.3333333333333333,-0.6333333333333258,30.533333333333317,72.0,1000.0,1.8147543451754968,1.0000000000001705,1.1269427669594254,9,8,0.7071067811865476,-0.7071067811865475,-0.8660254037844385,-0.5000000000000004
2020-08-02 12:00:00,33.6,68,995.7,29.8,73.0,998.7,3.8000000000000007,-5.0,-3.0,3.0,1.2666666666666668,-1.6666666666666667,-1.0,31.999999999999982,71.0,998.3333333333334,1.9697715603592278,2.645751311064655,2.4704925284917016,12,8,1.2246467991473532e-16,-1.0,-0.8660254037844385,-0.5000000000000004
2020-08-03 03:00:00,31.4,78,995.3,33.6,68.0,995.7,-2.200000000000003,10.0,-0.40000000000009095,15.0,-0.14666666666666686,0.6666666666666666,-0.02666666666667273,31.599999999999984,73.0,996.5666666666667,1.9078784028338973,5.000000000000034,1.858314648634917,3,8,0.7071067811865476,0.7071067811865476,-0.8660254037844385,-0.5000000000000004
2020-08-03 06:00:00,34.0,74,995.3,31.4,78.0,995.3,2.6000000000000014,-4.0,0.0,3.0,0.8666666666666671,-1.3333333333333333,0.0,32.99999999999998,73.33333333333333,995.4333333333333,1.40000000000001,5.033222956847201,0.2309401076676252,6,8,1.0,6.123233995736766e-17,-0.8660254037844385,-0.5000000000000004
2020-08-03 09:00:00,36.4,61,993.3,34.0,74.0,995.3,2.3999999999999986,-13.0,-2.0,3.0,0.7999999999999995,-4.333333333333333,-0.6666666666666666,33.933333333333316,71.0,994.6333333333333,2.500666577801476,8.88819441731561,1.154700538379268,9,8,0.7071067811865476,-0.7071067811865475,-0.8660254037844385,-0.5000000000000004
2020-08-03 12:00:00,35.4,68,991.0,36.4,61.0,993.3,-1.0,7.0,-2.2999999999999545,3.0,-0.3333333333333333,2.3333333333333335,-0.7666666666666515,35.26666666666665,67.66666666666667,993.1999999999999,1.2055427546683402,6.50640709864774,2.1517434791349768,12,8,1.2246467991473532e-16,-1.0,-0.8660254037844385,-0.5000000000000004
2020-08-04 03:00:00,25.8,81,993.7,35.4,68.0,991.0,-9.599999999999998,13.0,2.7000000000000455,15.0,-0.6399999999999999,0.8666666666666667,0.18000000000000302,32.53333333333332,70.0,992.6666666666666,5.852634734316957,10.148891565092239,1.457166199626266,3,8,0.7071067811865476,0.7071067811865476,-0.8660254037844385,-0.5000000000000004
2020-08-04 06:00:00,28.8,79,994.5,25.8,81.0,993.7,3.0,-2.0,0.7999999999999545,3.0,1.0,-0.6666666666666666,0.2666666666666515,29.999999999999982,76.0,993.0666666666666,4.911211663123468,7.0000000000000275,1.8339392937972003,6,8,1.0,6.123233995736766e-17,-0.8660254037844385,-0.5000000000000004
2020-08-04 09:00:00,32.6,70,993.0,28.8,79.0,994.5,3.8000000000000007,-9.0,-1.5,3.0,1.2666666666666668,-3.0,-0.5,29.06666666666665,76.66666666666667,993.7333333333332,3.407834111768548,5.85946527708235,0.7505553499466077,9,8,0.7071067811865476,-0.7071067811865475,-0.8660254037844385,-0.5000000000000004
2020-08-04 12:00:00,34.0,72,990.7,32.6,70.0,993.0,1.3999999999999986,2.0,-2.2999999999999545,3.0,0.4666666666666662,0.6666666666666666,-0.7666666666666515,31.799999999999983,73.66666666666667,992.7333333333335,2.690724809414742,4.725815626252654,1.9139836293273216,12,8,1.2246467991473532e-16,-1.0,-0.8660254037844385,-0.5000000000000004
2020-08-05 03:00:00,30.4,91,994.4,34.0,72.0,990.7,-3.6000000000000014,19.0,3.699999999999932,15.0,-0.2400000000000001,1.2666666666666666,0.24666666666666212,32.333333333333314,77.66666666666667,992.7000000000002,1.8147543451754926,11.59022576714249,1.868154169226822,3,8,0.7071067811865476,0.7071067811865476,-0.8660254037844385,-0.5000000000000004
2020-08-05 06:00:00,33.4,73,995.5,30.4,91.0,994.4,3.0,-18.0,1.1000000000000227,3.0,1.0,-6.0,0.36666666666667425,32.59999999999998,78.66666666666667,993.5333333333334,1.9287301521985913,10.692676621563646,2.5146238950055646,6,8,1.0,6.123233995736766e-17,-0.8660254037844385,-0.5000000000000004
2020-08-05 09:00:00,35.2,64,994.3,33.4,73.0,995.5,1.8000000000000043,-9.0,-1.2000000000000455,3.0,0.6000000000000014,-3.0,-0.4000000000000152,32.99999999999998,76.0,994.7333333333332,2.424871130596432,13.747727084867535,0.6658328118478821,9,8,0.7071067811865476,-0.7071067811865475,-0.8660254037844385,-0.5000000000000004
2020-08-05 12:00:00,26.8,94,995.9,35.2,64.0,994.3,-8.400000000000002,30.0,1.6000000000000227,3.0,-2.8000000000000007,10.0,0.5333333333333409,31.79999999999998,77.0,995.2333333333332,4.422668877499195,15.394804318340665,0.8326663997864756,12,8,1.2246467991473532e-16,-1.0,-0.8660254037844385,-0.5000000000000004
2020-08-06 03:00:00,30.0,82,999.8,26.8,94.0,995.9,3.1999999999999993,-12.0,3.8999999999999773,15.0,0.2133333333333333,-0.8,0.2599999999999985,30.666666666666647,80.0,996.6666666666666,4.239496825489236,15.099668870541512,2.8290163190291766,3,8,0.7071067811865476,0.7071067811865476,-0.8660254037844385,-0.5000000000000004
2020-08-06 06:00:00,34.0,72,999.9,30.0,82.0,999.8,4.0,-10.0,0.10000000000002274,3.0,1.3333333333333333,-3.3333333333333335,0.03333333333334091,30.266666666666648,82.66666666666667,998.5333333333333,3.6073998022583083,11.015141094572224,2.281081614790117,6,8,1.0,6.123233995736766e-17,-0.8660254037844385,-0.5000000000000004
2020-08-06 09:00:00,35.0,64,998.4,34.0,72.0,999.9,1.0,-8.0,-1.5,3.0,0.3333333333333333,-2.6666666666666665,-0.5,32.99999999999998,72.66666666666667,999.3666666666667,2.645751311064589,9.018499505645817,0.838649708360707,9,8,0.7071067811865476,-0.7071067811865475,-0.8660254037844385,-0.5000000000000004
2020-08-06 12:00:00,35.0,62,996.8,35.0,64.0,998.4,0.0,-2.0,-1.6000000000000227,3.0,0.0,-0.6666666666666666,-0.5333333333333409,34.66666666666665,66.0,998.3666666666667,0.5773502691896545,5.291502622129234,1.5502687938977928,12,8,1.2246467991473532e-16,-1.0,-0.8660254037844385,-0.5000000000000004
2020-08-07 03:00:00,29.4,80,1002.6,35.0,62.0,996.8,-5.600000000000001,18.0,5.800000000000068,15.0,-0.3733333333333334,1.2,0.3866666666666712,33.13333333333332,68.66666666666667,999.2666666666668,3.233161507461905,9.86576572463252,2.9955522584881495,3,8,0.7071067811865476,0.7071067811865476,-0.8660254037844385,-0.5000000000000004
2020-08-07 06:00:00,32.4,69,1002.4,29.4,80.0,1002.6,3.0,-11.0,-0.20000000000004547,3.0,1.0,-3.6666666666666665,-0.06666666666668182,32.266666666666644,70.33333333333333,1000.5999999999999,2.8023799409311616,9.073771725877492,3.29241552663086,6,8,1.0,6.123233995736766e-17,-0.8660254037844385,-0.5000000000000004
2020-08-07 09:00:00,34.0,64,999.8,32.4,69.0,1002.4,1.6000000000000014,-5.0,-2.6000000000000227,3.0,0.5333333333333338,-1.6666666666666667,-0.8666666666666742,31.933333333333312,71.0,1001.6,2.3352373184182666,8.18535277187248,1.5620499351812716,9,8,0.7071067811865476,-0.7071067811865475,-0.8660254037844385,-0.5000000000000004
2020-08-07 12:00:00,34.0,66,998.5,34.0,64.0,999.8,0.0,2.0,-1.2999999999999545,3.0,0.0,0.6666666666666666,-0.4333333333333182,33.46666666666665,66.33333333333333,1000.2333333333332,0.9237604307033979,2.516611478423685,1.985782801147494,12,8,1.2246467991473532e-16,-1.0,-0.8660254037844385,-0.5000000000000004
2020-08-08 03:00:00,31.8,75,999.9,34.0,66.0,998.5,-2.1999999999999993,9.0,1.3999999999999773,15.0,-0.1466666666666666,0.6,0.09333333333333181,33.266666666666644,68.33333333333333,999.4,1.2701705922171758,5.85946527708236,0.7810249675906449,3,8,0.7071067811865476,0.7071067811865476,-0.8660254037844385,-0.5000000000000004
2020-08-08 06:00:00,27.0,96,1000.0,31.8,75.0,999.9,-4.800000000000001,21.0,0.10000000000002274,3.0,-1.6000000000000003,7.0,0.03333333333334091,30.933333333333312,79.0,999.4666666666667,3.5795716689756794,15.39480431834067,0.8386497083605783,6,8,1.0,6.123233995736766e-17,-0.8660254037844385,-0.5000000000000004
2020-08-08 09:00:00,33.2,73,996.8,27.0,96.0,1000.0,6.200000000000003,-23.0,-3.2000000000000455,3.0,2.0666666666666678,-7.666666666666667,-1.0666666666666818,30.666666666666647,81.33333333333333,998.9,3.2516662395352536,12.741009902410948,1.8193405398661464,9,8,0.7071067811865476,-0.7071067811865475,-0.8660254037844385,-0.5000000000000004
2020-08-08 12:00:00,32.8,76,995.6,33.2,73.0,996.8,-0.4000000000000057,3.0,-1.1999999999999318,3.0,-0.13333333333333522,1.0,-0.39999999999997726,30.999999999999982,81.66666666666667,997.4666666666667,3.469870314579494,12.503332889007389,2.2744962812312357,12,8,1.2246467991473532e-16,-1.0,-0.8660254037844385,-0.5000000000000004
2020-08-09 03:00:00,31.0,86,997.5,32.8,76.0,995.6,-1.7999999999999972,10.0,1.8999999999999773,15.0,-0.11999999999999982,0.6666666666666666,0.12666666666666515,32.333333333333314,78.33333333333333,996.6333333333333,1.1718930554164622,6.806859285554089,0.9609023536943753,3,8,0.7071067811865476,0.7071067811865476,-0.8660254037844385,-0.5000000000000004
2020-08-09 06:00:00,32.4,83,998.0,31.0,86.0,997.5,1.3999999999999986,-3.0,0.5,3.0,0.4666666666666662,-1.0,0.16666666666666666,32.06666666666664,81.66666666666667,997.0333333333333,0.9451631252505194,5.131601439446944,1.2662279942155117,6,8,1.0,6.123233995736766e-17,-0.8660254037844385,-0.5000000000000004
2020-08-09 09:00:00,29.8,84,997.2,32.4,83.0,998.0,-2.599999999999998,1.0,-0.7999999999999545,3.0,-0.8666666666666659,0.3333333333333333,-0.2666666666666515,31.06666666666665,84.33333333333333,997.5666666666667,1.3012814197295457,1.5275252316521382,0.4041451884342539,9,8,0.7071067811865476,-0.7071067811865475,-0.8660254037844385,-0.5000000000000004
2020-08-09 12:00:00,32.4,82,995.1,29.8,84.0,997.2,2.599999999999998,-2.0,-2.1000000000000227,3.0,0.8666666666666659,-0.6666666666666666,-0.7000000000000076,31.533333333333314,83.0,996.7666666666668,1.5011106998930281,1.0000000000002895,1.497776129244639,12,8,1.2246467991473532e-16,-1.0,-0.8660254037844385,-0.5000000000000004
2020-08-10 03:00:00,29.2,90,999.4,32.4,82.0,995.1,-3.1999999999999993,8.0,4.2999999999999545,15.0,-0.2133333333333333,0.5333333333333333,0.2866666666666636,30.466666666666644,85.33333333333333,997.2333333333335,1.7009801096230794,4.163331998932337,2.1501937897163237,3,8,0.7071067811865476,0.7071067811865476,-0.8660254037844385,-0.5000000000000004
2020-08-10 06:00:00,32.0,79,999.8,29.2,90.0,999.4,2.8000000000000007,-11.0,0.39999999999997726,3.0,0.9333333333333336,-3.6666666666666665,0.13333333333332575,31.199999999999978,83.66666666666667,998.0999999999999,1.7435595774162707,5.686240703077382,2.6057628441591913,6,8,1.0,6.123233995736766e-17,-0.8660254037844385,-0.5000000000000004
2020-08-10 09:00:00,28.2,95,998.7,32.0,79.0,999.8,-3.8000000000000007,16.0,-1.099999999999909,3.0,-1.2666666666666668,5.333333333333333,-0.36666666666663633,29.79999999999998,88.0,999.3000000000001,1.9697715603592267,8.185352771872488,0.556776436282807,9,8,0.7071067811865476,-0.7071067811865475,-0.8660254037844385,-0.5000000000000004
2020-08-10 12:00:00,30.6,86,997.2,28.2,95.0,998.7,2.400000000000002,-9.0,-1.5,3.0,0.8000000000000007,-3.0,-0.5,30.26666666666664,86.66666666666667,998.5666666666666,1.921804707386614,8.020806277010681,1.3051181300302606,12,8,1.2246467991473532e-16,-1.0,-0.8660254037844385,-0.5000000000000004
2020-08-11 03:00:00,29.0,86,999.4,30.6,86.0,997.2,-1.6000000000000014,0.0,2.199999999999932,15.0,-0.10666666666666676,0.0,0.14666666666666212,29.26666666666664,89.0,998.4333333333334,1.2220201853215713,5.196152422706688,1.1239810200060514,3,8,0.7071067811865476,0.7071067811865476,-0.8660254037844385,-0.5000000000000004
2020-08-11 06:00:00,32.4,74,999.2,29.0,86.0,999.4,3.3999999999999986,-12.0,-0.1999999999999318,3.0,1.1333333333333329,-4.0,-0.06666666666664393,30.666666666666647,82.0,998.6,1.700980109623076,6.928203230275509,1.216552506059811,6,8,1.0,6.123233995736766e-17,-0.8660254037844385,-0.5000000000000004
2020-08-11 09:00:00,33.4,73,996.7,32.4,74.0,999.2,1.0,-1.0,-2.5,3.0,0.3333333333333333,-0.3333333333333333,-0.8333333333333334,31.599999999999977,77.66666666666667,998.4333333333334,2.3065125189341544,7.234178138070236,1.5044378795197564,9,8,0.7071067811865476,-0.7071067811865475,-0.8660254037844385,-0.5000000000000004
2020-08-11 12:00:00,33.0,79,995.1,33.4,73.0,996.7,-0.3999999999999986,6.0,-1.6000000000000227,3.0,-0.13333333333333286,2.0,-0.5333333333333409,32.93333333333331,75.33333333333333,997.0,0.5033222956846783,3.2145502536643282,2.066397831977655,12,8,1.2246467991473532e-16,-1.0,-0.8660254037844385,-0.5000000000000004
2020-08-12 03:00:00,27.8,81,997.6,33.0,79.0,995.1,-5.199999999999999,2.0,2.5,15.0,-0.3466666666666666,0.13333333333333333,0.16666666666666666,31.399999999999977,77.66666666666667,996.4666666666667,3.1240998703626564,4.163331998932272,1.2662279942157855,3,8,0.7071067811865476,0.7071067811865476,-0.8660254037844385,-0.5000000000000004
2020-08-12 06:00:00,32.8,78,997.1,27.8,81.0,997.6,4.9999999999999964,-3.0,-0.5,3.0,1.6666666666666654,-1.0,-0.16666666666666666,31.199999999999978,79.33333333333333,996.6,2.946183972531241,1.5275252316519579,1.3228756555331451,6,8,1.0,6.123233995736766e-17,-0.8660254037844385,-0.5000000000000004
2020-08-12 09:00:00,28.2,87,996.8,32.8,78.0,997.1,-4.599999999999998,9.0,-0.3000000000000682,3.0,-1.5333333333333325,3.0,-0.10000000000002274,29.59999999999998,82.0,997.1666666666666,2.778488797889957,4.582575694955844,0.4041451884348193,9,8,0.7071067811865476,-0.7071067811865475,-0.8660254037844385,-0.5000000000000004
2020-08-12 12:00:00,28.4,89,995.3,28.2,87.0,996.8,0.1999999999999993,2.0,-1.5,3.0,0.06666666666666643,0.6666666666666666,-0.5,29.79999999999998,84.66666666666667,996.4,2.5999999999999965,5.859465277082317,0.9643650761006928,12,8,1.2246467991473532e-16,-1.0,-0.8660254037844385,-0.5000000000000004
2020-08-13 03:00:00,26.8,94,996.9,28.4,89.0,995.3,-1.5999999999999979,5.0,1.6000000000000227,15.0,-0.10666666666666652,0.3333333333333333,0.10666666666666819,27.799999999999983,90.0,996.3333333333334,0.8717797887081371,3.605551275463989,0.8962886439847939,3,8,0.7071067811865476,0.7071067811865476,-0.8660254037844385,-0.5000000000000004
2020-08-13 06:00:00,28.8,88,997.5,26.8,94.0,996.9,2.0,-6.0,0.6000000000000227,3.0,0.6666666666666666,-2.0,0.2000000000000076,27.999999999999982,90.33333333333333,996.5666666666666,1.0583005244258366,3.214550253664317,1.13724814061657,6,8,1.0,6.123233995736766e-17,-0.8660254037844385,-0.5000000000000004
2020-08-13 09:00:00,30.6,81,997.0,28.8,88.0,997.5,1.8000000000000007,-7.0,-0.5,3.0,0.6000000000000002,-2.3333333333333335,-0.16666666666666666,28.733333333333317,87.66666666666667,997.1333333333333,1.9008769905844303,6.506407098647713,0.32145502536917414,9,8,0.7071067811865476,-0.7071067811865475,-0.8660254037844385,-0.5000000000000004
2020-08-13 12:00:00,29.4,82,995.6,30.6,81.0,997.0,-1.2000000000000028,1.0,-1.3999999999999773,3.0,-0.40000000000000097,0.3333333333333333,-0.46666666666665907,29.59999999999998,83.66666666666667,996.6999999999999,0.9165151389911516,3.7859388972001895,0.9848857801808062,12,8,1.2246467991473532e-16,-1.0,-0.8660254037844385,-0.5000000000000004
2020-08-14 03:00:00,29.8,80,998.6,29.4,82.0,995.6,0.40000000000000213,-2.0,3.0,15.0,0.026666666666666807,-0.13333333333333333,0.2,29.93333333333332,81.0,997.0666666666666,0.6110100926607503,1.0000000000000338,1.5011106998936399,3,8,0.7071067811865476,0.7071067811865476,-0.8660254037844385,-0.5000000000000004
2020-08-14 06:00:00,31.8,74,997.8,29.8,80.0,998.6,2.0,-6.0,-0.8000000000000682,3.0,0.6666666666666666,-2.0,-0.2666666666666894,30.333333333333314,78.66666666666667,997.3333333333334,1.285820101465713,4.163331998932276,1.5534906930312555,6,8,1.0,6.123233995736766e-17,-0.8660254037844385,-0.5000000000000004
2020-08-14 09:00:00,32.8,68,996.4,31.8,74.0,997.8,0.9999999999999964,-6.0,-1.3999999999999773,3.0,0.33333333333333215,-2.0,-0.46666666666665907,31.46666666666665,74.0,997.6,1.5275252316519297,6.000000000000008,1.1135528725664876,9,8,0.7071067811865476,-0.7071067811865475,-0.8660254037844385,-0.5000000000000004
2020-08-14 12:00:00,32.6,68,995.0,32.8,68.0,996.4,-0.19999999999999574,0.0,-1.3999999999999773,3.0,-0.06666666666666525,0.0,-0.46666666666665907,32.39999999999998,70.0,996.4,0.529150262212864,3.464101615137769,1.400000000000966,12,8,1.2246467991473532e-16,-1.0,-0.8660254037844385,-0.5000000000000004
2020-08-15 03:00:00,30.4,81,997.0,32.6,68.0,995.0,-2.200000000000003,13.0,2.0,15.0,-0.14666666666666686,0.8666666666666667,0.13333333333333333,31.933333333333312,72.33333333333333,996.1333333333333,1.3316656236958622,7.505553499465137,1.0263202878909075,3,8,0.7071067811865476,0.7071067811865476,-0.8660254037844385,-0.5000000000000004
2020-08-15 06:00:00,32.4,72,997.5,30.4,81.0,997.0,2.0,-9.0,0.5,3.0,0.6666666666666666,-3.0,0.16666666666666666,31.799999999999983,73.66666666666667,996.5,1.216552506059628,6.658328118479397,1.3228756555332961,6,8,1.0,6.123233995736766e-17,-0.8660254037844385,-0.5000000000000004
2020-08-15 09:00:00,33.8,64,995.9,32.4,72.0,997.5,1.3999999999999986,-8.0,-1.6000000000000227,3.0,0.4666666666666662,-2.6666666666666665,-0.5333333333333409,32.19999999999998,72.33333333333333,996.7999999999998,1.7088007490634893,8.504900548115382,0.8185352771886092,9,8,0.7071067811865476,-0.7071067811865475,-0.8660254037844385,-0.5000000000000004
2020-08-15 12:00:00,33.8,70,994.7,33.8,64.0,995.9,0.0,6.0,-1.1999999999999318,3.0,0.0,2.0,-0.39999999999997726,33.33333333333331,68.66666666666667,996.0333333333333,0.8082903768654159,4.163331998932261,1.4047538337148069,12,8,1.2246467991473532e-16,-1.0,-0.8660254037844385,-0.5000000000000004
2020-08-16 03:00:00,27.8,92,998.8,33.8,70.0,994.7,-5.9999999999999964,22.0,4.099999999999909,15.0,-0.39999999999999974,1.4666666666666666,0.27333333333332727,31.79999999999998,75.33333333333333,996.4666666666666,3.464101615137752,14.742229591663989,2.107921567168915,3,8,0.7071067811865476,0.7071067811865476,-0.8660254037844385,-0.5000000000000004
2020-08-16 06:00:00,32.4,76,997.9,27.8,92.0,998.8,4.599999999999998,-16.0,-0.8999999999999773,3.0,1.5333333333333325,-5.333333333333333,-0.29999999999999244,31.333333333333314,79.33333333333333,997.1333333333333,3.1390019645316114,11.372481406154657,2.1548395145196055,6,8,1.0,6.123233995736766e-17,-0.8660254037844385,-0.5000000000000004
2020-08-16 09:00:00,32.8,76,996.6,32.4,76.0,997.9,0.3999999999999986,0.0,-1.2999999999999545,3.0,0.13333333333333286,0.0,-0.4333333333333182,30.999999999999982,81.33333333333333,997.7666666666668,2.778488797889958,9.237604307034017,1.1060440015363624,9,8,0.7071067811865476,-0.7071067811865475,-0.8660254037844385,-0.5000000000000004
2020-08-16 12:00:00,32.6,74,995.7,32.8,76.0,996.6,-0.19999999999999574,-2.0,-0.8999999999999773,3.0,-0.06666666666666525,-0.6666666666666666,-0.29999999999999244,32.59999999999999,75.33333333333333,996.7333333333332,0.1999999999999579,1.1547005383792495,1.1060440015368138,12,8,1.2246467991473532e-16,-1.0,-0.8660254037844385,-0.5000000000000004
2020-08-17 03:00:00,30.0,90,997.9,32.6,74.0,995.7,-2.6000000000000014,16.0,2.199999999999932,15.0,-0.17333333333333342,1.0666666666666667,0.14666666666666212,31.799999999999983,80.0,996.7333333333332,1.5620499351813264,8.717797887081348,1.1060440015368138,3,8,0.7071067811865476,0.7071067811865476,-0.8660254037844385,-0.5000000000000004
2020-08-17 06:00:00,32.2,76,998.2,30.0,90.0,997.9,2.200000000000003,-14.0,0.3000000000000682,3.0,0.7333333333333343,-4.666666666666667,0.10000000000002274,31.599999999999984,80.0,997.2666666666668,1.3999999999999968,8.717797887081348,1.365039681963525,6,8,1.0,6.123233995736766e-17,-0.8660254037844385,-0.5000000000000004
2020-08-17 09:00:00,33.2,76,997.0,32.2,76.0,998.2,1.0,0.0,-1.2000000000000455,3.0,0.3333333333333333,0.0,-0.4000000000000152,31.799999999999983,80.66666666666667,997.6999999999999,1.6370705543744863,8.082903768654761,0.624499799840977,9,8,0.7071067811865476,-0.7071067811865475,-0.8660254037844385,-0.5000000000000004
2020-08-17 12:00:00,31.6,80,996.2,33.2,76.0,997.0,-1.6000000000000014,4.0,-0.7999999999999545,3.0,-0.5333333333333338,1.3333333333333333,-0.2666666666666515,32.333333333333314,77.33333333333333,997.1333333333333,0.8082903768654612,2.309401076758505,1.0066445913703144,12,8,1.2246467991473532e-16,-1.0,-0.8660254037844385,-0.5000000000000004
2020-08-18 03:00:00,29.6,86,999.8,31.6,80.0,996.2,-2.0,6.0,3.599999999999909,15.0,-0.13333333333333333,0.4,0.23999999999999394,31.46666666666665,80.66666666666667,997.6666666666666,1.8036999011291566,5.033222956847166,1.8903262505013796,3,8,0.7071067811865476,0.7071067811865476,-0.8660254037844385,-0.5000000000000004
2020-08-18 06:00:00,33.2,77,998.5,29.6,86.0,999.8,3.6000000000000014,-9.0,-1.2999999999999545,3.0,1.2000000000000004,-3.0,-0.4333333333333182,31.46666666666665,81.0,998.1666666666666,1.8036999011291566,4.582575694955838,1.8230011885169874,6,8,1.0,6.123233995736766e-17,-0.8660254037844385,-0.5000000000000004
2020-08-18 09:00:00,34.6,69,996.2,33.2,77.0,998.5,1.3999999999999986,-8.0,-2.2999999999999545,3.0,0.4666666666666662,-2.6666666666666665,-0.7666666666666515,32.46666666666665,77.33333333333333,998.1666666666666,2.579405616287075,8.50490054811538,1.8230011885169874,9,8,0.7071067811865476,-0.7071067811865475,-0.8660254037844385,-0.5000000000000004
2020-08-18 12:00:00,30.6,80,995.4,34.6,69.0,996.2,-4.0,11.0,-0.8000000000000682,3.0,-1.3333333333333333,3.6666666666666665,-0.2666666666666894,32.79999999999998,75.33333333333333,996.7000000000002,2.0297783130184364,5.686240703077321,1.6093476939437845,12,8,1.2246467991473532e-16,-1.0,-0.8660254037844385,-0.5000000000000004
2020-08-19 03:00:00,28.6,92,997.5,30.6,80.0,995.4,-2.0,12.0,2.1000000000000227,15.0,-0.13333333333333333,0.8,0.1400000000000015,31.266666666666648,80.33333333333333,996.3666666666668,3.055050463303895,11.50362261782493,1.0598742063734805,3,8,0.7071067811865476,0.7071067811865476,-0.8660254037844385,-0.5000000000000004
2020-08-19 06:00:00,32.0,80,997.9,28.6,92.0,997.5,3.3999999999999986,-12.0,0.39999999999997726,3.0,1.1333333333333329,-4.0,0.13333333333332575,30.39999999999998,84.0,996.9333333333333,1.7088007490635149,6.928203230275511,1.3428824718997143,6,8,1.0,6.123233995736766e-17,-0.8660254037844385,-0.5000000000000004
2020-08-19 09:00:00,25.6,93,997.0,32.0,80.0,997.9,-6.399999999999999,13.0,-0.8999999999999773,3.0,-2.133333333333333,4.333333333333333,-0.29999999999999244,28.733333333333317,88.33333333333333,997.4666666666667,3.2020826556060973,7.234178138070238,0.4509249752843012,9,8,0.7071067811865476,-0.7071067811865475,-0.8660254037844385,-0.5000000000000004
2020-08-19 12:00:00,26.2,87,997.1,25.6,93.0,997.0,0.5999999999999979,-6.0,0.10000000000002274,3.0,0.1999999999999993,-2.0,0.03333333333334091,27.933333333333312,86.66666666666667,997.3333333333334,3.5345909711497616,6.506407098647713,0.49328828623352444,12,8,1.2246467991473532e-16,-1.0,-0.8660254037844385,-0.5000000000000004
2020-08-20 03:00:00,26.4,89,1001.7,26.2,87.0,997.1,0.1999999999999993,2.0,4.600000000000023,15.0,0.013333333333333286,0.13333333333333333,0.3066666666666682,26.06666666666665,89.66666666666667,998.6,0.41633319989337675,3.0550504633038935,2.685144316419805,3,8,0.7071067811865476,0.7071067811865476,-0.8660254037844385,-0.5000000000000004
2020-08-20 06:00:00,28.8,80,1002.7,26.4,89.0,1001.7,2.400000000000002,-9.0,1.0,3.0,0.8000000000000007,-3.0,0.3333333333333333,27.133333333333315,85.33333333333333,1000.5,1.4468356276140832,4.725815626252608,2.986636904613778,6,8,1.0,6.123233995736766e-17,-0.8660254037844385,-0.5000000000000004
2020-08-20 09:00:00,31.4,72,1000.6,28.8,80.0,1002.7,2.599999999999998,-8.0,-2.1000000000000227,3.0,0.8666666666666659,-2.6666666666666665,-0.7000000000000076,28.866666666666646,80.33333333333333,1001.6666666666666,2.5006665778014883,8.50490054811538,1.0503967504395437,9,8,0.7071067811865476,-0.7071067811865475,-0.8660254037844385,-0.5000000000000004
2020-08-20 12:00:00,27.6,81,1000.8,31.4,72.0,1000.6,-3.799999999999997,9.0,0.1999999999999318,3.0,-1.2666666666666657,3.0,0.06666666666664393,29.26666666666665,77.66666666666667,1001.3666666666667,1.942506971244478,4.932882862316238,1.1590225767145417,12,8,1.2246467991473532e-16,-1.0,-0.8660254037844385,-0.5000000000000004
2020-08-21 03:00:00,25.8,93,1005.0,27.6,81.0,1000.8,-1.8000000000000007,12.0,4.2000000000000455,15.0,-0.12000000000000005,0.8,0.280000000000003,28.266666666666648,82.0,1002.1333333333333,2.858904218985556,10.535653752852735,2.4846193538113495,3,8,0.7071067811865476,0.7071067811865476,-0.8660254037844385,-0.5000000000000004
2020-08-21 06:00:00,25.6,93,1006.2,25.8,93.0,1005.0,-0.1999999999999993,0.0,1.2000000000000455,3.0,-0.06666666666666643,0.0,0.4000000000000152,26.333333333333314,89.0,1004.0,1.101514109457274,6.928203230275503,2.835489375751709,6,8,1.0,6.123233995736766e-17,-0.8660254037844385,-0.5000000000000004
2020-08-21 09:00:00,26.0,94,1004.8,25.6,93.0,1006.2,0.3999999999999986,1.0,-1.400000000000091,3.0,0.13333333333333286,0.3333333333333333,-0.466666666666697,25.799999999999983,93.33333333333333,1005.3333333333334,0.2000000000003138,0.5773502691896278,0.7571877794404654,9,8,0.7071067811865476,-0.7071067811865475,-0.8660254037844385,-0.5000000000000004
2020-08-21 12:00:00,27.4,86,1002.4,26.0,94.0,1004.8,1.3999999999999986,-8.0,-2.3999999999999773,3.0,0.4666666666666662,-2.6666666666666665,-0.7999999999999924,26.333333333333314,91.0,1004.4666666666666,0.9451631252505813,4.358898943540674,1.921804707386804,12,8,1.2246467991473532e-16,-1.0,-0.8660254037844385,-0.5000000000000004
2020-08-22 03:00:00,27.6,87,1004.0,27.4,86.0,1002.4,0.20000000000000284,1.0,1.6000000000000227,15.0,0.013333333333333523,0.06666666666666667,0.10666666666666819,26.999999999999982,89.0,1003.7333333333332,0.8717797887081933,4.358898943540674,1.222020185321844,3,8,0.7071067811865476,0.7071067811865476,-0.8660254037844385,-0.5000000000000004
2020-08-22 06:00:00,32.8,64,1003.4,27.6,87.0,1004.0,5.199999999999996,-23.0,-0.6000000000000227,3.0,1.7333333333333318,-7.666666666666667,-0.2000000000000076,29.266666666666648,79.0,1003.2666666666665,3.061590000854683,13.0,0.808290376865966,6,8,1.0,6.123233995736766e-17,-0.8660254037844385,-0.5000000000000004
2020-08-22 09:00:00,31.4,78,1001.8,32.8,64.0,1003.4,-1.3999999999999986,14.0,-1.6000000000000227,3.0,-0.4666666666666662,4.666666666666667,-0.5333333333333409,30.599999999999984,76.33333333333333,1003.0666666666666,2.690724809414745,11.590225767142474,1.137248140615865,9,8,0.7071067811865476,-0.7071067811865475,-0.8660254037844385,-0.5000000000000004
2020-08-22 12:00:00,31.2,78,999.5,31.4,78.0,1001.8,-0.1999999999999993,0.0,-2.2999999999999545,3.0,-0.06666666666666643,0.0,-0.7666666666666515,31.79999999999998,73.33333333333333,1001.5666666666666,0.8717797887081351,8.08290376865476,1.9604421270046628,12,8,1.2246467991473532e-16,-1.0,-0.8660254037844385,-0.5000000000000004
2020-08-23 03:00:00,27.2,89,1003.1,31.2,78.0,999.5,-4.0,11.0,3.6000000000000227,15.0,-0.26666666666666666,0.7333333333333333,0.24000000000000152,29.933333333333312,81.66666666666667,1001.4666666666666,2.3692474191889215,6.350852961085882,1.8230011885170865,3,8,0.7071067811865476,0.7071067811865476,-0.8660254037844385,-0.5000000000000004
2020-08-23 06:00:00,32.0,69,1002.4,27.2,89.0,1003.1,4.800000000000001,-20.0,-0.7000000000000455,3.0,1.6000000000000003,-6.666666666666667,-0.2333333333333485,30.133333333333315,78.66666666666667,1001.6666666666666,2.5716402029314613,10.016652800877813,1.9087517736297352,6,8,1.0,6.123233995736766e-17,-0.8660254037844385,-0.5000000000000004
2020-08-23 09:00:00,33.6,64,1000.4,32.0,69.0,1002.4,1.6000000000000014,-5.0,-2.0,3.0,0.5333333333333338,-1.6666666666666667,-0.6666666666666666,30.933333333333312,74.0,1001.9666666666667,3.330665599145817,13.228756555322953,1.401189970466026,9,8,0.7071067811865476,-0.7071067811865475,-0.8660254037844385,-0.5000000000000004
2020-08-23 12:00:00,32.6,69,998.8,33.6,64.0,1000.4,-1.0,5.0,-1.6000000000000227,3.0,-0.3333333333333333,1.6666666666666667,-0.5333333333333409,32.73333333333331,67.33333333333333,1000.5333333333333,0.808290376865482,2.88675134594813,1.8036999011295958,12,8,1.2246467991473532e-16,-1.0,-0.8660254037844385,-0.5000000000000004
2020-08-24 03:00:00,29.8,78,1001.5,32.6,69.0,998.8,-2.8000000000000007,9.0,2.7000000000000455,15.0,-0.1866666666666667,0.6,0.18000000000000302,31.999999999999982,70.33333333333333,1000.2333333333332,1.969771560359223,7.094598884597589,1.357694123628368,3,8,0.7071067811865476,0.7071067811865476,-0.8660254037844385,-0.5000000000000004
2020-08-24 06:00:00,31.8,67,1001.4,29.8,78.0,1001.5,2.0,-11.0,-0.10000000000002274,3.0,0.6666666666666666,-3.6666666666666665,-0.03333333333334091,31.39999999999998,71.33333333333333,1000.5666666666666,1.4422205101855976,5.859465277082318,1.5307950004278257,6,8,1.0,6.123233995736766e-17,-0.8660254037844385,-0.5000000000000004
2020-08-24 09:00:00,32.2,69,1000.4,31.8,67.0,1001.4,0.40000000000000213,2.0,-1.0,3.0,0.13333333333333405,0.6666666666666666,-0.3333333333333333,31.26666666666665,71.33333333333333,1001.1,1.2858201014657296,5.859465277082318,0.6082762530307412,9,8,0.7071067811865476,-0.7071067811865475,-0.8660254037844385,-0.5000000000000004
2020-08-24 12:00:00,32.2,70,999.3,32.2,69.0,1000.4,0.0,1.0,-1.1000000000000227,3.0,0.0,0.3333333333333333,-0.36666666666667425,32.066666666666656,68.66666666666667,1000.3666666666667,0.2309401076758675,1.5275252316519474,1.050396750439947,12,8,1.2246467991473532e-16,-1.0,-0.8660254037844385,-0.5000000000000004
2020-08-25 03:00:00,28.4,86,1003.1,32.2,70.0,999.3,-3.8000000000000043,16.0,3.800000000000068,15.0,-0.25333333333333363,1.0666666666666667,0.2533333333333379,30.933333333333312,75.0,1000.9333333333333,2.1939310229205797,9.539392014169456,1.9553345834753728,3,8,0.7071067811865476,0.7071067811865476,-0.8660254037844385,-0.5000000000000004
2020-08-25 06:00:00,31.8,72,1003.1,28.4,86.0,1003.1,3.400000000000002,-14.0,0.0,3.0,1.133333333333334,-4.666666666666667,0.0,30.799999999999983,76.0,1001.8333333333334,2.0880613017821115,8.717797887081348,2.193931022920896,6,8,1.0,6.123233995736766e-17,-0.8660254037844385,-0.5000000000000004
2020-08-25 09:00:00,33.8,64,1001.7,31.8,72.0,1003.1,1.9999999999999964,-8.0,-1.3999999999999773,3.0,0.6666666666666655,-2.6666666666666665,-0.46666666666665907,31.333333333333314,74.0,1002.6333333333333,2.7300793639257694,11.135528725660043,0.8082903768654466,9,8,0.7071067811865476,-0.7071067811865475,-0.8660254037844385,-0.5000000000000004
2020-08-25 12:00:00,32.4,67,1000.9,33.8,64.0,1001.7,-1.3999999999999986,3.0,-0.8000000000000682,3.0,-0.4666666666666662,1.0,-0.2666666666666894,32.66666666666665,67.66666666666667,1001.9000000000001,1.0263202878893818,4.041451884327381,1.1135528725659734,12,8,1.2246467991473532e-16,-1.0,-0.8660254037844385,-0.5000000000000004
2020-08-26 03:00:00,28.6,88,1003.8,32.4,67.0,1000.9,-3.799999999999997,21.0,2.8999999999999773,15.0,-0.25333333333333313,1.4,0.19333333333333183,31.59999999999998,73.0,1002.1333333333333,2.6907248094147413,13.076696830622021,1.4977761292439986,3,8,0.7071067811865476,0.7071067811865476,-0.8660254037844385,-0.5000000000000004
2020-08-26 06:00:00,31.8,72,1003.8,28.6,88.0,1003.8,3.1999999999999993,-16.0,0.0,3.0,1.0666666666666664,-5.333333333333333,0.0,30.933333333333312,75.66666666666667,1002.8333333333334,2.042873792805942,10.969655114602892,1.6743157806498825,6,8,1.0,6.123233995736766e-17,-0.8660254037844385,-0.5000000000000004
2020-08-26 09:00:00,33.0,67,1002.2,31.8,72.0,1003.8,1.1999999999999993,-5.0,-1.599999999999909,3.0,0.39999999999999974,-1.6666666666666667,-0.533333333333303,31.133333333333315,75.66666666666667,1003.2666666666665,2.2744962812309306,10.969655114602892,0.9237604307033487,9,8,0.7071067811865476,-0.7071067811865475,-0.8660254037844385,-0.5000000000000004
2020-08-26 12:00:00,32.6,70,1000.7,33.0,67.0,1002.2,-0.3999999999999986,3.0,-1.5,3.0,-0.13333333333333286,1.0,-0.5,32.46666666666665,69.66666666666667,1002.2333333333335,0.6110100926607707,2.5166114784236,1.5502687938977522,12,8,1.2246467991473532e-16,-1.0,-0.8660254037844385,-0.5000000000000004
2020-08-27 03:00:00,29.6,78,1004.2,32.6,70.0,1000.7,-3.0,8.0,3.5,15.0,-0.2,0.5333333333333333,0.23333333333333334,31.73333333333331,71.66666666666667,1002.3666666666667,1.8583146486355129,5.686240703077333,1.7559422921421382,3,8,0.7071067811865476,0.7071067811865476,-0.8660254037844385,-0.5000000000000004
2020-08-27 06:00:00,32.6,64,1004.0,29.6,78.0,1004.2,3.0,-14.0,-0.20000000000004547,3.0,1.0,-4.666666666666667,-0.06666666666668182,31.59999999999998,70.66666666666667,1002.9666666666667,1.7320508075688772,7.0237691685684975,1.9655363983740783,6,8,1.0,6.123233995736766e-17,-0.8660254037844385,-0.5000000000000004
2020-08-27 09:00:00,31.6,75,1002.1,32.6,64.0,1004.0,-1.0,11.0,-1.8999999999999773,3.0,-0.3333333333333333,3.6666666666666665,-0.6333333333333258,31.266666666666648,72.33333333333333,1003.4333333333334,1.5275252316519479,7.371114795831999,1.1590225767142903,9,8,0.7071067811865476,-0.7071067811865475,-0.8660254037844385,-0.5000000000000004
2020-08-27 12:00:00,31.8,76,1000.1,31.6,75.0,1002.1,0.1999999999999993,1.0,-2.0,3.0,0.06666666666666643,0.3333333333333333,-0.6666666666666666,31.999999999999975,71.66666666666667,1002.0666666666667,0.5291502622129122,6.658328118479396,1.950213663508063,12,8,1.2246467991473532e-16,-1.0,-0.8660254037844385,-0.5000000000000004
2020-08-28 03:00:00,26.0,95,1002.6,31.8,76.0,1000.1,-5.800000000000001,19.0,2.5,15.0,-0.3866666666666667,1.2666666666666666,0.16666666666666666,29.79999999999998,82.0,1001.6,3.2924155266308714,11.269427669584646,1.3228756555323986,3,8,0.7071067811865476,0.7071067811865476,-0.8660254037844385,-0.5000000000000004
2020-08-28 06:00:00,28.6,83,1002.8,26.0,95.0,1002.6,2.6000000000000014,-12.0,0.1999999999999318,3.0,0.8666666666666671,-4.0,0.06666666666664393,28.79999999999998,84.66666666666667,1001.8333333333334,2.9051678092668003,9.609023536933051,1.5044378795196327,6,8,1.0,6.123233995736766e-17,-0.8660254037844385,-0.5000000000000004
2020-08-28 09:00:00,30.6,78,1001.0,28.6,83.0,1002.8,2.0,-5.0,-1.7999999999999545,3.0,0.6666666666666666,-1.6666666666666667,-0.5999999999999849,28.39999999999998,85.33333333333333,1002.1333333333333,2.306512518934174,8.736894948054104,0.9865765724633384,9,8,0.7071067811865476,-0.7071067811865475,-0.8660254037844385,-0.5000000000000004
2020-08-28 12:00:00,29.8,80,999.9,30.6,78.0,1001.0,-0.8000000000000007,2.0,-1.1000000000000227,3.0,-0.2666666666666669,0.6666666666666666,-0.36666666666667425,29.666666666666647,80.33333333333333,1001.2333333333332,1.0066445913694482,2.5166114784235716,1.4640127503999156,12,8,1.2246467991473532e-16,-1.0,-0.8660254037844385,-0.5000000000000004
2020-08-29 03:00:00,27.4,92,1002.4,29.8,80.0,999.9,-2.400000000000002,12.0,2.5,15.0,-0.16000000000000014,0.8,0.16666666666666666,29.26666666666664,83.33333333333333,1001.1,1.66533279957292,7.571877794400363,1.2529964086142649,3,8,0.7071067811865476,0.7071067811865476,-0.8660254037844385,-0.5000000000000004
2020-08-29 06:00:00,30.6,77,1002.5,27.4,92.0,1002.4,3.200000000000003,-15.0,0.10000000000002274,3.0,1.0666666666666675,-5.0,0.03333333333334091,29.266666666666648,83.0,1001.6,1.66533279957292,7.937253933193771,1.4730919862656857,6,8,1.0,6.123233995736766e-17,-0.8660254037844385,-0.5000000000000004
2020-08-29 09:00:00,32.0,67,1000.5,30.6,77.0,1002.5,1.3999999999999986,-10.0,-2.0,3.0,0.4666666666666662,-3.3333333333333335,-0.6666666666666666,29.999999999999982,78.66666666666667,1001.7999999999998,2.357965224510324,12.583057392117917,1.126942766958537,9,8,0.7071067811865476,-0.7071067811865475,-0.8660254037844385,-0.5000000000000004
2020-08-29 12:00:00,31.8,74,999.3,32.0,67.0,1000.5,-0.1999999999999993,7.0,-1.2000000000000455,3.0,-0.06666666666666643,2.3333333333333335,-0.4000000000000152,31.466666666666644,72.66666666666667,1000.7666666666668,0.7571877794400151,5.131601439446892,1.6165807537311132,12,8,1.2246467991473532e-16,-1.0,-0.8660254037844385,-0.5000000000000004
2020-08-30 03:00:00,30.0,82,1002.0,31.8,74.0,999.3,-1.8000000000000007,8.0,2.7000000000000455,15.0,-0.12000000000000005,0.5333333333333333,0.18000000000000302,31.266666666666648,74.33333333333333,1000.6,1.10151410945721,7.505553499465143,1.3527749258471047,3,8,0.7071067811865476,0.7071067811865476,-0.8660254037844385,-0.5000000000000004
2020-08-30 06:00:00,31.0,71,1002.5,30.0,82.0,1002.0,1.0,-11.0,0.5,3.0,0.3333333333333333,-3.6666666666666665,0.16666666666666666,30.933333333333312,75.66666666666667,1001.2666666666668,0.9018499505645737,5.686240703077342,1.7214335111568555,6,8,1.0,6.123233995736766e-17,-0.8660254037844385,-0.5000000000000004
2020-08-30 09:00:00,31.6,66,1001.2,31.0,71.0,1002.5,0.6000000000000014,-5.0,-1.2999999999999545,3.0,0.20000000000000048,-1.6666666666666667,-0.4333333333333182,30.866666666666646,73.0,1001.9,0.8082903768654723,8.18535277187246,0.6557438524303167,9,8,0.7071067811865476,-0.7071067811865475,-0.8660254037844385,-0.5000000000000004
2020-08-30 12:00:00,31.2,75,999.9,31.6,66.0,1001.2,-0.40000000000000213,9.0,-1.3000000000000682,3.0,-0.13333333333333405,3.0,-0.43333333333335605,31.266666666666648,70.66666666666667,1001.1999999999999,0.3055050463303506,4.50924975282291,1.3000000000002792,12,8,1.2246467991473532e-16,-1.0,-0.8660254037844385,-0.5000000000000004
2020-08-31 03:00:00,29.4,74,1002.8,31.2,75.0,999.9,-1.8000000000000007,-1.0,2.8999999999999773,15.0,-0.12000000000000005,-0.06666666666666667,0.19333333333333183,30.73333333333331,71.66666666666667,1001.3000000000001,1.1718930554164624,4.932882862316261,1.4525839046335784,3,8,0.7071067811865476,0.7071067811865476,-0.8660254037844385,-0.5000000000000004
2020-08-31 06:00:00,31.4,66,1003.5,29.4,74.0,1002.8,2.0,-8.0,0.7000000000000455,3.0,0.6666666666666666,-2.6666666666666665,0.2333333333333485,30.666666666666643,71.66666666666667,1002.0666666666666,1.1015141094572194,4.932882862316261,1.908751773629371,6,8,1.0,6.123233995736766e-17,-0.8660254037844385,-0.5000000000000004
2020-08-31 09:00:00,31.6,60,1002.2,31.4,66.0,1003.5,0.20000000000000284,-6.0,-1.2999999999999545,3.0,0.06666666666666761,-2.0,-0.4333333333333182,30.79999999999998,66.66666666666667,1002.8333333333334,1.216552506059641,7.023769168568505,0.6506407098641395,9,8,0.7071067811865476,-0.7071067811865475,-0.8660254037844385,-0.5000000000000004
2020-08-31 12:00:00,31.4,62,1000.2,31.6,60.0,1002.2,-0.20000000000000284,2.0,-2.0,3.0,-0.06666666666666761,0.6666666666666666,-0.6666666666666666,31.466666666666644,62.666666666666664,1001.9666666666667,0.11547005383775555,3.05505046330393,1.6623276853054751,12,8,1.2246467991473532e-16,-1.0,-0.8660254037844385,-0.5000000000000004
2020-09-01 03:00:00,28.0,80,1004.6,31.4,62.0,1000.2,-3.3999999999999986,18.0,4.399999999999977,15.0,-0.22666666666666657,1.2,0.29333333333333184,30.333333333333314,67.33333333333333,1002.3333333333334,2.0231987873991377,11.01514109457221,2.203028218914326,3,9,0.7071067811865476,0.7071067811865476,-1.0,-1.8369701987210297e-16
2020-09-01 06:00:00,30.6,68,1005.5,28.0,80.0,1004.6,2.6000000000000014,-12.0,0.8999999999999773,3.0,0.8666666666666671,-4.0,0.29999999999999244,29.999999999999982,70.0,1003.4333333333334,1.7776388834631232,9.165151389911683,2.8360771028539027,6,9,1.0,6.123233995736766e-17,-1.0,-1.8369701987210297e-16
2020-09-01 09:00:00,32.2,65,1003.6,30.6,68.0,1005.5,1.6000000000000014,-3.0,-1.8999999999999773,3.0,0.5333333333333338,-1.0,-0.6333333333333258,30.266666666666648,71.0,1004.5666666666667,2.1197484127446233,7.937253933193772,0.950438495291429,9,9,0.7071067811865476,-0.7071067811865475,-1.0,-1.8369701987210297e-16
2020-09-01 12:00:00,31.4,66,1002.7,32.2,65.0,1003.6,-0.8000000000000043,1.0,-0.8999999999999773,3.0,-0.2666666666666681,0.3333333333333333,-0.29999999999999244,31.399999999999977,66.33333333333333,1003.9333333333334,0.7999999999999817,1.5275252316520247,1.4294521094923205,12,9,1.2246467991473532e-16,-1.0,-1.0,-1.8369701987210297e-16
2020-09-02 03:00:00,29.8,81,1006.6,31.4,66.0,1002.7,-1.5999999999999979,15.0,3.8999999999999773,15.0,-0.10666666666666652,1.0,0.2599999999999985,31.13333333333331,70.66666666666667,1004.3000000000001,1.22202018532155,8.962886439832502,2.042057785665859,3,9,0.7071067811865476,0.7071067811865476,-1.0,-1.8369701987210297e-16
2020-09-02 06:00:00,32.6,63,1007.1,29.8,81.0,1006.6,2.8000000000000007,-18.0,0.5,3.0,0.9333333333333336,-6.0,0.16666666666666666,31.266666666666648,70.0,1005.4666666666667,1.40475383371369,9.643650760992957,2.409010862020171,6,9,1.0,6.123233995736766e-17,-1.0,-1.8369701987210297e-16
2020-09-02 09:00:00,33.6,62,1005.9,32.6,63.0,1007.1,1.0,-1.0,-1.2000000000000455,3.0,0.3333333333333333,-0.3333333333333333,-0.4000000000000152,31.999999999999982,68.66666666666667,1006.5333333333333,1.9697715603592079,10.692676621563633,0.6027713773318326,9,9,0.7071067811865476,-0.7071067811865475,-1.0,-1.8369701987210297e-16
2020-09-02 12:00:00,32.8,63,1004.5,33.6,62.0,1005.9,-0.8000000000000043,1.0,-1.3999999999999773,3.0,-0.2666666666666681,0.3333333333333333,-0.46666666666665907,32.99999999999998,62.666666666666664,1005.8333333333334,0.5291502622128302,0.5773502691900237,1.3012814197285818,12,9,1.2246467991473532e-16,-1.0,-1.0,-1.8369701987210297e-16
2020-09-03 03:00:00,30.4,80,1007.9,32.8,63.0,1004.5,-2.3999999999999986,17.0,3.3999999999999773,15.0,-0.1599999999999999,1.1333333333333333,0.22666666666666516,32.266666666666644,68.33333333333333,1006.1,1.6653327995728875,10.115993936995684,1.7088007490627162,3,9,0.7071067811865476,0.7071067811865476,-1.0,-1.8369701987210297e-16
2020-09-03 06:00:00,32.8,67,1008.1,30.4,80.0,1007.9,2.3999999999999986,-13.0,0.20000000000004547,3.0,0.7999999999999995,-4.333333333333333,0.06666666666668182,31.999999999999975,70.0,1006.8333333333334,1.385640646055081,8.888194417315587,2.023198787398386,6,9,1.0,6.123233995736766e-17,-1.0,-1.8369701987210297e-16
2020-09-03 09:00:00,32.2,72,1006.4,32.8,67.0,1008.1,-0.5999999999999943,5.0,-1.7000000000000455,3.0,-0.1999999999999981,1.6666666666666667,-0.5666666666666819,31.79999999999998,73.0,1007.4666666666667,1.2489995996796617,6.557438524301985,0.9291573243159819,9,9,0.7071067811865476,-0.7071067811865475,-1.0,-1.8369701987210297e-16
2020-09-03 12:00:00,25.6,95,1007.1,32.2,72.0,1006.4,-6.600000000000001,23.0,0.7000000000000455,3.0,-2.2000000000000006,7.666666666666667,0.2333333333333485,30.199999999999978,78.0,1007.1999999999999,3.994996871087637,14.933184523068064,0.8544003745298981,12,9,1.2246467991473532e-16,-1.0,-1.0,-1.8369701987210297e-16
2020-09-04 03:00:00,28.8,85,1007.8,25.6,95.0,1007.1,3.1999999999999993,-10.0,0.6999999999999318,15.0,0.2133333333333333,-0.6666666666666666,0.04666666666666212,28.866666666666646,84.0,1007.1,3.3005050118630943,11.532562594670763,0.699999999997731,3,9,0.7071067811865476,0.7071067811865476,-1.0,-1.8369701987210297e-16
2020-09-04 06:00:00,31.4,71,1008.2,28.8,85.0,1007.8,2.599999999999998,-14.0,0.40000000000009095,3.0,0.8666666666666659,-4.666666666666667,0.13333333333336364,28.59999999999998,83.66666666666667,1007.6999999999999,2.9051678092668025,12.055427546683386,0.5567764362798923,6,9,1.0,6.123233995736766e-17,-1.0,-1.8369701987210297e-16
2020-09-04 09:00:00,32.6,64,1005.9,31.4,71.0,1008.2,1.2000000000000028,-7.0,-2.300000000000068,3.0,0.40000000000000097,-2.3333333333333335,-0.7666666666666894,30.93333333333331,73.33333333333333,1007.3000000000001,1.942506971244463,10.692676621563622,1.2288205727431503,9,9,0.7071067811865476,-0.7071067811865475,-1.0,-1.8369701987210297e-16
2020-09-04 12:00:00,29.6,85,1004.4,32.6,64.0,1005.9,-3.0,21.0,-1.5,3.0,-1.0,7.0,-0.5,31.199999999999978,73.33333333333333,1006.1666666666666,1.5099668870541476,10.692676621563622,1.913983629326769,12,9,1.2246467991473532e-16,-1.0,-1.0,-1.8369701987210297e-16
2020-09-05 03:00:00,28.6,85,1004.9,29.6,85.0,1004.4,-1.0,0.0,0.5,15.0,-0.06666666666666667,0.0,0.03333333333333333,30.26666666666664,78.0,1005.0666666666666,2.081665999466137,12.124355652982127,0.7637626158247204,3,9,0.7071067811865476,0.7071067811865476,-1.0,-1.8369701987210297e-16
2020-09-05 06:00:00,33.4,59,1005.1,28.6,85.0,1004.9,4.799999999999997,-26.0,0.20000000000004547,3.0,1.599999999999999,-8.666666666666666,0.06666666666668182,30.533333333333314,76.33333333333333,1004.7999999999998,2.532455988429678,15.011106998930268,0.360555127543995,6,9,1.0,6.123233995736766e-17,-1.0,-1.8369701987210297e-16
2020-09-05 09:00:00,31.0,71,1003.0,33.4,59.0,1005.1,-2.3999999999999986,12.0,-2.1000000000000227,3.0,-0.7999999999999995,4.0,-0.7000000000000076,30.999999999999982,71.66666666666667,1004.3333333333334,2.3999999999999986,13.01281419729542,1.1590225767135822,9,9,0.7071067811865476,-0.7071067811865475,-1.0,-1.8369701987210297e-16
2020-09-05 12:00:00,29.8,78,1001.9,31.0,71.0,1003.0,-1.1999999999999993,7.0,-1.1000000000000227,3.0,-0.39999999999999974,2.3333333333333335,-0.36666666666667425,31.39999999999998,69.33333333333333,1003.3333333333334,1.8330302779823318,9.609023536933048,1.6258331197672957,12,9,1.2246467991473532e-16,-1.0,-1.0,-1.8369701987210297e-16
2020-09-06 03:00:00,27.5,81,1004.1,29.8,78.0,1001.9,-2.3000000000000007,3.0,2.2000000000000455,15.0,-0.15333333333333338,0.2,0.1466666666666697,29.433333333333312,76.66666666666667,1003.0,1.7785762095938988,5.131601439446884,1.09999999999955,3,9,0.7071067811865476,0.7071067811865476,-1.0,-1.8369701987210297e-16
2020-09-06 06:00:00,31.2,75,1004.0,27.5,81.0,1004.1,3.6999999999999993,-6.0,-0.10000000000002274,3.0,1.2333333333333332,-2.0,-0.03333333333334091,29.499999999999982,78.0,1003.3333333333334,1.8681541692269574,2.9999999999999964,1.2423096769051174,6,9,1.0,6.123233995736766e-17,-1.0,-1.8369701987210297e-16
2020-09-06 09:00:00,30.6,73,1002.3,31.2,75.0,1004.0,-0.5999999999999979,-2.0,-1.7000000000000455,3.0,-0.1999999999999993,-0.6666666666666666,-0.5666666666666819,29.766666666666648,76.33333333333333,1003.4666666666666,1.9857828011475436,4.163331998932262,1.0115993936989132,9,9,0.7071067811865476,-0.7071067811865475,-1.0,-1.8369701987210297e-16
2020-09-06 12:00:00,33.2,63,1000.9,30.6,73.0,1002.3,2.6000000000000014,-10.0,-1.3999999999999773,3.0,0.8666666666666671,-3.3333333333333335,-0.46666666666665907,31.666666666666647,70.33333333333333,1002.4,1.3613718571107927,6.429100507328631,1.5524174696258064,12,9,1.2246467991473532e-16,-1.0,-1.0,-1.8369701987210297e-16
2020-09-07 03:00:00,28.8,83,1004.3,33.2,63.0,1000.9,-4.400000000000002,20.0,3.3999999999999773,15.0,-0.2933333333333335,1.3333333333333333,0.22666666666666516,30.866666666666646,73.0,1002.5,2.2120880030716066,9.999999999999996,1.7088007490632697,3,9,0.7071067811865476,0.7071067811865476,-1.0,-1.8369701987210297e-16
2020-09-07 06:00:00,33.2,64,1005.2,28.8,83.0,1004.3,4.400000000000002,-19.0,0.900000000000091,3.0,1.4666666666666675,-6.333333333333333,0.3000000000000303,31.73333333333331,70.0,1003.4666666666667,2.540341184434344,11.26942766958464,2.267891825756222,6,9,1.0,6.123233995736766e-17,-1.0,-1.8369701987210297e-16
2020-09-07 09:00:00,33.6,62,1003.7,33.2,64.0,1005.2,0.3999999999999986,-2.0,-1.5,3.0,0.13333333333333286,-0.6666666666666666,-0.5,31.866666666666646,69.66666666666667,1004.4,2.6633312473917465,11.59022576714247,0.7549834435255464,9,9,0.7071067811865476,-0.7071067811865475,-1.0,-1.8369701987210297e-16
2020-09-07 12:00:00,32.0,69,1001.5,33.6,62.0,1003.7,-1.6000000000000014,7.0,-2.2000000000000455,3.0,-0.5333333333333338,2.3333333333333335,-0.7333333333333485,32.933333333333316,65.0,1003.4666666666667,0.8326663997863861,3.6055512754639913,1.861003313627359,12,9,1.2246467991473532e-16,-1.0,-1.0,-1.8369701987210297e-16
2020-09-08 03:00:00,28.6,85,1005.5,32.0,69.0,1001.5,-3.3999999999999986,16.0,4.0,15.0,-0.22666666666666657,1.0666666666666667,0.26666666666666666,31.399999999999977,72.0,1003.5666666666666,2.553429066960733,11.789826122551595,2.0033305601751707,3,9,0.7071067811865476,0.7071067811865476,-1.0,-1.8369701987210297e-16
2020-09-08 06:00:00,32.4,66,1006.0,28.6,85.0,1005.5,3.799999999999997,-19.0,0.5,3.0,1.2666666666666657,-6.333333333333333,0.16666666666666666,30.999999999999982,73.33333333333333,1004.3333333333334,2.0880613017821035,10.214368964029708,2.4664414311576275,6,9,1.0,6.123233995736766e-17,-1.0,-1.8369701987210297e-16
2020-09-08 09:00:00,34.0,61,1003.9,32.4,66.0,1006.0,1.6000000000000014,-5.0,-2.1000000000000227,3.0,0.5333333333333338,-1.6666666666666667,-0.7000000000000076,31.666666666666647,70.66666666666667,1005.1333333333333,2.7736858750286175,12.662279942148388,1.0969655114587558,9,9,0.7071067811865476,-0.7071067811865475,-1.0,-1.8369701987210297e-16
2020-09-08 12:00:00,32.0,69,1002.2,34.0,61.0,1003.9,-2.0,8.0,-1.6999999999999318,3.0,-0.6666666666666666,2.6666666666666665,-0.5666666666666439,32.79999999999998,65.33333333333333,1004.0333333333334,1.058300524425775,4.041451884327393,1.903505538035268,12,9,1.2246467991473532e-16,-1.0,-1.0,-1.8369701987210297e-16
2020-09-09 03:00:00,29.8,84,1005.8,32.0,69.0,1002.2,-2.1999999999999993,15.0,3.599999999999909,15.0,-0.1466666666666666,1.0,0.23999999999999394,31.933333333333312,71.33333333333333,1003.9666666666667,2.1007935008784773,11.676186592091327,1.8009256878980213,3,9,0.7071067811865476,0.7071067811865476,-1.0,-1.8369701987210297e-16
2020-09-09 06:00:00,33.2,62,1005.6,29.8,84.0,1005.8,3.400000000000002,-22.0,-0.1999999999999318,3.0,1.133333333333334,-7.333333333333333,-0.06666666666664393,31.666666666666647,71.66666666666667,1004.5333333333333,1.7243356208503227,11.239810200058239,2.023198787398428,6,9,1.0,6.123233995736766e-17,-1.0,-1.8369701987210297e-16
2020-09-09 09:00:00,33.8,60,1003.4,33.2,62.0,1005.6,0.5999999999999943,-2.0,-2.2000000000000455,3.0,0.1999999999999981,-0.6666666666666666,-0.7333333333333485,32.266666666666644,68.66666666666667,1004.9333333333334,2.1571586249817667,13.316656236958782,1.3316656236947149,9,9,0.7071067811865476,-0.7071067811865475,-1.0,-1.8369701987210297e-16
2020-09-09 12:00:00,32.8,68,1001.5,33.8,60.0,1003.4,-1.0,8.0,-1.8999999999999773,3.0,-0.3333333333333333,2.6666666666666665,-0.6333333333333258,33.266666666666644,63.333333333333336,1003.5,0.5033222956845553,4.163331998932263,2.051828452867905,12,9,1.2246467991473532e-16,-1.0,-1.0,-1.8369701987210297e-16
2020-09-10 03:00:00,30.4,76,1002.9,32.8,68.0,1001.5,-2.3999999999999986,8.0,1.3999999999999773,15.0,-0.1599999999999999,0.5333333333333333,0.09333333333333181,32.333333333333314,68.0,1002.6,1.747378989610789,7.999999999999998,0.9848857801791729,3,9,0.7071067811865476,0.7071067811865476,-1.0,-1.8369701987210297e-16
2020-09-10 06:00:00,34.0,63,1002.2,30.4,76.0,1002.9,3.6000000000000014,-13.0,-0.6999999999999318,3.0,1.2000000000000004,-4.333333333333333,-0.2333333333333106,32.39999999999998,69.0,1002.1999999999999,1.833030277982305,6.557438524301999,0.6999999999996994,6,9,1.0,6.123233995736766e-17,-1.0,-1.8369701987210297e-16
2020-09-10 09:00:00,33.8,60,1000.4,34.0,63.0,1002.2,-0.20000000000000284,-3.0,-1.8000000000000682,3.0,-0.06666666666666761,-1.0,-0.6000000000000227,32.73333333333331,66.33333333333333,1001.8333333333334,2.0231987873991018,8.50490054811538,1.2897028081435626,9,9,0.7071067811865476,-0.7071067811865475,-1.0,-1.8369701987210297e-16
2020-09-10 12:00:00,33.0,64,998.6,33.8,60.0,1000.4,-0.7999999999999972,4.0,-1.7999999999999545,3.0,-0.2666666666666657,1.3333333333333333,-0.5999999999999849,33.59999999999997,62.333333333333336,1000.4,0.5291502622127283,2.081665999466108,1.80000000000051,12,9,1.2246467991473532e-16,-1.0,-1.0,-1.8369701987210297e-16
2020-09-11 03:00:00,30.0,82,1002.1,33.0,64.0,998.6,-3.0,18.0,3.5,15.0,-0.2,1.2,0.23333333333333334,32.266666666666644,68.66666666666667,1000.3666666666668,2.0033305601755345,11.718930554164633,1.7502380790438543,3,9,0.7071067811865476,0.7071067811865476,-1.0,-1.8369701987210297e-16
2020-09-11 06:00:00,33.2,64,1002.3,30.0,82.0,1002.1,3.200000000000003,-18.0,0.1999999999999318,3.0,1.0666666666666675,-6.0,0.06666666666664393,32.06666666666665,70.0,1001.0,1.7925772879664739,10.392304845413266,2.080865204668682,6,9,1.0,6.123233995736766e-17,-1.0,-1.8369701987210297e-16
2020-09-11 09:00:00,34.0,56,1001.7,33.2,64.0,1002.3,0.7999999999999972,-8.0,-0.599999999999909,3.0,0.2666666666666657,-2.6666666666666665,-0.19999999999996967,32.399999999999984,67.33333333333333,1002.0333333333334,2.116601048851644,13.316656236958782,0.3055050463294887,9,9,0.7071067811865476,-0.7071067811865475,-1.0,-1.8369701987210297e-16
2020-09-12 03:00:00,30.0,80,1006.4,34.0,56.0,1001.7,-4.0,24.0,4.699999999999932,18.0,-0.2222222222222222,1.3333333333333333,0.2611111111111073,32.399999999999984,66.66666666666667,1003.4666666666667,2.116601048851644,12.220201853215569,2.5579940057260724,3,9,0.7071067811865476,0.7071067811865476,-1.0,-1.8369701987210297e-16
2020-09-12 06:00:00,34.4,56,1005.9,30.0,80.0,1006.4,4.399999999999999,-24.0,-0.5,3.0,1.4666666666666661,-8.0,-0.16666666666666666,32.79999999999998,64.0,1004.6666666666666,2.4331050121192552,13.856406460551009,2.581343319538995,6,9,1.0,6.123233995736766e-17,-1.0,-1.8369701987210297e-16
2020-09-12 09:00:00,34.4,56,1004.2,34.4,56.0,1005.9,0.0,0.0,-1.6999999999999318,3.0,0.0,0.0,-0.5666666666666439,32.933333333333316,64.0,1005.5,2.5403411844343196,13.856406460551009,1.1532562594645175,9,9,0.7071067811865476,-0.7071067811865475,-1.0,-1.8369701987210297e-16
2020-09-12 12:00:00,33.8,56,1002.7,34.4,56.0,1004.2,-0.6000000000000014,0.0,-1.5,3.0,-0.20000000000000048,0.0,-0.5,34.19999999999998,56.0,1004.2666666666668,0.34641016151377524,0.0,1.601041327801834,12,9,1.2246467991473532e-16,-1.0,-1.0,-1.8369701987210297e-16
2020-09-13 03:00:00,29.8,82,1005.8,33.8,56.0,1002.7,-3.9999999999999964,26.0,3.099999999999909,15.0,-0.26666666666666644,1.7333333333333334,0.20666666666666061,32.66666666666664,64.66666666666667,1004.2333333333332,2.50066657780147,15.011106998930268,1.5502687938965416,3,9,0.7071067811865476,0.7071067811865476,-1.0,-1.8369701987210297e-16
2020-09-13 06:00:00,34.0,63,1006.0,29.8,82.0,1005.8,4.199999999999999,-19.0,0.20000000000004547,3.0,1.3999999999999997,-6.333333333333333,0.06666666666668182,32.53333333333331,67.0,1004.8333333333334,2.3692474191889117,13.453624047073706,1.8502252115157087,6,9,1.0,6.123233995736766e-17,-1.0,-1.8369701987210297e-16
2020-09-13 09:00:00,34.2,58,1004.1,34.0,63.0,1006.0,0.20000000000000284,-5.0,-1.8999999999999773,3.0,0.06666666666666761,-1.6666666666666667,-0.6333333333333258,32.66666666666665,67.66666666666667,1005.3000000000001,2.484619353811229,12.662279942148382,1.0440306508883215,9,9,0.7071067811865476,-0.7071067811865475,-1.0,-1.8369701987210297e-16
2020-09-13 12:00:00,33.2,61,1002.7,34.2,58.0,1004.1,-1.0,3.0,-1.3999999999999773,3.0,-0.3333333333333333,1.0,-0.46666666666665907,33.79999999999998,60.666666666666664,1004.2666666666668,0.5291502622129248,2.5166114784235885,1.6563010998395182,12,9,1.2246467991473532e-16,-1.0,-1.0,-1.8369701987210297e-16
2020-09-14 03:00:00,30.4,77,1005.4,33.2,61.0,1002.7,-2.8000000000000043,16.0,2.699999999999932,15.0,-0.18666666666666695,1.0666666666666667,0.17999999999999544,32.59999999999999,65.33333333333333,1004.0666666666666,1.9697715603592199,10.214368964029704,1.3503086067007073,3,9,0.7071067811865476,0.7071067811865476,-1.0,-1.8369701987210297e-16
2020-09-14 09:00:00,35.2,50,1002.4,30.4,77.0,1005.4,4.800000000000004,-27.0,-3.0,6.0,0.8000000000000007,-4.5,-0.5,32.933333333333316,62.666666666666664,1003.5,2.4110855093366834,13.576941236277536,1.6522711641851273,9,9,0.7071067811865476,-0.7071067811865475,-1.0,-1.8369701987210297e-16
2020-09-14 12:00:00,33.8,58,1001.1,35.2,50.0,1002.4,-1.4000000000000057,8.0,-1.2999999999999545,3.0,-0.46666666666666856,2.6666666666666665,-0.4333333333333182,33.13333333333332,61.666666666666664,1002.9666666666666,2.468467810876482,13.86842937514315,2.205296654269387,12,9,1.2246467991473532e-16,-1.0,-1.0,-1.8369701987210297e-16
2020-09-15 03:00:00,30.2,80,1004.1,33.8,58.0,1001.1,-3.599999999999998,22.0,3.0,15.0,-0.23999999999999985,1.4666666666666666,0.2,33.06666666666664,62.666666666666664,1002.5333333333333,2.579405616287078,15.53490693030806,1.504437879519307,3,9,0.7071067811865476,0.7071067811865476,-1.0,-1.8369701987210297e-16
2020-09-15 06:00:00,33.4,62,1004.3,30.2,80.0,1004.1,3.1999999999999993,-18.0,0.1999999999999318,3.0,1.0666666666666664,-6.0,0.06666666666664393,32.46666666666665,66.66666666666667,1003.1666666666666,1.973153144926492,11.718930554164626,1.7925772879660473,6,9,1.0,6.123233995736766e-17,-1.0,-1.8369701987210297e-16
2020-09-15 09:00:00,35.0,59,1002.1,33.4,62.0,1004.3,1.6000000000000014,-3.0,-2.199999999999932,3.0,0.5333333333333338,-1.0,-0.7333333333333106,32.866666666666646,67.0,1003.5,2.4440403706431115,11.35781669160054,1.2165525060588307,9,9,0.7071067811865476,-0.7071067811865475,-1.0,-1.8369701987210297e-16
2020-09-15 12:00:00,34.2,58,1000.4,35.0,59.0,1002.1,-0.7999999999999972,-1.0,-1.7000000000000455,3.0,-0.2666666666666657,-0.3333333333333333,-0.5666666666666819,34.19999999999998,59.666666666666664,1002.2666666666668,0.800000000000007,2.081665999466091,1.9553345834749378,12,9,1.2246467991473532e-16,-1.0,-1.0,-1.8369701987210297e-16
2020-09-16 03:00:00,31.6,75,1003.2,34.2,58.0,1000.4,-2.6000000000000014,17.0,2.800000000000068,15.0,-0.17333333333333342,1.1333333333333333,0.18666666666667123,33.59999999999999,64.0,1001.9,1.777638883463117,9.539392014169447,1.4106735979667528,3,9,0.7071067811865476,0.7071067811865476,-1.0,-1.8369701987210297e-16
2020-09-16 06:00:00,35.4,57,1003.1,31.6,75.0,1003.2,3.799999999999997,-18.0,-0.10000000000002274,3.0,1.2666666666666657,-6.0,-0.03333333333334091,33.73333333333332,63.333333333333336,1002.2333333333332,1.9425069712444611,10.11599393699567,1.5885003409925236,6,9,1.0,6.123233995736766e-17,-1.0,-1.8369701987210297e-16
2020-09-16 09:00:00,35.6,58,1001.6,35.4,57.0,1003.1,0.20000000000000284,1.0,-1.5,3.0,0.06666666666666761,0.3333333333333333,-0.5,34.19999999999998,63.333333333333336,1002.6333333333333,2.253885533916932,10.11599393699567,0.8962886439829311,9,9,0.7071067811865476,-0.7071067811865475,-1.0,-1.8369701987210297e-16
2020-09-16 12:00:00,34.6,51,1000.6,35.6,58.0,1001.6,-1.0,-7.0,-1.0,3.0,-0.3333333333333333,-2.3333333333333335,-0.3333333333333333,35.19999999999998,55.333333333333336,1001.7666666666668,0.5291502622129635,3.7859388972001646,1.2583057392121073,12,9,1.2246467991473532e-16,-1.0,-1.0,-1.8369701987210297e-16
2020-09-17 03:00:00,30.6,72,1003.0,34.6,51.0,1000.6,-4.0,21.0,2.3999999999999773,15.0,-0.26666666666666666,1.4,0.15999999999999848,33.59999999999999,60.333333333333336,1001.7333333333332,2.6457513110645867,10.69267662156362,1.2055427546686663,3,9,0.7071067811865476,0.7071067811865476,-1.0,-1.8369701987210297e-16
2020-09-17 06:00:00,35.2,44,1002.8,30.6,72.0,1003.0,4.600000000000001,-28.0,-0.20000000000004547,3.0,1.5333333333333339,-9.333333333333334,-0.06666666666668182,33.466666666666654,55.666666666666664,1002.1333333333333,2.500666577801469,14.571661996262923,1.3316656236959028,6,9,1.0,6.123233995736766e-17,-1.0,-1.8369701987210297e-16
2020-09-17 09:00:00,35.8,52,1000.9,35.2,44.0,1002.8,0.5999999999999943,8.0,-1.8999999999999773,3.0,0.1999999999999981,2.6666666666666665,-0.6333333333333258,33.86666666666665,56.0,1002.2333333333332,2.84487843911358,14.422205101855951,1.1590225767142013,9,9,0.7071067811865476,-0.7071067811865475,-1.0,-1.8369701987210297e-16
2020-09-17 12:00:00,34.2,60,999.9,35.8,52.0,1000.9,-1.5999999999999943,8.0,-1.0,3.0,-0.5333333333333314,2.6666666666666665,-0.3333333333333333,35.06666666666665,52.0,1001.1999999999999,0.8082903768655013,7.999999999999989,1.4730919862661043,12,9,1.2246467991473532e-16,-1.0,-1.0,-1.8369701987210297e-16
2020-09-18 03:00:00,30.6,73,1001.7,34.2,60.0,999.9,-3.6000000000000014,13.0,1.8000000000000682,15.0,-0.2400000000000001,0.8666666666666667,0.12000000000000455,33.53333333333331,61.666666666666664,1000.8333333333334,2.663331247391756,10.59874206372309,0.9018499505657545,3,9,0.7071067811865476,0.7071067811865476,-1.0,-1.8369701987210297e-16
2020-09-18 06:00:00,35.0,52,1002.1,30.6,73.0,1001.7,4.399999999999999,-21.0,0.39999999999997726,3.0,1.4666666666666661,-7.0,0.13333333333332575,33.26666666666665,61.666666666666664,1001.2333333333332,2.3437861108329248,10.59874206372309,1.1718930554171312,6,9,1.0,6.123233995736766e-17,-1.0,-1.8369701987210297e-16
2020-09-18 09:00:00,36.8,33,1000.5,35.0,52.0,1002.1,1.7999999999999972,-19.0,-1.6000000000000227,3.0,0.5999999999999991,-6.333333333333333,-0.5333333333333409,34.13333333333332,52.666666666666664,1001.4333333333334,3.189566323708186,20.008331597945222,0.8326663997872124,9,9,0.7071067811865476,-0.7071067811865475,-1.0,-1.8369701987210297e-16
2020-09-18 12:00:00,34.6,48,999.4,36.8,33.0,1000.5,-2.1999999999999957,15.0,-1.1000000000000227,3.0,-0.733333333333332,5.0,-0.36666666666667425,35.46666666666665,44.333333333333336,1000.6666666666666,1.1718930554164997,10.016652800877802,1.3576941236286622,12,9,1.2246467991473532e-16,-1.0,-1.0,-1.8369701987210297e-16
2020-09-19 03:00:00,30.4,83,1002.7,34.6,48.0,999.4,-4.200000000000003,35.0,3.300000000000068,15.0,-0.2800000000000002,2.3333333333333335,0.22000000000000455,33.933333333333316,54.666666666666664,1000.8666666666668,3.2516662395352594,25.65800719723442,1.6802777548178318,3,9,0.7071067811865476,0.7071067811865476,-1.0,-1.8369701987210297e-16
2020-09-19 06:00:00,33.8,62,1003.4,30.4,83.0,1002.7,3.3999999999999986,-21.0,0.6999999999999318,3.0,1.1333333333333329,-7.0,0.2333333333333106,32.933333333333316,64.33333333333333,1001.8333333333334,2.230097157823702,17.616280348965077,2.13619599600187,6,9,1.0,6.123233995736766e-17,-1.0,-1.8369701987210297e-16
2020-09-19 12:00:00,33.6,62,999.1,33.8,62.0,1003.4,-0.19999999999999574,0.0,-4.2999999999999545,6.0,-0.033333333333332625,0.0,-0.7166666666666591,32.59999999999999,69.0,1001.7333333333332,1.9078784028338933,12.124355652982135,2.3072349974232313,12,9,1.2246467991473532e-16,-1.0,-1.0,-1.8369701987210297e-16
2020-09-20 03:00:00,30.0,74,1003.5,33.6,62.0,999.1,-3.6000000000000014,12.0,4.399999999999977,15.0,-0.2400000000000001,0.8,0.29333333333333184,32.46666666666665,66.0,1002.0,2.138535324312725,6.928203230275509,2.5119713374162607,3,9,0.7071067811865476,0.7071067811865476,-1.0,-1.8369701987210297e-16
2020-09-20 06:00:00,34.2,55,1002.0,30.0,74.0,1003.5,4.200000000000003,-19.0,-1.5,3.0,1.400000000000001,-6.333333333333333,-0.5,32.59999999999999,63.666666666666664,1001.5333333333333,2.271563338320113,9.609023536933048,2.236813209308018,6,9,1.0,6.123233995736766e-17,-1.0,-1.8369701987210297e-16
2020-09-20 09:00:00,35.6,49,999.8,34.2,55.0,1002.0,1.3999999999999986,-6.0,-2.2000000000000455,3.0,0.4666666666666662,-2.0,-0.7333333333333485,33.26666666666665,59.333333333333336,1001.7666666666668,2.914332399252594,13.051181300301263,1.8610033136280901,9,9,0.7071067811865476,-0.7071067811865475,-1.0,-1.8369701987210297e-16
2020-09-20 12:00:00,34.0,56,998.6,35.6,49.0,999.8,-1.6000000000000014,7.0,-1.1999999999999318,3.0,-0.5333333333333338,2.3333333333333335,-0.39999999999997726,34.59999999999999,53.333333333333336,1000.1333333333333,0.8717797887081978,3.7859388972001855,1.7243356208513616,12,9,1.2246467991473532e-16,-1.0,-1.0,-1.8369701987210297e-16
2020-09-21 03:00:00,30.0,76,1001.7,34.0,56.0,998.6,-4.0,20.0,3.1000000000000227,15.0,-0.26666666666666666,1.3333333333333333,0.2066666666666682,33.19999999999998,60.333333333333336,1000.0333333333333,2.8844410203712028,14.011899704655802,1.5631165450269444,3,9,0.7071067811865476,0.7071067811865476,-1.0,-1.8369701987210297e-16
2020-09-21 06:00:00,34.8,48,1001.3,30.0,76.0,1001.7,4.799999999999997,-28.0,-0.40000000000009095,3.0,1.599999999999999,-9.333333333333334,-0.13333333333336364,32.933333333333316,60.0,1000.5333333333333,2.571640202931463,14.422205101855956,1.6862186493263929,6,9,1.0,6.123233995736766e-17,-1.0,-1.8369701987210297e-16
2020-09-21 12:00:00,33.4,50,997.7,34.8,48.0,1001.3,-1.3999999999999986,2.0,-3.599999999999909,6.0,-0.2333333333333331,0.3333333333333333,-0.5999999999999849,32.73333333333331,58.0,1000.2333333333335,2.4684678108764895,15.620499351813308,2.203028218915183,12,9,1.2246467991473532e-16,-1.0,-1.0,-1.8369701987210297e-16
2020-09-22 03:00:00,29.8,72,1002.4,33.4,50.0,997.7,-3.599999999999998,22.0,4.699999999999932,15.0,-0.23999999999999985,1.4666666666666666,0.3133333333333288,32.66666666666665,56.666666666666664,1000.4666666666666,2.579405616287088,13.316656236958787,2.45831920899952,3,9,0.7071067811865476,0.7071067811865476,-1.0,-1.8369701987210297e-16
2020-09-22 06:00:00,33.0,67,1002.3,29.8,72.0,1002.4,3.1999999999999993,-5.0,-0.10000000000002274,3.0,1.0666666666666664,-1.6666666666666667,-0.03333333333334091,32.06666666666665,63.0,1000.8000000000001,1.9731531449265067,11.532562594670798,2.6851443164199114,6,9,1.0,6.123233995736766e-17,-1.0,-1.8369701987210297e-16
2020-09-22 09:00:00,34.0,67,999.7,33.0,67.0,1002.3,1.0,0.0,-2.599999999999909,3.0,0.3333333333333333,0.0,-0.8666666666666364,32.26666666666665,68.66666666666667,1001.4666666666666,2.1939310229205864,2.8867513459481398,1.5307950004277495,9,9,0.7071067811865476,-0.7071067811865475,-1.0,-1.8369701987210297e-16
2020-09-22 12:00:00,32.8,67,998.0,34.0,67.0,999.7,-1.2000000000000028,0.0,-1.7000000000000455,3.0,-0.40000000000000097,0.0,-0.5666666666666819,33.26666666666665,67.0,1000.0,0.6429100507329155,0.0,2.1656407827716704,12,9,1.2246467991473532e-16,-1.0,-1.0,-1.8369701987210297e-16
2020-09-23 03:00:00,29.4,68,1001.9,32.8,67.0,998.0,-3.3999999999999986,1.0,3.8999999999999773,15.0,-0.22666666666666657,0.06666666666666667,0.2599999999999985,32.06666666666665,67.33333333333333,999.8666666666667,2.3860706890897823,0.5773502691896278,1.9553345834760634,3,9,0.7071067811865476,0.7071067811865476,-1.0,-1.8369701987210297e-16
2020-09-23 06:00:00,32.6,63,1001.5,29.4,68.0,1001.9,3.200000000000003,-5.0,-0.39999999999997726,3.0,1.0666666666666675,-1.6666666666666667,-0.13333333333332575,31.599999999999984,66.0,1000.4666666666667,1.9078784028339044,2.645751311064591,2.145538005567946,6,9,1.0,6.123233995736766e-17,-1.0,-1.8369701987210297e-16
2020-09-23 09:00:00,35.0,58,999.1,32.6,63.0,1001.5,2.3999999999999986,-5.0,-2.3999999999999773,3.0,0.7999999999999995,-1.6666666666666667,-0.7999999999999924,32.333333333333314,63.0,1000.8333333333334,2.8095076674274058,5.0,1.514375558880874,9,9,0.7071067811865476,-0.7071067811865475,-1.0,-1.8369701987210297e-16
2020-09-23 12:00:00,32.8,67,997.8,35.0,58.0,999.1,-2.200000000000003,9.0,-1.3000000000000682,3.0,-0.7333333333333343,3.0,-0.43333333333335605,33.46666666666665,62.666666666666664,999.4666666666666,1.3316656236958921,4.509249752822895,1.8770544300414678,12,9,1.2246467991473532e-16,-1.0,-1.0,-1.8369701987210297e-16
2020-09-24 03:00:00,28.6,85,1003.8,32.8,67.0,997.8,-4.199999999999996,18.0,6.0,15.0,-0.2799999999999997,1.2,0.4,32.13333333333332,70.0,1000.2333333333332,3.2516662395352616,13.74772708486752,3.156474826976562,3,9,0.7071067811865476,0.7071067811865476,-1.0,-1.8369701987210297e-16
2020-09-24 06:00:00,32.6,70,1003.7,28.6,85.0,1003.8,4.0,-15.0,-0.09999999999990905,3.0,1.3333333333333333,-5.0,-0.03333333333330302,31.333333333333314,74.0,1001.7666666666668,2.3692474191889303,9.643650760992955,3.435597958628779,6,9,1.0,6.123233995736766e-17,-1.0,-1.8369701987210297e-16
2020-09-24 09:00:00,34.2,55,1001.4,32.6,70.0,1003.7,1.6000000000000014,-15.0,-2.300000000000068,3.0,0.5333333333333338,-5.0,-0.7666666666666894,31.799999999999983,70.0,1002.9666666666667,2.8844410203712045,15.0,1.35769412362727,9,9,0.7071067811865476,-0.7071067811865475,-1.0,-1.8369701987210297e-16
2020-09-24 12:00:00,33.2,63,1000.6,34.2,55.0,1001.4,-1.0,8.0,-0.7999999999999545,3.0,-0.3333333333333333,2.6666666666666665,-0.2666666666666515,33.33333333333332,62.666666666666664,1001.9,0.8082903768655036,7.505553499465135,1.6093476939432714,12,9,1.2246467991473532e-16,-1.0,-1.0,-1.8369701987210297e-16
2020-09-25 03:00:00,28.8,82,1003.0,33.2,63.0,1000.6,-4.400000000000002,19.0,2.3999999999999773,15.0,-0.2933333333333335,1.2666666666666666,0.15999999999999848,32.066666666666656,66.66666666666667,1001.6666666666666,2.872861523522047,13.868429375143146,1.222020185321891,3,9,0.7071067811865476,0.7071067811865476,-1.0,-1.8369701987210297e-16
2020-09-25 06:00:00,34.0,58,1002.8,28.8,82.0,1003.0,5.199999999999999,-24.0,-0.20000000000004547,3.0,1.7333333333333332,-8.0,-0.06666666666668182,31.999999999999986,67.66666666666667,1002.1333333333332,2.800000000000015,12.662279942148384,1.3316656236958713,6,9,1.0,6.123233995736766e-17,-1.0,-1.8369701987210297e-16
2020-09-25 09:00:00,35.0,48,1000.9,34.0,58.0,1002.8,1.0,-10.0,-1.8999999999999773,3.0,0.3333333333333333,-3.3333333333333335,-0.6333333333333258,32.59999999999999,62.666666666666664,1002.2333333333332,3.3286633954186575,17.473789896108208,1.159022576714165,9,9,0.7071067811865476,-0.7071067811865475,-1.0,-1.8369701987210297e-16
2020-09-25 12:00:00,33.6,46,999.7,35.0,48.0,1000.9,-1.3999999999999986,-2.0,-1.1999999999999318,3.0,-0.4666666666666662,-0.6666666666666666,-0.39999999999997726,34.19999999999999,50.666666666666664,1001.1333333333333,0.7211102550928155,6.429100507328627,1.563116545026182,12,9,1.2246467991473532e-16,-1.0,-1.0,-1.8369701987210297e-16
2020-09-26 03:00:00,27.2,67,1002.1,33.6,46.0,999.7,-6.400000000000002,21.0,2.3999999999999773,15.0,-0.4266666666666668,1.4,0.15999999999999848,31.93333333333332,53.666666666666664,1000.9,4.1585253796668615,11.59022576714247,1.200000000000709,3,9,0.7071067811865476,0.7071067811865476,-1.0,-1.8369701987210297e-16
2020-09-26 06:00:00,32.6,52,1002.9,27.2,67.0,1002.1,5.400000000000002,-15.0,0.7999999999999545,3.0,1.8000000000000007,-5.0,0.2666666666666515,31.133333333333322,55.0,1001.5666666666666,3.4428670223134428,10.816653826391965,1.6653327995731555,6,9,1.0,6.123233995736766e-17,-1.0,-1.8369701987210297e-16
2020-09-26 09:00:00,34.4,46,1001.6,32.6,52.0,1002.9,1.7999999999999972,-6.0,-1.2999999999999545,3.0,0.5999999999999991,-2.0,-0.4333333333333182,31.399999999999988,55.0,1002.2000000000002,3.74699879903905,10.816653826391965,0.6557438524303384,9,9,0.7071067811865476,-0.7071067811865475,-1.0,-1.8369701987210297e-16
2020-09-26 12:00:00,32.8,51,1000.8,34.4,46.0,1001.6,-1.6000000000000014,5.0,-0.8000000000000682,3.0,-0.5333333333333338,1.6666666666666667,-0.2666666666666894,33.26666666666665,49.666666666666664,1001.7666666666668,0.9865765724632641,3.21455025366431,1.0598742063726365,12,9,1.2246467991473532e-16,-1.0,-1.0,-1.8369701987210297e-16
2020-09-27 03:00:00,27.0,76,1006.1,32.8,51.0,1000.8,-5.799999999999997,25.0,5.300000000000068,15.0,-0.3866666666666665,1.6666666666666667,0.3533333333333379,31.399999999999988,57.666666666666664,1002.8333333333334,3.893584466786365,16.072751268321593,2.857154761879896,3,9,0.7071067811865476,0.7071067811865476,-1.0,-1.8369701987210297e-16
2020-09-27 06:00:00,32.6,57,1006.1,27.0,76.0,1006.1,5.600000000000001,-19.0,0.0,3.0,1.8666666666666671,-6.333333333333333,0.0,30.799999999999986,61.333333333333336,1004.3333333333334,3.292415526630877,13.051181300301263,3.0599564267047086,6,9,1.0,6.123233995736766e-17,-1.0,-1.8369701987210297e-16
2020-09-27 09:00:00,34.4,49,1004.1,32.6,57.0,1006.1,1.7999999999999972,-8.0,-2.0,3.0,0.5999999999999991,-2.6666666666666665,-0.6666666666666666,31.333333333333325,60.666666666666664,1005.4333333333334,3.85918817024169,13.868429375143146,1.154700538379268,9,9,0.7071067811865476,-0.7071067811865475,-1.0,-1.8369701987210297e-16
2020-09-27 12:00:00,33.4,48,1003.2,34.4,49.0,1004.1,-1.0,-1.0,-0.8999999999999773,3.0,-0.3333333333333333,-0.3333333333333333,-0.29999999999999244,33.466666666666654,51.333333333333336,1004.4666666666667,0.901849950564599,4.932882862316243,1.4843629385475707,12,9,1.2246467991473532e-16,-1.0,-1.0,-1.8369701987210297e-16
2020-09-28 03:00:00,26.8,69,1007.8,33.4,48.0,1003.2,-6.599999999999998,21.0,4.599999999999909,15.0,-0.43999999999999984,1.4,0.3066666666666606,31.533333333333317,55.333333333333336,1005.0333333333333,4.129568177586295,11.846237095944572,2.4378952670968586,3,9,0.7071067811865476,0.7071067811865476,-1.0,-1.8369701987210297e-16
2020-09-28 06:00:00,32.0,55,1007.7,26.8,69.0,1007.8,5.199999999999999,-14.0,-0.09999999999990905,3.0,1.7333333333333332,-4.666666666666667,-0.03333333333330302,30.73333333333332,57.333333333333336,1006.2333333333335,3.477547028198672,10.692676621563624,2.6274195198584174,6,9,1.0,6.123233995736766e-17,-1.0,-1.8369701987210297e-16
2020-09-28 09:00:00,34.2,37,1005.2,32.0,55.0,1007.7,2.200000000000003,-18.0,-2.5,3.0,0.7333333333333343,-6.0,-0.8333333333333334,30.99999999999999,53.666666666666664,1006.9,3.8000000000000127,16.041612554021285,1.4730919862654857,9,9,0.7071067811865476,-0.7071067811865475,-1.0,-1.8369701987210297e-16
2020-09-28 12:00:00,31.8,47,1004.5,34.2,37.0,1005.2,-2.400000000000002,10.0,-0.7000000000000455,3.0,-0.8000000000000007,3.3333333333333335,-0.2333333333333485,32.66666666666666,46.333333333333336,1005.8000000000001,1.3316656236959072,9.018499505645782,1.6822603841261496,12,9,1.2246467991473532e-16,-1.0,-1.0,-1.8369701987210297e-16
2020-09-29 03:00:00,28.0,63,1007.1,31.8,47.0,1004.5,-3.8000000000000007,16.0,2.6000000000000227,15.0,-0.25333333333333335,1.0666666666666667,0.17333333333333484,31.333333333333325,49.0,1005.6,3.126233090051577,13.114877048603997,1.3453624047075017,3,9,0.7071067811865476,0.7071067811865476,-1.0,-1.8369701987210297e-16
2020-09-29 06:00:00,32.6,46,1007.7,28.0,63.0,1007.1,4.600000000000001,-17.0,0.6000000000000227,3.0,1.5333333333333339,-5.666666666666667,0.2000000000000076,30.799999999999986,52.0,1006.4333333333334,2.457641145488922,9.53939201416945,1.7009801096231023,6,9,1.0,6.123233995736766e-17,-1.0,-1.8369701987210297e-16
2020-09-29 09:00:00,34.0,46,1005.2,32.6,46.0,1007.7,1.3999999999999986,0.0,-2.5,3.0,0.4666666666666662,0.0,-0.8333333333333334,31.53333333333332,51.666666666666664,1006.6666666666666,3.1390019645316296,9.81495457622363,1.3051181300300827,9,9,0.7071067811865476,-0.7071067811865475,-1.0,-1.8369701987210297e-16
2020-09-29 12:00:00,32.2,54,1003.9,34.0,46.0,1005.2,-1.7999999999999972,8.0,-1.3000000000000682,3.0,-0.5999999999999991,2.6666666666666665,-0.43333333333335605,32.93333333333332,48.666666666666664,1005.6,0.9451631252505666,4.618802153517007,1.931320791582913,12,9,1.2246467991473532e-16,-1.0,-1.0,-1.8369701987210297e-16
2020-09-30 03:00:00,27.0,67,1006.1,32.2,54.0,1003.9,-5.200000000000003,13.0,2.2000000000000455,15.0,-0.34666666666666685,0.8666666666666667,0.1466666666666697,31.066666666666652,55.666666666666664,1005.0666666666666,3.6350149013908393,10.5987420637231,1.1060440015360486,3,9,0.7071067811865476,0.7071067811865476,-1.0,-1.8369701987210297e-16
2020-09-30 06:00:00,33.4,39,1005.7,27.0,67.0,1006.1,6.399999999999999,-28.0,-0.39999999999997726,3.0,2.133333333333333,-9.333333333333334,-0.13333333333332575,30.866666666666656,53.333333333333336,1005.2333333333332,3.4019602192461713,14.011899704655805,1.171893055416674,6,9,1.0,6.123233995736766e-17,-1.0,-1.8369701987210297e-16
2020-09-30 09:00:00,34.2,38,1003.9,33.4,39.0,1005.7,0.8000000000000043,-1.0,-1.8000000000000682,3.0,0.2666666666666681,-0.3333333333333333,-0.6000000000000227,31.53333333333332,48.0,1005.2333333333332,3.9463062898530143,16.46207763315433,1.171893055416674,9,9,0.7071067811865476,-0.7071067811865475,-1.0,-1.8369701987210297e-16
2020-09-30 12:00:00,32.2,49,1003.0,34.2,38.0,1003.9,-2.0,11.0,-0.8999999999999773,3.0,-0.6666666666666666,3.6666666666666665,-0.29999999999999244,33.26666666666665,42.0,1004.1999999999999,1.0066445913694915,6.082762530298229,1.3747727084870738,12,9,1.2246467991473532e-16,-1.0,-1.0,-1.8369701987210297e-16
2020-10-01 03:00:00,27.4,64,1005.2,32.2,49.0,1003.0,-4.800000000000004,15.0,2.2000000000000455,15.0,-0.3200000000000003,1.0,0.1466666666666697,31.26666666666665,50.333333333333336,1004.0333333333333,3.494757979221665,13.051181300301266,1.106044001536219,3,10,0.7071067811865476,0.7071067811865476,-0.8660254037844386,0.5000000000000001
2020-10-01 06:00:00,32.8,48,1005.1,27.4,64.0,1005.2,5.399999999999999,-16.0,-0.10000000000002274,3.0,1.7999999999999996,-5.333333333333333,-0.03333333333334091,30.799999999999983,53.666666666666664,1004.4333333333334,2.959729717389775,8.962886439832506,1.242309676905866,6,10,1.0,6.123233995736766e-17,-0.8660254037844386,0.5000000000000001
2020-10-01 09:00:00,35.0,40,1003.0,32.8,48.0,1005.1,2.200000000000003,-8.0,-2.1000000000000227,3.0,0.7333333333333343,-2.6666666666666665,-0.7000000000000076,31.73333333333332,50.666666666666664,1004.4333333333334,3.9106691669500084,12.220201853215574,1.242309676905866,9,10,0.7071067811865476,-0.7071067811865475,-0.8660254037844386,0.5000000000000001
2020-10-01 12:00:00,32.8,45,1002.5,35.0,40.0,1003.0,-2.200000000000003,5.0,-0.5,3.0,-0.7333333333333343,1.6666666666666667,-0.16666666666666666,33.53333333333331,44.333333333333336,1003.5333333333334,1.2701705922172213,4.041451884327381,1.3796134724388163,12,10,1.2246467991473532e-16,-1.0,-0.8660254037844386,0.5000000000000001
2020-10-02 03:00:00,26.8,75,1005.4,32.8,45.0,1002.5,-5.9999999999999964,30.0,2.8999999999999773,15.0,-0.39999999999999974,2.0,0.19333333333333183,31.53333333333332,53.333333333333336,1003.6333333333333,4.244211744639217,18.929694486000912,1.550268793898165,3,10,0.7071067811865476,0.7071067811865476,-0.8660254037844386,0.5000000000000001
2020-10-02 06:00:00,33.4,32,1005.4,26.8,75.0,1005.4,6.599999999999998,-43.0,0.0,3.0,2.1999999999999993,-14.333333333333334,0.0,30.999999999999982,50.666666666666664,1004.4333333333334,3.6496575181789503,22.052966542697455,1.674315780650017,6,10,1.0,6.123233995736766e-17,-0.8660254037844386,0.5000000000000001
2020-10-02 09:00:00,34.2,29,1004.2,33.4,32.0,1005.4,0.8000000000000043,-3.0,-1.1999999999999318,3.0,0.2666666666666681,-1.0,-0.39999999999997726,31.46666666666665,45.333333333333336,1005.0,4.061198509471493,25.73583752927682,0.6928203230275115,9,10,0.7071067811865476,-0.7071067811865475,-0.8660254037844386,0.5000000000000001
2020-10-02 12:00:00,32.2,36,1003.8,34.2,29.0,1004.2,-2.0,7.0,-0.40000000000009095,3.0,-0.6666666666666666,2.3333333333333335,-0.13333333333336364,33.26666666666665,32.333333333333336,1004.4666666666666,1.0066445913694864,3.5118845842842443,0.8326663997864103,12,10,1.2246467991473532e-16,-1.0,-0.8660254037844386,0.5000000000000001
2020-10-03 03:00:00,25.0,73,1006.7,32.2,36.0,1003.8,-7.200000000000003,37.0,2.900000000000091,15.0,-0.4800000000000002,2.466666666666667,0.1933333333333394,30.46666666666665,46.0,1004.9,4.838732616433098,23.643180835073778,1.5716233645501962,3,10,0.7071067811865476,0.7071067811865476,-0.8660254037844386,0.5000000000000001
2020-10-03 06:00:00,32.4,39,1006.9,25.0,73.0,1006.7,7.399999999999999,-34.0,0.1999999999999318,3.0,2.4666666666666663,-11.333333333333334,0.06666666666664393,29.86666666666665,49.333333333333336,1005.8000000000001,4.215843134336652,20.55075018906447,1.7349351572897869,6,10,1.0,6.123233995736766e-17,-0.8660254037844386,0.5000000000000001
2020-10-03 09:00:00,34.6,23,1005.0,32.4,39.0,1006.9,2.200000000000003,-16.0,-1.8999999999999773,3.0,0.7333333333333343,-5.333333333333333,-0.6333333333333258,30.666666666666647,45.0,1006.1999999999999,5.029247790011294,25.534290669607408,1.0440306508910784,9,10,0.7071067811865476,-0.7071067811865475,-0.8660254037844386,0.5000000000000001
2020-10-03 12:00:00,32.2,34,1004.2,34.6,23.0,1005.0,-2.3999999999999986,11.0,-0.7999999999999545,3.0,-0.7999999999999995,3.6666666666666665,-0.2666666666666515,33.066666666666656,32.0,1005.3666666666667,1.3316656236959332,8.18535277187245,1.3868429375142008,12,10,1.2246467991473532e-16,-1.0,-0.8660254037844386,0.5000000000000001
2020-10-04 03:00:00,25.6,70,1009.0,32.2,34.0,1004.2,-6.600000000000001,36.0,4.7999999999999545,15.0,-0.4400000000000001,2.4,0.31999999999999695,30.799999999999983,42.333333333333336,1006.0666666666666,4.660472079092435,24.583192089989723,2.5716402029314165,3,10,0.7071067811865476,0.7071067811865476,-0.8660254037844386,0.5000000000000001
2020-10-04 06:00:00,32.8,35,1008.1,25.6,70.0,1009.0,7.199999999999996,-35.0,-0.8999999999999773,3.0,2.3999999999999986,-11.666666666666666,-0.29999999999999244,30.199999999999985,46.333333333333336,1007.1,3.9949968710876553,20.502032419575706,2.551470164434623,6,10,1.0,6.123233995736766e-17,-0.8660254037844386,0.5000000000000001
2020-10-04 09:00:00,34.6,27,1005.5,32.8,35.0,1008.1,1.8000000000000043,-8.0,-2.6000000000000227,3.0,0.6000000000000014,-2.6666666666666665,-0.8666666666666742,30.999999999999982,44.0,1007.5333333333334,4.762352359916279,22.86919325205854,1.8175074506954811,9,10,0.7071067811865476,-0.7071067811865475,-0.8660254037844386,0.5000000000000001
2020-10-04 12:00:00,32.2,33,1004.5,34.6,27.0,1005.5,-2.3999999999999986,6.0,-1.0,3.0,-0.7999999999999995,2.0,-0.3333333333333333,33.19999999999999,31.666666666666668,1006.0333333333334,1.2489995996797345,4.163331998932252,1.8583146486353848,12,10,1.2246467991473532e-16,-1.0,-0.8660254037844386,0.5000000000000001
2020-10-05 03:00:00,25.4,66,1008.2,32.2,33.0,1004.5,-6.800000000000004,33.0,3.7000000000000455,15.0,-0.45333333333333364,2.2,0.2466666666666697,30.733333333333317,42.0,1006.0666666666666,4.77214137817956,20.999999999999996,1.91398362932732,3,10,0.7071067811865476,0.7071067811865476,-0.8660254037844386,0.5000000000000001
2020-10-05 06:00:00,33.6,29,1006.9,25.4,66.0,1008.2,8.200000000000003,-37.0,-1.3000000000000682,3.0,2.7333333333333343,-12.333333333333334,-0.43333333333335605,30.399999999999988,42.666666666666664,1006.5333333333333,4.386342439892283,20.305992547357373,1.8770544300401262,6,10,1.0,6.123233995736766e-17,-0.8660254037844386,0.5000000000000001
2020-10-05 09:00:00,35.0,23,1004.7,33.6,29.0,1006.9,1.3999999999999986,-6.0,-2.199999999999932,3.0,0.4666666666666662,-2.0,-0.7333333333333106,31.333333333333314,39.333333333333336,1006.6,5.185878260558526,23.28805129961142,1.7691806012953986,9,10,0.7071067811865476,-0.7071067811865475,-0.8660254037844386,0.5000000000000001
2020-10-05 12:00:00,32.6,31,1004.1,35.0,23.0,1004.7,-2.3999999999999986,8.0,-0.6000000000000227,3.0,-0.7999999999999995,2.6666666666666665,-0.2000000000000076,33.73333333333331,27.666666666666668,1005.2333333333332,1.2055427546684179,4.163331998932264,1.4742229591660685,12,10,1.2246467991473532e-16,-1.0,-0.8660254037844386,0.5000000000000001
2020-10-06 03:00:00,26.2,58,1008.4,32.6,31.0,1004.1,-6.400000000000002,27.0,4.2999999999999545,15.0,-0.4266666666666668,1.8,0.2866666666666636,31.26666666666665,37.333333333333336,1005.7333333333332,4.548992562461882,18.33939293797189,2.3288051299610006,3,10,0.7071067811865476,0.7071067811865476,-0.8660254037844386,0.5000000000000001
2020-10-06 06:00:00,32.4,47,1007.9,26.2,58.0,1008.4,6.199999999999999,-11.0,-0.5,3.0,2.0666666666666664,-3.6666666666666665,-0.16666666666666666,30.39999999999998,45.333333333333336,1006.8000000000001,3.6386810797320743,13.576941236277532,2.351595203260995,6,10,1.0,6.123233995736766e-17,-0.8660254037844386,0.5000000000000001
2020-10-06 09:00:00,34.8,27,1005.7,32.4,47.0,1007.9,2.3999999999999986,-20.0,-2.199999999999932,3.0,0.7999999999999995,-6.666666666666667,-0.7333333333333106,31.133333333333315,44.0,1007.3333333333334,4.437717130838051,15.716233645501708,1.4364307617612315,9,10,0.7071067811865476,-0.7071067811865475,-0.8660254037844386,0.5000000000000001
2020-10-06 12:00:00,32.0,40,1005.1,34.8,27.0,1005.7,-2.799999999999997,13.0,-0.6000000000000227,3.0,-0.9333333333333323,4.333333333333333,-0.2000000000000076,33.06666666666664,38.0,1006.2333333333332,1.5143755588801335,10.148891565092216,1.4742229591663936,12,10,1.2246467991473532e-16,-1.0,-0.8660254037844386,0.5000000000000001
2020-10-07 03:00:00,23.8,75,1010.3,32.0,40.0,1005.1,-8.2,35.0,5.199999999999932,15.0,-0.5466666666666666,2.3333333333333335,0.3466666666666621,30.199999999999985,47.333333333333336,1007.0333333333333,5.716642371182592,24.826061575153904,2.8448784391136708,3,10,0.7071067811865476,0.7071067811865476,-0.8660254037844386,0.5000000000000001
2020-10-07 06:00:00,33.0,40,1009.9,23.8,75.0,1010.3,9.2,-35.0,-0.39999999999997726,3.0,3.0666666666666664,-11.666666666666666,-0.13333333333332575,29.599999999999984,51.666666666666664,1008.4333333333334,5.047771785649599,20.207259421636895,2.8936712552283836,6,10,1.0,6.123233995736766e-17,-0.8660254037844386,0.5000000000000001
2020-10-07 09:00:00,34.8,28,1007.3,33.0,40.0,1009.9,1.7999999999999972,-12.0,-2.6000000000000227,3.0,0.5999999999999991,-4.0,-0.8666666666666742,30.533333333333317,47.666666666666664,1009.1666666666666,5.900282479113476,24.419937209856478,1.6289055630501905,9,10,0.7071067811865476,-0.7071067811865475,-0.8660254037844386,0.5000000000000001
2020-10-07 12:00:00,32.2,38,1006.8,34.8,28.0,1007.3,-2.5999999999999943,10.0,-0.5,3.0,-0.8666666666666648,3.3333333333333335,-0.16666666666666666,33.33333333333332,35.333333333333336,1008.0,1.3316656236959317,6.429100507328609,1.6643316977098814,12,10,1.2246467991473532e-16,-1.0,-0.8660254037844386,0.5000000000000001
2020-10-08 03:00:00,25.8,67,1010.2,32.2,38.0,1006.8,-6.400000000000002,29.0,3.400000000000091,15.0,-0.4266666666666668,1.9333333333333333,0.22666666666667273,30.93333333333332,44.333333333333336,1008.1,4.631774318048481,20.25668613898465,1.8357559750691415,3,10,0.7071067811865476,0.7071067811865476,-0.8660254037844386,0.5000000000000001
2020-10-08 06:00:00,32.6,45,1010.0,25.8,67.0,1010.2,6.800000000000001,-22.0,-0.20000000000004547,3.0,2.266666666666667,-7.333333333333333,-0.06666666666668182,30.19999999999999,50.0,1009.0,3.815756805667803,15.132745950421542,1.907878402834526,6,10,1.0,6.123233995736766e-17,-0.8660254037844386,0.5000000000000001
2020-10-08 09:00:00,34.4,34,1007.9,32.6,45.0,1010.0,1.7999999999999972,-11.0,-2.1000000000000227,3.0,0.5999999999999991,-3.6666666666666665,-0.7000000000000076,30.93333333333332,48.666666666666664,1009.3666666666667,4.535783651513097,16.802777548171402,1.2741009902420515,9,10,0.7071067811865476,-0.7071067811865475,-0.8660254037844386,0.5000000000000001
2020-10-08 12:00:00,31.8,36,1007.4,34.4,34.0,1007.9,-2.599999999999998,2.0,-0.5,3.0,-0.8666666666666659,0.6666666666666666,-0.16666666666666666,32.93333333333332,38.333333333333336,1008.4333333333334,1.3316656236959472,5.859465277082276,1.3796134724390716,12,10,1.2246467991473532e-16,-1.0,-0.8660254037844386,0.5000000000000001
2020-10-09 03:00:00,24.4,74,1011.3,31.8,36.0,1007.4,-7.400000000000002,38.0,3.8999999999999773,15.0,-0.49333333333333346,2.533333333333333,0.2599999999999985,30.199999999999985,48.0,1008.8666666666667,5.188448708429155,22.53885533916928,2.122105872320127,3,10,0.7071067811865476,0.7071067811865476,-0.8660254037844386,0.5000000000000001
2020-10-09 06:00:00,32.0,44,1011.1,24.4,74.0,1011.3,7.600000000000001,-30.0,-0.1999999999999318,3.0,2.5333333333333337,-10.0,-0.06666666666664393,29.399999999999988,51.333333333333336,1009.9333333333333,4.331281565541562,20.033305601755615,2.196208854671208,6,10,1.0,6.123233995736766e-17,-0.8660254037844386,0.5000000000000001
2020-10-09 09:00:00,34.4,29,1008.3,32.0,44.0,1011.1,2.3999999999999986,-15.0,-2.800000000000068,3.0,0.7999999999999995,-5.0,-0.9333333333333561,30.26666666666665,49.0,1010.2333333333332,5.22047252012052,22.91287847477919,1.6772994167221562,9,10,0.7071067811865476,-0.7071067811865475,-0.8660254037844386,0.5000000000000001
2020-10-09 12:00:00,31.6,37,1007.3,34.4,29.0,1008.3,-2.799999999999997,8.0,-1.0,3.0,-0.9333333333333323,2.6666666666666665,-0.3333333333333333,32.66666666666665,36.666666666666664,1008.9,1.5143755588801313,7.505553499465105,1.9697715603599362,12,10,1.2246467991473532e-16,-1.0,-0.8660254037844386,0.5000000000000001
2020-10-10 03:00:00,25.0,73,1010.2,31.6,37.0,1007.3,-6.600000000000001,36.0,2.900000000000091,15.0,-0.4400000000000001,2.4,0.1933333333333394,30.333333333333314,46.333333333333336,1008.6,4.826316746063555,23.43786110832925,1.473091986266569,3,10,0.7071067811865476,0.7071067811865476,-0.8660254037844386,0.5000000000000001
2020-10-10 06:00:00,33.2,29,1009.7,25.0,73.0,1010.2,8.200000000000003,-44.0,-0.5,3.0,2.7333333333333343,-14.666666666666666,-0.16666666666666666,29.93333333333332,46.333333333333336,1009.0666666666666,4.346646216720832,23.43786110832925,1.5502687938987783,6,10,1.0,6.123233995736766e-17,-0.8660254037844386,0.5000000000000001
2020-10-10 09:00:00,34.2,32,1006.9,33.2,29.0,1009.7,1.0,3.0,-2.800000000000068,3.0,0.3333333333333333,1.0,-0.9333333333333561,30.799999999999986,44.666666666666664,1008.9333333333334,5.047771785649604,24.583192089989712,1.778576209594709,9,10,0.7071067811865476,-0.7071067811865475,-0.8660254037844386,0.5000000000000001
2020-10-10 12:00:00,32.2,41,1005.5,34.2,32.0,1006.9,-2.0,9.0,-1.3999999999999773,3.0,-0.6666666666666666,3.0,-0.46666666666665907,33.19999999999999,34.0,1007.3666666666667,1.0000000000000924,6.244997998398354,2.1385353243131893,12,10,1.2246467991473532e-16,-1.0,-0.8660254037844386,0.5000000000000001
2020-10-11 03:00:00,25.8,67,1008.0,32.2,41.0,1005.5,-6.400000000000002,26.0,2.5,15.0,-0.4266666666666668,1.7333333333333334,0.16666666666666666,30.73333333333332,46.666666666666664,1006.8000000000001,4.387862045841178,18.1750745069541,1.2529964086147578,3,10,0.7071067811865476,0.7071067811865476,-0.8660254037844386,0.5000000000000001
2020-10-11 06:00:00,33.6,26,1006.8,25.8,67.0,1008.0,7.800000000000001,-41.0,-1.2000000000000455,3.0,2.6,-13.666666666666666,-0.4000000000000152,30.53333333333332,44.666666666666664,1006.7666666666668,4.158525379666874,20.744477176668802,1.2503332889013188,6,10,1.0,6.123233995736766e-17,-0.8660254037844386,0.5000000000000001
2020-10-11 09:00:00,35.0,22,1003.8,33.6,26.0,1006.8,1.3999999999999986,-4.0,-3.0,3.0,0.4666666666666662,-1.3333333333333333,-1.0,31.466666666666654,38.333333333333336,1006.1999999999999,4.9571497186723645,24.90649179096351,2.163330765278592,9,10,0.7071067811865476,-0.7071067811865475,-0.8660254037844386,0.5000000000000001
2020-10-11 12:00:00,32.6,36,1003.0,35.0,22.0,1003.8,-2.3999999999999986,14.0,-0.7999999999999545,3.0,-0.7999999999999995,4.666666666666667,-0.2666666666666515,33.73333333333332,28.0,1004.5333333333333,1.2055427546684063,7.2111025509279445,2.003330560175277,12,10,1.2246467991473532e-16,-1.0,-0.8660254037844386,0.5000000000000001
2020-10-12 03:00:00,24.6,65,1006.6,32.6,36.0,1003.0,-8.0,29.0,3.6000000000000227,15.0,-0.5333333333333333,1.9333333333333333,0.24000000000000152,30.73333333333332,41.0,1004.4666666666667,5.445487428443248,21.93171219946129,1.8903262505007927,3,10,0.7071067811865476,0.7071067811865476,-0.8660254037844386,0.5000000000000001
2020-10-12 06:00:00,31.8,43,1005.8,24.6,65.0,1006.6,7.199999999999999,-22.0,-0.8000000000000682,3.0,2.4,-7.333333333333333,-0.2666666666666894,29.666666666666654,48.0,1005.1333333333333,4.406056437828895,15.132745950421526,1.8903262505009983,6,10,1.0,6.123233995736766e-17,-0.8660254037844386,0.5000000000000001
2020-10-12 09:00:00,34.4,28,1003.1,31.8,43.0,1005.8,2.599999999999998,-15.0,-2.699999999999932,3.0,0.8666666666666659,-5.0,-0.8999999999999773,30.26666666666665,45.333333333333336,1005.1666666666666,5.076744363598924,18.610033136277124,1.833939293797174,9,10,0.7071067811865476,-0.7071067811865475,-0.8660254037844386,0.5000000000000001
2020-10-12 12:00:00,30.6,48,1002.1,34.4,28.0,1003.1,-3.799999999999997,20.0,-1.0,3.0,-1.2666666666666657,6.666666666666667,-0.3333333333333333,32.26666666666666,39.666666666666664,1003.6666666666666,1.9425069712445004,10.408329997330632,1.9139836293269032,12,10,1.2246467991473532e-16,-1.0,-0.8660254037844386,0.5000000000000001
2020-10-13 03:00:00,23.8,76,1006.8,30.6,48.0,1002.1,-6.800000000000001,28.0,4.699999999999932,15.0,-0.45333333333333337,1.8666666666666667,0.3133333333333288,29.599999999999984,50.666666666666664,1004.0,5.370288632839035,24.110855093366812,2.475883680627647,3,10,0.7071067811865476,0.7071067811865476,-0.8660254037844386,0.5000000000000001
2020-10-13 06:00:00,31.8,47,1006.7,23.8,76.0,1006.8,8.0,-29.0,-0.09999999999990905,3.0,2.6666666666666665,-9.666666666666666,-0.03333333333330302,28.73333333333332,57.0,1005.1999999999999,4.314317249963603,16.46207763315429,2.685144316419437,6,10,1.0,6.123233995736766e-17,-0.8660254037844386,0.5000000000000001
2020-10-13 12:00:00,32.2,46,1004.2,31.8,47.0,1006.7,0.40000000000000213,-1.0,-2.5,6.0,0.06666666666666703,-0.16666666666666666,-0.4166666666666667,29.266666666666655,56.333333333333336,1005.9000000000001,4.738494838377847,17.03917055884271,1.47309198626572,12,10,1.2246467991473532e-16,-1.0,-0.8660254037844386,0.5000000000000001
2020-10-14 03:00:00,24.6,72,1009.0,32.2,46.0,1004.2,-7.600000000000001,26.0,4.7999999999999545,15.0,-0.5066666666666667,1.7333333333333334,0.31999999999999695,29.53333333333332,55.0,1006.6333333333333,4.27707064862547,14.730919862656197,2.400694344004296,3,10,0.7071067811865476,0.7071067811865476,-0.8660254037844386,0.5000000000000001
2020-10-14 06:00:00,32.4,37,1008.8,24.6,72.0,1009.0,7.799999999999997,-35.0,-0.20000000000004547,3.0,2.599999999999999,-11.666666666666666,-0.06666666666668182,29.73333333333332,51.666666666666664,1007.3333333333334,4.446721638840629,18.175074506954086,2.7153882472557305,6,10,1.0,6.123233995736766e-17,-0.8660254037844386,0.5000000000000001
2020-10-14 09:00:00,34.6,21,1005.7,32.4,37.0,1008.8,2.200000000000003,-16.0,-3.099999999999909,3.0,0.7333333333333343,-5.333333333333333,-1.033333333333303,30.53333333333332,43.333333333333336,1007.8333333333334,5.254839039716963,26.08320021265283,1.8502252115174873,9,10,0.7071067811865476,-0.7071067811865475,-0.8660254037844386,0.5000000000000001
2020-10-14 12:00:00,30.6,36,1005.3,34.6,21.0,1005.7,-4.0,15.0,-0.40000000000009095,3.0,-1.3333333333333333,5.0,-0.13333333333336364,32.533333333333324,31.333333333333332,1006.5999999999999,2.0033305601756,8.962886439832479,1.915724406067069,12,10,1.2246467991473532e-16,-1.0,-0.8660254037844386,0.5000000000000001
2020-10-15 03:00:00,22.4,68,1010.3,30.6,36.0,1005.3,-8.200000000000003,32.0,5.0,15.0,-0.5466666666666669,2.1333333333333333,0.3333333333333333,29.19999999999999,41.666666666666664,1007.1,6.219324722186495,24.006943440041102,2.778488797890183,3,10,0.7071067811865476,0.7071067811865476,-0.8660254037844386,0.5000000000000001
2020-10-15 06:00:00,32.2,28,1009.5,22.4,68.0,1010.3,9.800000000000004,-40.0,-0.7999999999999545,3.0,3.266666666666668,-13.333333333333334,-0.2666666666666515,28.399999999999988,44.0,1008.3666666666667,5.257375771237977,21.166010488516704,2.6857649437982087,6,10,1.0,6.123233995736766e-17,-0.8660254037844386,0.5000000000000001
2020-10-15 09:00:00,33.8,17,1008.6,32.2,28.0,1009.5,1.5999999999999943,-11.0,-0.8999999999999773,3.0,0.5333333333333314,-3.6666666666666665,-0.29999999999999244,29.466666666666654,37.666666666666664,1009.4666666666667,6.171979693204885,26.83902631120087,0.8504900548130905,9,10,0.7071067811865476,-0.7071067811865475,-0.8660254037844386,0.5000000000000001
2020-10-15 12:00:00,31.4,20,1005.6,33.8,17.0,1008.6,-2.3999999999999986,3.0,-3.0,3.0,-0.7999999999999995,1.0,-1.0,32.46666666666666,21.666666666666668,1007.9,1.2220201853216386,5.68624070307731,2.0420577856666635,12,10,1.2246467991473532e-16,-1.0,-0.8660254037844386,0.5000000000000001
2020-10-16 03:00:00,22.6,68,1008.9,31.4,20.0,1005.6,-8.799999999999997,48.0,3.2999999999999545,15.0,-0.5866666666666664,3.2,0.21999999999999698,29.26666666666665,35.0,1007.6999999999999,5.896891836665601,28.618176042508356,1.8248287590899486,3,10,0.7071067811865476,0.7071067811865476,-0.8660254037844386,0.5000000000000001
2020-10-16 06:00:00,31.4,38,1008.3,22.6,68.0,1008.9,8.799999999999997,-30.0,-0.6000000000000227,3.0,2.9333333333333322,-10.0,-0.2000000000000076,28.466666666666654,42.0,1007.6,5.080682368868712,24.24871130596426,1.757839583125166,6,10,1.0,6.123233995736766e-17,-0.8660254037844386,0.5000000000000001
2020-10-16 09:00:00,33.4,24,1006.0,31.4,38.0,1008.3,2.0,-14.0,-2.2999999999999545,3.0,0.6666666666666666,-4.666666666666667,-0.7666666666666515,29.133333333333322,43.333333333333336,1007.7333333333332,5.745723047044072,22.479620400116463,1.5307950004279218,9,10,0.7071067811865476,-0.7071067811865475,-0.8660254037844386,0.5000000000000001
2020-10-16 12:00:00,30.2,32,1005.5,33.4,24.0,1006.0,-3.1999999999999993,8.0,-0.5,3.0,-1.0666666666666664,2.6666666666666665,-0.16666666666666666,31.666666666666654,31.333333333333332,1006.6,1.616580753731005,7.023769168568463,1.4933184523071608,12,10,1.2246467991473532e-16,-1.0,-0.8660254037844386,0.5000000000000001
2020-10-17 03:00:00,21.4,72,1010.0,30.2,32.0,1005.5,-8.8,40.0,4.5,15.0,-0.5866666666666667,2.6666666666666665,0.3,28.333333333333318,42.666666666666664,1007.1666666666666,6.213962772123231,25.716402029314526,2.4664414311583958,3,10,0.7071067811865476,0.7071067811865476,-0.8660254037844386,0.5000000000000001
2020-10-17 06:00:00,31.4,30,1009.8,21.4,72.0,1010.0,10.0,-42.0,-0.20000000000004547,3.0,3.3333333333333335,-14.0,-0.06666666666668182,27.666666666666654,44.666666666666664,1008.4333333333334,5.460158727851546,23.692474191889122,2.5423086620894773,6,10,1.0,6.123233995736766e-17,-0.8660254037844386,0.5000000000000001
2020-10-17 09:00:00,33.6,21,1007.1,31.4,30.0,1009.8,2.200000000000003,-9.0,-2.699999999999932,3.0,0.7333333333333343,-3.0,-0.8999999999999773,28.799999999999986,41.0,1008.9666666666667,6.502307282803551,27.22131517763238,1.6196707484348045,9,10,0.7071067811865476,-0.7071067811865475,-0.8660254037844386,0.5000000000000001
2020-10-17 12:00:00,30.6,25,1006.5,33.6,21.0,1007.1,-3.0,4.0,-0.6000000000000227,3.0,-1.0,1.3333333333333333,-0.2000000000000076,31.866666666666656,25.333333333333332,1007.8000000000001,1.5534906930308532,4.509249752822895,1.7578395831250853,12,10,1.2246467991473532e-16,-1.0,-0.8660254037844386,0.5000000000000001
2020-10-18 03:00:00,21.8,62,1010.1,30.6,25.0,1006.5,-8.8,37.0,3.6000000000000227,15.0,-0.5866666666666667,2.466666666666667,0.24000000000000152,28.666666666666657,36.0,1007.9,6.132971003790368,22.605309110914618,1.9287301521989964,3,10,0.7071067811865476,0.7071067811865476,-0.8660254037844386,0.5000000000000001
2020-10-18 06:00:00,31.8,24,1009.3,21.8,62.0,1010.1,10.0,-38.0,-0.8000000000000682,3.0,3.3333333333333335,-12.666666666666666,-0.2666666666666894,28.06666666666666,37.0,1008.6333333333333,5.460158727851548,21.6564078277077,1.8903262505015586,6,10,1.0,6.123233995736766e-17,-0.8660254037844386,0.5000000000000001
2020-10-18 09:00:00,33.4,21,1006.9,31.8,24.0,1009.3,1.5999999999999979,-3.0,-2.3999999999999773,3.0,0.5333333333333327,-1.0,-0.7999999999999924,28.99999999999999,35.666666666666664,1008.7666666666668,6.286493458200692,22.85461295522925,1.6653327995735343,9,10,0.7071067811865476,-0.7071067811865475,-0.8660254037844386,0.5000000000000001
2020-10-18 12:00:00,30.2,28,1006.6,33.4,21.0,1006.9,-3.1999999999999993,7.0,-0.2999999999999545,3.0,-1.0666666666666664,2.3333333333333335,-0.09999999999998484,31.799999999999994,24.333333333333332,1007.6,1.6000000000000427,3.511884584284247,1.4798648586952994,12,10,1.2246467991473532e-16,-1.0,-0.8660254037844386,0.5000000000000001
2020-10-19 03:00:00,21.8,66,1010.0,30.2,28.0,1006.6,-8.399999999999999,38.0,3.3999999999999773,15.0,-0.5599999999999999,2.533333333333333,0.22666666666666516,28.466666666666658,38.333333333333336,1007.8333333333334,5.991104516976268,24.214320831551987,1.88237438713312,3,10,0.7071067811865476,0.7071067811865476,-0.8660254037844386,0.5000000000000001
2020-10-19 06:00:00,32.0,24,1009.7,21.8,66.0,1010.0,10.2,-42.0,-0.2999999999999545,3.0,3.4,-14.0,-0.09999999999998484,27.99999999999999,39.333333333333336,1008.7666666666668,5.4442630355264905,23.180451534284927,1.8823743871332537,6,10,1.0,6.123233995736766e-17,-0.8660254037844386,0.5000000000000001
2020-10-19 09:00:00,33.6,19,1006.9,32.0,24.0,1009.7,1.6000000000000014,-5.0,-2.800000000000068,3.0,0.5333333333333338,-1.6666666666666667,-0.9333333333333561,29.133333333333326,36.333333333333336,1008.8666666666667,6.40104158190942,25.813433195399107,1.7097758137649168,9,10,0.7071067811865476,-0.7071067811865475,-0.8660254037844386,0.5000000000000001
2020-10-19 12:00:00,30.0,23,1006.0,33.6,19.0,1006.9,-3.6000000000000014,4.0,-0.8999999999999773,3.0,-1.2000000000000004,1.3333333333333333,-0.29999999999999244,31.866666666666656,22.0,1007.5333333333333,1.8036999011291952,2.645751311064586,1.9295940851212765,12,10,1.2246467991473532e-16,-1.0,-0.8660254037844386,0.5000000000000001
2020-10-20 03:00:00,22.2,55,1009.1,30.0,23.0,1006.0,-7.800000000000001,32.0,3.1000000000000227,15.0,-0.52,2.1333333333333333,0.2066666666666682,28.59999999999999,32.333333333333336,1007.3333333333334,5.827520913733396,19.731531449264978,1.5947831618545427,3,10,0.7071067811865476,0.7071067811865476,-0.8660254037844386,0.5000000000000001
2020-10-20 06:00:00,31.0,28,1008.6,22.2,55.0,1009.1,8.8,-27.0,-0.5,3.0,2.9333333333333336,-9.0,-0.16666666666666666,27.733333333333324,35.333333333333336,1007.9,4.818021724041252,17.21433511156712,1.6643316977097773,6,10,1.0,6.123233995736766e-17,-0.8660254037844386,0.5000000000000001
2020-10-20 09:00:00,33.0,20,1006.2,31.0,28.0,1008.6,2.0,-8.0,-2.3999999999999773,3.0,0.6666666666666666,-2.6666666666666665,-0.7999999999999924,28.733333333333324,34.333333333333336,1007.9666666666667,5.745723047044075,18.339392937971876,1.5502687938982294,9,10,0.7071067811865476,-0.7071067811865475,-0.8660254037844386,0.5000000000000001
2020-10-20 12:00:00,29.7,24,1006.3,33.0,20.0,1006.2,-3.3000000000000007,4.0,0.09999999999990905,3.0,-1.1000000000000003,1.3333333333333333,0.03333333333330302,31.233333333333324,24.0,1007.0333333333333,1.662327685305597,3.999999999999986,1.3576941236281472,12,10,1.2246467991473532e-16,-1.0,-0.8660254037844386,0.5000000000000001
2020-10-21 03:00:00,20.8,52,1011.5,29.7,24.0,1006.3,-8.899999999999999,28.0,5.2000000000000455,15.0,-0.5933333333333333,1.8666666666666667,0.3466666666666697,27.833333333333325,32.0,1008.0,6.310573138260376,17.435595774162675,3.0315012782450506,3,10,0.7071067811865476,0.7071067811865476,-0.8660254037844386,0.5000000000000001
2020-10-21 06:00:00,30.4,29,1010.4,20.8,52.0,1011.5,9.599999999999998,-23.0,-1.1000000000000227,3.0,3.1999999999999993,-7.666666666666667,-0.36666666666667425,26.966666666666658,35.0,1009.4,5.351946686331376,14.933184523068052,2.74043792120929,6,10,1.0,6.123233995736766e-17,-0.8660254037844386,0.5000000000000001
2020-10-21 09:00:00,32.2,18,1007.4,30.4,29.0,1010.4,1.8000000000000043,-11.0,-3.0,3.0,0.6000000000000014,-3.6666666666666665,-1.0,27.799999999999994,33.0,1009.7666666666668,6.128621378417831,17.349351572897454,2.1221058723200583,9,10,0.7071067811865476,-0.7071067811865475,-0.8660254037844386,0.5000000000000001
2020-10-21 12:00:00,28.2,30,1006.5,32.2,18.0,1007.4,-4.0000000000000036,12.0,-0.8999999999999773,3.0,-1.3333333333333346,4.0,-0.29999999999999244,30.266666666666655,25.666666666666668,1008.1,2.003330560175589,6.658328118479378,2.042057785666566,12,10,1.2246467991473532e-16,-1.0,-0.8660254037844386,0.5000000000000001
2020-10-22 03:00:00,19.8,62,1010.1,28.2,30.0,1006.5,-8.399999999999999,32.0,3.6000000000000227,15.0,-0.5599999999999999,2.1333333333333333,0.24000000000000152,26.733333333333324,36.666666666666664,1008.0,6.328770286029778,22.744962812309286,1.8734993995199376,3,10,0.7071067811865476,0.7071067811865476,-0.8660254037844386,0.5000000000000001
2020-10-22 06:00:00,28.8,33,1009.0,19.8,62.0,1010.1,9.0,-29.0,-1.1000000000000227,3.0,3.0,-9.666666666666666,-0.36666666666667425,25.59999999999999,41.666666666666664,1008.5333333333333,5.031898250163659,17.67295485574871,1.8448125469366987,6,10,1.0,6.123233995736766e-17,-0.8660254037844386,0.5000000000000001
2020-10-22 09:00:00,32.0,19,1005.9,28.8,33.0,1009.0,3.1999999999999993,-14.0,-3.1000000000000227,3.0,1.0666666666666664,-4.666666666666667,-1.033333333333341,26.866666666666656,38.0,1008.3333333333334,6.325609325063745,21.931712199461284,2.177919496522991,9,10,0.7071067811865476,-0.7071067811865475,-0.8660254037844386,0.5000000000000001
2020-10-22 12:00:00,29.6,33,1005.6,32.0,19.0,1005.9,-2.3999999999999986,14.0,-0.2999999999999545,3.0,-0.7999999999999995,4.666666666666667,-0.09999999999998484,30.133333333333326,28.333333333333332,1006.8333333333334,1.6653327995729181,8.082903768654745,1.882374387132911,12,10,1.2246467991473532e-16,-1.0,-0.8660254037844386,0.5000000000000001
2020-10-23 03:00:00,20.0,61,1009.6,29.6,33.0,1005.6,-9.600000000000001,28.0,4.0,15.0,-0.6400000000000001,1.8666666666666667,0.26666666666666666,27.19999999999999,37.666666666666664,1007.0333333333333,6.349803146555023,21.38535324312723,2.2278539748677626,3,10,0.7071067811865476,0.7071067811865476,-0.8660254037844386,0.5000000000000001
2020-10-23 06:00:00,28.6,34,1008.7,20.0,61.0,1009.6,8.600000000000001,-27.0,-0.8999999999999773,3.0,2.866666666666667,-9.0,-0.29999999999999244,26.06666666666666,42.666666666666664,1007.9666666666667,5.277625728803948,15.885003409925096,2.0984120980718868,6,10,1.0,6.123233995736766e-17,-0.8660254037844386,0.5000000000000001
2020-10-23 09:00:00,31.0,26,1006.1,28.6,34.0,1008.7,2.3999999999999986,-8.0,-2.6000000000000227,3.0,0.7999999999999995,-2.6666666666666665,-0.8666666666666742,26.53333333333332,40.333333333333336,1008.1333333333333,5.7838856604650655,18.33939293797186,1.8175074506957196,9,10,0.7071067811865476,-0.7071067811865475,-0.8660254037844386,0.5000000000000001
2020-10-23 12:00:00,27.2,41,1005.5,31.0,26.0,1006.1,-3.8000000000000007,15.0,-0.6000000000000227,3.0,-1.2666666666666668,5.0,-0.2000000000000076,28.933333333333323,33.666666666666664,1006.7666666666668,1.921804707386625,7.505553499465092,1.7009801096232635,12,10,1.2246467991473532e-16,-1.0,-0.8660254037844386,0.5000000000000001
2020-10-24 03:00:00,19.4,69,1009.2,27.2,41.0,1005.5,-7.800000000000001,28.0,3.7000000000000455,15.0,-0.52,1.8666666666666667,0.2466666666666697,25.866666666666656,45.333333333333336,1006.9333333333334,5.913825608972033,21.825062046494427,1.9857828011477314,3,10,0.7071067811865476,0.7071067811865476,-0.8660254037844386,0.5000000000000001
2020-10-24 06:00:00,28.0,47,1008.9,19.4,69.0,1009.2,8.600000000000001,-22.0,-0.3000000000000682,3.0,2.866666666666667,-7.333333333333333,-0.10000000000002274,24.866666666666656,52.333333333333336,1007.8666666666667,4.751140214025834,14.742229591663907,2.055075018906779,6,10,1.0,6.123233995736766e-17,-0.8660254037844386,0.5000000000000001
2020-10-24 09:00:00,31.4,30,1006.4,28.0,47.0,1008.9,3.3999999999999986,-17.0,-2.5,3.0,1.1333333333333329,-5.666666666666667,-0.8333333333333334,26.266666666666655,48.666666666666664,1008.1666666666666,6.18492791658346,19.553345834749898,1.537313674347242,9,10,0.7071067811865476,-0.7071067811865475,-0.8660254037844386,0.5000000000000001
2020-10-24 12:00:00,28.6,36,1006.5,31.4,30.0,1006.4,-2.799999999999997,6.0,0.10000000000002274,3.0,-0.9333333333333323,2.0,0.03333333333334091,29.333333333333325,37.666666666666664,1007.2666666666668,1.8147543451755093,8.621678104251636,1.4153915830379036,12,10,1.2246467991473532e-16,-1.0,-0.8660254037844386,0.5000000000000001
2020-10-25 03:00:00,19.8,74,1011.8,28.6,36.0,1006.5,-8.8,38.0,5.2999999999999545,15.0,-0.5866666666666667,2.533333333333333,0.3533333333333303,26.599999999999994,46.666666666666664,1008.2333333333332,6.053098380168628,23.860706890897664,3.089228598426259,3,10,0.7071067811865476,0.7071067811865476,-0.8660254037844386,0.5000000000000001
2020-10-25 06:00:00,28.4,44,1011.5,19.8,74.0,1011.8,8.599999999999998,-30.0,-0.2999999999999545,3.0,2.866666666666666,-10.0,-0.09999999999998484,25.59999999999999,51.333333333333336,1009.9333333333334,5.023942674832195,20.033305601755565,2.9771350881904985,6,10,1.0,6.123233995736766e-17,-0.8660254037844386,0.5000000000000001
2020-10-25 09:00:00,31.8,19,1009.2,28.4,44.0,1011.5,3.400000000000002,-25.0,-2.2999999999999545,3.0,1.133333333333334,-8.333333333333334,-0.7666666666666515,26.666666666666657,45.666666666666664,1010.8333333333334,6.184927916583459,27.537852736430473,1.4224392195574196,9,10,0.7071067811865476,-0.7071067811865475,-0.8660254037844386,0.5000000000000001
2020-10-25 12:00:00,29.2,28,1009.1,31.8,19.0,1009.2,-2.6000000000000014,9.0,-0.10000000000002274,3.0,-0.8666666666666671,3.0,-0.03333333333334091,29.799999999999994,30.333333333333332,1009.9333333333334,1.7776388834631363,12.66227994214836,1.3576941236283606,12,10,1.2246467991473532e-16,-1.0,-0.8660254037844386,0.5000000000000001
2020-10-26 03:00:00,19.2,68,1014.3,29.2,28.0,1009.1,-10.0,40.0,5.199999999999932,15.0,-0.6666666666666666,2.6666666666666665,0.3466666666666621,26.733333333333324,38.333333333333336,1010.8666666666667,6.652317891782789,26.083200212652816,2.9737742572924266,3,10,0.7071067811865476,0.7071067811865476,-0.8660254037844386,0.5000000000000001
2020-10-26 06:00:00,28.8,30,1014.1,19.2,68.0,1014.3,9.600000000000001,-38.0,-0.1999999999999318,3.0,3.2000000000000006,-12.666666666666666,-0.06666666666664393,25.733333333333324,42.0,1012.5,5.661566332149913,22.53885533916925,2.9461839725316707,6,10,1.0,6.123233995736766e-17,-0.8660254037844386,0.5000000000000001
2020-10-26 09:00:00,31.6,19,1011.4,28.8,30.0,1014.1,2.8000000000000007,-11.0,-2.7000000000000455,3.0,0.9333333333333336,-3.6666666666666665,-0.9000000000000151,26.53333333333332,39.0,1013.2666666666668,6.5033324790705125,25.70992026436485,1.6196707484350732,9,10,0.7071067811865476,-0.7071067811865475,-0.8660254037844386,0.5000000000000001
2020-10-26 12:00:00,27.6,29,1011.0,31.6,19.0,1011.4,-4.0,10.0,-0.39999999999997726,3.0,-1.3333333333333333,3.3333333333333335,-0.13333333333332575,29.333333333333325,26.0,1012.1666666666666,2.05264057577877,6.082762530298181,1.6862186493262985,12,10,1.2246467991473532e-16,-1.0,-0.8660254037844386,0.5000000000000001
2020-10-27 03:00:00,20.4,62,1013.0,27.6,29.0,1011.0,-7.200000000000003,33.0,2.0,15.0,-0.4800000000000002,2.2,0.13333333333333333,26.53333333333332,36.666666666666664,1011.8000000000001,5.675679107678078,22.5018517756502,1.058300524426911,3,10,0.7071067811865476,0.7071067811865476,-0.8660254037844386,0.5000000000000001
2020-10-27 06:00:00,28.4,22,1012.4,20.4,62.0,1013.0,8.0,-40.0,-0.6000000000000227,3.0,2.6666666666666665,-13.333333333333334,-0.2000000000000076,25.466666666666658,37.666666666666664,1012.1333333333332,4.406056437828892,21.36195996001612,1.0263202878905477,6,10,1.0,6.123233995736766e-17,-0.8660254037844386,0.5000000000000001
2020-10-27 09:00:00,30.8,16,1010.5,28.4,22.0,1012.4,2.400000000000002,-6.0,-1.8999999999999773,3.0,0.8000000000000007,-2.0,-0.6333333333333258,26.53333333333332,33.333333333333336,1011.9666666666666,5.445487428443245,25.006665778014717,1.3051181300310397,9,10,0.7071067811865476,-0.7071067811865475,-0.8660254037844386,0.5000000000000001
2020-10-27 12:00:00,28.0,23,1010.6,30.8,16.0,1010.5,-2.8000000000000007,7.0,0.10000000000002274,3.0,-0.9333333333333336,2.3333333333333335,0.03333333333334091,29.06666666666666,20.333333333333332,1011.1666666666666,1.5143755588801047,3.7859388972002113,1.0692676621573418,12,10,1.2246467991473532e-16,-1.0,-0.8660254037844386,0.5000000000000001
2020-10-28 03:00:00,17.0,74,1014.1,28.0,23.0,1010.6,-11.0,51.0,3.5,15.0,-0.7333333333333333,3.4,0.23333333333333334,25.266666666666655,37.666666666666664,1011.7333333333332,7.294746968424156,31.65964834506745,2.0502032419582017,3,10,0.7071067811865476,0.7071067811865476,-0.8660254037844386,0.5000000000000001
2020-10-28 06:00:00,27.8,41,1013.7,17.0,74.0,1014.1,10.8,-33.0,-0.39999999999997726,3.0,3.6,-11.0,-0.13333333333332575,24.266666666666662,46.0,1012.8000000000001,6.293912402737538,25.865034312755082,1.9157244060676581,6,10,1.0,6.123233995736766e-17,-0.8660254037844386,0.5000000000000001
2020-10-28 09:00:00,30.8,21,1011.2,27.8,41.0,1013.7,3.0,-20.0,-2.5,3.0,1.0,-6.666666666666667,-0.8333333333333334,25.199999999999992,45.333333333333336,1013.0,7.2580989246496275,26.76440422152773,1.5716233645512532,9,10,0.7071067811865476,-0.7071067811865475,-0.8660254037844386,0.5000000000000001
2020-10-28 12:00:00,26.0,35,1010.9,30.8,21.0,1011.2,-4.800000000000001,14.0,-0.3000000000000682,3.0,-1.6000000000000003,4.666666666666667,-0.10000000000002274,28.199999999999992,32.333333333333336,1011.9333333333334,2.424871130596448,10.263202878893745,1.5373136743476639,12,10,1.2246467991473532e-16,-1.0,-0.8660254037844386,0.5000000000000001
2020-10-29 03:00:00,17.6,72,1015.7,26.0,35.0,1010.9,-8.399999999999999,37.0,4.800000000000068,15.0,-0.5599999999999999,2.466666666666667,0.32000000000000456,24.799999999999994,42.666666666666664,1012.6,6.681317235396032,26.350205565295532,2.6888659319504002,3,10,0.7071067811865476,0.7071067811865476,-0.8660254037844386,0.5000000000000001
2020-10-29 06:00:00,27.4,33,1015.2,17.6,72.0,1015.7,9.799999999999997,-39.0,-0.5,3.0,3.2666666666666657,-13.0,-0.16666666666666666,23.666666666666657,46.666666666666664,1013.9333333333334,5.300314456080263,21.962088546705463,2.638812864402801,6,10,1.0,6.123233995736766e-17,-0.8660254037844386,0.5000000000000001
2020-10-29 09:00:00,29.2,27,1012.7,27.4,33.0,1015.2,1.8000000000000007,-6.0,-2.5,3.0,0.6000000000000002,-2.0,-0.8333333333333334,24.733333333333324,44.0,1014.5333333333333,6.242862591258389,24.433583445741196,1.6072751268335537,9,10,0.7071067811865476,-0.7071067811865475,-0.8660254037844386,0.5000000000000001
2020-10-29 12:00:00,25.4,43,1012.8,29.2,27.0,1012.7,-3.8000000000000007,16.0,0.09999999999990905,3.0,-1.2666666666666668,5.333333333333333,0.03333333333330302,27.333333333333325,34.333333333333336,1013.5666666666667,1.9008769905844536,8.082903768654717,1.4153915830389099,12,10,1.2246467991473532e-16,-1.0,-0.8660254037844386,0.5000000000000001
2020-10-30 03:00:00,18.4,66,1015.9,25.4,43.0,1012.8,-7.0,23.0,3.1000000000000227,15.0,-0.4666666666666667,1.5333333333333334,0.2066666666666682,24.333333333333325,45.333333333333336,1013.7999999999998,5.478442601080475,19.604421270043435,1.8193405398671232,3,10,0.7071067811865476,0.7071067811865476,-0.8660254037844386,0.5000000000000001
2020-10-30 06:00:00,27.6,27,1014.7,18.4,66.0,1015.9,9.200000000000003,-39.0,-1.1999999999999318,3.0,3.0666666666666678,-13.0,-0.39999999999997726,23.799999999999994,45.333333333333336,1014.4666666666667,4.804164859785733,19.604421270043435,1.563116545027204,6,10,1.0,6.123233995736766e-17,-0.8660254037844386,0.5000000000000001
2020-10-30 09:00:00,30.0,21,1012.0,27.6,27.0,1014.7,2.3999999999999986,-6.0,-2.7000000000000455,3.0,0.7999999999999995,-2.0,-0.9000000000000151,25.333333333333325,38.0,1014.1999999999999,6.1231800017093585,24.43358344574121,1.9974984355448764,9,10,0.7071067811865476,-0.7071067811865475,-0.8660254037844386,0.5000000000000001
2020-10-30 12:00:00,26.2,29,1011.3,30.0,21.0,1012.0,-3.8000000000000007,8.0,-0.7000000000000455,3.0,-1.2666666666666668,2.6666666666666665,-0.2333333333333485,27.933333333333323,25.666666666666668,1012.6666666666666,1.921804707386632,4.163331998932298,1.7953644012669672,12,10,1.2246467991473532e-16,-1.0,-0.8660254037844386,0.5000000000000001
2020-10-31 03:00:00,20.0,62,1014.9,26.2,29.0,1011.3,-6.199999999999999,33.0,3.6000000000000227,15.0,-0.4133333333333333,2.2,0.24000000000000152,25.39999999999999,37.333333333333336,1012.7333333333332,5.047771785649591,21.73323108360403,1.9087517736302129,3,10,0.7071067811865476,0.7071067811865476,-0.8660254037844386,0.5000000000000001
2020-10-31 06:00:00,28.6,20,1014.1,20.0,62.0,1014.9,8.600000000000001,-42.0,-0.7999999999999545,3.0,2.866666666666667,-14.0,-0.2666666666666515,24.933333333333323,37.0,1013.4333333333334,4.437717130838037,22.113344387495957,1.8903262505019933,6,10,1.0,6.123233995736766e-17,-0.8660254037844386,0.5000000000000001
2020-10-31 09:00:00,30.0,15,1011.9,28.6,20.0,1014.1,1.3999999999999986,-5.0,-2.2000000000000455,3.0,0.4666666666666662,-1.6666666666666667,-0.7333333333333485,26.19999999999999,32.333333333333336,1013.6333333333333,5.414794548272359,25.813433195399114,1.5534906930319883,9,10,0.7071067811865476,-0.7071067811865475,-0.8660254037844386,0.5000000000000001
2020-10-31 12:00:00,25.8,24,1011.4,30.0,15.0,1011.9,-4.199999999999999,9.0,-0.5,3.0,-1.3999999999999997,3.0,-0.16666666666666666,28.133333333333326,19.666666666666668,1012.4666666666666,2.13853532431274,4.509249752822994,1.436430761762131,12,10,1.2246467991473532e-16,-1.0,-0.8660254037844386,0.5000000000000001
2020-11-01 03:00:00,17.6,62,1015.2,25.8,24.0,1011.4,-8.2,38.0,3.800000000000068,15.0,-0.5466666666666666,2.533333333333333,0.2533333333333379,24.466666666666658,33.666666666666664,1012.8333333333334,6.3066102886838795,24.946609656090196,2.0647840887939957,3,11,0.7071067811865476,0.7071067811865476,-0.5000000000000004,0.8660254037844384
2020-11-01 06:00:00,27.6,26,1014.6,17.6,62.0,1015.2,10.0,-36.0,-0.6000000000000227,3.0,3.3333333333333335,-12.0,-0.2000000000000076,23.666666666666657,37.333333333333336,1013.7333333333332,5.330415868704183,21.385353243127224,2.0428737928069287,6,11,1.0,6.123233995736766e-17,-0.5000000000000004,0.8660254037844384
2020-11-01 09:00:00,30.0,19,1012.4,27.6,26.0,1014.6,2.3999999999999986,-7.0,-2.2000000000000455,3.0,0.7999999999999995,-2.3333333333333335,-0.7333333333333485,25.06666666666666,35.666666666666664,1014.0666666666666,6.57672664274055,23.072349974229596,1.474222959167805,9,11,0.7071067811865476,-0.7071067811865475,-0.5000000000000004,0.8660254037844384
2020-11-01 12:00:00,26.2,28,1011.6,30.0,19.0,1012.4,-3.8000000000000007,9.0,-0.7999999999999545,3.0,-1.2666666666666668,3.0,-0.2666666666666515,27.933333333333323,24.333333333333332,1012.8666666666667,1.9218047073866367,4.725815626252645,1.5534906930317516,12,11,1.2246467991473532e-16,-1.0,-0.5000000000000004,0.8660254037844384
2020-11-02 03:00:00,17.6,58,1015.6,26.2,28.0,1011.6,-8.599999999999998,30.0,4.0,15.0,-0.5733333333333331,2.0,0.26666666666666666,24.59999999999999,35.0,1013.2000000000002,6.352952069707442,20.420577856662113,2.1166010488524303,3,11,0.7071067811865476,0.7071067811865476,-0.5000000000000004,0.8660254037844384
2020-11-02 06:00:00,27.0,37,1015.7,17.6,58.0,1015.6,9.399999999999999,-21.0,0.10000000000002274,3.0,3.133333333333333,-7.0,0.03333333333334091,23.59999999999999,41.0,1014.3000000000001,5.211525688318159,15.394804318340594,2.338803112706199,6,11,1.0,6.123233995736766e-17,-0.5000000000000004,0.8660254037844384
2020-11-02 09:00:00,28.6,24,1013.6,27.0,37.0,1015.7,1.6000000000000014,-13.0,-2.1000000000000227,3.0,0.5333333333333338,-4.333333333333333,-0.7000000000000076,24.39999999999999,39.666666666666664,1014.9666666666667,5.943063183241456,17.15614564327698,1.1846237095964984,9,11,0.7071067811865476,-0.7071067811865475,-0.5000000000000004,0.8660254037844384
2020-11-02 12:00:00,26.2,27,1012.8,28.6,24.0,1013.6,-2.400000000000002,3.0,-0.8000000000000682,3.0,-0.8000000000000007,1.0,-0.2666666666666894,27.266666666666662,29.333333333333332,1014.0333333333333,1.2220201853215977,6.806859285554014,1.497776129245472,12,11,1.2246467991473532e-16,-1.0,-0.5000000000000004,0.8660254037844384
2020-11-03 03:00:00,15.8,77,1015.9,26.2,27.0,1012.8,-10.399999999999999,50.0,3.1000000000000227,15.0,-0.6933333333333332,3.3333333333333335,0.2066666666666682,23.533333333333328,42.666666666666664,1014.1,6.8039204384923115,29.771350881902066,1.6093476939444147,3,11,0.7071067811865476,0.7071067811865476,-0.5000000000000004,0.8660254037844384
2020-11-03 06:00:00,25.2,37,1014.9,15.8,77.0,1015.9,9.399999999999999,-40.0,-1.0,3.0,3.133333333333333,-13.333333333333334,-0.3333333333333333,22.399999999999988,47.0,1014.5333333333333,5.737595315112426,26.45751311064585,1.5821925715089173,6,11,1.0,6.123233995736766e-17,-0.5000000000000004,0.8660254037844384
2020-11-03 09:00:00,28.2,25,1012.6,25.2,37.0,1014.9,3.0,-12.0,-2.2999999999999545,3.0,1.0,-4.0,-0.7666666666666515,23.06666666666666,46.333333333333336,1014.4666666666666,6.46941522344434,27.22743714221613,1.692138686200897,9,11,0.7071067811865476,-0.7071067811865475,-0.5000000000000004,0.8660254037844384
2020-11-03 12:00:00,25.6,37,1011.9,28.2,25.0,1012.6,-2.599999999999998,12.0,-0.7000000000000455,3.0,-0.8666666666666659,4.0,-0.2333333333333485,26.333333333333325,33.0,1013.1333333333333,1.6289055630494322,6.928203230275424,1.5695009822666504,12,11,1.2246467991473532e-16,-1.0,-0.5000000000000004,0.8660254037844384
2020-11-04 03:00:00,16.8,76,1014.5,25.6,37.0,1011.9,-8.8,39.0,2.6000000000000227,15.0,-0.5866666666666667,2.6,0.17333333333333484,23.53333333333332,46.0,1013.0,5.974389787529215,26.664583251946713,1.3453624047083022,3,11,0.7071067811865476,0.7071067811865476,-0.5000000000000004,0.8660254037844384
2020-11-04 06:00:00,26.6,33,1013.1,16.8,76.0,1014.5,9.8,-43.0,-1.3999999999999773,3.0,3.266666666666667,-14.333333333333334,-0.46666666666665907,22.99999999999999,48.666666666666664,1013.1666666666666,5.3925875050851095,23.755701070129042,1.3012814197305944,6,11,1.0,6.123233995736766e-17,-0.5000000000000004,0.8660254037844384
2020-11-04 09:00:00,29.4,20,1010.3,26.6,33.0,1013.1,2.799999999999997,-13.0,-2.800000000000068,3.0,0.9333333333333323,-4.333333333333333,-0.9333333333333561,24.266666666666662,43.0,1012.6333333333332,6.616141876753655,29.308701779505643,2.1385353243132674,9,11,0.7071067811865476,-0.7071067811865475,-0.5000000000000004,0.8660254037844384
2020-11-04 12:00:00,26.6,25,1009.9,29.4,20.0,1010.3,-2.799999999999997,5.0,-0.39999999999997726,3.0,-0.9333333333333323,1.6666666666666667,-0.13333333333332575,27.53333333333332,26.0,1011.0999999999999,1.6165807537309826,6.5574385243019355,1.7435595774164918,12,11,1.2246467991473532e-16,-1.0,-0.5000000000000004,0.8660254037844384
2020-11-05 03:00:00,18.2,62,1013.9,26.6,25.0,1009.9,-8.400000000000002,37.0,4.0,15.0,-0.5600000000000002,2.466666666666667,0.26666666666666666,24.733333333333324,35.666666666666664,1011.3666666666667,5.8286647985051765,22.94195574342631,2.203028218914656,3,11,0.7071067811865476,0.7071067811865476,-0.5000000000000004,0.8660254037844384
2020-11-05 06:00:00,27.8,25,1014.1,18.2,62.0,1013.9,9.600000000000001,-37.0,0.20000000000004547,3.0,3.2000000000000006,-12.333333333333334,0.06666666666668182,24.19999999999999,37.333333333333336,1012.6333333333333,5.230678732248814,21.361959960016105,2.3692474191893758,6,11,1.0,6.123233995736766e-17,-0.5000000000000004,0.8660254037844384
2020-11-05 09:00:00,30.0,15,1012.6,27.8,25.0,1014.1,2.1999999999999993,-10.0,-1.5,3.0,0.7333333333333331,-3.3333333333333335,-0.5,25.333333333333325,34.0,1013.5333333333333,6.274817394421403,24.75883680627986,0.8144527815265643,9,11,0.7071067811865476,-0.7071067811865475,-0.5000000000000004,0.8660254037844384
2020-11-05 12:00:00,25.4,35,1013.1,30.0,15.0,1012.6,-4.600000000000001,20.0,0.5,3.0,-1.5333333333333339,6.666666666666667,0.16666666666666666,27.73333333333332,25.0,1013.2666666666668,2.3007245235650093,9.999999999999945,0.763762615827835,12,11,1.2246467991473532e-16,-1.0,-0.5000000000000004,0.8660254037844384
2020-11-06 03:00:00,17.0,74,1017.8,25.4,35.0,1013.1,-8.399999999999999,39.0,4.699999999999932,15.0,-0.5599999999999999,2.6,0.3133333333333288,24.133333333333326,41.333333333333336,1014.5,6.591914238924332,30.00555504124746,2.8687976575568097,3,11,0.7071067811865476,0.7071067811865476,-0.5000000000000004,0.8660254037844384
2020-11-06 06:00:00,28.2,24,1017.0,17.0,74.0,1017.8,11.2,-50.0,-0.7999999999999545,3.0,3.733333333333333,-16.666666666666668,-0.2666666666666515,23.53333333333332,44.333333333333336,1015.9666666666667,5.828664798505173,26.27419519858469,2.5146238950065656,6,11,1.0,6.123233995736766e-17,-0.5000000000000004,0.8660254037844384
2020-11-06 09:00:00,29.6,18,1015.5,28.2,24.0,1017.0,1.4000000000000021,-6.0,-1.5,3.0,0.4666666666666674,-2.0,-0.5,24.933333333333323,38.666666666666664,1016.7666666666668,6.90603600724275,30.746273486933845,1.1676186592114666,9,11,0.7071067811865476,-0.7071067811865475,-0.5000000000000004,0.8660254037844384
2020-11-06 12:00:00,25.4,24,1015.5,29.6,18.0,1015.5,-4.200000000000003,6.0,0.0,3.0,-1.400000000000001,2.0,0.0,27.733333333333324,22.0,1016.0,2.13853532431275,3.4641016151376123,0.8660254037871844,12,11,1.2246467991473532e-16,-1.0,-0.5000000000000004,0.8660254037844384
2020-11-07 03:00:00,17.2,65,1018.9,25.4,24.0,1015.5,-8.2,41.0,3.3999999999999773,15.0,-0.5466666666666666,2.7333333333333334,0.22666666666666516,24.066666666666652,35.666666666666664,1016.6333333333332,6.306610288683882,25.57994005726619,1.9629909152460818,3,11,0.7071067811865476,0.7071067811865476,-0.5000000000000004,0.8660254037844384
2020-11-07 06:00:00,27.4,24,1017.9,17.2,65.0,1018.9,10.2,-41.0,-1.0,3.0,3.4,-13.666666666666666,-0.3333333333333333,23.333333333333325,37.666666666666664,1017.4333333333333,5.404936015655816,23.671361036774613,1.7473789896125824,6,11,1.0,6.123233995736766e-17,-0.5000000000000004,0.8660254037844384
2020-11-07 09:00:00,29.2,18,1015.7,27.4,24.0,1017.9,1.8000000000000007,-6.0,-2.199999999999932,3.0,0.6000000000000002,-2.0,-0.7333333333333106,24.59999999999999,35.666666666666664,1017.5,6.471475874945379,25.57994005726619,1.6370705543763848,9,11,0.7071067811865476,-0.7071067811865475,-0.5000000000000004,0.8660254037844384
2020-11-07 12:00:00,26.0,25,1015.6,29.2,18.0,1015.7,-3.1999999999999993,7.0,-0.10000000000002274,3.0,-1.0666666666666664,2.3333333333333335,-0.03333333333334091,27.53333333333332,22.333333333333332,1016.4,1.6041612554021627,3.785938897200078,1.3000000000019594,12,11,1.2246467991473532e-16,-1.0,-0.5000000000000004,0.8660254037844384
2020-11-08 03:00:00,13.8,80,1020.1,26.0,25.0,1015.6,-12.2,55.0,4.5,15.0,-0.8133333333333332,3.6666666666666665,0.3,22.99999999999999,41.0,1017.1333333333333,8.126499861564021,33.95585369269926,2.569695182962243,3,11,0.7071067811865476,0.7071067811865476,-0.5000000000000004,0.8660254037844384
2020-11-08 06:00:00,24.8,39,1019.4,13.8,80.0,1020.1,11.0,-41.0,-0.7000000000000455,3.0,3.6666666666666665,-13.666666666666666,-0.2333333333333485,21.53333333333332,48.0,1018.3666666666668,6.724086059334263,28.583211855912854,2.421432083156724,6,11,1.0,6.123233995736766e-17,-0.5000000000000004,0.8660254037844384
2020-11-08 09:00:00,27.4,33,1016.6,24.8,39.0,1019.4,2.599999999999998,-6.0,-2.7999999999999545,3.0,0.8666666666666659,-2.0,-0.9333333333333181,21.99999999999999,50.666666666666664,1018.6999999999999,7.219418259112021,25.579940057266167,1.8520259177473126,9,11,0.7071067811865476,-0.7071067811865475,-0.5000000000000004,0.8660254037844384
2020-11-08 12:00:00,24.8,41,1016.7,27.4,33.0,1016.6,-2.599999999999998,8.0,0.10000000000002274,3.0,-0.8666666666666659,2.6666666666666665,0.03333333333334091,25.666666666666657,37.666666666666664,1017.5666666666667,1.5011106998930555,4.163331998932031,1.5885003409946148,12,11,1.2246467991473532e-16,-1.0,-0.5000000000000004,0.8660254037844384
2020-11-09 03:00:00,13.6,87,1019.0,24.8,41.0,1016.7,-11.200000000000001,46.0,2.2999999999999545,15.0,-0.7466666666666667,3.066666666666667,0.1533333333333303,21.933333333333323,53.666666666666664,1017.4333333333334,7.333030296769091,29.143323992525797,1.357694123630188,3,11,0.7071067811865476,0.7071067811865476,-0.5000000000000004,0.8660254037844384
2020-11-09 06:00:00,26.0,38,1017.8,13.6,87.0,1019.0,12.4,-49.0,-1.2000000000000455,3.0,4.133333333333334,-16.333333333333332,-0.4000000000000152,21.466666666666658,55.333333333333336,1017.8333333333334,6.8391032550571556,27.46512940681929,1.1503622617855256,6,11,1.0,6.123233995736766e-17,-0.5000000000000004,0.8660254037844384
2020-11-09 09:00:00,28.0,23,1015.1,26.0,38.0,1017.8,2.0,-15.0,-2.699999999999932,3.0,0.6666666666666666,-5.0,-0.8999999999999773,22.53333333333332,49.333333333333336,1017.2999999999998,7.800854654032043,33.47138081007908,1.9974984355454528,9,11,0.7071067811865476,-0.7071067811865475,-0.5000000000000004,0.8660254037844384
2020-11-09 12:00:00,24.0,45,1015.0,28.0,23.0,1015.1,-4.0,22.0,-0.10000000000002274,3.0,-1.3333333333333333,7.333333333333333,-0.03333333333334091,25.99999999999999,35.333333333333336,1015.9666666666666,2.0000000000000173,11.239810200058178,1.5885003409942178,12,11,1.2246467991473532e-16,-1.0,-0.5000000000000004,0.8660254037844384
2020-11-10 03:00:00,16.0,75,1017.4,24.0,45.0,1015.0,-8.0,30.0,2.3999999999999773,15.0,-0.5333333333333333,2.0,0.15999999999999848,22.666666666666657,47.666666666666664,1015.8333333333334,6.110100926607788,26.10236260060247,1.357694123629718,3,11,0.7071067811865476,0.7071067811865476,-0.5000000000000004,0.8660254037844384
2020-11-10 06:00:00,25.0,38,1016.6,16.0,75.0,1017.4,9.0,-37.0,-0.7999999999999545,3.0,3.0,-12.333333333333334,-0.2666666666666515,21.666666666666657,52.666666666666664,1016.3333333333334,4.932882862316248,19.65536398374067,1.2220201853239283,6,11,1.0,6.123233995736766e-17,-0.5000000000000004,0.8660254037844384
2020-11-10 09:00:00,28.8,23,1014.0,25.0,38.0,1016.6,3.8000000000000007,-15.0,-2.6000000000000227,3.0,1.2666666666666668,-5.0,-0.8666666666666742,23.266666666666655,45.333333333333336,1016.0,6.57368491284252,26.76440422152772,1.7776388834646464,9,11,0.7071067811865476,-0.7071067811865475,-0.5000000000000004,0.8660254037844384
2020-11-10 12:00:00,25.0,43,1014.0,28.8,23.0,1014.0,-3.8000000000000007,20.0,0.0,3.0,-1.2666666666666668,6.666666666666667,0.0,26.266666666666655,34.666666666666664,1014.8666666666667,2.1939310229205966,10.408329997330597,1.5011106998944699,12,11,1.2246467991473532e-16,-1.0,-0.5000000000000004,0.8660254037844384
2020-11-11 03:00:00,12.2,91,1019.8,25.0,43.0,1014.0,-12.8,48.0,5.7999999999999545,15.0,-0.8533333333333334,3.2,0.38666666666666366,21.99999999999999,52.333333333333336,1015.9333333333334,8.697125962063561,34.947579792216374,3.3486315613005653,3,11,0.7071067811865476,0.7071067811865476,-0.5000000000000004,0.8660254037844384
2020-11-11 06:00:00,24.4,45,1019.4,12.2,91.0,1019.8,12.2,-46.0,-0.39999999999997726,3.0,4.066666666666666,-15.333333333333334,-0.13333333333332575,20.533333333333324,59.666666666666664,1017.7333333333332,7.223111056416986,27.153882472554994,3.2393414968693155,6,11,1.0,6.123233995736766e-17,-0.5000000000000004,0.8660254037844384
2020-11-11 09:00:00,28.2,35,1016.2,24.4,45.0,1019.4,3.8000000000000007,-10.0,-3.199999999999932,3.0,1.2666666666666668,-3.3333333333333335,-1.066666666666644,21.59999999999999,57.0,1018.4666666666667,8.359425817602546,29.866369046136093,1.9731531449281636,9,11,0.7071067811865476,-0.7071067811865475,-0.5000000000000004,0.8660254037844384
2020-11-12 03:00:00,15.4,87,1021.0,28.2,35.0,1016.2,-12.799999999999999,52.0,4.7999999999999545,18.0,-0.711111111111111,2.888888888888889,0.26666666666666416,22.666666666666657,55.666666666666664,1018.8666666666667,6.573684912842518,27.592269448766434,2.444040370644528,3,11,0.7071067811865476,0.7071067811865476,-0.5000000000000004,0.8660254037844384
2020-11-12 06:00:00,25.0,47,1020.4,15.4,87.0,1021.0,9.6,-40.0,-0.6000000000000227,3.0,3.1999999999999997,-13.333333333333334,-0.2000000000000076,22.866666666666656,56.333333333333336,1019.1999999999999,6.661331198291626,27.22743714221611,2.615339366125756,6,11,1.0,6.123233995736766e-17,-0.5000000000000004,0.8660254037844384
2020-11-12 09:00:00,27.0,32,1017.4,25.0,47.0,1020.4,2.0,-15.0,-3.0,3.0,0.6666666666666666,-5.0,-1.0,22.466666666666658,55.333333333333336,1019.6,6.201075175591193,28.431203515386567,1.9287301522005342,9,11,0.7071067811865476,-0.7071067811865475,-0.5000000000000004,0.8660254037844384
2020-11-12 12:00:00,23.2,42,1016.9,27.0,32.0,1017.4,-3.8000000000000007,10.0,-0.5,3.0,-1.2666666666666668,3.3333333333333335,-0.16666666666666666,25.06666666666666,40.333333333333336,1018.2333333333332,1.9008769905844547,7.637626158259593,1.892969448601837,12,11,1.2246467991473532e-16,-1.0,-0.5000000000000004,0.8660254037844384
2020-11-13 03:00:00,13.6,84,1019.8,23.2,42.0,1016.9,-9.6,42.0,2.8999999999999773,15.0,-0.64,2.8,0.19333333333333183,21.266666666666655,52.666666666666664,1018.0333333333333,6.906036007242743,27.59226944876644,1.5502687938998925,3,11,0.7071067811865476,0.7071067811865476,-0.5000000000000004,0.8660254037844384
2020-11-13 06:00:00,23.8,42,1018.7,13.6,84.0,1019.8,10.200000000000001,-42.0,-1.099999999999909,3.0,3.4000000000000004,-14.0,-0.36666666666663633,20.199999999999992,56.0,1018.4666666666666,5.723635208501667,24.2487113059642,1.464012750402167,6,11,1.0,6.123233995736766e-17,-0.5000000000000004,0.8660254037844384
2020-11-13 09:00:00,27.0,30,1015.3,23.8,42.0,1018.7,3.1999999999999993,-12.0,-3.400000000000091,3.0,1.0666666666666664,-4.0,-1.1333333333333637,21.466666666666658,52.0,1017.9333333333334,6.998094978873415,28.354893757515587,2.3459184413231426,9,11,0.7071067811865476,-0.7071067811865475,-0.5000000000000004,0.8660254037844384
2020-11-13 12:00:00,22.6,40,1015.2,27.0,30.0,1015.3,-4.399999999999999,10.0,-0.09999999999990905,3.0,-1.4666666666666661,3.3333333333333335,-0.03333333333330302,24.466666666666658,37.333333333333336,1016.4,2.274496281230946,6.429100507328474,1.992485884518634,12,11,1.2246467991473532e-16,-1.0,-0.5000000000000004,0.8660254037844384
2020-11-14 03:00:00,14.6,78,1016.9,22.6,40.0,1015.2,-8.000000000000002,38.0,1.6999999999999318,15.0,-0.5333333333333334,2.533333333333333,0.11333333333332879,21.39999999999999,49.333333333333336,1015.8000000000001,6.286493458200682,25.324559884296704,0.953939201419881,3,11,0.7071067811865476,0.7071067811865476,-0.5000000000000004,0.8660254037844384
2020-11-14 06:00:00,22.2,49,1016.4,14.6,78.0,1016.9,7.6,-29.0,-0.5,3.0,2.533333333333333,-9.666666666666666,-0.16666666666666666,19.79999999999999,55.666666666666664,1016.1666666666666,4.507771067833848,19.8578280114752,0.873689494808702,6,11,1.0,6.123233995736766e-17,-0.5000000000000004,0.8660254037844384
2020-11-14 09:00:00,25.0,37,1013.3,22.2,49.0,1016.4,2.8000000000000007,-12.0,-3.1000000000000227,3.0,0.9333333333333336,-4.0,-1.033333333333341,20.59999999999999,54.666666666666664,1015.5333333333333,5.381449618829479,21.079215671683073,1.950213663509457,9,11,0.7071067811865476,-0.7071067811865475,-0.5000000000000004,0.8660254037844384
2020-11-14 12:00:00,21.8,55,1012.6,25.0,37.0,1013.3,-3.1999999999999993,18.0,-0.6999999999999318,3.0,-1.0666666666666664,6.0,-0.2333333333333106,22.99999999999999,47.0,1014.0999999999999,1.743559577416287,9.165151389911507,2.0223748416169287,12,11,1.2246467991473532e-16,-1.0,-0.5000000000000004,0.8660254037844384
2020-11-15 03:00:00,16.6,70,1016.4,21.8,55.0,1012.6,-5.199999999999999,15.0,3.7999999999999545,15.0,-0.3466666666666666,1.0,0.2533333333333303,21.133333333333326,54.0,1014.1,4.239496825489235,16.522711641858187,2.0223748416169287,3,11,0.7071067811865476,0.7071067811865476,-0.5000000000000004,0.8660254037844384
2020-11-15 06:00:00,22.8,47,1015.4,16.6,70.0,1016.4,6.199999999999999,-23.0,-1.0,3.0,2.0666666666666664,-7.666666666666667,-0.3333333333333333,20.39999999999999,57.333333333333336,1014.8000000000001,3.3286633954186384,11.676186592091145,1.9697715603605381,6,11,1.0,6.123233995736766e-17,-0.5000000000000004,0.8660254037844384
2020-11-15 09:00:00,25.6,36,1011.7,22.8,47.0,1015.4,2.8000000000000007,-11.0,-3.699999999999932,3.0,0.9333333333333336,-3.6666666666666665,-1.2333333333333105,21.666666666666657,51.0,1014.5,4.605793453177568,17.34935157289737,2.4758836806289763,9,11,0.7071067811865476,-0.7071067811865475,-0.5000000000000004,0.8660254037844384
2020-11-15 12:00:00,19.4,72,1013.7,25.6,36.0,1011.7,-6.200000000000003,36.0,2.0,3.0,-2.0666666666666678,12.0,0.6666666666666666,22.59999999999999,51.666666666666664,1013.6,3.104834939252017,18.44812546936218,1.8520259177464684,12,11,1.2246467991473532e-16,-1.0,-0.5000000000000004,0.8660254037844384
2020-11-16 03:00:00,15.6,87,1018.6,19.4,72.0,1013.7,-3.799999999999999,15.0,4.899999999999977,15.0,-0.25333333333333324,1.0,0.32666666666666516,20.199999999999992,65.0,1014.6666666666666,5.04777178564958,26.210684844162213,3.550117368952562,3,11,0.7071067811865476,0.7071067811865476,-0.5000000000000004,0.8660254037844384
2020-11-16 06:00:00,18.6,75,1019.7,15.6,87.0,1018.6,3.0000000000000018,-12.0,1.1000000000000227,3.0,1.0000000000000007,-4.0,0.36666666666667425,17.866666666666656,78.0,1017.3333333333334,2.0033305601755163,7.93725393319334,3.194265695483127,6,11,1.0,6.123233995736766e-17,-0.5000000000000004,0.8660254037844384
2020-11-16 09:00:00,21.0,59,1017.7,18.6,75.0,1019.7,2.3999999999999986,-16.0,-2.0,3.0,0.7999999999999995,-5.333333333333333,-0.6666666666666666,18.39999999999999,73.66666666666667,1018.6666666666666,2.705549851693709,14.047538337136755,1.001665280091742,9,11,0.7071067811865476,-0.7071067811865475,-0.5000000000000004,0.8660254037844384
2020-11-16 12:00:00,18.2,71,1017.8,21.0,59.0,1017.7,-2.8000000000000007,12.0,0.09999999999990905,3.0,-0.9333333333333336,4.0,0.03333333333330302,19.266666666666655,68.33333333333333,1018.4,1.5143755588800396,8.326663997864177,1.1269427669619085,12,11,1.2246467991473532e-16,-1.0,-0.5000000000000004,0.8660254037844384
2020-11-17 03:00:00,14.8,81,1017.9,18.2,71.0,1017.8,-3.3999999999999986,10.0,0.10000000000002274,15.0,-0.22666666666666657,0.6666666666666666,0.006666666666668182,17.99999999999999,70.33333333333333,1017.8000000000001,3.1048349392519774,11.015141094571927,0.10000000003594739,3,11,0.7071067811865476,0.7071067811865476,-0.5000000000000004,0.8660254037844384
2020-11-17 06:00:00,21.6,50,1016.8,14.8,81.0,1017.9,6.800000000000001,-31.0,-1.1000000000000227,3.0,2.266666666666667,-10.333333333333334,-0.36666666666667425,18.199999999999992,67.33333333333333,1017.5,3.3999999999999777,15.821925715074242,0.6082762530355321,6,11,1.0,6.123233995736766e-17,-0.5000000000000004,0.8660254037844384
2020-11-17 09:00:00,23.8,43,1013.2,21.6,50.0,1016.8,2.1999999999999993,-7.0,-3.599999999999909,3.0,0.7333333333333331,-2.3333333333333335,-1.1999999999999698,20.06666666666666,58.0,1015.9666666666667,4.691836882643437,20.223748416156567,2.45831920900004,9,11,0.7071067811865476,-0.7071067811865475,-0.5000000000000004,0.8660254037844384
2020-11-17 12:00:00,20.4,56,1012.6,23.8,43.0,1013.2,-3.400000000000002,13.0,-0.6000000000000227,3.0,-1.133333333333334,4.333333333333333,-0.2000000000000076,21.933333333333323,49.666666666666664,1014.1999999999999,1.724335620850359,6.506407098647417,2.2715633383209126,12,11,1.2246467991473532e-16,-1.0,-0.5000000000000004,0.8660254037844384
2020-11-18 03:00:00,13.6,79,1015.1,20.4,56.0,1012.6,-6.799999999999999,23.0,2.5,15.0,-0.45333333333333325,1.5333333333333334,0.16666666666666666,19.266666666666655,59.333333333333336,1013.6333333333333,5.193585787616611,18.230011885166956,1.305118130031396,3,11,0.7071067811865476,0.7071067811865476,-0.5000000000000004,0.8660254037844384
2020-11-18 06:00:00,21.6,37,1015.1,13.6,79.0,1015.1,8.000000000000002,-42.0,0.0,3.0,2.6666666666666674,-14.0,0.0,18.533333333333324,57.333333333333336,1014.2666666666668,4.314317249963569,21.031722072463033,1.4433756729753782,6,11,1.0,6.123233995736766e-17,-0.5000000000000004,0.8660254037844384
2020-11-18 09:00:00,22.8,37,1012.0,21.6,37.0,1015.1,1.1999999999999993,0.0,-3.1000000000000227,3.0,0.39999999999999974,0.0,-1.033333333333341,19.333333333333325,51.0,1014.0666666666666,5.001333155602939,24.2487113059642,1.789785834488904,9,11,0.7071067811865476,-0.7071067811865475,-0.5000000000000004,0.8660254037844384
2020-11-18 12:00:00,19.4,48,1012.2,22.8,37.0,1012.0,-3.400000000000002,11.0,0.20000000000004547,3.0,-1.133333333333334,3.6666666666666665,0.06666666666668182,21.266666666666655,40.666666666666664,1013.1,1.7243356208503517,6.350852961085884,1.734935157290667,12,11,1.2246467991473532e-16,-1.0,-0.5000000000000004,0.8660254037844384
2020-11-19 03:00:00,10.2,95,1015.6,19.4,48.0,1012.2,-9.2,47.0,3.3999999999999773,15.0,-0.6133333333333333,3.1333333333333333,0.22666666666666516,17.466666666666658,60.0,1013.2666666666668,6.518691075157125,30.805843601498726,2.023198787399969,3,11,0.7071067811865476,0.7071067811865476,-0.5000000000000004,0.8660254037844384
2020-11-19 06:00:00,20.0,36,1015.3,10.2,95.0,1015.6,9.8,-59.0,-0.3000000000000682,3.0,3.266666666666667,-19.666666666666668,-0.10000000000002274,16.53333333333332,59.666666666666664,1014.3666666666667,5.49302588136385,31.182259913824932,1.8823743871338232,6,11,1.0,6.123233995736766e-17,-0.5000000000000004,0.8660254037844384
2020-11-19 09:00:00,22.2,30,1013.4,20.0,36.0,1015.3,2.1999999999999993,-6.0,-1.8999999999999773,3.0,0.7333333333333331,-2.0,-0.6333333333333258,17.466666666666658,53.666666666666664,1014.7666666666668,6.388531390964057,35.92121007612819,1.193035344546787,9,11,0.7071067811865476,-0.7071067811865475,-0.5000000000000004,0.8660254037844384
2020-11-19 12:00:00,18.2,45,1013.6,22.2,30.0,1013.4,-4.0,15.0,0.20000000000004547,3.0,-1.3333333333333333,5.0,0.06666666666668182,20.133333333333326,37.0,1014.1,2.003330560175554,7.549834435270735,1.0440306508929988,12,11,1.2246467991473532e-16,-1.0,-0.5000000000000004,0.8660254037844384
2020-11-20 03:00:00,14.8,70,1017.2,18.2,45.0,1013.6,-3.3999999999999986,25.0,3.6000000000000227,15.0,-0.22666666666666657,1.6666666666666667,0.24000000000000152,18.39999999999999,48.333333333333336,1014.7333333333332,3.70405183549041,20.207259421636895,2.1385353243137564,3,11,0.7071067811865476,0.7071067811865476,-0.5000000000000004,0.8660254037844384
2020-11-20 06:00:00,21.2,38,1017.2,14.8,70.0,1017.2,6.399999999999999,-32.0,0.0,3.0,2.133333333333333,-10.666666666666666,0.0,18.06666666666666,51.0,1016.0,3.2020826556060653,16.822603841260715,2.0784609690838107,6,11,1.0,6.123233995736766e-17,-0.5000000000000004,0.8660254037844384
2020-11-20 09:00:00,22.6,30,1015.3,21.2,38.0,1017.2,1.4000000000000021,-8.0,-1.900000000000091,3.0,0.4666666666666674,-2.6666666666666665,-0.6333333333333636,19.53333333333332,46.0,1016.5666666666667,4.158525379666843,21.16601048851672,1.0969655114626113,9,11,0.7071067811865476,-0.7071067811865475,-0.5000000000000004,0.8660254037844384
2020-11-20 12:00:00,19.6,38,1014.7,22.6,30.0,1015.3,-3.0,8.0,-0.599999999999909,3.0,-1.0,2.6666666666666665,-0.19999999999996967,21.133333333333326,35.333333333333336,1015.7333333333332,1.5011106998930235,4.618802153516975,1.3051181300319084,12,11,1.2246467991473532e-16,-1.0,-0.5000000000000004,0.8660254037844384
2020-11-21 03:00:00,13.8,56,1017.9,19.6,38.0,1014.7,-5.800000000000001,18.0,3.199999999999932,15.0,-0.3866666666666667,1.2,0.2133333333333288,18.666666666666657,41.333333333333336,1015.9666666666667,4.473626418615354,13.316656236958774,1.700980109624471,3,11,0.7071067811865476,0.7071067811865476,-0.5000000000000004,0.8660254037844384
2020-11-21 06:00:00,19.0,32,1018.2,13.8,56.0,1017.9,5.199999999999999,-24.0,0.3000000000000682,3.0,1.7333333333333332,-8.0,0.10000000000002274,17.466666666666658,42.0,1016.9333333333334,3.189566323708162,12.489995996796782,1.9399312702615608,6,11,1.0,6.123233995736766e-17,-0.5000000000000004,0.8660254037844384
2020-11-21 09:00:00,21.4,27,1015.3,19.0,32.0,1018.2,2.3999999999999986,-5.0,-2.900000000000091,3.0,0.7999999999999995,-1.6666666666666667,-0.966666666666697,18.066666666666656,38.333333333333336,1017.1333333333333,3.8850139424889085,15.50268793897797,1.5947831618558288,9,11,0.7071067811865476,-0.7071067811865475,-0.5000000000000004,0.8660254037844384
2020-11-21 12:00:00,18.6,34,1014.8,21.4,27.0,1015.3,-2.799999999999997,7.0,-0.5,3.0,-0.9333333333333323,2.3333333333333335,-0.16666666666666666,19.666666666666657,31.0,1016.1,1.5143755588800514,3.605551275463956,1.8357559750699302,12,11,1.2246467991473532e-16,-1.0,-0.5000000000000004,0.8660254037844384
2020-11-22 03:00:00,10.4,70,1017.9,18.6,34.0,1014.8,-8.200000000000001,36.0,3.1000000000000227,15.0,-0.5466666666666667,2.4,0.2066666666666682,16.79999999999999,43.666666666666664,1016.0,5.716642371182565,23.072349974229606,1.6643316977107514,3,11,0.7071067811865476,0.7071067811865476,-0.5000000000000004,0.8660254037844384
2020-11-22 06:00:00,20.2,24,1017.6,10.4,70.0,1017.9,9.799999999999999,-46.0,-0.2999999999999545,3.0,3.266666666666666,-15.333333333333334,-0.09999999999998484,16.39999999999999,42.666666666666664,1016.7666666666668,5.257375771237947,24.193663082165397,1.7097758137658234,6,11,1.0,6.123233995736766e-17,-0.5000000000000004,0.8660254037844384
2020-11-22 09:00:00,21.4,27,1016.0,20.2,24.0,1017.6,1.1999999999999993,3.0,-1.6000000000000227,3.0,0.39999999999999974,1.0,-0.5333333333333409,17.333333333333325,40.333333333333336,1017.1666666666666,6.034346139668585,25.735837529276814,1.0214368964056144,9,11,0.7071067811865476,-0.7071067811865475,-0.5000000000000004,0.8660254037844384
2020-11-22 12:00:00,19.0,31,1016.3,21.4,27.0,1016.0,-2.3999999999999986,4.0,0.2999999999999545,3.0,-0.7999999999999995,1.3333333333333333,0.09999999999998484,20.199999999999992,27.333333333333332,1016.6333333333332,1.1999999999999706,3.511884584284196,0.8504900548144951,12,11,1.2246467991473532e-16,-1.0,-0.5000000000000004,0.8660254037844384
2020-11-23 03:00:00,13.8,75,1018.4,19.0,31.0,1016.3,-5.199999999999999,44.0,2.1000000000000227,15.0,-0.3466666666666666,2.933333333333333,0.1400000000000015,18.06666666666666,44.333333333333336,1016.9,3.885013942488905,26.633312473917563,1.3076696830641779,3,11,0.7071067811865476,0.7071067811865476,-0.5000000000000004,0.8660254037844384
2020-11-23 06:00:00,18.0,64,1018.2,13.8,75.0,1018.4,4.199999999999999,-11.0,-0.1999999999999318,3.0,1.3999999999999997,-3.6666666666666665,-0.06666666666664393,16.933333333333323,56.666666666666664,1017.6333333333333,2.759226944876618,22.89832599412745,1.159022576716707,6,11,1.0,6.123233995736766e-17,-0.5000000000000004,0.8660254037844384
2020-11-23 09:00:00,21.4,41,1015.7,18.0,64.0,1018.2,3.3999999999999986,-23.0,-2.5,3.0,1.1333333333333329,-7.666666666666667,-0.8333333333333334,17.733333333333324,60.0,1017.4333333333334,3.8070110760717744,17.34935157289746,1.5044378795213926,9,11,0.7071067811865476,-0.7071067811865475,-0.5000000000000004,0.8660254037844384
2020-11-23 12:00:00,18.0,58,1016.6,21.4,41.0,1015.7,-3.3999999999999986,17.0,0.8999999999999773,3.0,-1.1333333333333329,5.666666666666667,0.29999999999999244,19.133333333333326,54.333333333333336,1016.8333333333334,1.9629909152446974,11.930353445448835,1.266227994216919,12,11,1.2246467991473532e-16,-1.0,-0.5000000000000004,0.8660254037844384
2020-11-24 03:00:00,14.0,84,1018.0,18.0,58.0,1016.6,-4.0,26.0,1.3999999999999773,15.0,-0.26666666666666666,1.7333333333333334,0.09333333333333181,17.799999999999994,61.0,1016.7666666666668,3.7040518354904037,21.656407827707707,1.1590225767165006,3,11,0.7071067811865476,0.7071067811865476,-0.5000000000000004,0.8660254037844384
2020-11-24 06:00:00,21.6,45,1017.3,14.0,84.0,1018.0,7.600000000000001,-39.0,-0.7000000000000455,3.0,2.5333333333333337,-13.0,-0.2333333333333485,17.866666666666656,62.333333333333336,1017.2999999999998,3.801753981168847,19.8578280114753,0.7000000000039517,6,11,1.0,6.123233995736766e-17,-0.5000000000000004,0.8660254037844384
2020-11-24 09:00:00,21.6,49,1015.2,21.6,45.0,1017.3,0.0,4.0,-2.099999999999909,3.0,0.0,1.3333333333333333,-0.6999999999999696,19.06666666666666,59.333333333333336,1016.8333333333334,4.387862045841144,21.455380055672123,1.4571661996280751,9,11,0.7071067811865476,-0.7071067811865475,-0.5000000000000004,0.8660254037844384
2020-11-24 12:00:00,19.6,60,1015.4,21.6,49.0,1015.2,-2.0,11.0,0.1999999999999318,3.0,-0.6666666666666666,3.6666666666666665,0.06666666666664393,20.933333333333326,51.333333333333336,1015.9666666666667,1.154700538379251,7.767453465154009,1.1590225767163025,12,11,1.2246467991473532e-16,-1.0,-0.5000000000000004,0.8660254037844384
2020-11-25 03:00:00,14.6,84,1019.2,19.6,60.0,1015.4,-5.000000000000002,24.0,3.800000000000068,15.0,-0.3333333333333334,1.6,0.2533333333333379,18.59999999999999,64.33333333333333,1016.6,3.6055512754639905,17.897858344878394,2.2538855339181185,3,11,0.7071067811865476,0.7071067811865476,-0.5000000000000004,0.8660254037844384
2020-11-25 06:00:00,17.2,70,1019.3,14.6,84.0,1019.2,2.5999999999999996,-14.0,0.09999999999990905,3.0,0.8666666666666666,-4.666666666666667,0.03333333333330302,17.133333333333322,71.33333333333333,1017.9666666666667,2.500666577801475,12.055427546683411,2.223360819421689,6,11,1.0,6.123233995736766e-17,-0.5000000000000004,0.8660254037844384
2020-11-25 09:00:00,18.6,62,1017.4,17.2,70.0,1019.3,1.4000000000000021,-8.0,-1.8999999999999773,3.0,0.4666666666666674,-2.6666666666666665,-0.6333333333333258,16.79999999999999,72.0,1018.6333333333332,2.0297783130184444,11.13552872566004,1.0692676621594173,9,11,0.7071067811865476,-0.7071067811865475,-0.5000000000000004,0.8660254037844384
2020-11-25 12:00:00,17.0,64,1017.4,18.6,62.0,1017.4,-1.6000000000000014,2.0,0.0,3.0,-0.5333333333333338,0.6666666666666666,0.0,17.59999999999999,65.33333333333333,1018.0333333333333,0.8717797887081346,4.163331998932255,1.0969655114631491,12,11,1.2246467991473532e-16,-1.0,-0.5000000000000004,0.8660254037844384
2020-11-26 03:00:00,13.6,93,1021.5,17.0,64.0,1017.4,-3.4000000000000004,29.0,4.100000000000023,15.0,-0.22666666666666668,1.9333333333333333,0.27333333333333487,16.39999999999999,73.0,1018.7666666666665,2.5534290669607427,17.349351572897472,2.3671361036788543,3,11,0.7071067811865476,0.7071067811865476,-0.5000000000000004,0.8660254037844384
2020-11-26 06:00:00,19.0,65,1021.6,13.6,93.0,1021.5,5.4,-28.0,0.10000000000002274,3.0,1.8,-9.333333333333334,0.03333333333334091,16.533333333333324,74.0,1020.1666666666666,2.7300793639257703,16.462077633154326,2.3965252624039786,6,11,1.0,6.123233995736766e-17,-0.5000000000000004,0.8660254037844384
2020-11-26 09:00:00,22.4,47,1019.4,19.0,65.0,1021.6,3.3999999999999986,-18.0,-2.2000000000000455,3.0,1.1333333333333329,-6.0,-0.7333333333333485,18.333333333333325,68.33333333333333,1020.8333333333334,4.43771713083803,23.180451534284945,1.2423096769085855,9,11,0.7071067811865476,-0.7071067811865475,-0.5000000000000004,0.8660254037844384
2020-11-26 12:00:00,19.2,60,1019.7,22.4,47.0,1019.4,-3.1999999999999993,13.0,0.3000000000000682,3.0,-1.0666666666666664,4.333333333333333,0.10000000000002274,20.19999999999999,57.333333333333336,1020.2333333333332,1.9078784028338833,9.291573243177558,1.1930353445478525,12,11,1.2246467991473532e-16,-1.0,-0.5000000000000004,0.8660254037844384
2020-11-27 03:00:00,14.8,70,1022.5,19.2,60.0,1019.7,-4.399999999999999,10.0,2.7999999999999545,15.0,-0.2933333333333332,0.6666666666666666,0.18666666666666362,18.79999999999999,59.0,1020.5333333333333,3.81575680566778,11.532562594670788,1.7097758137663936,3,11,0.7071067811865476,0.7071067811865476,-0.5000000000000004,0.8660254037844384
2020-11-27 06:00:00,23.4,38,1021.9,14.8,70.0,1022.5,8.599999999999998,-32.0,-0.6000000000000227,3.0,2.866666666666666,-10.666666666666666,-0.2000000000000076,19.133333333333322,56.0,1021.3666666666667,4.3003875794320345,16.370705543744894,1.4742229591689384,6,11,1.0,6.123233995736766e-17,-0.5000000000000004,0.8660254037844384
2020-11-27 09:00:00,25.0,31,1020.0,23.4,38.0,1021.9,1.6000000000000014,-7.0,-1.8999999999999773,3.0,0.5333333333333338,-2.3333333333333335,-0.6333333333333258,21.06666666666666,46.333333333333336,1021.4666666666667,5.485739087245518,20.792626898334245,1.3051181300330539,9,11,0.7071067811865476,-0.7071067811865475,-0.5000000000000004,0.8660254037844384
2020-11-27 12:00:00,21.0,46,1019.9,25.0,31.0,1020.0,-4.0,15.0,-0.10000000000002274,3.0,-1.3333333333333333,5.0,-0.03333333333334091,23.133333333333326,38.333333333333336,1020.6,2.0132891827388537,7.5055534994650825,1.126942766961744,12,11,1.2246467991473532e-16,-1.0,-0.5000000000000004,0.8660254037844384
2020-11-28 03:00:00,13.6,69,1021.1,21.0,46.0,1019.9,-7.4,23.0,1.2000000000000455,15.0,-0.49333333333333335,1.5333333333333334,0.08000000000000303,19.866666666666656,48.666666666666664,1020.3333333333334,5.783885660465058,19.139836293274108,0.665832811853464,3,11,0.7071067811865476,0.7071067811865476,-0.5000000000000004,0.8660254037844384
2020-11-28 06:00:00,21.2,36,1020.6,13.6,69.0,1021.1,7.6,-33.0,-0.5,3.0,2.533333333333333,-11.0,-0.16666666666666666,18.59999999999999,50.333333333333336,1020.5333333333333,4.331281565541544,16.92138686199606,0.6027713773403108,6,11,1.0,6.123233995736766e-17,-0.5000000000000004,0.8660254037844384
2020-11-28 09:00:00,25.2,28,1016.9,21.2,36.0,1020.6,4.0,-8.0,-3.7000000000000455,3.0,1.3333333333333333,-2.6666666666666665,-1.2333333333333485,19.99999999999999,44.333333333333336,1019.5333333333333,5.892367945062495,21.733231083604036,2.294195574344231,9,11,0.7071067811865476,-0.7071067811865475,-0.5000000000000004,0.8660254037844384
2020-11-28 12:00:00,21.4,50,1017.2,25.2,28.0,1016.9,-3.8000000000000007,22.0,0.3000000000000682,3.0,-1.2666666666666668,7.333333333333333,0.10000000000002274,22.59999999999999,38.0,1018.2333333333332,2.2538855339169306,11.135528725660004,2.0550750189081977,12,11,1.2246467991473532e-16,-1.0,-0.5000000000000004,0.8660254037844384
2020-11-29 03:00:00,12.0,76,1020.0,21.4,50.0,1017.2,-9.399999999999999,26.0,2.7999999999999545,15.0,-0.6266666666666666,1.7333333333333334,0.18666666666666362,19.53333333333332,51.333333333333336,1018.0333333333334,6.795096271086475,24.02776172125346,1.7097758137663908,3,11,0.7071067811865476,0.7071067811865476,-0.5000000000000004,0.8660254037844384
2020-11-29 06:00:00,22.2,45,1019.7,12.0,76.0,1020.0,10.2,-31.0,-0.2999999999999545,3.0,3.4,-10.333333333333334,-0.09999999999998484,18.53333333333332,57.0,1018.9666666666667,5.672154205708208,16.643316977093235,1.5373136743490867,6,11,1.0,6.123233995736766e-17,-0.5000000000000004,0.8660254037844384
2020-11-29 09:00:00,23.2,37,1016.9,22.2,45.0,1019.7,1.0,-8.0,-2.800000000000068,3.0,0.3333333333333333,-2.6666666666666665,-0.9333333333333561,19.133333333333326,52.666666666666664,1018.8666666666667,6.1978490892674465,20.599352740640494,1.709775813766469,9,11,0.7071067811865476,-0.7071067811865475,-0.5000000000000004,0.8660254037844384
2020-11-29 12:00:00,20.6,50,1016.1,23.2,37.0,1016.9,-2.599999999999998,13.0,-0.7999999999999545,3.0,-0.8666666666666659,4.333333333333333,-0.2666666666666515,21.99999999999999,44.0,1017.5666666666666,1.3114877048603937,6.557438524301963,1.8903262505029086,12,11,1.2246467991473532e-16,-1.0,-0.5000000000000004,0.8660254037844384
2020-11-30 03:00:00,10.6,87,1019.1,20.6,50.0,1016.1,-10.000000000000002,37.0,3.0,15.0,-0.6666666666666667,2.466666666666667,0.2,18.133333333333322,58.0,1017.3666666666667,6.652317891782781,25.94224354214569,1.5534906930330583,3,11,0.7071067811865476,0.7071067811865476,-0.5000000000000004,0.8660254037844384
2020-11-30 06:00:00,22.0,45,1018.4,10.6,87.0,1019.1,11.4,-42.0,-0.7000000000000455,3.0,3.8000000000000003,-14.0,-0.2333333333333485,17.733333333333324,60.666666666666664,1017.8666666666667,6.217180497084938,22.941955743426348,1.5695009822680672,6,11,1.0,6.123233995736766e-17,-0.5000000000000004,0.8660254037844384
2020-11-30 09:00:00,24.0,33,1015.9,22.0,45.0,1018.4,2.0,-12.0,-2.5,3.0,0.6666666666666666,-4.0,-0.8333333333333334,18.866666666666656,55.0,1017.8000000000001,7.228646715211174,28.354893757515644,1.6822603841281818,9,11,0.7071067811865476,-0.7071067811865475,-0.5000000000000004,0.8660254037844384
2020-11-30 12:00:00,20.6,47,1015.8,24.0,33.0,1015.9,-3.3999999999999986,14.0,-0.10000000000002274,3.0,-1.1333333333333329,4.666666666666667,-0.03333333333334091,22.19999999999999,41.666666666666664,1016.6999999999999,1.7088007490634949,7.571877794400318,1.4730919862678498,12,11,1.2246467991473532e-16,-1.0,-0.5000000000000004,0.8660254037844384
2020-12-01 03:00:00,12.0,85,1018.7,20.6,47.0,1015.8,-8.600000000000001,38.0,2.900000000000091,15.0,-0.5733333333333335,2.533333333333333,0.1933333333333394,18.866666666666656,55.0,1016.8000000000001,6.184927916583447,26.907248094147413,1.6462077633174805,3,12,0.7071067811865476,0.7071067811865476,-2.4492935982947064e-16,1.0
2020-12-01 06:00:00,22.2,42,1018.9,12.0,85.0,1018.7,10.2,-43.0,0.1999999999999318,3.0,3.4,-14.333333333333334,0.06666666666664393,18.266666666666655,58.0,1017.7999999999998,5.4857390872455145,23.515952032609686,1.7349351572918081,6,12,1.0,6.123233995736766e-17,-2.4492935982947064e-16,1.0
2020-12-01 09:00:00,25.0,32,1016.4,22.2,42.0,1018.9,2.8000000000000007,-10.0,-2.5,3.0,0.9333333333333336,-3.3333333333333335,-0.8333333333333334,19.733333333333324,53.0,1018.0,6.842026990105583,28.16025568065744,1.3892443989475372,9,12,0.7071067811865476,-0.7071067811865475,-2.4492935982947064e-16,1.0
2020-12-01 12:00:00,21.0,57,1016.1,25.0,32.0,1016.4,-4.0,25.0,-0.2999999999999545,3.0,-1.3333333333333333,8.333333333333334,-0.09999999999998484,22.73333333333332,43.666666666666664,1017.1333333333332,2.052640575778743,12.583057392117887,1.5373136743487814,12,12,1.2246467991473532e-16,-1.0,-2.4492935982947064e-16,1.0
2020-12-02 03:00:00,13.0,84,1017.9,21.0,57.0,1016.1,-8.0,27.0,1.7999999999999545,15.0,-0.5333333333333333,1.8,0.11999999999999697,19.666666666666654,57.666666666666664,1016.8000000000001,6.110100926607781,26.00640946638603,0.9643650761025293,3,12,0.7071067811865476,0.7071067811865476,-2.4492935982947064e-16,1.0
2020-12-02 06:00:00,23.0,39,1016.4,13.0,84.0,1017.9,10.0,-45.0,-1.5,3.0,3.3333333333333335,-15.0,-0.5,18.99999999999999,60.0,1016.7999999999998,5.291502622129174,22.649503305812242,0.9643650761025293,6,12,1.0,6.123233995736766e-17,-2.4492935982947064e-16,1.0
2020-12-02 09:00:00,25.6,29,1013.3,23.0,39.0,1016.4,2.6000000000000014,-10.0,-3.1000000000000227,3.0,0.8666666666666671,-3.3333333333333335,-1.033333333333341,20.533333333333324,50.666666666666664,1015.8666666666667,6.65231789178278,29.297326385411566,2.345918441322954,9,12,0.7071067811865476,-0.7071067811865475,-2.4492935982947064e-16,1.0
2020-12-02 12:00:00,22.2,45,1012.4,25.6,29.0,1013.3,-3.400000000000002,16.0,-0.8999999999999773,3.0,-1.133333333333334,5.333333333333333,-0.29999999999999244,23.59999999999999,37.666666666666664,1014.0333333333333,1.7776388834631218,8.082903768654703,2.098412098072728,12,12,1.2246467991473532e-16,-1.0,-2.4492935982947064e-16,1.0
2020-12-03 03:00:00,12.2,91,1016.1,22.2,45.0,1012.4,-10.0,46.0,3.7000000000000455,15.0,-0.6666666666666666,3.066666666666667,0.2466666666666697,19.99999999999999,55.0,1013.9333333333334,6.965629906907196,32.186953878862155,1.9295940851220232,3,12,0.7071067811865476,0.7071067811865476,-2.4492935982947064e-16,1.0
2020-12-03 06:00:00,21.8,50,1015.7,12.2,91.0,1016.1,9.600000000000001,-41.0,-0.39999999999997726,3.0,3.2000000000000006,-13.666666666666666,-0.13333333333332575,18.73333333333332,62.0,1014.7333333333332,5.661566332149898,25.23885892824793,2.030599254736948,6,12,1.0,6.123233995736766e-17,-2.4492935982947064e-16,1.0
2020-12-03 09:00:00,24.0,45,1013.3,21.8,50.0,1015.7,2.1999999999999993,-5.0,-2.400000000000091,3.0,0.7333333333333331,-1.6666666666666667,-0.8000000000000304,19.333333333333325,62.0,1015.0333333333333,6.274817394421392,25.23885892824793,1.5143755588817152,9,12,0.7071067811865476,-0.7071067811865475,-2.4492935982947064e-16,1.0
2020-12-03 12:00:00,22.0,57,1012.5,24.0,45.0,1013.3,-2.0,12.0,-0.7999999999999545,3.0,-0.6666666666666666,4.0,-0.2666666666666515,22.59999999999999,50.666666666666664,1013.8333333333334,1.2165525060596334,6.027713773341656,1.665332799574217,12,12,1.2246467991473532e-16,-1.0,-2.4492935982947064e-16,1.0
2020-12-04 03:00:00,10.0,92,1015.2,22.0,57.0,1012.5,-12.0,35.0,2.7000000000000455,15.0,-0.8,2.3333333333333335,0.18000000000000302,18.666666666666657,64.66666666666667,1013.6666666666666,7.571877794400359,24.419937209856492,1.3868429375158746,3,12,0.7071067811865476,0.7071067811865476,-2.4492935982947064e-16,1.0
2020-12-04 06:00:00,21.2,60,1014.5,10.0,92.0,1015.2,11.2,-32.0,-0.7000000000000455,3.0,3.733333333333333,-10.666666666666666,-0.2333333333333485,17.733333333333324,69.66666666666667,1014.0666666666666,6.709197666884858,19.399312702601964,1.4011899704672084,6,12,1.0,6.123233995736766e-17,-2.4492935982947064e-16,1.0
2020-12-04 09:00:00,23.4,54,1011.1,21.2,60.0,1014.5,2.1999999999999993,-6.0,-3.3999999999999773,3.0,0.7333333333333331,-2.0,-1.1333333333333258,18.19999999999999,68.66666666666667,1013.6,7.186097689288665,20.42873792805943,2.19317121994708,9,12,0.7071067811865476,-0.7071067811865475,-2.4492935982947064e-16,1.0
2020-12-04 12:00:00,20.8,65,1010.4,23.4,54.0,1011.1,-2.599999999999998,11.0,-0.7000000000000455,3.0,-0.8666666666666659,3.6666666666666665,-0.2333333333333485,21.799999999999986,59.666666666666664,1012.0,1.3999999999999888,5.507570547286093,2.1931712199468523,12,12,1.2246467991473532e-16,-1.0,-2.4492935982947064e-16,1.0
2020-12-05 03:00:00,15.0,78,1014.3,20.8,65.0,1010.4,-5.800000000000001,13.0,3.8999999999999773,15.0,-0.3866666666666667,0.8666666666666667,0.2599999999999985,19.73333333333332,65.66666666666667,1011.9333333333334,4.300387579432028,12.013880860626747,2.0792626898341657,3,12,0.7071067811865476,0.7071067811865476,-2.4492935982947064e-16,1.0
2020-12-05 06:00:00,21.4,56,1014.2,15.0,78.0,1014.3,6.399999999999999,-22.0,-0.09999999999990905,3.0,2.133333333333333,-7.333333333333333,-0.03333333333330302,19.06666666666666,66.33333333333333,1012.9666666666667,3.534590971149739,11.060440015358058,2.2233608194212233,6,12,1.0,6.123233995736766e-17,-2.4492935982947064e-16,1.0
2020-12-05 09:00:00,24.0,49,1011.2,21.4,56.0,1014.2,2.6000000000000014,-7.0,-3.0,3.0,0.8666666666666671,-2.3333333333333335,-1.0,20.133333333333322,61.0,1013.2333333333332,4.63177431804846,15.132745950421558,1.761628034897676,9,12,0.7071067811865476,-0.7071067811865475,-2.4492935982947064e-16,1.0
2020-12-05 12:00:00,20.0,69,1011.7,24.0,49.0,1011.2,-4.0,20.0,0.5,3.0,-1.3333333333333333,6.666666666666667,0.16666666666666666,21.799999999999986,58.0,1012.3666666666668,2.0297783130184395,10.148891565092214,1.6072751268332204,12,12,1.2246467991473532e-16,-1.0,-2.4492935982947064e-16,1.0
2020-12-06 03:00:00,13.6,91,1017.6,20.0,69.0,1011.7,-6.4,22.0,5.899999999999977,15.0,-0.4266666666666667,1.4666666666666666,0.3933333333333318,19.19999999999999,69.66666666666667,1013.5,5.245950819441596,21.00793500878499,3.5594943461121393,3,12,0.7071067811865476,0.7071067811865476,-2.4492935982947064e-16,1.0
2020-12-06 06:00:00,22.2,58,1017.8,13.6,91.0,1017.6,8.6,-33.0,0.1999999999999318,3.0,2.8666666666666667,-11.0,0.06666666666664393,18.59999999999999,72.66666666666667,1015.6999999999999,4.467661580737729,16.802777548171438,3.4655446902335503,6,12,1.0,6.123233995736766e-17,-2.4492935982947064e-16,1.0
2020-12-06 09:00:00,24.2,52,1015.2,22.2,58.0,1017.8,2.0,-6.0,-2.599999999999909,3.0,0.6666666666666666,-2.0,-0.8666666666666364,19.99999999999999,67.0,1016.8666666666667,5.632051136131486,21.000000000000014,1.446835627616527,9,12,0.7071067811865476,-0.7071067811865475,-2.4492935982947064e-16,1.0
2020-12-06 12:00:00,21.0,75,1014.8,24.2,52.0,1015.2,-3.1999999999999993,23.0,-0.40000000000009095,3.0,-1.0666666666666664,7.666666666666667,-0.13333333333336364,22.466666666666654,61.666666666666664,1015.9333333333334,1.6165807537309576,11.930353445448869,1.6289055630514238,12,12,1.2246467991473532e-16,-1.0,-2.4492935982947064e-16,1.0
2020-12-07 03:00:00,16.2,87,1018.2,21.0,75.0,1014.8,-4.800000000000001,12.0,3.400000000000091,15.0,-0.32000000000000006,0.8,0.22666666666667273,20.466666666666658,71.33333333333333,1016.0666666666666,4.02657836547773,17.785762095938825,1.8583146486373698,3,12,0.7071067811865476,0.7071067811865476,-2.4492935982947064e-16,1.0
2020-12-07 06:00:00,23.6,45,1017.5,16.2,87.0,1018.2,7.400000000000002,-42.0,-0.7000000000000455,3.0,2.4666666666666672,-14.0,-0.2333333333333485,20.26666666666666,69.0,1016.8333333333334,3.754108860080286,21.633307652783955,1.795364401268157,6,12,1.0,6.123233995736766e-17,-2.4492935982947064e-16,1.0
2020-12-07 09:00:00,25.4,39,1015.7,23.6,45.0,1017.5,1.7999999999999972,-6.0,-1.7999999999999545,3.0,0.5999999999999991,-2.0,-0.5999999999999849,21.73333333333332,57.0,1017.1333333333333,4.875790534193746,26.153393661244046,1.2897028081465551,9,12,0.7071067811865476,-0.7071067811865475,-2.4492935982947064e-16,1.0
2020-12-07 12:00:00,22.0,50,1016.0,25.4,39.0,1015.7,-3.3999999999999986,11.0,0.2999999999999545,3.0,-1.1333333333333329,3.6666666666666665,0.09999999999998484,23.666666666666657,44.666666666666664,1016.4000000000001,1.7009801096230932,5.507570547286053,0.9643650761030387,12,12,1.2246467991473532e-16,-1.0,-2.4492935982947064e-16,1.0
2020-12-08 03:00:00,14.6,82,1019.3,22.0,50.0,1016.0,-7.4,32.0,3.2999999999999545,15.0,-0.49333333333333335,2.1333333333333333,0.21999999999999698,20.666666666666657,57.0,1017.0,5.522076903967682,22.33830790368868,1.9974984355456866,3,12,0.7071067811865476,0.7071067811865476,-2.4492935982947064e-16,1.0
2020-12-08 06:00:00,21.8,56,1019.0,14.6,82.0,1019.3,7.200000000000001,-26.0,-0.2999999999999545,3.0,2.4000000000000004,-8.666666666666666,-0.09999999999998484,19.466666666666658,62.666666666666664,1018.0999999999999,4.215843134336628,17.00980109623078,1.82482875909174,6,12,1.0,6.123233995736766e-17,-2.4492935982947064e-16,1.0
2020-12-08 09:00:00,25.2,36,1015.8,21.8,56.0,1019.0,3.3999999999999986,-20.0,-3.2000000000000455,3.0,1.1333333333333329,-6.666666666666667,-1.0666666666666818,20.53333333333332,58.0,1018.0333333333333,5.412331598611942,23.065125189341593,1.9399312702623324,9,12,0.7071067811865476,-0.7071067811865475,-2.4492935982947064e-16,1.0
2020-12-08 12:00:00,21.4,56,1015.3,25.2,36.0,1015.8,-3.8000000000000007,20.0,-0.5,3.0,-1.2666666666666668,6.666666666666667,-0.16666666666666666,22.799999999999986,49.333333333333336,1016.6999999999999,2.0880613017821177,11.547005383792497,2.0074859899903172,12,12,1.2246467991473532e-16,-1.0,-2.4492935982947064e-16,1.0
2020-12-09 03:00:00,14.8,89,1017.0,21.4,56.0,1015.3,-6.599999999999998,33.0,1.7000000000000455,15.0,-0.43999999999999984,2.2,0.11333333333333637,20.466666666666658,60.333333333333336,1016.0333333333333,5.262445565830898,26.76440422152777,0.8736894948093191,3,12,0.7071067811865476,0.7071067811865476,-2.4492935982947064e-16,1.0
2020-12-09 06:00:00,23.8,42,1016.4,14.8,89.0,1017.0,9.0,-47.0,-0.6000000000000227,3.0,3.0,-15.666666666666666,-0.2000000000000076,19.99999999999999,62.333333333333336,1016.2333333333332,4.660472079092411,24.131583730317693,0.8621678104292595,6,12,1.0,6.123233995736766e-17,-2.4492935982947064e-16,1.0
2020-12-09 09:00:00,22.8,47,1014.7,23.8,42.0,1016.4,-1.0,5.0,-1.6999999999999318,3.0,-0.3333333333333333,1.6666666666666667,-0.5666666666666439,20.466666666666658,59.333333333333336,1016.0333333333334,4.9328828623162435,25.813433195399124,1.193035344547706,9,12,0.7071067811865476,-0.7071067811865475,-2.4492935982947064e-16,1.0
2020-12-09 12:00:00,19.4,60,1014.0,22.8,47.0,1014.7,-3.400000000000002,13.0,-0.7000000000000455,3.0,-1.133333333333334,4.333333333333333,-0.2333333333333485,21.99999999999999,49.666666666666664,1015.0333333333334,2.3065125189341655,9.291573243177547,1.2342339054405393,12,12,1.2246467991473532e-16,-1.0,-2.4492935982947064e-16,1.0
2020-12-10 03:00:00,15.2,83,1016.7,19.4,60.0,1014.0,-4.199999999999999,23.0,2.7000000000000455,15.0,-0.27999999999999997,1.5333333333333334,0.18000000000000302,19.133333333333326,63.333333333333336,1015.1333333333333,3.8070110760717877,18.230011885167098,1.40118997046768,3,12,0.7071067811865476,0.7071067811865476,-2.4492935982947064e-16,1.0
2020-12-10 06:00:00,21.6,53,1016.6,15.2,83.0,1016.7,6.400000000000002,-30.0,-0.10000000000002274,3.0,2.133333333333334,-10.0,-0.03333333333334091,18.733333333333324,65.33333333333333,1015.7666666666668,3.251666239535241,15.695009822658086,1.5307950004294983,6,12,1.0,6.123233995736766e-17,-2.4492935982947064e-16,1.0
2020-12-10 09:00:00,24.0,45,1014.1,21.6,53.0,1016.6,2.3999999999999986,-8.0,-2.5,3.0,0.7999999999999995,-2.6666666666666665,-0.8333333333333334,20.266666666666655,60.333333333333336,1015.8000000000001,4.548992562461859,20.033305601755632,1.4730919862678518,9,12,0.7071067811865476,-0.7071067811865475,-2.4492935982947064e-16,1.0
2020-12-10 12:00:00,20.6,56,1014.0,24.0,45.0,1014.1,-3.3999999999999986,11.0,-0.10000000000002274,3.0,-1.1333333333333329,3.6666666666666665,-0.03333333333334091,22.06666666666666,51.333333333333336,1014.9,1.7473789896108287,5.686240703077299,1.4730919862674958,12,12,1.2246467991473532e-16,-1.0,-2.4492935982947064e-16,1.0
2020-12-11 03:00:00,14.4,89,1017.3,20.6,56.0,1014.0,-6.200000000000001,33.0,3.2999999999999545,15.0,-0.4133333333333334,2.2,0.21999999999999698,19.66666666666666,63.333333333333336,1015.1333333333333,4.867579823005811,22.898325994127468,1.877054430041627,3,12,0.7071067811865476,0.7071067811865476,-2.4492935982947064e-16,1.0
2020-12-11 06:00:00,23.4,49,1015.8,14.4,89.0,1017.3,8.999999999999998,-40.0,-1.5,3.0,2.9999999999999996,-13.333333333333334,-0.5,19.466666666666658,64.66666666666667,1015.6999999999999,4.60579345317756,21.36195996001616,1.6522711641877137,6,12,1.0,6.123233995736766e-17,-2.4492935982947064e-16,1.0
2020-12-11 09:00:00,25.0,50,1012.4,23.4,49.0,1015.8,1.6000000000000014,1.0,-3.3999999999999773,3.0,0.5333333333333338,0.3333333333333333,-1.1333333333333258,20.933333333333323,62.666666666666664,1015.1666666666666,5.714309523759919,22.81081614790084,2.5106440076878767,9,12,0.7071067811865476,-0.7071067811865475,-2.4492935982947064e-16,1.0
2020-12-11 12:00:00,22.8,59,1011.6,25.0,50.0,1012.4,-2.1999999999999993,9.0,-0.7999999999999545,3.0,-0.7333333333333331,3.0,-0.2666666666666515,23.733333333333324,52.666666666666664,1013.2666666666668,1.1372481406154966,5.507570547286086,2.230097157824526,12,12,1.2246467991473532e-16,-1.0,-2.4492935982947064e-16,1.0
2020-12-12 03:00:00,13.0,91,1017.0,22.8,59.0,1011.6,-9.8,32.0,5.399999999999977,15.0,-0.6533333333333334,2.1333333333333333,0.3599999999999985,20.266666666666655,66.66666666666667,1013.6666666666666,6.388531390964068,21.548395145191996,2.914332399253274,3,12,0.7071067811865476,0.7071067811865476,-2.4492935982947064e-16,1.0
2020-12-12 06:00:00,19.6,65,1017.3,13.0,91.0,1017.0,6.600000000000001,-26.0,0.2999999999999545,3.0,2.2000000000000006,-8.666666666666666,0.09999999999998484,18.466666666666658,71.66666666666667,1015.2999999999998,4.997332621842699,17.009801096230795,3.207802986469891,6,12,1.0,6.123233995736766e-17,-2.4492935982947064e-16,1.0
2020-12-12 09:00:00,21.6,59,1015.1,19.6,65.0,1017.3,2.0,-6.0,-2.199999999999932,3.0,0.6666666666666666,-2.0,-0.7333333333333106,18.06666666666666,71.66666666666667,1016.4666666666667,4.500370355130033,17.009801096230795,1.1930353445474828,9,12,0.7071067811865476,-0.7071067811865475,-2.4492935982947064e-16,1.0
2020-12-12 12:00:00,19.0,74,1015.1,21.6,59.0,1015.1,-2.6000000000000014,15.0,0.0,3.0,-0.8666666666666671,5.0,0.0,20.06666666666666,66.0,1015.8333333333334,1.3613718571107836,7.549834435270797,1.2701705922194624,12,12,1.2246467991473532e-16,-1.0,-2.4492935982947064e-16,1.0
2020-12-13 03:00:00,11.6,95,1017.5,19.0,74.0,1015.1,-7.4,21.0,2.3999999999999773,15.0,-0.49333333333333335,1.4,0.15999999999999848,17.399999999999988,76.0,1015.9,5.188448708429127,18.083141320025167,1.3856406460572679,3,12,0.7071067811865476,0.7071067811865476,-2.4492935982947064e-16,1.0
2020-12-13 06:00:00,12.2,93,1018.5,11.6,95.0,1017.5,0.5999999999999996,-2.0,1.0,3.0,0.19999999999999987,-0.6666666666666666,0.3333333333333333,14.266666666666657,87.33333333333333,1017.0333333333334,4.1101500378128675,11.59022576714258,1.7473789896127945,6,12,1.0,6.123233995736766e-17,-2.4492935982947064e-16,1.0
2020-12-13 09:00:00,12.8,84,1016.6,12.2,93.0,1018.5,0.6000000000000014,-9.0,-1.8999999999999773,3.0,0.20000000000000048,-3.0,-0.6333333333333258,12.19999999999999,90.66666666666667,1017.5333333333333,0.599999999999768,5.859465277082557,0.9504384952960815,9,12,0.7071067811865476,-0.7071067811865475,-2.4492935982947064e-16,1.0
2020-12-13 12:00:00,12.2,83,1015.7,12.8,84.0,1016.6,-0.6000000000000014,-1.0,-0.8999999999999773,3.0,-0.20000000000000048,-0.3333333333333333,-0.29999999999999244,12.39999999999999,86.66666666666667,1016.9333333333334,0.34641016151338166,5.507570547286318,1.4294521094951465,12,12,1.2246467991473532e-16,-1.0,-2.4492935982947064e-16,1.0
2020-12-14 03:00:00,11.4,85,1018.1,12.2,83.0,1015.7,-0.7999999999999989,2.0,2.3999999999999773,15.0,-0.05333333333333326,0.13333333333333333,0.15999999999999848,12.133333333333326,84.0,1016.8000000000001,0.7023769168566494,1.0000000000010374,1.2124355653009837,3,12,0.7071067811865476,0.7071067811865476,-2.4492935982947064e-16,1.0
2020-12-14 06:00:00,12.4,77,1019.9,11.4,85.0,1018.1,1.0,-8.0,1.7999999999999545,3.0,0.3333333333333333,-2.6666666666666665,0.5999999999999849,11.999999999999991,81.66666666666667,1017.9000000000001,0.5291502622126489,4.163331998932483,2.107130750572323,6,12,1.0,6.123233995736766e-17,-2.4492935982947064e-16,1.0
2020-12-14 09:00:00,13.2,73,1018.2,12.4,77.0,1019.9,0.7999999999999989,-4.0,-1.6999999999999318,3.0,0.26666666666666633,-1.3333333333333333,-0.5666666666666439,12.333333333333323,78.33333333333333,1018.7333333333332,0.9018499505644251,6.110100926607905,1.0115993937036394,9,12,0.7071067811865476,-0.7071067811865475,-2.4492935982947064e-16,1.0
2020-12-14 12:00:00,12.4,74,1017.7,13.2,73.0,1018.2,-0.7999999999999989,1.0,-0.5,3.0,-0.26666666666666633,0.3333333333333333,-0.16666666666666666,12.666666666666657,74.66666666666667,1018.6,0.4618802153514098,2.081665999466385,1.1532562594705817,12,12,1.2246467991473532e-16,-1.0,-2.4492935982947064e-16,1.0
2020-12-15 03:00:00,10.0,82,1021.2,12.4,74.0,1017.7,-2.4000000000000004,8.0,3.5,15.0,-0.16000000000000003,0.5333333333333333,0.23333333333333334,11.866666666666658,76.33333333333333,1019.0333333333333,1.6653327995728193,4.9328828623163705,1.8929694486023425,3,12,0.7071067811865476,0.7071067811865476,-2.4492935982947064e-16,1.0
2020-12-15 06:00:00,13.6,64,1022.0,10.0,82.0,1021.2,3.5999999999999996,-18.0,0.7999999999999545,3.0,1.2,-6.0,0.2666666666666515,11.999999999999991,73.33333333333333,1020.3000000000001,1.8330302779822576,9.018499505645838,2.2869193252079527,6,12,1.0,6.123233995736766e-17,-2.4492935982947064e-16,1.0
2020-12-15 09:00:00,15.8,57,1020.1,13.6,64.0,1022.0,2.200000000000001,-7.0,-1.8999999999999773,3.0,0.7333333333333337,-2.3333333333333335,-0.6333333333333258,13.133333333333324,67.66666666666667,1021.1,2.928025500799655,12.897028081435412,0.9539392014223739,9,12,0.7071067811865476,-0.7071067811865475,-2.4492935982947064e-16,1.0
2020-12-15 12:00:00,13.8,69,1019.3,15.8,57.0,1020.1,-2.0,12.0,-0.8000000000000682,3.0,-0.6666666666666666,4.0,-0.2666666666666894,14.399999999999991,63.333333333333336,1020.4666666666667,1.216552506059544,6.0277137733416915,1.3868429375178495,12,12,1.2246467991473532e-16,-1.0,-2.4492935982947064e-16,1.0
2020-12-16 03:00:00,7.0,100,1023.5,13.8,69.0,1019.3,-6.800000000000001,31.0,4.2000000000000455,15.0,-0.45333333333333337,2.066666666666667,0.280000000000003,12.19999999999999,75.33333333333333,1020.9666666666667,4.613025037868288,22.188585654190184,2.230097157825994,3,12,0.7071067811865476,0.7071067811865476,-2.4492935982947064e-16,1.0
2020-12-16 06:00:00,9.2,95,1024.8,7.0,100.0,1023.5,2.1999999999999993,-5.0,1.2999999999999545,3.0,0.7333333333333331,-1.6666666666666667,0.4333333333333182,9.999999999999991,88.0,1022.5333333333333,3.4698703145794507,16.643316977093313,2.8746014216487565,6,12,1.0,6.123233995736766e-17,-2.4492935982947064e-16,1.0
2020-12-16 09:00:00,11.6,76,1022.7,9.2,95.0,1024.8,2.4000000000000004,-19.0,-2.099999999999909,3.0,0.8000000000000002,-6.333333333333333,-0.6999999999999696,9.266666666666657,90.33333333333333,1023.6666666666666,2.300724523564917,12.6622799421485,1.0598742063783368,9,12,0.7071067811865476,-0.7071067811865475,-2.4492935982947064e-16,1.0
2020-12-16 12:00:00,8.2,86,1022.0,11.6,76.0,1022.7,-3.4000000000000004,10.0,-0.7000000000000455,3.0,-1.1333333333333335,3.3333333333333335,-0.2333333333333485,9.666666666666655,85.66666666666667,1023.1666666666666,1.7473789896107321,9.504384952922294,1.4571661996304819,12,12,1.2246467991473532e-16,-1.0,-2.4492935982947064e-16,1.0
2020-12-17 03:00:00,6.8,91,1023.1,8.2,86.0,1022.0,-1.3999999999999995,5.0,1.1000000000000227,15.0,-0.0933333333333333,0.3333333333333333,0.07333333333333485,8.866666666666656,84.33333333333333,1022.6,2.4684678108764166,7.637626158259878,0.5567764362934741,3,12,0.7071067811865476,0.7071067811865476,-2.4492935982947064e-16,1.0
2020-12-17 06:00:00,10.8,68,1022.9,6.8,91.0,1023.1,4.000000000000001,-23.0,-0.20000000000004547,3.0,1.3333333333333337,-7.666666666666667,-0.06666666666668182,8.59999999999999,81.66666666666667,1022.6666666666666,2.0297783130183626,12.09683154108278,0.5859465277182362,6,12,1.0,6.123233995736766e-17,-2.4492935982947064e-16,1.0
2020-12-17 09:00:00,14.4,57,1019.8,10.8,68.0,1022.9,3.5999999999999996,-11.0,-3.1000000000000227,3.0,1.2,-3.6666666666666665,-1.033333333333341,10.666666666666657,72.0,1021.9333333333334,3.801753981168829,17.349351572897493,1.8502252115200248,9,12,0.7071067811865476,-0.7071067811865475,-2.4492935982947064e-16,1.0
2020-12-17 12:00:00,11.6,69,1019.3,14.4,57.0,1019.8,-2.8000000000000007,12.0,-0.5,3.0,-0.9333333333333336,4.0,-0.16666666666666666,12.266666666666657,64.66666666666667,1020.6666666666666,1.8903262505009732,6.658328118479375,1.9502136635104732,12,12,1.2246467991473532e-16,-1.0,-2.4492935982947064e-16,1.0
2020-12-18 03:00:00,3.6,100,1020.5,11.6,69.0,1019.3,-8.0,31.0,1.2000000000000455,15.0,-0.5333333333333333,2.066666666666667,0.08000000000000303,9.866666666666658,75.33333333333333,1019.8666666666667,5.604759881862293,22.188585654190177,0.6027713773414662,3,12,0.7071067811865476,0.7071067811865476,-2.4492935982947064e-16,1.0
2020-12-18 06:00:00,14.0,41,1020.3,3.6,100.0,1020.5,10.4,-59.0,-0.20000000000004547,3.0,3.466666666666667,-19.666666666666668,-0.06666666666668182,9.733333333333324,70.0,1020.0333333333333,5.445487428443207,29.512709126747414,0.6429100507398214,6,12,1.0,6.123233995736766e-17,-2.4492935982947064e-16,1.0
2020-12-18 09:00:00,17.0,28,1018.2,14.0,41.0,1020.3,3.0,-13.0,-2.099999999999909,3.0,1.0,-4.333333333333333,-0.6999999999999696,11.533333333333324,56.333333333333336,1019.6666666666666,7.032306402122497,38.37099599089567,1.2741009902443863,9,12,0.7071067811865476,-0.7071067811865475,-2.4492935982947064e-16,1.0
2020-12-18 12:00:00,14.2,36,1018.3,17.0,28.0,1018.2,-2.8000000000000007,8.0,0.09999999999990905,3.0,-0.9333333333333336,2.6666666666666665,0.03333333333330302,15.066666666666658,35.0,1018.9333333333334,1.6772994167211546,6.557438524301693,1.1846237095976597,12,12,1.2246467991473532e-16,-1.0,-2.4492935982947064e-16,1.0
2020-12-19 03:00:00,8.6,78,1021.9,14.2,36.0,1018.3,-5.6,42.0,3.6000000000000227,15.0,-0.3733333333333333,2.8,0.24000000000000152,13.266666666666657,47.333333333333336,1019.4666666666667,4.277070648625422,26.8576494379782,2.1079215671702785,3,12,0.7071067811865476,0.7071067811865476,-2.4492935982947064e-16,1.0
2020-12-19 06:00:00,17.0,25,1020.1,8.6,78.0,1021.9,8.4,-53.0,-1.7999999999999545,3.0,2.8000000000000003,-17.666666666666668,-0.5999999999999849,13.266666666666657,46.333333333333336,1020.1,4.277070648625422,27.970222261064187,1.800000000002545,6,12,1.0,6.123233995736766e-17,-2.4492935982947064e-16,1.0
2020-12-19 09:00:00,19.2,28,1018.2,17.0,25.0,1020.1,2.1999999999999993,3.0,-1.8999999999999773,3.0,0.7333333333333331,1.0,-0.6333333333333258,14.933333333333323,43.666666666666664,1020.0666666666666,5.594044452212828,29.771350881902055,1.8502252115194746,9,12,0.7071067811865476,-0.7071067811865475,-2.4492935982947064e-16,1.0
2020-12-19 12:00:00,14.8,44,1018.0,19.2,28.0,1018.2,-4.399999999999999,16.0,-0.20000000000004547,3.0,-1.4666666666666661,5.333333333333333,-0.06666666666668182,16.99999999999999,32.333333333333336,1018.7666666666668,2.1999999999999647,10.214368964029513,1.1590225767174733,12,12,1.2246467991473532e-16,-1.0,-2.4492935982947064e-16,1.0
2020-12-20 03:00:00,8.0,86,1021.5,14.8,44.0,1018.0,-6.800000000000001,42.0,3.5,15.0,-0.45333333333333337,2.8,0.23333333333333334,13.999999999999991,52.666666666666664,1019.2333333333332,5.642694391866335,29.955522584881262,1.9655363983760834,3,12,0.7071067811865476,0.7071067811865476,-2.4492935982947064e-16,1.0
2020-12-20 06:00:00,19.4,24,1020.7,8.0,86.0,1021.5,11.399999999999999,-62.0,-0.7999999999999545,3.0,3.7999999999999994,-20.666666666666668,-0.2666666666666515,14.066666666666656,51.333333333333336,1020.0666666666666,5.735270990400813,31.643851430148814,1.8339392937995764,6,12,1.0,6.123233995736766e-17,-2.4492935982947064e-16,1.0
2020-12-20 09:00:00,21.2,25,1017.9,19.4,24.0,1020.7,1.8000000000000007,1.0,-2.800000000000068,3.0,0.6000000000000002,0.3333333333333333,-0.9333333333333561,16.19999999999999,45.0,1020.0333333333333,7.1582120672693,35.51056180912937,1.8903262505033804,9,12,0.7071067811865476,-0.7071067811865475,-2.4492935982947064e-16,1.0
2020-12-20 12:00:00,17.8,39,1017.5,21.2,25.0,1017.9,-3.3999999999999986,14.0,-0.39999999999997726,3.0,-1.1333333333333329,4.666666666666667,-0.13333333333332575,19.466666666666654,29.333333333333332,1018.6999999999999,1.7009801096230452,8.386497083605816,1.743559577418498,12,12,1.2246467991473532e-16,-1.0,-2.4492935982947064e-16,1.0
2020-12-21 03:00:00,7.0,91,1019.6,17.8,39.0,1017.5,-10.8,52.0,2.1000000000000227,15.0,-0.7200000000000001,3.466666666666667,0.1400000000000015,15.333333333333323,51.666666666666664,1018.3333333333334,7.414400402819716,34.77547028198658,1.1150485789151616,3,12,0.7071067811865476,0.7071067811865476,-2.4492935982947064e-16,1.0
2020-12-21 06:00:00,17.8,53,1019.0,7.0,91.0,1019.6,10.8,-38.0,-0.6000000000000227,3.0,3.6,-12.666666666666666,-0.2000000000000076,14.199999999999989,61.0,1018.6999999999999,6.235382907247944,26.907248094147405,1.0816653826427671,6,12,1.0,6.123233995736766e-17,-2.4492935982947064e-16,1.0
2020-12-21 09:00:00,22.2,22,1015.7,17.8,53.0,1019.0,4.399999999999999,-31.0,-3.2999999999999545,3.0,1.4666666666666661,-10.333333333333334,-1.0999999999999848,15.666666666666657,55.333333333333336,1018.1,7.821338333899971,34.55912807542071,2.100000000001662,9,12,0.7071067811865476,-0.7071067811865475,-2.4492935982947064e-16,1.0
2020-12-21 12:00:00,19.0,29,1015.3,22.2,22.0,1015.7,-3.1999999999999993,7.0,-0.40000000000009095,3.0,-1.0666666666666664,2.3333333333333335,-0.13333333333336364,19.666666666666657,34.666666666666664,1016.6666666666666,2.2744962812309053,16.25833119767616,2.030599254737089,12,12,1.2246467991473532e-16,-1.0,-2.4492935982947064e-16,1.0
2020-12-22 03:00:00,5.0,94,1019.5,19.0,29.0,1015.3,-14.0,65.0,4.2000000000000455,15.0,-0.9333333333333333,4.333333333333333,0.280000000000003,15.399999999999991,48.333333333333336,1016.8333333333334,9.147677300823407,39.703064533274144,2.3180451534297353,3,12,0.7071067811865476,0.7071067811865476,-2.4492935982947064e-16,1.0
2020-12-22 06:00:00,17.4,57,1018.8,5.0,94.0,1019.5,12.399999999999999,-37.0,-0.7000000000000455,3.0,4.133333333333333,-12.333333333333334,-0.2333333333333485,13.799999999999988,60.0,1017.8666666666667,7.662897624267194,32.603680773802196,2.2501851775665873,6,12,1.0,6.123233995736766e-17,-2.4492935982947064e-16,1.0
2020-12-22 09:00:00,20.0,51,1015.4,17.4,57.0,1018.8,2.6000000000000014,-6.0,-3.3999999999999773,3.0,0.8666666666666671,-2.0,-1.1333333333333258,14.13333333333332,67.33333333333333,1017.9,8.015817695864419,23.288051299611418,2.1931712199477644,9,12,0.7071067811865476,-0.7071067811865475,-2.4492935982947064e-16,1.0
2020-12-22 12:00:00,17.4,57,1014.2,20.0,51.0,1015.4,-2.6000000000000014,6.0,-1.1999999999999318,3.0,-0.8666666666666671,2.0,-0.39999999999997726,18.266666666666655,55.0,1016.1333333333333,1.501110699892989,3.46410161513754,2.38607068909085,12,12,1.2246467991473532e-16,-1.0,-2.4492935982947064e-16,1.0
2020-12-23 03:00:00,5.0,100,1018.8,17.4,57.0,1014.2,-12.399999999999999,43.0,4.599999999999909,15.0,-0.8266666666666665,2.8666666666666667,0.3066666666666606,14.13333333333332,69.33333333333333,1016.1333333333333,8.01581769586442,26.727015047201462,2.38607068909085,3,12,0.7071067811865476,0.7071067811865476,-2.4492935982947064e-16,1.0
2020-12-23 06:00:00,16.8,60,1017.9,5.0,100.0,1018.8,11.8,-40.0,-0.8999999999999773,3.0,3.9333333333333336,-13.333333333333334,-0.29999999999999244,13.066666666666656,72.33333333333333,1016.9666666666666,6.992376801441207,24.006943440041127,2.4378952670980807,6,12,1.0,6.123233995736766e-17,-2.4492935982947064e-16,1.0
2020-12-23 09:00:00,20.6,34,1014.8,16.8,60.0,1017.9,3.8000000000000007,-26.0,-3.1000000000000227,3.0,1.2666666666666668,-8.666666666666666,-1.033333333333341,14.133333333333324,64.66666666666667,1017.1666666666666,8.134699338840568,33.24655370611114,2.098412098073111,9,12,0.7071067811865476,-0.7071067811865475,-2.4492935982947064e-16,1.0
2020-12-23 12:00:00,17.2,52,1013.7,20.6,34.0,1014.8,-3.400000000000002,18.0,-1.099999999999909,3.0,-1.133333333333334,6.0,-0.36666666666663633,18.19999999999999,48.666666666666664,1015.4666666666666,2.08806130178208,13.316656236958698,2.1779194965236397,12,12,1.2246467991473532e-16,-1.0,-2.4492935982947064e-16,1.0
2020-12-24 03:00:00,7.2,94,1017.5,17.2,52.0,1013.7,-10.0,42.0,3.7999999999999545,15.0,-0.6666666666666666,2.8,0.2533333333333303,14.999999999999991,60.0,1015.3333333333334,6.9656299069071865,30.78960863668129,1.9553345834761167,3,12,0.7071067811865476,0.7071067811865476,-2.4492935982947064e-16,1.0
2020-12-24 06:00:00,17.4,47,1017.4,7.2,94.0,1017.5,10.2,-47.0,-0.10000000000002274,3.0,3.4,-15.666666666666666,-0.03333333333334091,13.933333333333323,64.33333333333333,1016.1999999999999,5.832095106677627,25.813433195399117,2.165640782771945,6,12,1.0,6.123233995736766e-17,-2.4492935982947064e-16,1.0
2020-12-24 09:00:00,20.6,41,1015.0,17.4,47.0,1017.4,3.200000000000003,-6.0,-2.3999999999999773,3.0,1.0666666666666675,-2.0,-0.7999999999999924,15.066666666666656,60.666666666666664,1016.6333333333333,6.998094978873404,29.022979401386973,1.4153915830394788,9,12,0.7071067811865476,-0.7071067811865475,-2.4492935982947064e-16,1.0
2020-12-24 12:00:00,17.2,56,1014.5,20.6,41.0,1015.0,-3.400000000000002,15.0,-0.5,3.0,-1.133333333333334,5.0,-0.16666666666666666,18.399999999999988,48.0,1015.6333333333333,1.9078784028338527,7.549834435270606,1.5502687938993807,12,12,1.2246467991473532e-16,-1.0,-2.4492935982947064e-16,1.0
2020-12-25 03:00:00,7.0,100,1019.6,17.2,56.0,1014.5,-10.2,44.0,5.100000000000023,15.0,-0.6799999999999999,2.933333333333333,0.3400000000000015,14.933333333333323,65.66666666666667,1016.3666666666667,7.077664398184837,30.664855018951794,2.8112867753644153,3,12,0.7071067811865476,0.7071067811865476,-2.4492935982947064e-16,1.0
2020-12-25 06:00:00,11.6,92,1019.7,7.0,100.0,1019.6,4.6,-8.0,0.10000000000002274,3.0,1.5333333333333332,-2.6666666666666665,0.03333333333334091,11.933333333333323,82.66666666666667,1017.9333333333334,5.108163401197446,23.437861108329297,2.9737742572932175,6,12,1.0,6.123233995736766e-17,-2.4492935982947064e-16,1.0
2020-12-25 09:00:00,19.8,32,1016.2,11.6,92.0,1019.7,8.200000000000001,-60.0,-3.5,3.0,2.733333333333334,-20.0,-1.1666666666666667,12.799999999999988,74.66666666666667,1018.5,6.483826030978913,37.166292972710295,1.9924858845188187,9,12,0.7071067811865476,-0.7071067811865475,-2.4492935982947064e-16,1.0
2020-12-25 12:00:00,16.8,43,1015.9,19.8,32.0,1016.2,-3.0,11.0,-0.3000000000000682,3.0,-1.0,3.6666666666666665,-0.10000000000002274,16.066666666666656,55.666666666666664,1017.2666666666668,4.148895435333743,31.94265695482034,2.1126602503336,12,12,1.2246467991473532e-16,-1.0,-2.4492935982947064e-16,1.0
2020-12-26 03:00:00,6.8,82,1018.3,16.8,43.0,1015.9,-10.0,39.0,2.3999999999999773,15.0,-0.6666666666666666,2.6,0.15999999999999848,14.466666666666654,52.333333333333336,1016.8000000000001,6.80685928555403,26.27419519858471,1.3076696830644539,3,12,0.7071067811865476,0.7071067811865476,-2.4492935982947064e-16,1.0
2020-12-26 06:00:00,9.8,92,1018.7,6.8,82.0,1018.3,3.000000000000001,10.0,0.40000000000009095,3.0,1.0000000000000002,3.3333333333333335,0.13333333333336364,11.133333333333324,72.33333333333333,1017.6333333333333,5.131601439446857,25.890796305508527,1.514375558882222,6,12,1.0,6.123233995736766e-17,-2.4492935982947064e-16,1.0
2020-12-26 09:00:00,17.4,63,1015.5,9.8,92.0,1018.7,7.599999999999998,-29.0,-3.2000000000000455,3.0,2.5333333333333328,-9.666666666666666,-1.0666666666666818,11.333333333333323,79.0,1017.5,5.463820397243402,14.730919862656279,1.7435595774180987,9,12,0.7071067811865476,-0.7071067811865475,-2.4492935982947064e-16,1.0
2020-12-26 12:00:00,15.0,74,1015.0,17.4,63.0,1015.5,-2.3999999999999986,11.0,-0.5,3.0,-0.7999999999999995,3.6666666666666665,-0.16666666666666666,14.066666666666656,76.33333333333333,1016.4000000000001,3.885013942488894,14.640127503998533,2.007485989989887,12,12,1.2246467991473532e-16,-1.0,-2.4492935982947064e-16,1.0
2020-12-27 03:00:00,5.6,100,1016.2,15.0,74.0,1015.0,-9.4,26.0,1.2000000000000455,15.0,-0.6266666666666667,1.7333333333333334,0.08000000000000303,12.666666666666655,79.0,1015.5666666666666,6.236451982764966,19.00000000000004,0.6027713773382415,3,12,0.7071067811865476,0.7071067811865476,-2.4492935982947064e-16,1.0
2020-12-27 06:00:00,11.2,85,1014.7,5.6,100.0,1016.2,5.6,-15.0,-1.5,3.0,1.8666666666666665,-5.0,-0.5,10.599999999999989,86.33333333333333,1015.3000000000001,4.7286361670147254,13.05118130030135,0.7937253933223062,6,12,1.0,6.123233995736766e-17,-2.4492935982947064e-16,1.0
2020-12-27 09:00:00,17.2,47,1010.2,11.2,85.0,1014.7,6.0,-38.0,-4.5,3.0,2.0,-12.666666666666666,-1.5,11.333333333333321,77.33333333333333,1013.6999999999999,5.801149311415201,27.319101986217163,3.1224989991996925,9,12,0.7071067811865476,-0.7071067811865475,-2.4492935982947064e-16,1.0
2020-12-27 12:00:00,14.8,64,1009.5,17.2,47.0,1010.2,-2.3999999999999986,17.0,-0.7000000000000455,3.0,-0.7999999999999995,5.666666666666667,-0.2333333333333485,14.399999999999986,65.33333333333333,1011.4666666666667,3.019933774108264,19.03505538035898,2.821937868439762,12,12,1.2246467991473532e-16,-1.0,-2.4492935982947064e-16,1.0
2020-12-28 03:00:00,4.2,100,1019.3,14.8,64.0,1009.5,-10.600000000000001,36.0,9.799999999999955,15.0,-0.7066666666666668,2.4,0.6533333333333303,12.066666666666656,70.33333333333333,1013.0,6.917610377387054,27.061657993059736,5.467174773134857,3,12,0.7071067811865476,0.7071067811865476,-2.4492935982947064e-16,1.0
2020-12-28 06:00:00,8.2,100,1020.6,4.2,100.0,1019.3,3.999999999999999,0.0,1.3000000000000682,3.0,1.333333333333333,0.0,0.43333333333335605,9.066666666666654,88.0,1016.4666666666667,5.352880844305522,20.78460969082659,6.068223243531822,6,12,1.0,6.123233995736766e-17,-2.4492935982947064e-16,1.0
2020-12-28 09:00:00,12.8,60,1018.7,8.2,100.0,1020.6,4.600000000000001,-40.0,-1.8999999999999773,3.0,1.5333333333333339,-13.333333333333334,-0.6333333333333258,8.399999999999988,86.66666666666667,1019.5333333333334,4.3034869582699615,23.094010767585033,0.9712534856275944,9,12,0.7071067811865476,-0.7071067811865475,-2.4492935982947064e-16,1.0
2020-12-28 12:00:00,10.8,75,1018.0,12.8,60.0,1018.7,-2.0,15.0,-0.7000000000000455,3.0,-0.6666666666666666,5.0,-0.2333333333333485,10.599999999999989,78.33333333333333,1019.1,2.3065125189340927,20.207259421636905,1.3453624047110346,12,12,1.2246467991473532e-16,-1.0,-2.4492935982947064e-16,1.0
2020-12-29 03:00:00,5.8,100,1020.3,10.8,75.0,1018.0,-5.000000000000001,25.0,2.2999999999999545,15.0,-0.33333333333333337,1.6666666666666667,0.1533333333333303,9.799999999999988,78.33333333333333,1019.0,3.605551275463945,20.207259421636905,1.1789826122592446,3,12,0.7071067811865476,0.7071067811865476,-2.4492935982947064e-16,1.0
2020-12-29 06:00:00,9.8,79,1021.8,5.8,100.0,1020.3,4.000000000000001,-21.0,1.5,3.0,1.3333333333333337,-7.0,0.5,8.799999999999988,84.66666666666667,1020.0333333333333,2.6457513110645263,13.428824718989135,1.9139836293302916,6,12,1.0,6.123233995736766e-17,-2.4492935982947064e-16,1.0
2020-12-29 09:00:00,12.8,66,1018.7,9.8,79.0,1021.8,3.0,-13.0,-3.099999999999909,3.0,1.0,-4.333333333333333,-1.033333333333303,9.466666666666656,81.66666666666667,1020.2666666666668,3.5118845842842,17.156145643277036,1.5502687939014395,9,12,0.7071067811865476,-0.7071067811865475,-2.4492935982947064e-16,1.0
2020-12-29 12:00:00,10.8,70,1018.0,12.8,66.0,1018.7,-2.0,4.0,-0.7000000000000455,3.0,-0.6666666666666666,1.3333333333333333,-0.2333333333333485,11.13333333333332,71.66666666666667,1019.5,1.5275252316518513,6.658328118479424,2.0223748416182015,12,12,1.2246467991473532e-16,-1.0,-2.4492935982947064e-16,1.0
2020-12-30 06:00:00,7.8,92,1021.6,10.8,70.0,1018.0,-3.000000000000001,22.0,3.6000000000000227,18.0,-0.1666666666666667,1.2222222222222223,0.20000000000000126,10.466666666666656,76.0,1019.4333333333334,2.5166114784235227,14.000000000000016,1.9087517736320727,6,12,1.0,6.123233995736766e-17,-2.4492935982947064e-16,1.0
2020-12-30 09:00:00,13.6,71,1019.6,7.8,92.0,1021.6,5.8,-21.0,-2.0,3.0,1.9333333333333333,-7.0,-0.6666666666666666,10.73333333333332,77.66666666666667,1019.7333333333332,2.9005746557075596,12.423096769056167,1.8036999011321087,9,12,0.7071067811865476,-0.7071067811865475,-2.4492935982947064e-16,1.0
2020-12-31 03:00:00,4.4,100,1021.5,13.6,71.0,1019.6,-9.2,29.0,1.8999999999999773,18.0,-0.5111111111111111,1.6111111111111112,0.10555555555555429,8.599999999999987,87.66666666666667,1020.9,4.651881339845166,14.97776129244066,1.1269427669638779,3,12,0.7071067811865476,0.7071067811865476,-2.4492935982947064e-16,1.0
2020-12-31 06:00:00,8.0,89,1021.0,4.4,100.0,1021.5,3.5999999999999996,-11.0,-0.5,3.0,1.2,-3.6666666666666665,-0.16666666666666666,8.666666666666655,86.66666666666667,1020.7000000000002,4.636090306856952,14.640127503998512,0.984885780185653,6,12,1.0,6.123233995736766e-17,-2.4492935982947064e-16,1.0
2020-12-31 09:00:00,15.0,52,1018.2,8.0,89.0,1021.0,7.0,-37.0,-2.7999999999999545,3.0,2.3333333333333335,-12.333333333333334,-0.9333333333333181,9.13333333333332,80.33333333333333,1020.2333333333332,5.390114408185878,25.1462389500564,1.7785762095969821,9,12,0.7071067811865476,-0.7071067811865475,-2.4492935982947064e-16,1.0
2020-12-31 12:00:00,14.0,57,1017.2,15.0,52.0,1018.2,-1.0,5.0,-1.0,3.0,-0.3333333333333333,1.6666666666666667,-0.3333333333333333,12.333333333333321,66.0,1018.8000000000001,3.785938897200146,20.074859899884736,1.9697715603614316,12,12,1.2246467991473532e-16,-1.0,-2.4492935982947064e-16,1.0
