timestamp,temperature,humidity,pressure,anomaly,anomaly_type,if_anomaly,if_score,rule_missing_temperature,rule_temp_frozen,rule_temp_drift,rule_anomaly,rule_anomaly_type,final_anomaly,final_anomaly_type
2024-01-01 02:00:00,7.8,98,1020.2,0,normal,0,0.09172715427699774,0,0,0,0,normal,0,normal
2024-01-01 03:00:00,8.8,100,1021.1,0,normal,0,0.08958341611835202,0,0,0,0,normal,0,normal
2024-01-01 04:00:00,8.6,98,1021.1,0,normal,0,0.08805747529080482,0,0,0,0,normal,0,normal
2024-01-01 05:00:00,9.5,96,1021.3,0,normal,0,0.08676126861382955,0,0,0,0,normal,0,normal
2024-01-01 06:00:00,9.4,95,1021.7,0,normal,0,0.0856810913477728,0,0,0,0,normal,0,normal
2024-01-01 07:00:00,13.6,77,1019.8,0,normal,0,0.05254625985769851,0,0,0,0,normal,0,normal
2024-01-01 08:00:00,15.0,73,1018.7,0,normal,0,0.089249560578678,0,0,0,0,normal,0,normal
2024-01-01 09:00:00,10.0,95,1019.3,0,normal,0,0.04172055534962965,0,0,0,0,normal,0,normal
2024-01-01 10:00:00,16.1,69,1017.3,0,normal,0,0.02336621572282066,0,0,0,0,normal,0,normal
2024-01-01 11:00:00,15.5,72,1017.1,0,normal,0,0.09199243594232431,0,0,0,0,normal,0,normal
2024-01-01 12:00:00,10.0,96,1018.6,0,normal,0,0.02452381229921735,0,0,0,0,normal,0,normal
2024-01-01 13:00:00,11.1,91,1017.7,0,normal,0,0.07145518843459697,0,0,0,0,normal,0,normal
2024-01-01 14:00:00,10.0,95,1018.2,0,normal,0,0.09862922255385076,0,0,0,0,normal,0,normal
2024-01-01 15:00:00,8.9,97,1018.4,0,normal,0,0.10464222232434295,0,0,0,0,normal,0,normal
2024-01-01 16:00:00,8.3,98,1018.5,0,normal,0,0.10260555233379487,0,0,0,0,normal,0,normal
2024-01-01 17:00:00,7.4,99,1019.2,0,normal,0,0.08851345303271418,0,0,0,0,normal,0,normal
2024-01-01 18:00:00,7.0,99,1018.9,0,normal,0,0.09418063712467611,0,0,0,0,normal,0,normal
2024-01-01 19:00:00,6.4,100,1018.8,0,normal,0,0.09514620801588769,0,0,0,0,normal,0,normal
2024-01-01 20:00:00,6.1,100,1018.6,0,normal,0,0.09592347589657096,0,0,0,0,normal,0,normal
2024-01-01 21:00:00,6.1,100,1018.6,0,normal,0,0.09425709461637388,0,0,0,0,normal,0,normal
2024-01-01 22:00:00,5.2,100,1018.4,0,normal,0,0.08843906772515792,0,0,0,0,normal,0,normal
2024-01-01 23:00:00,5.1,100,1018.3,0,normal,0,0.080489371255898,0,0,0,0,normal,0,normal
2024-01-02 00:00:00,6.7,99,1018.4,0,normal,0,0.06490076950657353,0,0,0,0,normal,0,normal
2024-01-02 01:00:00,6.9,99,1018.8,0,normal,0,0.09477675517303857,0,0,0,0,normal,0,normal
2024-01-02 02:00:00,7.0,99,1019.3,0,normal,0,0.09777312944908723,0,0,0,0,normal,0,normal
2024-01-02 03:00:00,8.4,95,1020.7,0,normal,0,0.08955422498177623,0,0,0,0,normal,0,normal
2024-01-02 04:00:00,8.4,98,1020.5,0,normal,0,0.09300751204867436,0,0,0,0,normal,0,normal
2024-01-02 05:00:00,8.9,97,1020.9,0,normal,0,0.09024626958925897,0,0,0,0,normal,0,normal
2024-01-02 06:00:00,9.6,87,1021.0,0,normal,0,0.08354949602244471,0,0,0,0,normal,0,normal
2024-01-02 07:00:00,11.7,83,1019.7,0,normal,0,0.0793647978738759,0,0,0,0,normal,0,normal
2024-01-02 08:00:00,12.2,79,1018.6,0,normal,0,0.0915136478071632,0,0,0,0,normal,0,normal
2024-01-02 09:00:00,11.2,78,1018.8,0,normal,0,0.09432500857592507,0,0,0,0,normal,0,normal
2024-01-02 10:00:00,14.1,71,1017.2,0,normal,0,0.07626901560402372,0,0,0,0,normal,0,normal
2024-01-02 11:00:00,14.0,72,1016.8,0,normal,0,0.10194958400518489,0,0,0,0,normal,0,normal
2024-01-02 12:00:00,10.0,87,1017.9,0,normal,0,0.06974701992162702,0,0,0,0,normal,0,normal
2024-01-02 13:00:00,10.0,92,1017.6,0,normal,0,0.0919031553240523,0,0,0,0,normal,0,normal
2024-01-02 14:00:00,10.7,88,1017.7,0,normal,0,0.09277121025011686,0,0,0,0,normal,0,normal
2024-01-02 15:00:00,7.9,95,1017.8,0,normal,0,0.07298168480522227,0,0,0,0,normal,0,normal
2024-01-02 16:00:00,7.6,96,1018.0,0,normal,0,0.09642867241054098,0,0,0,0,normal,0,normal
2024-01-02 17:00:00,6.9,97,1018.1,0,normal,0,0.0995609941613586,0,0,0,0,normal,0,normal
2024-01-02 18:00:00,6.3,99,1018.3,0,normal,0,0.09549196294262435,0,0,0,0,normal,0,normal
2024-01-02 19:00:00,6.1,100,1018.2,0,normal,0,0.0938624720733145,0,0,0,0,normal,0,normal
2024-01-02 20:00:00,6.0,100,1018.2,0,normal,0,0.09531472360642468,0,0,0,0,normal,0,normal
2024-01-02 21:00:00,5.8,100,1018.2,0,normal,0,0.09076288825726153,0,0,0,0,normal,0,normal
2024-01-02 22:00:00,6.1,100,1017.7,0,normal,0,0.08981966200482344,0,0,0,0,normal,0,normal
2024-01-02 23:00:00,6.4,99,1018.0,0,normal,0,0.08493987283183951,0,0,0,0,normal,0,normal
2024-01-03 00:00:00,6.6,99,1018.3,0,normal,0,0.09356871263346939,0,0,0,0,normal,0,normal
2024-01-03 01:00:00,6.7,99,1018.6,0,normal,0,0.0963318620216787,0,0,0,0,normal,0,normal
2024-01-03 02:00:00,6.8,99,1019.1,0,normal,0,0.09738778542957605,0,0,0,0,normal,0,normal
2024-01-03 03:00:00,8.2,92,1020.4,0,normal,0,0.08978715809293497,0,0,0,0,normal,0,normal
2024-01-03 04:00:00,7.6,98,1020.2,0,normal,0,0.08422954720619064,0,0,0,0,normal,0,normal
2024-01-03 05:00:00,8.5,98,1020.8,0,normal,0,0.08822908161493792,0,0,0,0,normal,0,normal
2024-01-03 06:00:00,11.0,75,1021.3,0,normal,0,0.051738606164321466,0,0,0,0,normal,0,normal
2024-01-03 07:00:00,11.8,81,1020.1,0,normal,0,0.07374800981991853,0,0,0,0,normal,0,normal
2024-01-03 08:00:00,13.1,76,1019.2,0,normal,0,0.09171703327969194,0,0,0,0,normal,0,normal
2024-01-03 09:00:00,13.6,67,1018.6,0,normal,0,0.09684544084825686,0,0,0,0,normal,0,normal
2024-01-03 10:00:00,14.3,71,1017.6,0,normal,0,0.0934247027724518,0,0,0,0,normal,0,normal
2024-01-03 11:00:00,14.0,74,1017.1,0,normal,0,0.10287420606586878,0,0,0,0,normal,0,normal
2024-01-03 12:00:00,11.8,83,1017.6,0,normal,0,0.09968484734496713,0,0,0,0,normal,0,normal
2024-01-03 13:00:00,9.3,92,1017.2,0,normal,0,0.08364869618206455,0,0,0,0,normal,0,normal
2024-01-03 14:00:00,8.7,93,1017.2,0,normal,0,0.10003656446361964,0,0,0,0,normal,0,normal
2024-01-03 15:00:00,7.2,96,1017.5,0,normal,0,0.09184494027489448,0,0,0,0,normal,0,normal
2024-01-03 16:00:00,6.4,97,1017.9,0,normal,0,0.09235850740709572,0,0,0,0,normal,0,normal
2024-01-03 17:00:00,5.8,98,1018.2,0,normal,0,0.09147593757521671,0,0,0,0,normal,0,normal
2024-01-03 18:00:00,5.6,99,1018.4,0,normal,0,0.0881540891980796,0,0,0,0,normal,0,normal
2024-01-03 19:00:00,5.3,99,1018.4,0,normal,0,0.09028781424145993,0,0,0,0,normal,0,normal
2024-01-03 20:00:00,4.6,99,1017.8,0,normal,0,0.08016373513192654,0,0,0,0,normal,0,normal
2024-01-03 21:00:00,4.6,100,1018.1,0,normal,0,0.07830420604407645,0,0,0,0,normal,0,normal
2024-01-03 22:00:00,5.3,100,1017.9,0,normal,0,0.07849297114779963,0,0,0,0,normal,0,normal
2024-01-03 23:00:00,5.6,99,1017.9,0,normal,0,0.07907563375622617,0,0,0,0,normal,0,normal
2024-01-04 00:00:00,5.8,98,1018.5,0,normal,0,0.08176403985098624,0,0,0,0,normal,0,normal
2024-01-04 01:00:00,5.8,98,1019.2,0,normal,0,0.0903618154556104,0,0,0,0,normal,0,normal
2024-01-04 02:00:00,6.0,99,1019.9,0,normal,0,0.08901515875920174,0,0,0,0,normal,0,normal
2024-01-04 03:00:00,6.6,100,1021.8,0,normal,0,0.0681998743346971,0,0,0,0,normal,0,normal
2024-01-04 04:00:00,7.5,97,1021.1,0,normal,0,0.07449655314848952,0,0,0,0,normal,0,normal
2024-01-04 05:00:00,9.1,92,1021.5,0,normal,0,0.08520809234194293,0,0,0,0,normal,0,normal
2024-01-04 06:00:00,7.4,97,1022.4,0,normal,0,0.058244399971716154,0,0,0,0,normal,0,normal
2024-01-04 07:00:00,13.1,77,1019.8,0,normal,0,0.01187427517265982,0,0,0,0,normal,0,normal
2024-01-04 08:00:00,14.7,72,1018.5,0,normal,0,0.07738772604260602,0,0,0,0,normal,0,normal
2024-01-04 09:00:00,9.6,92,1018.9,0,normal,0,0.04640751143976357,0,0,0,0,normal,0,normal
2024-01-04 10:00:00,16.0,67,1016.7,0,normal,0,0.022813710076511673,0,0,0,0,normal,0,normal
2024-01-04 11:00:00,15.6,70,1016.2,0,normal,0,0.08774905091261703,0,0,0,0,normal,0,normal
2024-01-04 12:00:00,9.4,92,1017.8,0,normal,0,0.02888713172519869,0,0,0,0,normal,0,normal
2024-01-04 13:00:00,10.9,89,1016.7,0,normal,0,0.06714445262552637,0,0,0,0,normal,0,normal
2024-01-04 14:00:00,9.6,94,1016.9,0,normal,0,0.10109981707344151,0,0,0,0,normal,0,normal
2024-01-04 15:00:00,8.6,96,1017.3,0,normal,0,0.10614285899491654,0,0,0,0,normal,0,normal
2024-01-04 16:00:00,7.1,98,1018.2,0,normal,0,0.08282743514775776,0,0,0,0,normal,0,normal
2024-01-04 17:00:00,6.5,99,1018.3,0,normal,0,0.09094239959896855,0,0,0,0,normal,0,normal
2024-01-04 18:00:00,6.3,99,1018.4,0,normal,0,0.09268054680153193,0,0,0,0,normal,0,normal
2024-01-04 19:00:00,6.0,100,1018.2,0,normal,0,0.09235305354939088,0,0,0,0,normal,0,normal
2024-01-04 20:00:00,6.2,100,1018.1,0,normal,0,0.09362368259761594,0,0,0,0,normal,0,normal
2024-01-04 21:00:00,5.9,99,1017.6,0,normal,0,0.09156641554260347,0,0,0,0,normal,0,normal
2024-01-04 22:00:00,6.2,100,1017.8,1,humidity_spike,0,0.09048420376832672,0,0,0,0,normal,0,normal
2024-01-04 23:00:00,6.2,97,1018.0,0,normal,0,0.08200375226253093,0,0,0,0,normal,0,normal
2024-01-05 00:00:00,6.2,98,1018.2,0,normal,0,0.09454423973669446,0,0,0,0,normal,0,normal
2024-01-05 01:00:00,6.3,97,1018.7,0,normal,0,0.09647999178225342,0,0,0,0,normal,0,normal
2024-01-05 02:00:00,5.9,95,1019.4,0,normal,0,0.09515034722755178,0,0,0,0,normal,0,normal
2024-01-05 03:00:00,7.0,94,1020.6,0,normal,0,0.09394645805255286,0,0,0,0,normal,0,normal
2024-01-05 04:00:00,6.5,94,1020.8,0,normal,0,0.09494523257897403,0,0,0,0,normal,0,normal
2024-01-05 05:00:00,7.3,96,1021.4,0,normal,0,0.08216869069413058,0,0,0,0,normal,0,normal
2024-01-05 06:00:00,9.4,87,1021.1,0,normal,0,0.07182222379668074,0,0,0,0,normal,0,normal
2024-01-05 07:00:00,10.5,82,1020.1,0,normal,0,0.07909280130739726,0,0,0,0,normal,0,normal
2024-01-05 08:00:00,12.0,74,1018.9,0,normal,0,0.08276073596633565,0,0,0,0,normal,0,normal
2024-01-05 09:00:00,11.0,78,1019.1,0,normal,0,0.0920214865838529,0,0,0,0,normal,0,normal
2024-01-05 10:00:00,13.8,64,1017.5,0,normal,0,0.06718763832999797,0,0,0,0,normal,0,normal
2024-01-05 11:00:00,13.3,67,1017.7,0,normal,0,0.09697236885059757,0,0,0,0,normal,0,normal
2024-01-05 12:00:00,8.6,95,1019.1,0,normal,0,0.015448252556908515,0,0,0,0,normal,0,normal
2024-01-05 13:00:00,9.4,90,1018.8,0,normal,0,0.0704419031899956,0,0,0,0,normal,0,normal
2024-01-05 14:00:00,8.6,92,1019.2,0,normal,0,0.09683835436611982,0,0,0,0,normal,0,normal
2024-01-05 15:00:00,7.2,95,1019.4,0,normal,0,0.09106758660830638,0,0,0,0,normal,0,normal
2024-01-05 16:00:00,6.9,96,1019.5,0,normal,0,0.09389384075203178,0,0,0,0,normal,0,normal
2024-01-05 17:00:00,6.6,96,1020.0,0,normal,0,0.09307526862180782,0,0,0,0,normal,0,normal
2024-01-05 18:00:00,6.6,96,1019.8,0,normal,0,0.09443339504889398,0,0,0,0,normal,0,normal
2024-01-05 19:00:00,6.0,98,1019.9,0,normal,0,0.0944981020276276,0,0,0,0,normal,0,normal
2024-01-05 20:00:00,4.7,100,1020.0,0,normal,0,0.07693488522049008,0,0,0,0,normal,0,normal
2024-01-05 21:00:00,4.8,100,1020.0,0,normal,0,0.08015495513741949,0,0,0,0,normal,0,normal
2024-01-05 22:00:00,4.5,100,1019.6,0,normal,0,0.07529474339240311,0,0,0,0,normal,0,normal
2024-01-05 23:00:00,5.6,100,1019.8,0,normal,0,0.057291353745871354,0,0,0,0,normal,0,normal
2024-01-06 00:00:00,5.8,99,1019.9,0,normal,0,0.07505020960384601,0,0,0,0,normal,0,normal
2024-01-06 01:00:00,6.1,98,1020.6,0,normal,0,0.08481256214464061,0,0,0,0,normal,0,normal
2024-01-06 02:00:00,6.3,97,1021.3,0,normal,0,0.08944103807629783,0,0,0,0,normal,0,normal
2024-01-06 03:00:00,7.4,100,1022.8,0,normal,0,0.0736069638099241,0,0,0,0,normal,0,normal
2024-01-06 04:00:00,6.9,98,1023.2,0,normal,0,0.0664973059083595,0,0,0,0,normal,0,normal
2024-01-06 05:00:00,7.9,97,1023.3,0,normal,0,0.06707123488128885,0,0,0,0,normal,0,normal
2024-01-06 06:00:00,8.8,95,1022.7,0,normal,0,0.06364908629117594,0,0,0,0,normal,0,normal
2024-01-06 07:00:00,12.8,76,1021.4,0,normal,0,0.04600349428902062,0,0,0,0,normal,0,normal
2024-01-06 08:00:00,15.1,66,1019.4,0,normal,0,0.06575237176410831,0,0,0,0,normal,0,normal
2024-01-06 09:00:00,12.5,76,1020.1,0,normal,0,0.07627627450351965,0,0,0,0,normal,0,normal
2024-01-06 10:00:00,15.4,64,1018.8,0,normal,0,0.07284536273483877,0,0,0,0,normal,0,normal
2024-01-06 11:00:00,14.5,70,1018.9,0,normal,0,0.09628871939093758,0,0,0,0,normal,0,normal
2024-01-06 12:00:00,10.4,87,1020.2,0,normal,0,0.05772952707253304,0,0,0,0,normal,0,normal
2024-01-06 13:00:00,9.5,94,1020.4,0,normal,0,0.07432442762639441,0,0,0,0,normal,0,normal
2024-01-06 14:00:00,8.4,96,1020.4,0,normal,0,0.08976377417820469,0,0,0,0,normal,0,normal
2024-01-06 15:00:00,7.5,97,1020.5,0,normal,0,0.08717756060051918,0,0,0,0,normal,0,normal
2024-01-06 16:00:00,6.9,97,1020.7,0,normal,0,0.08922430434528494,0,0,0,0,normal,0,normal
2024-01-06 17:00:00,6.3,99,1020.6,0,normal,0,0.08387058113114643,0,0,0,0,normal,0,normal
2024-01-06 18:00:00,5.9,99,1020.6,0,normal,0,0.08614954989605123,0,0,0,0,normal,0,normal
2024-01-06 19:00:00,5.7,99,1020.5,0,normal,0,0.08643360810266476,0,0,0,0,normal,0,normal
2024-01-06 20:00:00,6.0,99,1020.4,0,normal,0,0.08464962093078954,0,0,0,0,normal,0,normal
2024-01-06 21:00:00,6.0,98,1020.5,0,normal,0,0.0879211109271067,0,0,0,0,normal,0,normal
2024-01-06 22:00:00,5.8,99,1020.2,0,normal,0,0.0873325837777979,0,0,0,0,normal,0,normal
2024-01-06 23:00:00,5.3,98,1020.5,0,normal,0,0.0734053721892482,0,0,0,0,normal,0,normal
2024-01-07 00:00:00,5.2,98,1020.4,0,normal,0,0.0774747416496468,0,0,0,0,normal,0,normal
2024-01-07 01:00:00,5.3,98,1021.0,0,normal,0,0.07679610939114706,0,0,0,0,normal,0,normal
2024-01-07 02:00:00,5.4,98,1021.7,0,normal,0,0.07746223528667556,0,0,0,0,normal,0,normal
2024-01-07 03:00:00,7.2,100,1023.1,0,normal,0,0.05928580299664504,0,0,0,0,normal,0,normal
2024-01-07 04:00:00,6.5,96,1023.5,0,normal,0,0.06359441091750812,0,0,0,0,normal,0,normal
2024-01-07 05:00:00,7.3,96,1024.2,0,normal,0,0.0567153832113888,0,0,0,0,normal,0,normal
2024-01-07 06:00:00,8.6,95,1024.4,0,normal,0,0.053213359090056644,0,0,0,0,normal,0,normal
2024-01-07 07:00:00,11.2,81,1022.7,0,normal,0,0.04118161086685057,0,0,0,0,normal,0,normal
2024-01-07 08:00:00,12.9,76,1021.4,0,normal,0,0.07151586671336885,0,0,0,0,normal,0,normal
2024-01-07 09:00:00,10.2,87,1021.6,0,normal,0,0.06400059183171442,0,0,0,0,normal,0,normal
2024-01-07 10:00:00,14.6,69,1019.6,0,normal,0,0.04599642474862481,0,0,0,0,normal,0,normal
2024-01-07 11:00:00,14.2,72,1019.4,0,normal,0,0.0903567399516867,0,0,0,0,normal,0,normal
2024-01-07 12:00:00,9.6,84,1021.0,0,normal,0,0.04950052687481038,0,0,0,0,normal,0,normal
2024-01-07 13:00:00,9.9,93,1019.4,0,normal,0,0.049910138308384366,0,0,0,0,normal,0,normal
2024-01-07 14:00:00,8.3,96,1020.2,0,normal,0,0.08183571100994286,0,0,0,0,normal,0,normal
2024-01-07 15:00:00,7.5,97,1020.3,0,normal,0,0.09147690089272559,0,0,0,0,normal,0,normal
2024-01-07 16:00:00,6.7,98,1020.6,0,normal,0,0.08636847673699682,0,0,0,0,normal,0,normal
2024-01-07 17:00:00,5.8,99,1020.8,0,normal,0,0.08013975760321618,0,0,0,0,normal,0,normal
2024-01-07 18:00:00,5.3,100,1020.8,0,normal,0,0.07917672748881815,0,0,0,0,normal,0,normal
2024-01-07 19:00:00,5.2,100,1020.7,0,normal,0,0.07575746032223563,0,0,0,0,normal,0,normal
2024-01-07 20:00:00,4.5,100,1020.6,0,normal,0,0.07464824693885852,0,0,0,0,normal,0,normal
2024-01-07 21:00:00,5.1,99,1020.6,0,normal,0,0.06675582298460192,0,0,0,0,normal,0,normal
2024-01-07 22:00:00,5.4,98,1020.9,0,normal,0,0.07439847772399122,0,0,0,0,normal,0,normal
2024-01-07 23:00:00,5.5,98,1020.9,0,normal,0,0.07563199330927967,0,0,0,0,normal,0,normal
2024-01-08 00:00:00,5.5,98,1020.8,0,normal,0,0.07266393723115855,0,0,0,0,normal,0,normal
2024-01-08 01:00:00,5.7,97,1021.2,0,normal,0,0.0809478944512616,0,0,0,0,normal,0,normal
2024-01-08 02:00:00,5.5,97,1021.8,0,normal,0,0.0851451602814271,0,0,0,0,normal,0,normal
2024-01-08 03:00:00,6.4,100,1023.4,0,normal,0,0.05572310678976089,0,0,0,0,normal,0,normal
2024-01-08 04:00:00,6.2,98,1023.2,0,normal,0,0.05946370278241997,0,0,0,0,normal,0,normal
2024-01-08 05:00:00,7.3,97,1023.8,0,normal,0,0.06039766316259665,0,0,0,0,normal,0,normal
2024-01-08 06:00:00,7.4,97,1024.1,0,normal,0,0.055289609090539094,0,0,0,0,normal,0,normal
2024-01-08 07:00:00,12.4,77,1022.0,0,normal,0,0.013962827872360473,0,0,0,0,normal,0,normal
2024-01-08 08:00:00,13.7,74,1021.0,0,normal,0,0.07148044856645247,0,0,0,0,normal,0,normal
2024-01-08 09:00:00,8.8,95,1021.8,0,normal,0,0.02234102663280818,0,0,0,0,normal,0,normal
2024-01-08 10:00:00,14.6,73,1019.5,0,normal,0,0.016628564711476113,0,0,0,0,normal,0,normal
2024-01-08 11:00:00,14.7,71,1018.7,0,normal,0,0.07717228871639359,0,0,0,0,normal,0,normal
2024-01-08 12:00:00,8.4,95,1020.2,0,normal,0,0.007244521344033861,0,0,0,0,normal,0,normal
2024-01-08 13:00:00,9.7,89,1019.0,0,normal,0,0.04611055877617892,0,0,0,0,normal,0,normal
2024-01-08 14:00:00,8.2,93,1019.3,0,normal,0,0.08705591126364448,0,0,0,0,normal,0,normal
2024-01-08 15:00:00,7.3,95,1019.5,0,normal,0,0.09686409751367359,0,0,0,0,normal,0,normal
2024-01-08 16:00:00,6.5,96,1020.3,0,normal,0,0.0857129997851045,0,0,0,0,normal,0,normal
2024-01-08 17:00:00,6.0,98,1020.5,0,normal,0,0.08809054104542452,0,0,0,0,normal,0,normal
2024-01-08 18:00:00,4.9,100,1020.5,0,normal,0,0.0743756621990434,0,0,0,0,normal,0,normal
2024-01-08 19:00:00,4.9,100,1020.3,0,normal,0,0.07716716238007149,0,0,0,0,normal,0,normal
2024-01-08 20:00:00,5.2,99,1020.2,0,normal,0,0.07323860213038369,0,0,0,0,normal,0,normal
2024-01-08 21:00:00,5.1,99,1020.6,0,normal,0,0.0810830992990959,0,0,0,0,normal,0,normal
2024-01-08 22:00:00,5.3,97,1020.7,0,normal,0,0.07561463460534545,0,0,0,0,normal,0,normal
2024-01-08 23:00:00,5.2,97,1020.5,0,normal,0,0.07558378496604795,0,0,0,0,normal,0,normal
2024-01-09 00:00:00,5.6,99,1020.7,0,normal,0,0.06955040042300925,0,0,0,0,normal,0,normal
2024-01-09 01:00:00,5.9,98,1020.9,0,normal,0,0.0825969211528505,0,0,0,0,normal,0,normal
2024-01-09 02:00:00,5.8,93,1021.3,0,normal,0,0.08094643782936295,0,0,0,0,normal,0,normal
2024-01-09 03:00:00,8.0,97,1022.4,0,normal,0,0.0760772688878456,0,0,0,0,normal,0,normal
2024-01-09 04:00:00,6.7,95,1022.5,0,normal,0,0.07545977564500606,0,0,0,0,normal,0,normal
2024-01-09 05:00:00,7.5,94,1023.0,0,normal,0,0.07866193285353501,0,0,0,0,normal,0,normal
2024-01-09 06:00:00,8.2,97,1023.6,0,normal,0,0.06526849694562803,0,0,0,0,normal,0,normal
2024-01-09 07:00:00,10.3,82,1021.9,0,normal,0,0.04450920072552528,0,0,0,0,normal,0,normal
2024-01-09 08:00:00,11.6,75,1020.8,0,normal,0,0.07043052882732764,0,0,0,0,normal,0,normal
2024-01-09 09:00:00,9.4,92,1021.7,0,normal,0,0.043238421183119935,0,0,0,0,normal,0,normal
2024-01-09 10:00:00,13.2,71,1019.4,0,normal,0,0.029207712126535668,0,0,0,0,normal,0,normal
2024-01-09 11:00:00,13.0,72,1019.3,0,normal,0,0.08421413159335361,0,0,0,0,normal,0,normal
2024-01-09 12:00:00,10.0,84,1021.0,0,normal,0,0.058307035093742465,0,0,0,0,normal,0,normal
2024-01-09 13:00:00,9.2,90,1020.0,0,normal,0,0.06791346139483379,0,0,0,0,normal,0,normal
2024-01-09 14:00:00,8.3,92,1020.4,0,normal,0,0.09610660828407702,0,0,0,0,normal,0,normal
2024-01-09 15:00:00,7.2,94,1020.7,0,normal,0,0.08795815050624262,0,0,0,0,normal,0,normal
2024-01-09 16:00:00,6.4,95,1020.6,0,normal,0,0.08660351268588062,0,0,0,0,normal,0,normal
2024-01-09 17:00:00,5.0,97,1021.2,0,normal,0,0.07084448661790987,0,0,0,0,normal,0,normal
2024-01-09 18:00:00,4.7,98,1020.7,0,normal,0,0.07182573263062447,0,0,0,0,normal,0,normal
2024-01-09 19:00:00,4.4,98,1020.3,0,normal,0,0.07620843569505431,0,0,0,0,normal,0,normal
2024-01-09 20:00:00,4.5,99,1019.9,0,normal,0,0.07123309917999093,0,0,0,0,normal,0,normal
2024-01-09 21:00:00,5.0,98,1019.8,0,normal,0,0.07423822973025707,0,0,0,0,normal,0,normal
2024-01-09 22:00:00,4.0,98,1020.3,0,normal,0,0.06990945669150228,0,0,0,0,normal,0,normal
2024-01-09 23:00:00,4.4,99,1020.0,0,normal,0,0.06075493664834547,0,0,0,0,normal,0,normal
2024-01-10 00:00:00,4.9,99,1020.2,0,normal,0,0.06702188555576244,0,0,0,0,normal,0,normal
2024-01-10 01:00:00,5.3,99,1020.5,0,normal,0,0.07761997932721337,0,0,0,0,normal,0,normal
2024-01-10 02:00:00,5.6,99,1020.7,0,normal,0,0.08082046000044218,0,0,0,0,normal,0,normal
2024-01-10 03:00:00,6.8,97,1022.1,0,normal,0,0.07533755981596768,0,0,0,0,normal,0,normal
2024-01-10 04:00:00,7.0,96,1021.8,0,normal,0,0.0843401909577397,0,0,0,0,normal,0,normal
2024-01-10 05:00:00,8.8,90,1021.9,0,normal,0,0.07779873948434846,0,0,0,0,normal,0,normal
2024-01-10 06:00:00,8.6,89,1021.6,0,normal,0,0.07728761634297243,0,0,0,0,normal,0,normal
2024-01-10 07:00:00,13.7,74,1019.4,0,normal,0,0.0424956976116202,0,0,0,0,normal,0,normal
2024-01-10 08:00:00,14.5,71,1017.7,0,normal,0,0.07925368020680024,0,0,0,0,normal,0,normal
2024-01-10 09:00:00,11.8,71,1018.5,0,normal,0,0.08505145139449288,0,0,0,0,normal,0,normal
2024-01-10 10:00:00,25.0,71,1016.3,1,multivariate_inconsistency,1,-0.021875038608825004,0,0,0,0,normal,1,isolation_forest_anomaly
2024-01-10 11:00:00,14.1,73,1016.0,0,normal,1,-0.009874928880913236,0,0,0,0,normal,1,isolation_forest_anomaly
2024-01-10 12:00:00,9.8,84,1017.9,0,normal,0,0.02905621808971287,0,0,0,0,normal,0,normal
2024-01-10 13:00:00,9.4,92,1017.8,0,normal,0,0.0834136938513495,0,0,0,0,normal,0,normal
2024-01-10 14:00:00,8.7,94,1018.2,0,normal,0,0.10087473930884316,0,0,0,0,normal,0,normal
2024-01-10 15:00:00,8.0,95,1018.4,0,normal,0,0.1023325427868455,0,0,0,0,normal,0,normal
2024-01-10 16:00:00,7.5,95,1018.6,0,normal,0,0.10352475864625704,0,0,0,0,normal,0,normal
2024-01-10 17:00:00,6.9,95,1018.5,0,normal,0,0.10084834096540934,0,0,0,0,normal,0,normal
2024-01-10 18:00:00,6.5,95,1018.6,0,normal,0,0.10314147457316997,0,0,0,0,normal,0,normal
2024-01-10 19:00:00,5.9,96,1018.5,0,normal,0,0.10342475950706681,0,0,0,0,normal,0,normal
2024-01-10 20:00:00,5.7,96,1018.4,0,normal,0,0.10289734161965519,0,0,0,0,normal,0,normal
2024-01-10 21:00:00,5.8,95,1018.4,0,normal,0,0.09426246190414889,0,0,0,0,normal,0,normal
2024-01-10 22:00:00,5.8,95,1018.0,0,normal,0,0.10171268435730046,0,0,0,0,normal,0,normal
2024-01-10 23:00:00,4.5,98,1018.1,0,normal,0,0.07728902978742674,0,0,0,0,normal,0,normal
2024-01-11 00:00:00,4.6,99,1018.5,0,normal,0,0.07497994224919502,0,0,0,0,normal,0,normal
2024-01-11 01:00:00,5.0,100,1019.2,0,normal,0,0.07567998051243902,0,0,0,0,normal,0,normal
2024-01-11 02:00:00,5.2,99,1020.0,0,normal,0,0.07428715994890978,0,0,0,0,normal,0,normal
2024-01-11 03:00:00,6.6,97,1021.9,0,normal,0,0.06617270945476206,0,0,0,0,normal,0,normal
2024-01-11 04:00:00,6.4,98,1021.9,0,normal,0,0.07663948421788974,0,0,0,0,normal,0,normal
2024-01-11 05:00:00,7.6,96,1022.7,0,normal,0,0.06941549033539018,0,0,0,0,normal,0,normal
2024-01-11 06:00:00,7.8,89,1023.2,0,normal,0,0.06367129525669712,0,0,0,0,normal,0,normal
2024-01-11 07:00:00,11.6,82,1021.2,0,normal,0,0.04377083644493934,0,0,0,0,normal,0,normal
2024-01-11 08:00:00,13.2,77,1020.0,0,normal,0,0.07934463095140665,0,0,0,0,normal,0,normal
2024-01-11 09:00:00,10.2,77,1020.3,0,normal,0,0.07545820079571502,0,0,0,0,normal,0,normal
2024-01-11 10:00:00,13.7,73,1018.8,0,normal,0,0.06030974866429811,0,0,0,0,normal,0,normal
2024-01-11 11:00:00,13.2,74,1018.7,0,normal,0,0.09514439710946437,0,0,0,0,normal,0,normal
2024-01-11 12:00:00,10.0,75,1019.1,0,normal,0,0.07705703571465516,0,0,0,0,normal,0,normal
2024-01-11 13:00:00,9.1,93,1018.7,0,normal,0,0.06615756564565078,0,0,0,0,normal,0,normal
2024-01-11 14:00:00,7.0,96,1019.6,0,normal,0,0.06339363871805886,0,0,0,0,normal,0,normal
2024-01-11 15:00:00,6.2,97,1019.3,0,normal,0,0.07965313907654337,0,0,0,0,normal,0,normal
2024-01-11 16:00:00,6.1,96,1019.5,0,normal,0,0.08367376572639579,0,0,0,0,normal,0,normal
2024-01-11 17:00:00,6.3,95,1019.8,0,normal,0,0.08517448778530123,0,0,0,0,normal,0,normal
2024-01-11 18:00:00,6.3,95,1020.0,0,normal,0,0.09290876081461785,0,0,0,0,normal,0,normal
2024-01-11 19:00:00,5.9,96,1019.6,0,normal,0,0.09464465794340182,0,0,0,0,normal,0,normal
2024-01-11 20:00:00,4.3,97,1018.4,0,normal,0,0.055863859705385766,0,0,0,0,normal,0,normal
2024-01-11 21:00:00,4.2,97,1017.9,0,normal,0,0.07107827781010911,0,0,0,0,normal,0,normal
2024-01-11 22:00:00,4.3,97,1017.5,0,normal,0,0.07684952166416614,0,0,0,0,normal,0,normal
2024-01-11 23:00:00,4.5,97,1017.2,0,normal,0,0.07481603576146739,0,0,0,0,normal,0,normal
2024-01-12 00:00:00,4.4,96,1017.3,0,normal,0,0.07980653322184822,0,0,0,0,normal,0,normal
2024-01-12 01:00:00,4.3,96,1017.6,0,normal,0,0.08687603510247915,0,0,0,0,normal,0,normal
2024-01-12 02:00:00,4.1,96,1018.2,0,normal,0,0.08476118995774595,0,0,0,0,normal,0,normal
2024-01-12 03:00:00,5.4,97,1020.1,0,normal,0,0.06662316388700096,0,0,0,0,normal,0,normal
2024-01-12 04:00:00,7.0,92,1019.7,0,normal,0,0.07975447752087295,0,0,0,0,normal,0,normal
2024-01-12 05:00:00,9.2,88,1020.1,0,normal,0,0.08599622771949339,0,0,0,0,normal,0,normal
2024-01-12 06:00:00,7.8,86,1020.8,0,normal,0,0.08018974771887999,0,0,0,0,normal,0,normal
2024-01-12 07:00:00,12.7,75,1019.0,0,normal,0,0.055680283686620646,0,0,0,0,normal,0,normal
2024-01-12 08:00:00,14.0,70,1017.8,0,normal,0,0.0866218022894602,0,0,0,0,normal,0,normal
2024-01-12 09:00:00,11.0,75,1018.9,0,normal,0,0.07920888058278469,0,0,0,0,normal,0,normal
2024-01-12 10:00:00,14.8,67,1017.0,0,normal,0,0.06723548525090228,0,0,0,0,normal,0,normal
2024-01-12 11:00:00,13.9,72,1017.2,0,normal,0,0.10022897656522978,0,0,0,0,normal,0,normal
2024-01-12 12:00:00,9.4,87,1018.6,0,normal,0,0.05653058628714641,0,0,0,0,normal,0,normal
2024-01-12 13:00:00,10.5,90,1017.7,0,normal,0,0.08284833426422428,0,0,0,0,normal,0,normal
2024-01-12 14:00:00,10.0,93,1018.1,0,normal,0,0.10729603359311246,0,0,0,0,normal,0,normal
2024-01-12 15:00:00,9.3,95,1018.1,0,normal,0,0.10870956352107308,0,0,0,0,normal,0,normal
2024-01-12 16:00:00,8.0,96,1018.3,0,normal,0,0.10050311166325138,0,0,0,0,normal,0,normal
2024-01-12 17:00:00,6.9,97,1018.0,0,normal,0,0.09455100151615131,0,0,0,0,normal,0,normal
2024-01-12 18:00:00,6.7,98,1017.8,0,normal,0,0.10308906119696332,0,0,0,0,normal,0,normal
2024-01-12 19:00:00,6.4,98,1017.8,0,normal,0,0.10097848503270163,0,0,0,0,normal,0,normal
2024-01-12 20:00:00,6.5,98,1017.8,0,normal,0,0.0982486962861735,0,0,0,0,normal,0,normal
2024-01-12 21:00:00,6.8,99,1017.2,0,normal,0,0.09640963481105974,0,0,0,0,normal,0,normal
2024-01-12 22:00:00,6.7,99,1017.0,0,normal,0,0.10287204407170714,0,0,0,0,normal,0,normal
2024-01-12 23:00:00,6.8,98,1016.9,0,normal,0,0.0937820616745037,0,0,0,0,normal,0,normal
2024-01-13 00:00:00,6.6,98,1017.2,0,normal,0,0.09899397894116685,0,0,0,0,normal,0,normal
2024-01-13 01:00:00,6.7,97,1017.5,0,normal,0,0.10168355205669377,0,0,0,0,normal,0,normal
2024-01-13 02:00:00,6.5,98,1018.2,0,normal,0,0.10138257074168394,0,0,0,0,normal,0,normal
2024-01-13 03:00:00,7.0,94,1019.4,0,normal,0,0.09281816251713304,0,0,0,0,normal,0,normal
2024-01-13 04:00:00,7.5,95,1019.6,0,normal,0,0.10112580668491294,0,0,0,0,normal,0,normal
2024-01-13 05:00:00,9.2,88,1019.9,0,normal,0,0.09248741459891047,0,0,0,0,normal,0,normal
2024-01-13 06:00:00,9.4,84,1020.1,0,normal,0,0.09360566449700064,0,0,0,0,normal,0,normal
2024-01-13 07:00:00,13.4,73,1018.7,0,normal,0,0.073704701533084,0,0,0,0,normal,0,normal
2024-01-13 08:00:00,14.9,68,1017.9,0,normal,0,0.10095459611415214,0,0,0,0,normal,0,normal
2024-01-13 09:00:00,12.8,75,1018.2,0,normal,0,0.09690749118970104,0,0,0,0,normal,0,normal
2024-01-13 10:00:00,15.9,65,1016.6,0,normal,0,0.0801470614091701,0,0,0,0,normal,0,normal
2024-01-13 11:00:00,15.2,71,1016.1,0,normal,0,0.10342385167817142,0,0,0,0,normal,0,normal
2024-01-13 12:00:00,11.0,88,1017.2,0,normal,0,0.07212026457339793,0,0,0,0,normal,0,normal
2024-01-13 13:00:00,9.5,90,1016.7,0,normal,0,0.08873735285085455,0,0,0,0,normal,0,normal
2024-01-13 14:00:00,8.3,93,1017.1,0,normal,0,0.10237125376801126,0,0,0,0,normal,0,normal
2024-01-13 15:00:00,7.4,96,1017.5,0,normal,0,0.09842704199312158,0,0,0,0,normal,0,normal
2024-01-13 16:00:00,6.2,99,1017.8,0,normal,0,0.0831023293310118,0,0,0,0,normal,0,normal
2024-01-13 17:00:00,5.3,100,1018.6,0,normal,0,0.06649445393353026,0,0,0,0,normal,0,normal
2024-01-13 18:00:00,4.5,100,1018.6,0,normal,0,0.07465124195511008,0,0,0,0,normal,0,normal
2024-01-13 19:00:00,4.4,100,1018.5,0,normal,0,0.07365606390994484,0,0,0,0,normal,0,normal
2024-01-13 20:00:00,5.0,99,1018.4,0,normal,0,0.07045363217871975,0,0,0,0,normal,0,normal
2024-01-13 21:00:00,4.9,100,1018.3,0,normal,0,0.08373712693953872,0,0,0,0,normal,0,normal
2024-01-13 22:00:00,5.0,98,1017.8,0,normal,0,0.0787095167950837,0,0,0,0,normal,0,normal
2024-01-13 23:00:00,5.3,98,1017.6,0,normal,0,0.08382234191793903,0,0,0,0,normal,0,normal
2024-01-14 00:00:00,5.5,98,1017.6,0,normal,0,0.08635505153885276,0,0,0,0,normal,0,normal
2024-01-14 01:00:00,5.9,99,1018.0,0,normal,0,0.08929984956429321,0,0,0,0,normal,0,normal
2024-01-14 02:00:00,6.0,97,1018.5,0,normal,0,0.09552164404984226,0,0,0,0,normal,0,normal
2024-01-14 03:00:00,5.0,100,1019.9,0,normal,0,0.07439216372129204,0,0,0,0,normal,0,normal
2024-01-14 04:00:00,6.1,96,1019.7,0,normal,0,0.07992376454117683,0,0,0,0,normal,0,normal
2024-01-14 05:00:00,7.2,96,1020.3,0,normal,0,0.08396864666381415,0,0,0,0,normal,0,normal
2024-01-14 06:00:00,8.0,89,1020.8,0,normal,0,0.08281314828164871,0,0,0,0,normal,0,normal
2024-01-14 07:00:00,11.2,82,1018.8,0,normal,0,0.05733678267049541,0,0,0,0,normal,0,normal
2024-01-14 08:00:00,13.0,74,1018.2,0,normal,0,0.09137013133939914,0,0,0,0,normal,0,normal
2024-01-14 09:00:00,11.4,73,1017.9,0,normal,0,0.09506070174002107,0,0,0,0,normal,0,normal
2024-01-14 10:00:00,14.3,69,1016.6,0,normal,0,0.07945719216870673,0,0,0,0,normal,0,normal
2024-01-14 11:00:00,13.7,71,1016.5,0,normal,0,0.10058329748402567,0,0,0,0,normal,0,normal
2024-01-14 12:00:00,11.0,75,1017.0,0,normal,0,0.09392924998795993,0,0,0,0,normal,0,normal
2024-01-14 13:00:00,8.2,91,1018.1,0,normal,0,0.06065749472097176,0,0,0,0,normal,0,normal
2024-01-14 14:00:00,7.0,94,1018.5,0,normal,0,0.07951523914170228,0,0,0,0,normal,0,normal
2024-01-14 15:00:00,6.2,95,1018.6,0,normal,0,0.09104125948601355,0,0,0,0,normal,0,normal
2024-01-14 16:00:00,5.2,97,1018.9,0,normal,0,0.08070045015781985,0,0,0,0,normal,0,normal
2024-01-14 17:00:00,4.6,99,1019.0,0,normal,0,0.07499176075283237,0,0,0,0,normal,0,normal
2024-01-14 18:00:00,4.0,99,1019.0,0,normal,0,0.07024590643153056,0,0,0,0,normal,0,normal
2024-01-14 19:00:00,3.6,100,1038.4187723025138,1,pressure_spike,1,-0.12562944261238274,0,0,0,0,normal,1,isolation_forest_anomaly
2024-01-14 20:00:00,3.1,100,1018.6,0,normal,1,-0.13426422137566008,0,0,0,0,normal,1,isolation_forest_anomaly
2024-01-14 21:00:00,3.4,100,1018.3,0,normal,1,-0.04830212754859553,0,0,0,0,normal,1,isolation_forest_anomaly
2024-01-14 22:00:00,4.9,100,1017.9,0,normal,0,0.04968154514443229,0,0,0,0,normal,0,normal
2024-01-14 23:00:00,5.2,99,1017.4,0,normal,0,0.06666687453756637,0,0,0,0,normal,0,normal
2024-01-15 00:00:00,6.0,97,1017.2,0,normal,0,0.08281106766372948,0,0,0,0,normal,0,normal
2024-01-15 01:00:00,5.9,96,1017.6,0,normal,0,0.09914347465109624,0,0,0,0,normal,0,normal
2024-01-15 02:00:00,5.8,95,1017.9,0,normal,0,0.10063179523322979,0,0,0,0,normal,0,normal
2024-01-15 03:00:00,5.0,100,1019.9,0,normal,0,0.06097869715290194,0,0,0,0,normal,0,normal
2024-01-15 04:00:00,6.5,98,1019.3,0,normal,0,0.07476657670177972,0,0,0,0,normal,0,normal
2024-01-15 05:00:00,7.3,97,1019.6,0,normal,0,0.08360611038126592,0,0,0,0,normal,0,normal
2024-01-15 06:00:00,6.0,94,1020.2,0,normal,0,0.07065286874607102,0,0,0,0,normal,0,normal
2024-01-15 07:00:00,11.1,83,1018.0,0,normal,0,0.03277434640335275,0,0,0,0,normal,0,normal
2024-01-15 08:00:00,12.6,79,1016.8,0,normal,0,0.078516961511776,0,0,0,0,normal,0,normal
2024-01-15 09:00:00,14.2,61,1016.1,0,normal,0,0.08661428127791293,0,0,0,0,normal,0,normal
2024-01-15 10:00:00,13.0,76,1016.1,0,normal,0,0.09149959814743175,0,0,0,0,normal,0,normal
2024-01-15 11:00:00,12.7,77,1016.1,0,normal,0,0.10048687490265218,0,0,0,0,normal,0,normal
2024-01-15 12:00:00,9.8,82,1016.5,0,normal,0,0.08932826309560737,0,0,0,0,normal,0,normal
2024-01-15 13:00:00,9.2,90,1016.4,0,normal,0,0.08893798748299331,0,0,0,0,normal,0,normal
2024-01-15 14:00:00,7.3,95,1016.9,0,normal,0,0.08498310831609157,0,0,0,0,normal,0,normal
2024-01-15 15:00:00,6.7,96,1017.6,0,normal,0,0.09145778925430242,0,0,0,0,normal,0,normal
2024-01-15 16:00:00,6.4,98,1017.7,0,normal,0,0.08812493144841671,0,0,0,0,normal,0,normal
2024-01-15 17:00:00,5.7,100,1017.5,0,normal,0,0.07821624065694321,0,0,0,0,normal,0,normal
2024-01-15 18:00:00,5.7,100,1017.2,0,normal,0,0.08246832430519202,0,0,0,0,normal,0,normal
2024-01-15 19:00:00,4.7,100,1017.0,0,normal,0,0.08133015645383501,0,0,0,0,normal,0,normal
2024-01-15 20:00:00,4.3,100,1016.5,0,normal,0,0.07566157209637331,0,0,0,0,normal,0,normal
2024-01-15 21:00:00,4.0,100,1016.1,0,normal,0,0.07197232821487004,0,0,0,0,normal,0,normal
2024-01-15 22:00:00,4.2,99,1015.6,0,normal,0,0.06415584445042954,0,0,0,0,normal,0,normal
2024-01-15 23:00:00,4.1,98,1015.3,0,normal,0,0.06602990310263301,0,0,0,0,normal,0,normal
2024-01-16 00:00:00,4.2,96,1015.3,0,normal,0,0.06571642799706329,0,0,0,0,normal,0,normal
2024-01-16 01:00:00,4.4,94,1015.2,0,normal,0,0.07107566672347027,0,0,0,0,normal,0,normal
2024-01-16 02:00:00,4.1,95,1015.6,0,normal,0,0.08626987706110173,0,0,0,0,normal,0,normal
2024-01-16 03:00:00,3.8,100,1017.5,0,normal,0,0.05027820634647273,0,0,0,0,normal,0,normal
2024-01-16 04:00:00,5.7,91,1016.9,0,normal,0,0.05741546771562406,0,0,0,0,normal,0,normal
2024-01-16 05:00:00,6.7,96,1017.4,0,normal,0,0.07110480757678583,0,0,0,0,normal,0,normal
2024-01-16 06:00:00,6.4,100,1018.0,0,normal,0,0.06980335396979842,0,0,0,0,normal,0,normal
2024-01-16 07:00:00,11.4,83,1016.2,0,normal,0,0.03616031470013531,0,0,0,0,normal,0,normal
2024-01-16 08:00:00,13.1,79,1015.0,0,normal,0,0.07689774845738534,0,0,0,0,normal,0,normal
2024-01-16 09:00:00,11.4,83,1014.9,0,normal,0,0.10000004407204732,0,0,0,0,normal,0,normal
2024-01-16 10:00:00,14.7,76,1013.4,0,normal,0,0.07564735811961132,0,0,0,0,normal,0,normal
2024-01-16 11:00:00,14.5,75,1013.5,0,normal,0,0.10544934094192915,0,0,0,0,normal,0,normal
2024-01-16 12:00:00,10.4,92,1014.5,0,normal,0,0.07044641888301445,0,0,0,0,normal,0,normal
2024-01-16 13:00:00,12.1,82,1013.7,0,normal,0,0.06770564373591376,0,0,0,0,normal,0,normal
2024-01-16 14:00:00,11.2,86,1014.1,0,normal,0,0.10569050916735295,0,0,0,0,normal,0,normal
2024-01-16 15:00:00,9.9,93,1014.4,0,normal,0,0.10342676179237026,0,0,0,0,normal,0,normal
2024-01-16 16:00:00,6.9,100,1014.7,0,normal,0,0.0512910171550407,0,0,0,0,normal,0,normal
2024-01-16 17:00:00,5.6,100,1014.8,0,normal,0,0.06962471599187808,0,0,0,0,normal,0,normal
2024-01-16 18:00:00,5.8,100,1014.7,0,normal,0,0.07750711374429153,0,0,0,0,normal,0,normal
2024-01-16 19:00:00,5.7,100,1014.4,0,normal,0,0.07796298883045288,0,0,0,0,normal,0,normal
2024-01-16 20:00:00,5.3,100,1014.5,0,normal,0,0.08554787203347769,0,0,0,0,normal,0,normal
2024-01-16 21:00:00,6.3,99,1015.0,0,normal,0,0.07926036752378562,0,0,0,0,normal,0,normal
2024-01-16 22:00:00,6.1,99,1014.3,0,normal,0,0.09274775309723321,0,0,0,0,normal,0,normal
2024-01-16 23:00:00,6.1,99,1014.1,0,normal,0,0.08714179837577757,0,0,0,0,normal,0,normal
2024-01-17 00:00:00,6.4,96,1014.4,0,normal,0,0.08433141887482648,0,0,0,0,normal,0,normal
2024-01-17 01:00:00,6.6,96,1014.8,0,normal,0,0.10369798594062535,0,0,0,0,normal,0,normal
2024-01-17 02:00:00,6.4,97,1016.0,0,normal,0,0.0960930118682028,0,0,0,0,normal,0,normal
2024-01-17 03:00:00,6.0,100,1016.8,0,normal,0,0.09239231717052038,0,0,0,0,normal,0,normal
2024-01-17 04:00:00,7.5,98,1017.2,0,normal,0,0.09199219393696362,0,0,0,0,normal,0,normal
2024-01-17 05:00:00,9.0,97,1017.6,0,normal,0,0.08848799408274016,0,0,0,0,normal,0,normal
2024-01-17 06:00:00,8.4,100,1017.4,0,normal,0,0.07778712252950526,0,0,0,0,normal,0,normal
2024-01-17 07:00:00,14.4,80,1016.3,0,normal,0,0.042824535729990454,0,0,0,0,normal,0,normal
2024-01-17 08:00:00,15.9,74,1015.2,0,normal,0,0.0907205812261212,0,0,0,0,normal,0,normal
2024-01-17 09:00:00,13.2,84,1014.6,0,normal,0,0.08995266812279956,0,0,0,0,normal,0,normal
2024-01-17 10:00:00,16.7,70,1014.1,0,normal,0,0.08302823574109636,0,0,0,0,normal,0,normal
2024-01-17 11:00:00,16.4,74,1014.3,0,normal,0,0.1096957895000868,0,0,0,0,normal,0,normal
2024-01-17 12:00:00,13.4,79,1014.8,0,normal,0,0.1001207501766469,0,0,0,0,normal,0,normal
2024-01-17 13:00:00,14.5,80,1015.0,0,normal,0,0.10606545554068825,0,0,0,0,normal,0,normal
2024-01-17 14:00:00,13.4,84,1015.3,0,normal,0,0.11105691336123108,0,0,0,0,normal,0,normal
2024-01-17 15:00:00,11.9,91,1016.3,0,normal,0,0.1040933486801423,0,0,0,0,normal,0,normal
2024-01-17 16:00:00,11.2,94,1016.8,0,normal,0,0.11190483672170898,0,0,0,0,normal,0,normal
2024-01-17 17:00:00,10.3,97,1017.0,0,normal,0,0.11289371616689398,0,0,0,0,normal,0,normal
2024-01-17 18:00:00,9.3,100,1017.2,0,normal,0,0.10268464399338267,0,0,0,0,normal,0,normal
2024-01-17 19:00:00,7.7,100,1017.1,0,normal,0,0.09044947066548437,0,0,0,0,normal,0,normal
2024-01-17 20:00:00,7.2,100,1017.0,0,normal,0,0.09962353053450956,0,0,0,0,normal,0,normal
2024-01-17 21:00:00,7.0,99,1017.2,0,normal,0,0.09920153036409701,0,0,0,0,normal,0,normal
2024-01-17 22:00:00,7.4,97,1016.8,0,normal,0,0.0978939522661243,0,0,0,0,normal,0,normal
2024-01-17 23:00:00,7.2,97,1016.5,0,normal,0,0.10117038536471007,0,0,0,0,normal,0,normal
2024-01-18 00:00:00,7.3,96,1016.7,0,normal,0,0.10019605316165814,0,0,0,0,normal,0,normal
2024-01-18 01:00:00,7.6,95,1016.9,0,normal,0,0.10843847795034323,0,0,0,0,normal,0,normal
2024-01-18 02:00:00,7.4,98,1017.7,0,normal,0,0.10252442281074714,0,0,0,0,normal,0,normal
2024-01-18 03:00:00,7.8,97,1017.9,0,normal,0,0.10337213924955513,0,0,0,0,normal,0,normal
2024-01-18 04:00:00,8.8,95,1018.9,0,normal,0,0.09984059648967158,0,0,0,0,normal,0,normal
2024-01-18 05:00:00,10.5,95,1019.3,0,normal,0,0.09897526131223333,0,0,0,0,normal,0,normal
2024-01-18 06:00:00,9.4,97,1019.4,0,normal,0,0.09239265900756327,0,0,0,0,normal,0,normal
2024-01-18 07:00:00,14.4,84,1018.1,0,normal,0,0.0629396272171126,0,0,0,0,normal,0,normal
2024-01-18 08:00:00,16.0,78,1016.9,0,normal,0,0.08960668079810619,0,0,0,0,normal,0,normal
2024-01-18 09:00:00,15.2,73,1016.2,0,normal,0,0.10363550240253089,0,0,0,0,normal,0,normal
2024-01-18 10:00:00,17.0,72,1015.7,0,normal,0,0.10273012668535147,0,0,0,0,normal,0,normal
2024-01-18 11:00:00,40.08597919911382,75,1015.6,1,temp_spike,1,-0.09513565037965455,0,0,0,0,normal,1,isolation_forest_anomaly
2024-01-18 12:00:00,15.8,79,1015.9,0,normal,1,-0.09746384897966143,0,0,0,0,normal,1,isolation_forest_anomaly
2024-01-18 13:00:00,11.6,94,1016.5,0,normal,1,-0.010064284378188848,0,0,0,0,normal,1,isolation_forest_anomaly
2024-01-18 14:00:00,10.2,97,1017.1,0,normal,0,0.09102394663013963,0,0,0,0,normal,0,normal
2024-01-18 15:00:00,9.1,98,1017.8,0,normal,0,0.09849765761343682,0,0,0,0,normal,0,normal
2024-01-18 16:00:00,8.5,99,1018.1,0,normal,0,0.09799690374054143,0,0,0,0,normal,0,normal
2024-01-18 17:00:00,8.0,100,1018.4,0,normal,0,0.09461057005450141,0,0,0,0,normal,0,normal
2024-01-18 18:00:00,7.3,100,1018.3,0,normal,0,0.0956413920524109,0,0,0,0,normal,0,normal
2024-01-18 19:00:00,7.3,100,1018.0,0,normal,0,0.09525294846905957,0,0,0,0,normal,0,normal
2024-01-18 20:00:00,8.4,100,1018.0,0,normal,0,0.08817160200016422,0,0,0,0,normal,0,normal
2024-01-18 21:00:00,9.1,99,1017.8,0,normal,0,0.09504505481907527,0,0,0,0,normal,0,normal
2024-01-18 22:00:00,8.8,99,1017.5,0,normal,0,0.10598989334807474,0,0,0,0,normal,0,normal
2024-01-18 23:00:00,8.8,99,1017.3,0,normal,0,0.09881033756144197,0,0,0,0,normal,0,normal
2024-01-19 00:00:00,8.6,98,1017.5,0,normal,0,0.10071487510278615,0,0,0,0,normal,0,normal
2024-01-19 01:00:00,8.7,97,1017.8,0,normal,0,0.1055403952836752,0,0,0,0,normal,0,normal
2024-01-19 02:00:00,8.6,97,1018.1,0,normal,0,0.10993466246723527,0,0,0,0,normal,0,normal
2024-01-19 03:00:00,7.4,100,1019.9,0,normal,0,0.07767670923680842,0,0,0,0,normal,0,normal
2024-01-19 04:00:00,8.9,97,1019.9,0,normal,0,0.08909125467466167,0,0,0,0,normal,0,normal
2024-01-19 05:00:00,9.6,98,1020.3,0,normal,0,0.09298831988780998,0,0,0,0,normal,0,normal
2024-01-19 06:00:00,8.4,97,1021.2,0,normal,0,0.07835018253046039,0,0,0,0,normal,0,normal
2024-01-19 07:00:00,13.1,84,1019.3,0,normal,0,0.04967695947920914,0,0,0,0,normal,0,normal
2024-01-19 08:00:00,14.4,78,1018.2,0,normal,0,0.08760656177012816,0,0,0,0,normal,0,normal
2024-01-19 09:00:00,9.4,92,1019.4,0,normal,0,0.046054891090733796,0,0,0,0,normal,0,normal
2024-01-19 10:00:00,15.4,75,1017.0,0,normal,0,0.03894083225426337,0,0,0,0,normal,0,normal
2024-01-19 11:00:00,15.1,77,1017.0,0,normal,0,0.09574461047817068,0,0,0,0,normal,0,normal
2024-01-19 12:00:00,12.3,90,1017.4,0,normal,0,0.09001795122392436,0,0,0,0,normal,0,normal
2024-01-19 13:00:00,10.4,94,1018.0,0,normal,0,0.09190454549223154,0,0,0,0,normal,0,normal
2024-01-19 14:00:00,9.2,97,1018.5,0,normal,0,0.09769352437615841,0,0,0,0,normal,0,normal
2024-01-19 15:00:00,8.6,97,1018.7,0,normal,0,0.10053168819528169,0,0,0,0,normal,0,normal
2024-01-19 16:00:00,8.8,97,1018.8,0,normal,0,0.09898519821466517,0,0,0,0,normal,0,normal
2024-01-19 17:00:00,7.3,100,1018.8,0,normal,0,0.08589718171505722,0,0,0,0,normal,0,normal
2024-01-19 18:00:00,6.3,100,1019.2,0,normal,0,0.08300891686223322,0,0,0,0,normal,0,normal
2024-01-19 19:00:00,6.8,100,1019.3,0,normal,0,0.087718115599566,0,0,0,0,normal,0,normal
2024-01-19 20:00:00,6.6,99,1019.2,0,normal,0,0.09162353274377816,0,0,0,0,normal,0,normal
2024-01-19 21:00:00,6.8,99,1019.0,0,normal,0,0.09629553783211597,0,0,0,0,normal,0,normal
2024-01-19 22:00:00,6.8,98,1018.7,0,normal,0,0.09604417833419976,0,0,0,0,normal,0,normal
2024-01-19 23:00:00,6.7,98,1018.9,0,normal,0,0.09164077895525974,0,0,0,0,normal,0,normal
2024-01-20 00:00:00,7.1,98,1019.2,0,normal,0,0.091720690129874,0,0,0,0,normal,0,normal
2024-01-20 01:00:00,7.1,98,1019.7,0,normal,0,0.09732378690834759,0,0,0,0,normal,0,normal
2024-01-20 02:00:00,7.4,100,1020.1,0,normal,0,0.09044245861476957,0,0,0,0,normal,0,normal
2024-01-20 03:00:00,9.4,87,1021.1,0,normal,0,0.07599577148390041,0,0,0,0,normal,0,normal
2024-01-20 04:00:00,7.9,98,1021.6,0,normal,0,0.05839757682189245,0,0,0,0,normal,0,normal
2024-01-20 05:00:00,8.9,98,1021.9,0,normal,0,0.08405803800048128,0,0,0,0,normal,0,normal
2024-01-20 06:00:00,11.2,78,1021.6,0,normal,0,0.05180856279705787,0,0,0,0,normal,0,normal
2024-01-20 07:00:00,12.3,82,1020.4,0,normal,0,0.07836856320391217,0,0,0,0,normal,0,normal
2024-01-20 08:00:00,13.7,75,1019.2,0,normal,0,0.08966363185504178,0,0,0,0,normal,0,normal
2024-01-20 09:00:00,13.8,67,1019.2,0,normal,0,0.09995918844986618,0,0,0,0,normal,0,normal
2024-01-20 10:00:00,15.2,68,1018.0,0,normal,0,0.09451289554779213,0,0,0,0,normal,0,normal
2024-01-20 11:00:00,14.9,70,1017.9,0,normal,0,0.10259972418394148,0,0,0,0,normal,0,normal
2024-01-20 12:00:00,13.0,73,1018.8,0,normal,0,0.0919043319815177,0,0,0,0,normal,0,normal
2024-01-20 13:00:00,10.2,91,1018.5,0,normal,0,0.07129228442760299,0,0,0,0,normal,0,normal
2024-01-20 14:00:00,9.2,94,1019.1,0,normal,0,0.0894885785543083,0,0,0,0,normal,0,normal
2024-01-20 15:00:00,7.8,95,1019.2,0,normal,0,0.09772118009813563,0,0,0,0,normal,0,normal
2024-01-20 16:00:00,7.3,96,1019.8,0,normal,0,0.09548781639562781,0,0,0,0,normal,0,normal
2024-01-20 17:00:00,6.6,96,1019.9,0,normal,0,0.09616352044230148,0,0,0,0,normal,0,normal
2024-01-20 18:00:00,5.9,97,1019.8,0,normal,0,0.09419458140137354,0,0,0,0,normal,0,normal
2024-01-20 19:00:00,5.3,98,1020.1,0,normal,0,0.0905124139183539,0,0,0,0,normal,0,normal
2024-01-20 20:00:00,5.0,99,1019.8,0,normal,0,0.084078900902119,0,0,0,0,normal,0,normal
2024-01-20 21:00:00,5.0,99,1019.2,0,normal,0,0.08088728366330755,0,0,0,0,normal,0,normal
2024-01-20 22:00:00,5.0,99,1018.5,0,normal,0,0.07578396102094703,0,0,0,0,normal,0,normal
2024-01-20 23:00:00,5.0,99,1018.0,0,normal,0,0.07254588388769634,0,0,0,0,normal,0,normal
2024-01-21 00:00:00,4.8,98,1018.1,0,normal,0,0.08151952286384384,0,0,0,0,normal,0,normal
2024-01-21 01:00:00,5.0,98,1018.3,0,normal,0,0.08719675839385221,0,0,0,0,normal,0,normal
2024-01-21 02:00:00,4.9,98,1019.1,0,normal,0,0.08635655842086709,0,0,0,0,normal,0,normal
2024-01-21 03:00:00,7.4,100,1020.6,0,normal,0,0.07465255767452061,0,0,0,0,normal,0,normal
2024-01-21 04:00:00,7.8,92,1019.9,0,normal,0,0.07714819286673219,0,0,0,0,normal,0,normal
2024-01-21 05:00:00,10.3,84,1020.0,0,normal,0,0.08685628927035494,0,0,0,0,normal,0,normal
2024-01-21 06:00:00,8.4,92,1020.6,0,normal,0,0.07309467976892653,0,0,0,0,normal,0,normal
2024-01-21 07:00:00,13.6,75,1018.3,0,normal,0,0.041491875532646716,0,0,0,0,normal,0,normal
2024-01-21 08:00:00,14.8,72,1017.2,0,normal,0,0.09010507488386232,0,0,0,0,normal,0,normal
2024-01-21 09:00:00,12.0,76,1018.4,0,normal,0,0.0881946930809469,0,0,0,0,normal,0,normal
2024-01-21 10:00:00,15.7,69,1016.2,0,normal,0,0.07093692480728453,0,0,0,0,normal,0,normal
2024-01-21 11:00:00,15.2,71,1016.0,0,normal,0,0.10312489552093607,0,0,0,0,normal,0,normal
2024-01-21 12:00:00,11.4,80,1018.2,0,normal,0,0.0645701023152832,0,0,0,0,normal,0,normal
2024-01-21 13:00:00,10.0,93,1016.6,0,normal,0,0.06454690535093677,0,0,0,0,normal,0,normal
2024-01-21 14:00:00,9.0,95,1017.2,0,normal,0,0.09716259398804228,0,0,0,0,normal,0,normal
2024-01-21 15:00:00,8.2,96,1017.5,0,normal,0,0.10431250967288541,0,0,0,0,normal,0,normal
2024-01-21 16:00:00,6.7,95,1018.9,0,normal,0,0.06540910927647808,0,0,0,0,normal,0,normal
2024-01-21 17:00:00,6.3,97,1019.0,0,normal,0,0.09078697284661746,0,0,0,0,normal,0,normal
2024-01-21 18:00:00,5.5,99,1019.0,0,normal,0,0.09091384917543938,0,0,0,0,normal,0,normal
2024-01-21 19:00:00,4.8,100,1018.9,0,normal,0,0.08463451048062592,0,0,0,0,normal,0,normal
2024-01-21 20:00:00,4.3,100,1018.6,0,normal,0,0.07885613105130423,0,0,0,0,normal,0,normal
2024-01-21 21:00:00,4.3,100,1018.2,0,normal,0,0.07380690898828024,0,0,0,0,normal,0,normal
2024-01-21 22:00:00,5.0,100,1017.6,0,normal,0,0.0672758850661983,0,0,0,0,normal,0,normal
2024-01-21 23:00:00,5.1,99,1017.5,0,normal,0,0.077483936816507,0,0,0,0,normal,0,normal
2024-01-22 00:00:00,5.4,98,1017.7,0,normal,0,0.08124545327119953,0,0,0,0,normal,0,normal
2024-01-22 01:00:00,5.6,98,1018.2,0,normal,0,0.09225138060309651,0,0,0,0,normal,0,normal
2024-01-22 02:00:00,5.9,97,1019.0,0,normal,0,0.09241851059119727,0,0,0,0,normal,0,normal
2024-01-22 03:00:00,6.2,97,1021.0,0,normal,0,0.07451715447642199,0,0,0,0,normal,0,normal
2024-01-22 04:00:00,7.1,96,1020.2,0,normal,0,0.08018808462735594,0,0,0,0,normal,0,normal
2024-01-22 05:00:00,8.2,94,1020.8,0,normal,0,0.09082002281632656,0,0,0,0,normal,0,normal
2024-01-22 06:00:00,7.4,83,1022.4,0,normal,0,0.05399120978068783,0,0,0,0,normal,0,normal
2024-01-22 07:00:00,10.3,84,1020.4,0,normal,0,0.04542394067675121,0,0,0,0,normal,0,normal
2024-01-22 08:00:00,12.1,76,1019.4,0,normal,0,0.0802199463116533,0,0,0,0,normal,0,normal
2024-01-22 09:00:00,8.4,86,1020.5,0,normal,0,0.05494401456675824,0,0,0,0,normal,0,normal
2024-01-22 10:00:00,13.4,74,1018.4,0,normal,0,0.03991983451614051,0,0,0,0,normal,0,normal
2024-01-22 11:00:00,13.0,76,1018.4,0,normal,0,0.0933883661475512,0,0,0,0,normal,0,normal
2024-01-22 12:00:00,8.0,89,1020.4,0,normal,0,0.027826178309462102,0,0,0,0,normal,0,normal
2024-01-22 13:00:00,10.1,86,1019.6,0,normal,0,0.060827389768956686,0,0,0,0,normal,0,normal
2024-01-22 14:00:00,9.8,87,1019.9,0,normal,0,0.09857983771672585,0,0,0,0,normal,0,normal
2024-01-22 15:00:00,8.8,90,1020.2,0,normal,0,0.10150479529395423,0,0,0,0,normal,0,normal
2024-01-22 16:00:00,6.5,95,1020.6,0,normal,0,0.06922539008579659,0,0,0,0,normal,0,normal
2024-01-22 17:00:00,4.2,100,1021.3,0,normal,0,0.03717498130198282,0,0,0,0,normal,0,normal
2024-01-22 18:00:00,3.9,100,1020.9,0,normal,0,0.04753198361875827,0,0,0,0,normal,0,normal
2024-01-22 19:00:00,4.3,100,1020.9,0,normal,0,0.05749404915975043,0,0,0,0,normal,0,normal
2024-01-22 20:00:00,3.5,100,1020.9,0,normal,0,0.054467512941040686,0,0,0,0,normal,0,normal
2024-01-22 21:00:00,3.8,99,1020.7,0,normal,0,0.05344734961823533,0,0,0,0,normal,0,normal
2024-01-22 22:00:00,4.1,99,1020.1,0,normal,0,0.06211439060937324,0,0,0,0,normal,0,normal
2024-01-22 23:00:00,4.2,97,1019.6,0,normal,0,0.05507377433747107,0,0,0,0,normal,0,normal
2024-01-23 00:00:00,4.1,97,1019.5,0,normal,0,0.07133439000731112,0,0,0,0,normal,0,normal
2024-01-23 01:00:00,4.5,98,1019.6,0,normal,0,0.07067618334504427,0,0,0,0,normal,0,normal
2024-01-23 02:00:00,4.6,99,1019.8,0,normal,0,0.0766031178383807,0,0,0,0,normal,0,normal
2024-01-23 03:00:00,6.6,97,1021.5,0,normal,0,0.06553894989987741,0,0,0,0,normal,0,normal
2024-01-23 04:00:00,6.2,92,1020.9,0,normal,0,0.07919067232032284,0,0,0,0,normal,0,normal
2024-01-23 05:00:00,7.8,97,1021.3,0,normal,0,0.07741202150383514,0,0,0,0,normal,0,normal
2024-01-23 06:00:00,9.0,79,1021.9,0,normal,0,0.0618435872270951,0,0,0,0,normal,0,normal
2024-01-23 07:00:00,12.5,80,1019.9,0,normal,0,0.05582732234454496,0,0,0,0,normal,0,normal
2024-01-23 08:00:00,13.8,73,1018.7,0,normal,0,0.08826488293605822,0,0,0,0,normal,0,normal
2024-01-23 09:00:00,12.2,67,1018.3,0,normal,0,0.09222505917223717,0,0,0,0,normal,0,normal
2024-01-23 10:00:00,14.9,68,1017.2,0,normal,0,0.0823319142067035,0,0,0,0,normal,0,normal
2024-01-23 11:00:00,14.4,70,1017.1,0,normal,0,0.10221134564495643,0,0,0,0,normal,0,normal
2024-01-23 12:00:00,11.4,80,1017.4,0,normal,0,0.09403044096640306,0,0,0,0,normal,0,normal
2024-01-23 13:00:00,9.1,92,1017.9,0,normal,0,0.08174363851618621,0,0,0,0,normal,0,normal
2024-01-23 14:00:00,8.0,94,1018.3,0,normal,0,0.09442243303824116,0,0,0,0,normal,0,normal
2024-01-23 15:00:00,6.7,96,1018.5,0,normal,0,0.08972509970966996,0,0,0,0,normal,0,normal
2024-01-23 16:00:00,6.0,97,1018.4,0,normal,0,0.08835791794261855,0,0,0,0,normal,0,normal
2024-01-23 17:00:00,5.4,98,1018.2,0,normal,0,0.08907174303377274,0,0,0,0,normal,0,normal
2024-01-23 18:00:00,4.8,100,1018.3,0,normal,0,0.07865910367499496,0,0,0,0,normal,0,normal
2024-01-23 19:00:00,4.5,100,1018.0,0,normal,0,0.07652608400804517,0,0,0,0,normal,0,normal
2024-01-23 20:00:00,4.1,100,1017.9,0,normal,0,0.07705011913129567,0,0,0,0,normal,0,normal
2024-01-23 21:00:00,3.9,100,1017.9,0,normal,0,0.06919469246578369,0,0,0,0,normal,0,normal
2024-01-23 22:00:00,4.3,100,1017.7,0,normal,0,0.06691435315112565,0,0,0,0,normal,0,normal
2024-01-23 23:00:00,5.4,99,1018.0,0,normal,0,0.05733254015725853,0,0,0,0,normal,0,normal
2024-01-24 00:00:00,5.3,98,1018.4,0,normal,0,0.08099082475857006,0,0,0,0,normal,0,normal
2024-01-24 01:00:00,5.5,97,1019.2,0,normal,0,0.08316058058441211,0,0,0,0,normal,0,normal
2024-01-24 02:00:00,5.6,96,1019.9,0,normal,0,0.09088683932996705,0,0,0,0,normal,0,normal
2024-01-24 03:00:00,5.6,100,1021.4,0,normal,0,0.06458345194346904,0,0,0,0,normal,0,normal
2024-01-24 04:00:00,6.7,97,1021.0,0,normal,0,0.076648215776843,0,0,0,0,normal,0,normal
2024-01-24 05:00:00,8.1,95,1020.9,0,normal,0,0.08487299742590637,0,0,0,0,normal,0,normal
2024-01-24 06:00:00,7.0,97,1021.6,0,normal,0,0.06669416733567324,0,0,0,0,normal,0,normal
2024-01-24 07:00:00,13.0,79,1019.5,0,normal,0,0.031491838418350904,0,0,0,0,normal,0,normal
2024-01-24 08:00:00,14.7,74,1018.4,0,normal,0,0.08074872282207718,0,0,0,0,normal,0,normal
2024-01-24 09:00:00,10.4,77,1019.2,0,normal,0,0.06970862910979281,0,0,0,0,normal,0,normal
2024-01-24 10:00:00,15.5,71,1017.4,0,normal,0,0.0575619764492985,0,0,0,0,normal,0,normal
2024-01-24 11:00:00,15.0,74,1017.6,0,normal,0,0.10120249633170753,0,0,0,0,normal,0,normal
2024-01-24 12:00:00,8.2,89,1019.3,0,normal,0,0.02102454465302339,0,0,0,0,normal,0,normal
2024-01-24 13:00:00,9.5,93,1018.2,0,normal,0,0.05810668335730529,0,0,0,0,normal,0,normal
2024-01-24 14:00:00,8.1,96,1018.8,0,normal,0,0.08788295298110482,0,0,0,0,normal,0,normal
2024-01-24 15:00:00,6.3,97,1020.1,0,normal,0,0.06351948956078968,0,0,0,0,normal,0,normal
2024-01-24 16:00:00,5.8,98,1020.3,0,normal,0,0.07993763115148311,0,0,0,0,normal,0,normal
2024-01-24 17:00:00,5.3,99,1020.6,0,normal,0,0.07630704879518219,0,0,0,0,normal,0,normal
2024-01-24 18:00:00,4.8,100,1020.6,0,normal,0,0.07347603922329338,0,0,0,0,normal,0,normal
2024-01-24 19:00:00,4.0,100,1020.3,0,normal,0,0.06568381413061009,0,0,0,0,normal,0,normal
2024-01-24 20:00:00,4.0,100,1020.2,0,normal,0,0.06449098646670715,0,0,0,0,normal,0,normal
2024-01-24 21:00:00,4.6,100,1019.9,0,normal,0,0.06262090865413245,0,0,0,0,normal,0,normal
2024-01-24 22:00:00,5.0,100,1019.7,0,normal,0,0.07489732183562325,0,0,0,0,normal,0,normal
2024-01-24 23:00:00,4.9,99,1019.3,0,normal,0,0.07074616190574856,0,0,0,0,normal,0,normal
2024-01-25 00:00:00,5.3,99,1019.8,0,normal,0,0.07193967463804546,0,0,0,0,normal,0,normal
2024-01-25 01:00:00,4.9,96,1021.0,0,normal,0,0.06226735575569331,0,0,0,0,normal,0,normal
2024-01-25 02:00:00,4.9,96,1021.5,0,normal,0,0.08140721139581003,0,0,0,0,normal,0,normal
2024-01-25 03:00:00,25.467210037270345,97,1023.5,1,temp_spike,1,-0.109308924898888,0,0,0,0,normal,1,isolation_forest_anomaly
2024-01-25 04:00:00,6.0,97,1022.8,0,normal,1,-0.1065239886172964,0,0,0,0,normal,1,isolation_forest_anomaly
2024-01-25 05:00:00,7.2,94,1023.3,0,normal,1,-0.007476900406775955,0,0,0,0,normal,1,isolation_forest_anomaly
2024-01-25 06:00:00,7.8,89,1023.6,0,normal,0,0.06425875131669556,0,0,0,0,normal,0,normal
2024-01-25 07:00:00,12.2,80,1022.1,0,normal,0,0.041280522984481816,0,0,0,0,normal,0,normal
2024-01-25 08:00:00,13.9,75,1021.1,0,normal,0,0.07573263946403425,0,0,0,0,normal,0,normal
2024-01-25 09:00:00,15.0,58,1020.6,0,normal,0,0.07326119562791467,0,0,0,0,normal,0,normal
2024-01-25 10:00:00,14.5,72,1020.0,0,normal,0,0.0727632197379936,0,0,0,0,normal,0,normal
2024-01-25 11:00:00,13.7,75,1020.8,0,normal,0,0.08741003853208673,0,0,0,0,normal,0,normal
2024-01-25 12:00:00,12.2,79,1020.9,0,normal,0,0.08894101533063326,0,0,0,0,normal,0,normal
2024-01-25 13:00:00,10.0,93,1021.1,0,normal,0,0.06706638375950175,0,0,0,0,normal,0,normal
2024-01-25 14:00:00,9.9,94,1021.1,0,normal,0,0.08562526086803879,0,0,0,0,normal,0,normal
2024-01-25 15:00:00,9.8,93,1021.1,0,normal,0,0.08216038152045818,0,0,0,0,normal,0,normal
2024-01-25 16:00:00,10.0,93,1021.3,0,normal,0,0.09586126204726331,0,0,0,0,normal,0,normal
2024-01-25 17:00:00,8.3,96,1040.6936150214378,1,pressure_spike,1,-0.10733826814749825,0,0,0,0,normal,1,isolation_forest_anomaly
2024-01-25 18:00:00,7.9,98,1021.2,0,normal,1,-0.11257679837699641,0,0,0,0,normal,1,isolation_forest_anomaly
2024-01-25 19:00:00,8.3,99,1021.0,0,normal,1,-0.027093601817783086,0,0,0,0,normal,1,isolation_forest_anomaly
2024-01-25 20:00:00,7.8,99,1020.6,0,normal,0,0.09510592496167647,0,0,0,0,normal,0,normal
2024-01-25 21:00:00,8.3,98,1020.6,0,normal,0,0.0940860400014299,0,0,0,0,normal,0,normal
2024-01-25 22:00:00,6.0,100,1020.3,0,normal,0,0.06338819686373076,0,0,0,0,normal,0,normal
2024-01-25 23:00:00,5.9,100,1020.1,0,normal,0,0.07564620972204439,0,0,0,0,normal,0,normal
2024-01-26 00:00:00,5.4,100,1020.1,0,normal,0,0.0743512909634117,0,0,0,0,normal,0,normal
2024-01-26 01:00:00,5.4,100,1020.2,0,normal,0,0.07511962286854645,0,0,0,0,normal,0,normal
2024-01-26 02:00:00,5.5,100,1021.6,0,normal,0,0.05937327001707754,0,0,0,0,normal,0,normal
2024-01-26 03:00:00,6.0,100,1023.1,0,normal,0,0.05275523719940822,0,0,0,0,normal,0,normal
2024-01-26 04:00:00,9.0,96,1022.6,0,normal,0,0.055556280401852065,0,0,0,0,normal,0,normal
2024-01-26 05:00:00,12.0,87,1023.1,0,normal,0,0.06493687059726955,0,0,0,0,normal,0,normal
2024-01-26 06:00:00,12.8,66,1024.1,0,normal,0,0.03731991056859041,0,0,0,0,normal,0,normal
2024-01-26 07:00:00,17.0,61,1022.3,0,normal,0,0.041201648247493894,0,0,0,0,normal,0,normal
2024-01-26 08:00:00,17.9,58,1021.2,0,normal,0,0.06810096498451534,0,0,0,0,normal,0,normal
2024-01-26 09:00:00,18.6,54,1020.1,0,normal,0,0.0805599725774862,0,0,0,0,normal,0,normal
2024-01-26 10:00:00,18.5,53,1019.6,0,normal,0,0.08534294868058806,0,0,0,0,normal,0,normal
2024-01-26 11:00:00,17.6,63,1019.4,0,normal,0,0.08942804802831189,0,0,0,0,normal,0,normal
2024-01-26 12:00:00,16.4,51,1020.0,0,normal,0,0.07774754184010352,0,0,0,0,normal,0,normal
2024-01-26 13:00:00,12.1,86,1020.4,0,normal,0,0.034843910848359694,0,0,0,0,normal,0,normal
2024-01-26 14:00:00,10.8,89,1021.2,0,normal,0,0.06752865845763545,0,0,0,0,normal,0,normal
2024-01-26 15:00:00,9.9,92,1021.8,0,normal,0,0.09632443183550304,0,0,0,0,normal,0,normal
2024-01-26 16:00:00,9.3,92,1022.1,0,normal,0,0.09857622114454517,0,0,0,0,normal,0,normal
2024-01-26 17:00:00,8.8,95,1022.7,0,normal,0,0.08612303784938563,0,0,0,0,normal,0,normal
2024-01-26 18:00:00,8.1,95,1022.4,0,normal,0,0.09073363327160361,0,0,0,0,normal,0,normal
2024-01-26 19:00:00,7.6,95,1022.3,0,normal,0,0.0957072190963969,0,0,0,0,normal,0,normal
2024-01-26 20:00:00,7.0,96,1021.9,0,normal,0,0.09100877750056452,0,0,0,0,normal,0,normal
2024-01-26 21:00:00,6.7,97,1021.2,0,normal,0,0.09165009050550271,0,0,0,0,normal,0,normal
2024-01-26 22:00:00,6.9,96,1020.7,0,normal,0,0.08922912587524112,0,0,0,0,normal,0,normal
2024-01-26 23:00:00,6.9,96,1020.2,0,normal,0,0.08683155402209602,0,0,0,0,normal,0,normal
2024-01-27 00:00:00,6.6,96,1020.0,0,normal,0,0.09025675226798169,0,0,0,0,normal,0,normal
2024-01-27 01:00:00,6.1,96,1020.1,0,normal,0,0.09547547405060341,0,0,0,0,normal,0,normal
2024-01-27 02:00:00,5.7,96,1020.5,0,normal,0,0.09564356656016565,0,0,0,0,normal,0,normal
2024-01-27 03:00:00,9.8,95,1021.3,0,normal,0,0.07755810515626904,0,0,0,0,normal,0,normal
2024-01-27 04:00:00,11.2,88,1021.0,0,normal,0,0.09214291865394125,0,0,0,0,normal,0,normal
2024-01-27 05:00:00,13.9,82,1021.1,0,normal,0,0.09179656734236119,0,0,0,0,normal,0,normal
2024-01-27 06:00:00,16.3,73,1020.9,0,normal,0,0.09082517025517595,0,0,0,0,normal,0,normal
2024-01-27 07:00:00,17.9,64,1020.0,0,normal,0,0.09493483512636436,0,0,0,0,normal,0,normal
2024-01-27 08:00:00,18.7,63,1018.6,0,normal,0,0.08831169821292006,0,0,0,0,normal,0,normal
2024-01-27 09:00:00,21.8,30,1017.5,0,normal,0,0.0397940324110842,0,0,0,0,normal,0,normal
2024-01-27 10:00:00,19.1,56,1017.3,0,normal,0,0.05977245246180157,0,0,0,0,normal,0,normal
2024-01-27 11:00:00,18.3,64,1017.2,0,normal,0,0.09385832629612118,0,0,0,0,normal,0,normal
2024-01-27 12:00:00,19.0,46,1017.2,0,normal,0,0.07479560363593324,0,0,0,0,normal,0,normal
2024-01-27 13:00:00,13.4,84,1017.8,0,normal,0,0.03858854619648011,0,0,0,0,normal,0,normal
2024-01-27 14:00:00,11.4,88,1018.6,0,normal,0,0.07546778579944347,0,0,0,0,normal,0,normal
2024-01-27 15:00:00,10.5,91,1018.8,0,normal,0,0.11290200121331767,0,0,0,0,normal,0,normal
2024-01-27 16:00:00,10.2,93,1019.0,0,normal,0,0.11282777617626782,0,0,0,0,normal,0,normal
2024-01-27 17:00:00,9.1,94,1019.3,0,normal,0,0.108967945592789,0,0,0,0,normal,0,normal
2024-01-27 18:00:00,8.7,94,1019.4,0,normal,0,0.1105556860529257,0,0,0,0,normal,0,normal
2024-01-27 19:00:00,8.2,94,1019.3,0,normal,0,0.1109842448197692,0,0,0,0,normal,0,normal
2024-01-27 20:00:00,8.2,95,1019.1,0,normal,0,0.10920450166855739,0,0,0,0,normal,0,normal
2024-01-27 21:00:00,7.5,96,1018.6,0,normal,0,0.10740038284689207,0,0,0,0,normal,0,normal
2024-01-27 22:00:00,7.4,96,1017.8,0,normal,0,0.10267952013149179,0,0,0,0,normal,0,normal
2024-01-27 23:00:00,7.0,96,1017.4,0,normal,0,0.0980240168729295,0,0,0,0,normal,0,normal
2024-01-28 00:00:00,8.4,93,1017.3,0,normal,0,0.09319874726484478,0,0,0,0,normal,0,normal
2024-01-28 01:00:00,7.1,96,1018.0,0,normal,0,0.09288798447189878,0,0,0,0,normal,0,normal
2024-01-28 02:00:00,6.2,97,1018.6,0,normal,0,0.10017918309692536,0,0,0,0,normal,0,normal
2024-01-28 03:00:00,8.0,97,1019.1,0,normal,0,0.10098033482172347,0,0,0,0,normal,0,normal
2024-01-28 04:00:00,11.4,87,1019.2,0,normal,0,0.0861948724592862,0,0,0,0,normal,0,normal
2024-01-28 05:00:00,14.0,80,1019.9,0,normal,0,0.09731992021378161,0,0,0,0,normal,0,normal
2024-01-28 06:00:00,15.0,76,1019.2,0,normal,0,0.09919835563953822,0,0,0,0,normal,0,normal
2024-01-28 07:00:00,17.2,69,1018.5,0,normal,0,0.10114160411672335,0,0,0,0,normal,0,normal
2024-01-28 08:00:00,18.2,64,1017.5,0,normal,0,0.10242626545718009,0,0,0,0,normal,0,normal
2024-01-28 09:00:00,18.4,69,1016.4,0,normal,0,0.0958874299330793,0,0,0,0,normal,0,normal
2024-01-28 10:00:00,19.1,61,1016.0,0,normal,0,0.10067301052284261,0,0,0,0,normal,0,normal
2024-01-28 11:00:00,18.5,67,1016.1,0,normal,0,0.10521442501463568,0,0,0,0,normal,0,normal
2024-01-28 12:00:00,16.8,72,1015.8,0,normal,0,0.10468514430260717,0,0,0,0,normal,0,normal
2024-01-28 13:00:00,13.2,86,1016.8,0,normal,0,0.08639511101640135,0,0,0,0,normal,0,normal
2024-01-28 14:00:00,11.2,92,1017.6,0,normal,0,0.09572546304472174,0,0,0,0,normal,0,normal
2024-01-28 15:00:00,11.1,94,1018.7,0,normal,0,0.1023492899976372,0,0,0,0,normal,0,normal
2024-01-28 16:00:00,11.0,94,1019.1,0,normal,0,0.1041322340052464,0,0,0,0,normal,0,normal
2024-01-28 17:00:00,10.7,95,1019.1,0,normal,0,0.10858522999942166,0,0,0,0,normal,0,normal
2024-01-28 18:00:00,10.1,96,1019.3,0,normal,0,0.10794447984699329,0,0,0,0,normal,0,normal
2024-01-28 19:00:00,9.3,96,1019.4,0,normal,0,0.11113624542507555,0,0,0,0,normal,0,normal
2024-01-28 20:00:00,8.7,96,1019.1,0,normal,0,0.10815789538312304,0,0,0,0,normal,0,normal
2024-01-28 21:00:00,8.3,95,1019.0,0,normal,0,0.10819086937733702,0,0,0,0,normal,0,normal
2024-01-28 22:00:00,8.4,96,1018.3,0,normal,0,0.10444145980625624,0,0,0,0,normal,0,normal
2024-01-28 23:00:00,8.0,96,1018.0,0,normal,0,0.1026779430897255,0,0,0,0,normal,0,normal
2024-01-29 00:00:00,7.5,97,1018.2,0,normal,0,0.10310238460720206,0,0,0,0,normal,0,normal
2024-01-29 01:00:00,8.1,97,1019.2,0,normal,0,0.09797200480487273,0,0,0,0,normal,0,normal
2024-01-29 02:00:00,7.3,98,1019.9,0,normal,0,0.09688142605570405,0,0,0,0,normal,0,normal
2024-01-29 03:00:00,7.6,100,1020.7,0,normal,0,0.09203551010113109,0,0,0,0,normal,0,normal
2024-01-29 04:00:00,11.7,89,1020.9,0,normal,0,0.07227631973128845,0,0,0,0,normal,0,normal
2024-01-29 05:00:00,14.1,84,1021.0,0,normal,0,0.08788055751986495,0,0,0,0,normal,0,normal
2024-01-29 06:00:00,16.0,65,1020.0,0,normal,0,0.07782589246278504,0,0,0,0,normal,0,normal
2024-01-29 07:00:00,17.9,70,1019.2,0,normal,0,0.09066792821410075,0,0,0,0,normal,0,normal
2024-01-29 08:00:00,18.9,69,1018.2,0,normal,0,0.09633124295632117,0,0,0,0,normal,0,normal
2024-01-29 09:00:00,19.8,59,1017.3,0,normal,0,0.09684288728492946,0,0,0,0,normal,0,normal
2024-01-29 10:00:00,19.6,67,1016.7,0,normal,0,0.09603719280484108,0,0,0,0,normal,0,normal
2024-01-29 11:00:00,19.0,68,1016.7,0,normal,0,0.10413922249617902,0,0,0,0,normal,0,normal
2024-01-29 12:00:00,19.0,68,1016.3,0,normal,0,0.09619891729874686,0,0,0,0,normal,0,normal
2024-01-29 13:00:00,14.1,86,1017.0,0,normal,0,0.0753036155720006,0,0,0,0,normal,0,normal
2024-01-29 14:00:00,12.6,90,1017.6,0,normal,0,0.09817414389834961,0,0,0,0,normal,0,normal
2024-01-29 15:00:00,11.6,92,1018.0,0,normal,0,0.11449707781859925,0,0,0,0,normal,0,normal
2024-01-29 16:00:00,11.3,92,1018.5,0,normal,0,0.11473526098725279,0,0,0,0,normal,0,normal
2024-01-29 17:00:00,10.4,93,1018.6,0,normal,0,0.1151797799365783,0,0,0,0,normal,0,normal
2024-01-29 18:00:00,9.3,94,1018.6,0,normal,0,0.11046547995917438,0,0,0,0,normal,0,normal
2024-01-29 19:00:00,8.7,94,1018.1,0,normal,0,0.11457291357519672,0,0,0,0,normal,0,normal
2024-01-29 20:00:00,8.4,93,1017.8,0,normal,0,0.11421704358831292,0,0,0,0,normal,0,normal
2024-01-29 21:00:00,7.7,95,1017.2,0,normal,0,0.10754085084410842,0,0,0,0,normal,0,normal
2024-01-29 22:00:00,8.0,95,1016.6,0,normal,0,0.10764722798419735,0,0,0,0,normal,0,normal
2024-01-29 23:00:00,31.3276161327083,95,1016.1,1,temp_spike,1,-0.1147306824886537,0,0,0,0,normal,1,isolation_forest_anomaly
2024-01-30 00:00:00,8.0,95,1016.1,0,normal,1,-0.11280119916238096,0,0,0,0,normal,1,isolation_forest_anomaly
2024-01-30 01:00:00,7.8,95,1016.7,0,normal,0,0.013984499048794174,0,0,0,0,normal,0,normal
2024-01-30 02:00:00,6.5,99,1017.9,0,normal,0,0.08244656866139727,0,0,0,0,normal,0,normal
2024-01-30 03:00:00,8.6,100,1019.2,0,normal,0,0.09033052435848005,0,0,0,0,normal,0,normal
2024-01-30 04:00:00,11.4,92,1018.6,0,normal,0,0.0859562065512785,0,0,0,0,normal,0,normal
2024-01-30 05:00:00,14.4,84,1018.8,0,normal,0,0.0990110285786947,0,0,0,0,normal,0,normal
2024-01-30 06:00:00,11.6,92,1019.0,0,normal,0,0.08081679241497525,0,0,0,0,normal,0,normal
2024-01-30 07:00:00,18.6,65,1017.4,0,normal,0,0.03980512173172829,0,0,0,0,normal,0,normal
2024-01-30 08:00:00,19.6,59,1016.3,0,normal,0,0.08234889746861274,0,0,0,0,normal,0,normal
2024-01-30 09:00:00,18.4,69,1015.8,0,normal,0,0.09548499932271598,0,0,0,0,normal,0,normal
2024-01-30 10:00:00,20.1,55,1014.8,0,normal,0,0.08882997626210665,0,0,0,0,normal,0,normal
2024-01-30 11:00:00,19.3,61,1014.4,0,normal,0,0.10201466151989991,0,0,0,0,normal,0,normal
2024-01-30 12:00:00,17.8,76,1015.0,0,normal,0,0.09603072784990574,0,0,0,0,normal,0,normal
2024-01-30 13:00:00,13.9,84,1015.1,0,normal,0,0.09030042781756914,0,0,0,0,normal,0,normal
2024-01-30 14:00:00,12.4,88,1015.9,0,normal,0,0.1046717050145401,0,0,0,0,normal,0,normal
2024-01-30 15:00:00,11.4,90,1016.5,0,normal,0,0.114840511026574,0,0,0,0,normal,0,normal
2024-01-30 16:00:00,10.5,93,1017.0,0,normal,0,0.11560053915195073,0,0,0,0,normal,0,normal
2024-01-30 17:00:00,11.2,90,1017.2,0,normal,0,0.10666448615672414,0,0,0,0,normal,0,normal
2024-01-30 18:00:00,11.0,95,1018.0,0,normal,0,0.09899842964970385,0,0,0,0,normal,0,normal
2024-01-30 19:00:00,10.9,95,1017.6,0,normal,0,0.11386395828039558,0,0,0,0,normal,0,normal
2024-01-30 20:00:00,11.4,90,1017.5,0,normal,0,0.10347685250675048,0,0,0,0,normal,0,normal
2024-01-30 21:00:00,11.6,86,1016.9,0,normal,0,0.10478861083827623,0,0,0,0,normal,0,normal
2024-01-30 22:00:00,11.2,90,1015.9,0,normal,0,0.09416097393276751,0,0,0,0,normal,0,normal
2024-01-30 23:00:00,10.9,92,1015.2,0,normal,0,0.09604155822839555,0,0,0,0,normal,0,normal
2024-01-31 00:00:00,10.8,93,1014.6,0,normal,0,0.10281026839426177,0,0,0,0,normal,0,normal
2024-01-31 01:00:00,10.6,94,1015.0,0,normal,0,0.11418569563373654,0,0,0,0,normal,0,normal
2024-01-31 02:00:00,10.5,94,1015.3,0,normal,0,0.1170401706363825,0,0,0,0,normal,0,normal
2024-01-31 03:00:00,13.2,96,1017.2,0,normal,0,0.09419158879849804,0,0,0,0,normal,0,normal
2024-01-31 04:00:00,12.7,96,1017.4,0,normal,0,0.1045558097590949,0,0,0,0,normal,0,normal
2024-01-31 05:00:00,14.6,91,1017.7,0,normal,0,0.10085531967559802,0,0,0,0,normal,0,normal
2024-01-31 06:00:00,15.6,91,1018.0,0,normal,0,0.10143585610252487,0,0,0,0,normal,0,normal
2024-01-31 07:00:00,16.1,87,1017.2,0,normal,0,0.09607586853208372,0,0,0,0,normal,0,normal
2024-01-31 08:00:00,17.3,78,1015.9,0,normal,0,0.09558375181219186,0,0,0,0,normal,0,normal
2024-01-31 09:00:00,19.0,63,1014.9,0,normal,0,0.09429144270690393,0,0,0,0,normal,0,normal
2024-01-31 10:00:00,17.3,72,1013.8,0,normal,0,0.0917483695288267,0,0,0,0,normal,0,normal
2024-01-31 11:00:00,17.0,73,1013.2,0,normal,0,0.10829007120239653,0,0,0,0,normal,0,normal
2024-01-31 12:00:00,17.2,74,1013.5,0,normal,0,0.10122909210386921,0,0,0,0,normal,0,normal
2024-01-31 13:00:00,14.1,82,1013.5,0,normal,0,0.09803236850411162,0,0,0,0,normal,0,normal
2024-01-31 14:00:00,14.0,91,1014.5,0,normal,0,0.09875653083358471,0,0,0,0,normal,0,normal
2024-01-31 15:00:00,12.7,93,1015.0,0,normal,0,0.10954572220235165,0,0,0,0,normal,0,normal
2024-01-31 16:00:00,12.8,93,1015.4,0,normal,0,0.11685406832541778,0,0,0,0,normal,0,normal
2024-01-31 17:00:00,12.8,94,1015.2,0,normal,0,0.11339123239124582,0,0,0,0,normal,0,normal
2024-01-31 18:00:00,12.5,94,1015.0,0,normal,0,0.11511431655434778,0,0,0,0,normal,0,normal
2024-01-31 19:00:00,12.6,90,1014.6,0,normal,0,0.1078267015821161,0,0,0,0,normal,0,normal
2024-01-31 20:00:00,12.7,88,1013.8,0,normal,0,0.1019621539080785,0,0,0,0,normal,0,normal
2024-01-31 21:00:00,12.7,87,1013.2,0,normal,0,0.10295748572878621,0,0,0,0,normal,0,normal
2024-01-31 22:00:00,12.7,85,1012.4,0,normal,0,0.09561022978042455,0,0,0,0,normal,0,normal
2024-01-31 23:00:00,12.0,90,1013.5,0,normal,0,0.076363010183712,0,0,0,0,normal,0,normal
2024-02-01 00:00:00,11.9,95,1013.9,0,normal,0,0.09549067939818706,0,0,0,0,normal,0,normal
2024-02-01 01:00:00,11.9,95,1013.7,0,normal,0,0.1087813122025581,0,0,0,0,normal,0,normal
2024-02-01 02:00:00,11.6,93,1014.0,0,normal,0,0.11278300544035924,0,0,0,0,normal,0,normal
2024-02-01 03:00:00,14.0,87,1013.4,0,normal,0,0.10118788477294755,0,0,0,0,normal,0,normal
2024-02-01 04:00:00,13.9,87,1015.4,0,normal,0,0.09581019042018013,0,0,0,0,normal,0,normal
2024-02-01 05:00:00,14.0,86,1016.4,0,normal,0,0.09282291744302612,0,0,0,0,normal,0,normal
2024-02-01 06:00:00,12.0,100,1017.2,0,normal,0,0.06568222425569248,0,0,0,0,normal,0,normal
2024-02-01 07:00:00,15.8,80,1015.9,0,normal,0,0.0604474378363527,0,0,0,0,normal,0,normal
2024-02-01 08:00:00,15.9,80,1015.0,0,normal,0,0.09105492972905915,0,0,0,0,normal,0,normal
2024-02-01 09:00:00,13.4,100,1016.1,0,normal,0,0.0554643912898683,0,0,0,0,normal,0,normal
2024-02-01 10:00:00,16.3,84,1014.0,0,normal,0,0.04963647032295371,0,0,0,0,normal,0,normal
2024-02-01 11:00:00,15.7,85,1014.5,0,normal,0,0.10135299814956361,0,0,0,0,normal,0,normal
2024-02-01 12:00:00,14.4,96,1016.5,0,normal,0,0.06238541216204557,0,0,0,0,normal,0,normal
2024-02-01 13:00:00,13.7,90,1015.7,0,normal,0,0.0855519331026805,0,0,0,0,normal,0,normal
2024-02-01 14:00:00,13.0,92,1016.8,0,normal,0,0.10169357784006366,0,0,0,0,normal,0,normal
2024-02-01 15:00:00,11.6,92,1018.7,0,normal,0,0.07357628647118486,0,0,0,0,normal,0,normal
2024-02-01 16:00:00,9.8,97,1019.5,0,normal,0,0.06383858138438187,0,0,0,0,normal,0,normal
2024-02-01 17:00:00,9.8,96,1020.2,0,normal,0,0.07921068360771222,0,0,0,0,normal,0,normal
2024-02-01 18:00:00,9.6,95,1020.6,0,normal,0,0.08199156271523028,0,0,0,0,normal,0,normal
2024-02-01 19:00:00,9.2,95,1020.5,0,normal,0,0.09041427164821897,0,0,0,0,normal,0,normal
2024-02-01 20:00:00,8.9,95,1020.6,0,normal,0,0.08834825407324165,0,0,0,0,normal,0,normal
2024-02-01 21:00:00,8.1,96,1020.3,0,normal,0,0.08485073566987239,0,0,0,0,normal,0,normal
2024-02-01 22:00:00,7.1,97,1019.7,0,normal,0,0.07805311597376036,0,0,0,0,normal,0,normal
2024-02-01 23:00:00,6.3,98,1019.0,0,normal,0,0.06418170235514736,0,0,0,0,normal,0,normal
2024-02-02 00:00:00,6.5,97,1019.2,0,normal,0,0.07754844078958956,0,0,0,0,normal,0,normal
2024-02-02 01:00:00,7.7,94,1020.8,0,normal,0,0.058926503436760036,0,0,0,0,normal,0,normal
2024-02-02 02:00:00,5.9,99,1021.4,0,normal,0,0.046581647509052804,0,0,0,0,normal,0,normal
2024-02-02 03:00:00,11.2,100,1022.4,0,normal,0,0.034410467543995016,0,0,0,0,normal,0,normal
2024-02-02 04:00:00,10.6,91,1022.5,0,normal,0,0.0523609315234127,0,0,0,0,normal,0,normal
2024-02-02 05:00:00,13.1,83,1022.6,0,normal,0,0.0628246519459465,0,0,0,0,normal,0,normal
2024-02-02 06:00:00,14.4,72,1022.8,0,normal,0,0.06969175923903265,0,0,0,0,normal,0,normal
2024-02-02 07:00:00,16.1,68,1021.6,0,normal,0,0.06724894338283993,0,0,0,0,normal,0,normal
2024-02-02 08:00:00,16.8,64,1020.5,0,normal,0,0.08016939645039117,0,0,0,0,normal,0,normal
2024-02-02 09:00:00,18.0,48,1020.3,0,normal,0,0.08059668718663682,0,0,0,0,normal,0,normal
2024-02-02 10:00:00,17.0,60,1018.5,0,normal,0,0.07143821820781499,0,0,0,0,normal,0,normal
2024-02-02 11:00:00,16.5,63,1018.3,0,normal,0,0.10110814885368119,0,0,0,0,normal,0,normal
2024-02-02 12:00:00,16.6,5,1018.2,1,humidity_drop,1,-0.030996169653640382,0,0,0,0,normal,1,isolation_forest_anomaly
2024-02-02 13:00:00,11.7,84,1018.5,0,normal,1,-0.09500016388382582,0,0,0,0,normal,1,isolation_forest_anomaly
2024-02-02 14:00:00,10.7,89,1019.4,0,normal,0,0.016105668171042975,0,0,0,0,normal,0,normal
2024-02-02 15:00:00,10.5,90,1019.9,0,normal,0,0.09639386543385442,0,0,0,0,normal,0,normal
2024-02-02 16:00:00,8.6,88,1020.8,0,normal,0,0.06323106876050649,0,0,0,0,normal,0,normal
2024-02-02 17:00:00,8.0,87,1020.9,0,normal,0,0.07575587168654846,0,0,0,0,normal,0,normal
2024-02-02 18:00:00,8.6,81,1020.5,0,normal,0,0.05638740477783488,0,0,0,0,normal,0,normal
2024-02-02 19:00:00,7.1,83,1020.2,0,normal,0,0.06488207354385361,0,0,0,0,normal,0,normal
2024-02-02 20:00:00,6.7,82,1020.1,0,normal,0,0.07185980156566496,0,0,0,0,normal,0,normal
2024-02-02 21:00:00,5.8,86,1019.4,0,normal,0,0.058178167009109105,0,0,0,0,normal,0,normal
2024-02-02 22:00:00,5.7,87,1018.2,0,normal,0,0.05885528882004204,0,0,0,0,normal,0,normal
2024-02-02 23:00:00,6.4,81,1017.9,0,normal,0,0.05073601246929532,0,0,0,0,normal,0,normal
2024-02-03 00:00:00,6.2,82,1017.4,0,normal,0,0.06509586254513772,0,0,0,0,normal,0,normal
2024-02-03 01:00:00,8.6,71,1017.2,0,normal,0,0.0482433517463024,0,0,0,0,normal,0,normal
2024-02-03 02:00:00,7.9,75,1017.9,0,normal,0,0.07835033982916051,0,0,0,0,normal,0,normal
2024-02-03 03:00:00,11.8,74,1018.5,0,normal,0,0.08046405163923309,0,0,0,0,normal,0,normal
2024-02-03 04:00:00,12.3,67,1018.3,0,normal,0,0.09014048372605332,0,0,0,0,normal,0,normal
2024-02-03 05:00:00,13.3,69,1018.8,0,normal,0,0.08806257448293398,0,0,0,0,normal,0,normal
2024-02-03 06:00:00,17.0,48,1019.8,0,normal,0,0.07025261074074957,0,0,0,0,normal,0,normal
2024-02-03 07:00:00,14.6,69,1018.8,0,normal,0,0.0602331598764545,0,0,0,0,normal,0,normal
2024-02-03 08:00:00,15.5,68,1018.0,0,normal,0,0.09704719366569692,0,0,0,0,normal,0,normal
2024-02-03 09:00:00,17.0,54,1017.5,0,normal,0,0.09784573672736624,0,0,0,0,normal,0,normal
2024-02-03 10:00:00,16.1,62,1016.3,0,normal,0,0.0994488815052974,0,0,0,0,normal,0,normal
2024-02-03 11:00:00,16.2,64,1016.0,0,normal,0,0.10869903023323102,0,0,0,0,normal,0,normal
2024-02-03 12:00:00,17.4,63,1016.8,0,normal,0,0.10268054593715853,0,0,0,0,normal,0,normal
2024-02-03 13:00:00,12.1,83,1016.8,0,normal,0,0.07250008182410961,0,0,0,0,normal,0,normal
2024-02-03 14:00:00,13.3,77,1016.9,0,normal,0,0.0912242773013579,0,0,0,0,normal,0,normal
2024-02-03 15:00:00,11.1,88,1017.4,0,normal,0,0.09509633428887815,0,0,0,0,normal,0,normal
2024-02-03 16:00:00,11.7,86,1017.1,0,normal,0,0.10297168014144775,0,0,0,0,normal,0,normal
2024-02-03 17:00:00,11.7,85,1017.0,0,normal,0,0.11097268697603613,0,0,0,0,normal,0,normal
2024-02-03 18:00:00,8.3,94,1018.0,0,normal,0,0.0500963865296461,0,0,0,0,normal,0,normal
2024-02-03 19:00:00,9.3,94,1018.0,0,normal,0,0.09086885196053396,0,0,0,0,normal,0,normal
2024-02-03 20:00:00,9.5,94,1017.8,0,normal,0,0.1054950240787183,0,0,0,0,normal,0,normal
2024-02-03 21:00:00,10.5,89,1017.0,0,normal,0,0.08834621409058219,0,0,0,0,normal,0,normal
2024-02-03 22:00:00,10.8,89,1015.9,0,normal,0,0.09370965876777543,0,0,0,0,normal,0,normal
2024-02-03 23:00:00,10.6,91,1015.2,0,normal,0,0.09489360562892968,0,0,0,0,normal,0,normal
2024-02-04 00:00:00,9.0,95,1015.3,0,normal,0,0.09067738661068386,0,0,0,0,normal,0,normal
2024-02-04 01:00:00,9.8,95,1015.9,0,normal,0,0.10862558343380735,0,0,0,0,normal,0,normal
2024-02-04 02:00:00,9.9,96,1016.3,0,normal,0,0.11159492674378163,0,0,0,0,normal,0,normal
2024-02-04 03:00:00,11.8,97,1016.4,0,normal,0,0.10356341273582492,0,0,0,0,normal,0,normal
2024-02-04 04:00:00,11.6,90,1017.1,0,normal,0,0.09813900299229905,0,0,0,0,normal,0,normal
2024-02-04 05:00:00,11.7,91,1017.1,0,normal,0,0.09916664753632687,0,0,0,0,normal,0,normal
2024-02-04 06:00:00,13.2,93,1018.3,0,normal,0,0.08990806031676818,0,0,0,0,normal,0,normal
2024-02-04 07:00:00,11.9,91,1016.6,0,normal,0,0.06679181962358416,0,0,0,0,normal,0,normal
2024-02-04 08:00:00,12.3,90,1015.9,0,normal,0,0.08781523754392023,0,0,0,0,normal,0,normal
2024-02-04 09:00:00,13.2,96,1016.4,0,normal,0,0.08188110738814186,0,0,0,0,normal,0,normal
2024-02-04 10:00:00,15.0,86,1014.5,0,normal,0,0.07434691859261228,0,0,0,0,normal,0,normal
2024-02-04 11:00:00,14.9,87,1014.1,0,normal,0,0.09982475272265046,0,0,0,0,normal,0,normal
2024-02-04 12:00:00,12.8,97,1016.0,0,normal,0,0.06398554074694135,0,0,0,0,normal,0,normal
2024-02-04 13:00:00,12.9,92,1014.2,0,normal,0,0.07249230203252616,0,0,0,0,normal,0,normal
2024-02-04 14:00:00,12.4,94,1016.6,0,normal,0,0.06983811887021873,0,0,0,0,normal,0,normal
2024-02-04 15:00:00,12.8,93,1017.4,0,normal,0,0.08749583966805857,0,0,0,0,normal,0,normal
2024-02-04 16:00:00,11.9,96,1017.9,0,normal,0,0.09872470702969532,0,0,0,0,normal,0,normal
2024-02-04 17:00:00,12.1,95,1018.2,0,normal,0,0.10253828206109145,0,0,0,0,normal,0,normal
2024-02-04 18:00:00,12.3,95,1018.1,0,normal,0,0.10497335743655961,0,0,0,0,normal,0,normal
2024-02-04 19:00:00,12.4,95,1017.9,0,normal,0,0.10639068236492122,0,0,0,0,normal,0,normal
2024-02-04 20:00:00,12.4,94,1017.8,0,normal,0,0.10649622746336967,0,0,0,0,normal,0,normal
2024-02-04 21:00:00,11.5,96,1017.7,0,normal,0,0.1071999037961146,0,0,0,0,normal,0,normal
2024-02-04 22:00:00,10.9,97,1017.3,0,normal,0,0.10690552937528847,0,0,0,0,normal,0,normal
2024-02-04 23:00:00,11.3,94,1017.1,0,normal,0,0.093970827065395,0,0,0,0,normal,0,normal
2024-02-05 00:00:00,11.3,93,1017.2,0,normal,0,0.10557390414154638,0,0,0,0,normal,0,normal
2024-02-05 01:00:00,11.2,95,1017.8,0,normal,0,0.10815354947385952,0,0,0,0,normal,0,normal
2024-02-05 02:00:00,10.5,97,1018.2,0,normal,0,0.10342824164320169,0,0,0,0,normal,0,normal
2024-02-05 03:00:00,10.2,100,1019.7,0,normal,0,0.08455439293135797,0,0,0,0,normal,0,normal
2024-02-05 04:00:00,12.7,90,1019.5,0,normal,0,0.0827023813313883,0,0,0,0,normal,0,normal
2024-02-05 05:00:00,14.2,84,1019.8,0,normal,0,0.0903801596098352,0,0,0,0,normal,0,normal
2024-02-05 06:00:00,14.6,74,1020.8,0,normal,0,0.08931784454165487,0,0,0,0,normal,0,normal
2024-02-05 07:00:00,16.5,70,1018.9,0,normal,0,0.0761254956725812,0,0,0,0,normal,0,normal
2024-02-05 08:00:00,17.3,66,1018.0,0,normal,0,0.0998623691548966,0,0,0,0,normal,0,normal
2024-02-05 09:00:00,16.8,62,1019.5,0,normal,0,0.08816488736273753,0,0,0,0,normal,0,normal
2024-02-05 10:00:00,17.0,61,1017.0,0,normal,0,0.07686639954527508,0,0,0,0,normal,0,normal
2024-02-05 11:00:00,16.3,64,1016.8,0,normal,0,0.09705565409847688,0,0,0,0,normal,0,normal
2024-02-05 12:00:00,17.4,49,1017.5,0,normal,0,0.0860775945012579,0,0,0,0,normal,0,normal
2024-02-05 13:00:00,11.6,84,1017.4,0,normal,0,0.03676926438484823,0,0,0,0,normal,0,normal
2024-02-05 14:00:00,10.2,88,1018.8,0,normal,0,0.0715744108710889,0,0,0,0,normal,0,normal
2024-02-05 15:00:00,8.9,91,1019.3,0,normal,0,0.09355264177276584,0,0,0,0,normal,0,normal
2024-02-05 16:00:00,8.6,91,1019.7,0,normal,0,0.09163155242672344,0,0,0,0,normal,0,normal
2024-02-05 17:00:00,8.3,92,1020.0,0,normal,0,0.08794536668301595,0,0,0,0,normal,0,normal
2024-02-05 18:00:00,7.5,93,1020.2,0,normal,0,0.0883346314427027,0,0,0,0,normal,0,normal
2024-02-05 19:00:00,6.6,94,1020.3,0,normal,0,0.07935671459049526,0,0,0,0,normal,0,normal
2024-02-05 20:00:00,6.2,94,1020.2,0,normal,0,0.07938762428892548,0,0,0,0,normal,0,normal
2024-02-05 21:00:00,6.0,95,1019.7,0,normal,0,0.07814463826990392,0,0,0,0,normal,0,normal
2024-02-05 22:00:00,6.0,95,1019.1,0,normal,0,0.07652841702312047,0,0,0,0,normal,0,normal
2024-02-05 23:00:00,5.9,94,1018.9,0,normal,0,0.07198683828234104,0,0,0,0,normal,0,normal
2024-02-06 00:00:00,5.2,95,1019.0,0,normal,0,0.07224107433958715,0,0,0,0,normal,0,normal
2024-02-06 01:00:00,4.7,95,1019.5,0,normal,0,0.07709187073310841,0,0,0,0,normal,0,normal
2024-02-06 02:00:00,4.5,95,1020.1,0,normal,0,0.06963856561662823,0,0,0,0,normal,0,normal
2024-02-06 03:00:00,10.6,84,1020.8,0,normal,0,0.04803390620466863,0,0,0,0,normal,0,normal
2024-02-06 04:00:00,10.4,83,1021.3,0,normal,0,0.07259675164443569,0,0,0,0,normal,0,normal
2024-02-06 05:00:00,13.2,74,1021.4,0,normal,0,0.0730223081427881,0,0,0,0,normal,0,normal
2024-02-06 06:00:00,16.8,50,1021.6,0,normal,0,0.049995067960484474,0,0,0,0,normal,0,normal
2024-02-06 07:00:00,16.5,55,1020.7,0,normal,0,0.07246606457800842,0,0,0,0,normal,0,normal
2024-02-06 08:00:00,17.0,49,1020.0,0,normal,0,0.07744405864535814,0,0,0,0,normal,0,normal
2024-02-06 09:00:00,18.4,34,1019.6,0,normal,0,0.07251748207291431,0,0,0,0,normal,0,normal
2024-02-06 10:00:00,17.0,48,1018.9,0,normal,0,0.07364230784165526,0,0,0,0,normal,0,normal
2024-02-06 11:00:00,16.3,56,1018.8,0,normal,0,0.09270621597396189,0,0,0,0,normal,0,normal
2024-02-06 12:00:00,16.6,40,1018.9,0,normal,0,0.07052959272279086,0,0,0,0,normal,0,normal
2024-02-06 13:00:00,11.3,74,1019.4,0,normal,0,0.0298877256568158,0,0,0,0,normal,0,normal
2024-02-06 14:00:00,9.8,79,1019.9,0,normal,0,0.06766378397713824,0,0,0,0,normal,0,normal
2024-02-06 15:00:00,8.6,81,1020.8,0,normal,0,0.07351347849660383,0,0,0,0,normal,0,normal
2024-02-06 16:00:00,7.8,82,1021.1,0,normal,0,0.06720396567136605,0,0,0,0,normal,0,normal
2024-02-06 17:00:00,7.3,84,1021.3,0,normal,0,0.06547899519183847,0,0,0,0,normal,0,normal
2024-02-06 18:00:00,6.5,86,1021.1,0,normal,0,0.06333068181862622,0,0,0,0,normal,0,normal
2024-02-06 19:00:00,5.9,87,1021.1,0,normal,0,0.06522951698548352,0,0,0,0,normal,0,normal
2024-02-06 20:00:00,5.3,89,1021.2,0,normal,0,0.057501511938408856,0,0,0,0,normal,0,normal
2024-02-06 21:00:00,5.1,90,1021.2,0,normal,0,0.05806664187893329,0,0,0,0,normal,0,normal
2024-02-06 22:00:00,5.2,89,1020.7,0,normal,0,0.05545852842920934,0,0,0,0,normal,0,normal
2024-02-06 23:00:00,4.9,90,1020.4,0,normal,0,0.052606582665787105,0,0,0,0,normal,0,normal
2024-02-07 00:00:00,4.1,92,1019.9,0,normal,0,0.04240692382796868,0,0,0,0,normal,0,normal
2024-02-07 01:00:00,3.6,93,1020.5,0,normal,0,0.055964169202347036,0,0,0,0,normal,0,normal
2024-02-07 02:00:00,4.2,93,1020.8,0,normal,0,0.05336593311534027,0,0,0,0,normal,0,normal
2024-02-07 03:00:00,9.4,82,1021.5,0,normal,0,0.03946034245181479,0,0,0,0,normal,0,normal
2024-02-07 04:00:00,10.5,77,1021.8,0,normal,0,0.06314397154412776,0,0,0,0,normal,0,normal
2024-02-07 05:00:00,12.9,70,1022.6,0,normal,0,0.06008499772074505,0,0,0,0,normal,0,normal
2024-02-07 06:00:00,17.4,46,1022.9,0,normal,0,0.033301879545958535,0,0,0,0,normal,0,normal
2024-02-07 07:00:00,15.8,57,1022.0,0,normal,0,0.04683489073380753,0,0,0,0,normal,0,normal
2024-02-07 08:00:00,16.0,55,1021.3,0,normal,0,0.07114539996104291,0,0,0,0,normal,0,normal
2024-02-07 09:00:00,19.2,36,1020.5,0,normal,0,0.05102309609372346,0,0,0,0,normal,0,normal
2024-02-07 10:00:00,16.1,55,1019.6,0,normal,0,0.054916941025595634,0,0,0,0,normal,0,normal
2024-02-07 11:00:00,16.1,54,1019.6,0,normal,0,0.08867243209396825,0,0,0,0,normal,0,normal
2024-02-07 12:00:00,16.6,39,1020.1,0,normal,0,0.05900522130812663,0,0,0,0,normal,0,normal
2024-02-07 13:00:00,11.9,70,1019.8,0,normal,0,0.028760676619032755,0,0,0,0,normal,0,normal
2024-02-07 14:00:00,10.6,78,1020.5,0,normal,0,0.06422074639156017,0,0,0,0,normal,0,normal
2024-02-07 15:00:00,9.7,82,1021.0,0,normal,0,0.08035139429841603,0,0,0,0,normal,0,normal
2024-02-07 16:00:00,9.3,80,1021.5,0,normal,0,0.06907256365191566,0,0,0,0,normal,0,normal
2024-02-07 17:00:00,8.4,84,1022.0,0,normal,0,0.06595291018250954,0,0,0,0,normal,0,normal
2024-02-07 18:00:00,8.0,84,1021.9,0,normal,0,0.06971746435580073,0,0,0,0,normal,0,normal
2024-02-07 19:00:00,7.5,85,1021.8,0,normal,0,0.0605178810191348,0,0,0,0,normal,0,normal
2024-02-07 20:00:00,7.1,85,1021.7,0,normal,0,0.060770653553819665,0,0,0,0,normal,0,normal
2024-02-07 21:00:00,6.4,87,1021.1,0,normal,0,0.059004580297726816,0,0,0,0,normal,0,normal
2024-02-07 22:00:00,5.8,88,1020.3,0,normal,0,0.059622652526947484,0,0,0,0,normal,0,normal
2024-02-07 23:00:00,5.4,89,1019.7,0,normal,0,0.05544749739048832,0,0,0,0,normal,0,normal
2024-02-08 00:00:00,5.2,87,1019.7,0,normal,0,0.05733894743965201,0,0,0,0,normal,0,normal
2024-02-08 01:00:00,5.0,84,1020.2,0,normal,0,0.06000243579786696,0,0,0,0,normal,0,normal
2024-02-08 02:00:00,4.9,80,1021.0,0,normal,0,0.05112361834051643,0,0,0,0,normal,0,normal
2024-02-08 03:00:00,9.8,69,1021.3,0,normal,0,0.043017178151446234,0,0,0,0,normal,0,normal
2024-02-08 04:00:00,9.8,73,1021.7,0,normal,0,0.05100365526565265,0,0,0,0,normal,0,normal
2024-02-08 05:00:00,11.9,64,1021.5,0,normal,0,0.05799543106394428,0,0,0,0,normal,0,normal
2024-02-08 06:00:00,16.4,40,1020.6,0,normal,0,0.040087483631418286,0,0,0,0,normal,0,normal
2024-02-08 07:00:00,15.0,57,1019.9,0,normal,0,0.05775165548405642,0,0,0,0,normal,0,normal
2024-02-08 08:00:00,16.0,54,1018.8,0,normal,0,0.08593123796196284,0,0,0,0,normal,0,normal
2024-02-08 09:00:00,16.5,53,1017.7,0,normal,0,0.09405882845492969,0,0,0,0,normal,0,normal
2024-02-08 10:00:00,16.6,53,1016.7,0,normal,0,0.09374140755361249,0,0,0,0,normal,0,normal
2024-02-08 11:00:00,16.1,59,1016.2,0,normal,0,0.10195985113229028,0,0,0,0,normal,0,normal
2024-02-08 12:00:00,18.2,35,1016.0,0,normal,0,0.06328319219228229,0,0,0,0,normal,0,normal
2024-02-08 13:00:00,11.9,77,1016.2,0,normal,0,0.020480088057069135,0,0,0,0,normal,0,normal
2024-02-08 14:00:00,10.2,86,1016.6,0,normal,0,0.06523499987474635,0,0,0,0,normal,0,normal
2024-02-08 15:00:00,8.6,89,1016.6,0,normal,0,0.09257371203525483,0,0,0,0,normal,0,normal
2024-02-08 16:00:00,7.7,90,1016.9,0,normal,0,0.09489196167629976,0,0,0,0,normal,0,normal
2024-02-08 17:00:00,7.4,89,1017.0,0,normal,0,0.09451205370418014,0,0,0,0,normal,0,normal
2024-02-08 18:00:00,6.8,90,1017.6,0,normal,0,0.08739222037444,0,0,0,0,normal,0,normal
2024-02-08 19:00:00,6.6,90,1017.5,0,normal,0,0.092224856755306,0,0,0,0,normal,0,normal
2024-02-08 20:00:00,6.6,89,1017.4,0,normal,0,0.0867567976717305,0,0,0,0,normal,0,normal
2024-02-08 21:00:00,6.5,88,1017.1,0,normal,0,0.09141585327996432,0,0,0,0,normal,0,normal
2024-02-08 22:00:00,6.0,89,1016.5,0,normal,0,0.08723097216033848,0,0,0,0,normal,0,normal
2024-02-08 23:00:00,5.3,90,1016.2,0,normal,0,0.07808637807089108,0,0,0,0,normal,0,normal
2024-02-09 00:00:00,4.6,91,1016.3,0,normal,0,0.07318110325916538,0,0,0,0,normal,0,normal
2024-02-09 01:00:00,4.1,92,1016.8,0,normal,0,0.08075908620858813,0,0,0,0,normal,0,normal
2024-02-09 02:00:00,4.1,91,1017.7,0,normal,0,0.07251270955253869,0,0,0,0,normal,0,normal
2024-02-09 03:00:00,8.8,84,1019.4,0,normal,0,0.051135010286540716,0,0,0,0,normal,0,normal
2024-02-09 04:00:00,10.0,79,1019.6,0,normal,0,0.08147377169130438,0,0,0,0,normal,0,normal
2024-02-09 05:00:00,12.8,70,1019.9,0,normal,0,0.08640435519805717,0,0,0,0,normal,0,normal
2024-02-09 06:00:00,19.4,36,1019.8,0,normal,0,0.01601976333683741,0,0,0,0,normal,0,normal
2024-02-09 07:00:00,16.9,56,1019.4,0,normal,0,0.054897724871621756,0,0,0,0,normal,0,normal
2024-02-09 08:00:00,18.1,51,1018.7,0,normal,0,0.09781487646548698,0,0,0,0,normal,0,normal
2024-02-09 09:00:00,20.0,27,1018.4,0,normal,0,0.06415930576331585,0,0,0,0,normal,0,normal
2024-02-09 10:00:00,19.3,54,1018.1,0,normal,0,0.057496942136308626,0,0,0,0,normal,0,normal
2024-02-09 11:00:00,19.0,59,1018.2,0,normal,0,0.09554822719135747,0,0,0,0,normal,0,normal
2024-02-09 12:00:00,21.0,40,1018.0,0,normal,0,0.07379690888410356,0,0,0,0,normal,0,normal
2024-02-09 13:00:00,14.9,72,1019.0,0,normal,0,0.04506178029343039,0,0,0,0,normal,0,normal
2024-02-09 14:00:00,12.3,79,1020.3,0,normal,0,0.05810691746711655,0,0,0,0,normal,0,normal
2024-02-09 15:00:00,10.3,88,1020.8,0,normal,0,0.07015266688929761,0,0,0,0,normal,0,normal
2024-02-09 16:00:00,9.0,93,1021.3,0,normal,0,0.06631461092553226,0,0,0,0,normal,0,normal
2024-02-09 17:00:00,8.3,94,1021.6,0,normal,0,0.07986738384011416,0,0,0,0,normal,0,normal
2024-02-09 18:00:00,7.7,94,1021.8,0,normal,0,0.07479743935344446,0,0,0,0,normal,0,normal
2024-02-09 19:00:00,7.3,94,1021.6,0,normal,0,0.06796080576205199,0,0,0,0,normal,0,normal
2024-02-09 20:00:00,7.0,94,1021.7,0,normal,0,0.06883099538386667,0,0,0,0,normal,0,normal
2024-02-09 21:00:00,6.3,95,1021.5,0,normal,0,0.0680154964501456,0,0,0,0,normal,0,normal
2024-02-09 22:00:00,5.7,95,1021.2,0,normal,0,0.06508029573551222,0,0,0,0,normal,0,normal
2024-02-09 23:00:00,5.3,96,1021.0,0,normal,0,0.05758457833463626,0,0,0,0,normal,0,normal
2024-02-10 00:00:00,5.1,95,1020.9,0,normal,0,0.05211664516557951,0,0,0,0,normal,0,normal
2024-02-10 01:00:00,4.8,95,1021.2,0,normal,0,0.060933502319641675,0,0,0,0,normal,0,normal
2024-02-10 02:00:00,4.9,94,1021.9,0,normal,0,0.05537953786543409,0,0,0,0,normal,0,normal
2024-02-10 03:00:00,8.8,79,1024.0,0,normal,0,0.011299607806765588,0,0,0,0,normal,0,normal
2024-02-10 04:00:00,11.8,79,1023.4,0,normal,0,0.037679721035695724,0,0,0,0,normal,0,normal
2024-02-10 05:00:00,15.5,71,1023.9,0,normal,0,0.04360641231335183,0,0,0,0,normal,0,normal
2024-02-10 06:00:00,18.0,60,1023.8,0,normal,0,0.058796772116555596,0,0,0,0,normal,0,normal
2024-02-10 07:00:00,18.8,56,1023.2,0,normal,0,0.0577085458415138,0,0,0,0,normal,0,normal
2024-02-10 08:00:00,19.5,53,1022.2,0,normal,0,0.06149786107904087,0,0,0,0,normal,0,normal
2024-02-10 09:00:00,21.2,48,1021.0,0,normal,0,0.06933033013050899,0,0,0,0,normal,0,normal
2024-02-10 10:00:00,19.8,54,1020.6,0,normal,0,0.07673474406725189,0,0,0,0,normal,0,normal
2024-02-10 11:00:00,19.2,59,1020.5,0,normal,0,0.08495810635446499,0,0,0,0,normal,0,normal
2024-02-10 12:00:00,18.6,54,1020.2,0,normal,0,0.08493026340143361,0,0,0,0,normal,0,normal
2024-02-10 13:00:00,13.6,78,1020.7,0,normal,0,0.0504703475205982,0,0,0,0,normal,0,normal
2024-02-10 14:00:00,12.3,82,1021.4,0,normal,0,0.074759390133944,0,0,0,0,normal,0,normal
2024-02-10 15:00:00,11.0,85,1021.7,0,normal,0,0.08254482001178953,0,0,0,0,normal,0,normal
2024-02-10 16:00:00,10.2,89,1022.0,0,normal,0,0.08473988306759284,0,0,0,0,normal,0,normal
2024-02-10 17:00:00,9.3,91,1022.2,0,normal,0,0.08097049868229994,0,0,0,0,normal,0,normal
2024-02-10 18:00:00,8.9,91,1022.1,0,normal,0,0.07816112919110968,0,0,0,0,normal,0,normal
2024-02-10 19:00:00,8.9,90,1021.6,0,normal,0,0.07267940386436894,0,0,0,0,normal,0,normal
2024-02-10 20:00:00,8.7,90,1021.4,0,normal,0,0.0796710355977816,0,0,0,0,normal,0,normal
2024-02-10 21:00:00,7.6,93,1021.0,0,normal,0,0.07255062093868492,0,0,0,0,normal,0,normal
2024-02-10 22:00:00,7.4,93,1020.4,0,normal,0,0.07818925557699496,0,0,0,0,normal,0,normal
2024-02-10 23:00:00,7.3,94,1020.0,0,normal,0,0.07244028990146867,0,0,0,0,normal,0,normal
2024-02-11 00:00:00,7.3,94,1019.9,0,normal,0,0.07854945434886457,0,0,0,0,normal,0,normal
2024-02-11 01:00:00,7.0,94,1020.1,0,normal,0,0.08466376498048445,0,0,0,0,normal,0,normal
2024-02-11 02:00:00,6.6,93,1020.7,0,normal,0,0.08156554420288653,0,0,0,0,normal,0,normal
2024-02-11 03:00:00,12.6,88,1022.2,0,normal,0,0.04096211870595451,0,0,0,0,normal,0,normal
2024-02-11 04:00:00,13.4,79,1022.0,0,normal,0,0.06949860389672718,0,0,0,0,normal,0,normal
2024-02-11 05:00:00,16.2,73,1022.5,0,normal,0,0.0704541242030235,0,0,0,0,normal,0,normal
2024-02-11 06:00:00,19.8,52,1022.5,0,normal,0,0.0519217395858258,0,0,0,0,normal,0,normal
2024-02-11 07:00:00,19.7,60,1022.1,0,normal,0,0.05987541493916437,0,0,0,0,normal,0,normal
2024-02-11 08:00:00,20.5,57,1021.2,0,normal,0,0.07663850400044536,0,0,0,0,normal,0,normal
2024-02-11 09:00:00,22.6,34,1020.0,0,normal,0,0.05609513526145249,0,0,0,0,normal,0,normal
2024-02-11 10:00:00,20.9,56,1019.8,0,normal,0,0.06663817609710437,0,0,0,0,normal,0,normal
2024-02-11 11:00:00,20.3,61,1019.7,0,normal,0,0.08672169775933275,0,0,0,0,normal,0,normal
2024-02-11 12:00:00,20.0,51,1019.7,0,normal,0,0.08092302654240674,0,0,0,0,normal,0,normal
2024-02-11 13:00:00,14.0,85,1020.4,0,normal,0,0.028814101812016157,0,0,0,0,normal,0,normal
2024-02-11 14:00:00,12.7,87,1021.0,0,normal,0,0.06970629393551703,0,0,0,0,normal,0,normal
2024-02-11 15:00:00,11.6,89,1021.1,0,normal,0,0.08701074081267957,0,0,0,0,normal,0,normal
2024-02-11 16:00:00,10.5,91,1021.4,0,normal,0,0.0877021395602871,0,0,0,0,normal,0,normal
2024-02-11 17:00:00,10.1,92,1021.6,0,normal,0,0.09016826568991088,0,0,0,0,normal,0,normal
2024-02-11 18:00:00,9.5,93,1021.3,0,normal,0,0.08349048100530121,0,0,0,0,normal,0,normal
2024-02-11 19:00:00,9.6,93,1020.9,0,normal,0,0.08583739131257045,0,0,0,0,normal,0,normal
2024-02-11 20:00:00,9.5,94,1020.6,0,normal,0,0.08909825551214712,0,0,0,0,normal,0,normal
2024-02-11 21:00:00,8.9,94,1020.2,0,normal,0,0.08931962336955951,0,0,0,0,normal,0,normal
2024-02-11 22:00:00,8.3,95,1019.7,0,normal,0,0.08899636732530208,0,0,0,0,normal,0,normal
2024-02-11 23:00:00,7.7,95,1019.4,0,normal,0,0.08297996086409887,0,0,0,0,normal,0,normal
2024-02-12 00:00:00,7.6,96,1019.5,0,normal,0,0.08537976966308092,0,0,0,0,normal,0,normal
2024-02-12 01:00:00,8.0,95,1019.7,0,normal,0,0.08943045064179339,0,0,0,0,normal,0,normal
2024-02-12 02:00:00,8.2,95,1020.3,0,normal,0,0.09364113219544734,0,0,0,0,normal,0,normal
2024-02-12 03:00:00,9.6,95,1021.8,0,normal,0,0.07205173709224705,0,0,0,0,normal,0,normal
2024-02-12 04:00:00,13.2,83,1021.9,0,normal,0,0.07026587026649012,0,0,0,0,normal,0,normal
2024-02-12 05:00:00,15.6,79,1022.0,0,normal,0,0.07579664143738724,0,0,0,0,normal,0,normal
2024-02-12 06:00:00,17.4,71,1021.4,0,normal,0,0.08203109471899206,0,0,0,0,normal,0,normal
2024-02-12 07:00:00,19.2,69,1021.1,0,normal,0,0.08306475400922031,0,0,0,0,normal,0,normal
2024-02-12 08:00:00,20.1,65,1019.6,0,normal,0,0.08185982856772006,0,0,0,0,normal,0,normal
2024-02-12 09:00:00,21.8,44,1018.7,0,normal,0,0.07934968508680673,0,0,0,0,normal,0,normal
2024-02-12 10:00:00,20.7,60,1017.6,0,normal,0,0.08682993394044675,0,0,0,0,normal,0,normal
2024-02-12 11:00:00,20.1,64,1017.7,0,normal,0,0.1077920742254081,0,0,0,0,normal,0,normal
2024-02-12 12:00:00,20.0,57,1017.9,0,normal,0,0.10038486825370652,0,0,0,0,normal,0,normal
2024-02-12 13:00:00,14.6,81,1018.8,0,normal,0,0.0654629515373431,0,0,0,0,normal,0,normal
2024-02-12 14:00:00,14.1,80,1019.2,0,normal,0,0.09973296928163916,0,0,0,0,normal,0,normal
2024-02-12 15:00:00,14.2,79,1019.4,0,normal,0,0.10135887754948153,0,0,0,0,normal,0,normal
2024-02-12 16:00:00,15.2,75,1019.7,0,normal,0,0.08877701418824402,0,0,0,0,normal,0,normal
2024-02-12 17:00:00,14.4,80,1019.9,0,normal,0,0.09977000843115713,0,0,0,0,normal,0,normal
2024-02-12 18:00:00,13.2,86,1020.4,0,normal,0,0.08900789319185148,0,0,0,0,normal,0,normal
2024-02-12 19:00:00,13.2,86,1020.0,0,normal,0,0.09671585474644673,0,0,0,0,normal,0,normal
2024-02-12 20:00:00,11.6,91,1019.5,0,normal,0,0.08695955393734212,0,0,0,0,normal,0,normal
2024-02-12 21:00:00,11.4,93,1019.1,0,normal,0,0.10235508053177628,0,0,0,0,normal,0,normal
2024-02-12 22:00:00,11.3,93,1019.1,0,normal,0,0.10173041300164742,0,0,0,0,normal,0,normal
2024-02-12 23:00:00,10.4,96,1019.0,0,normal,0,0.08868033720609608,0,0,0,0,normal,0,normal
2024-02-13 00:00:00,10.0,94,1018.8,0,normal,0,0.09229807010236873,0,0,0,0,normal,0,normal
2024-02-13 01:00:00,9.9,94,1019.4,0,normal,0,0.10410220920449098,0,0,0,0,normal,0,normal
2024-02-13 02:00:00,10.0,94,1019.7,0,normal,0,0.10044700238063964,0,0,0,0,normal,0,normal
2024-02-13 03:00:00,10.6,100,1021.2,0,normal,0,0.07337622442081798,0,0,0,0,normal,0,normal
2024-02-13 04:00:00,14.4,86,1020.7,0,normal,0,0.06648510866715018,0,0,0,0,normal,0,normal
2024-02-13 05:00:00,16.8,77,1021.4,0,normal,0,0.08051374847180814,0,0,0,0,normal,0,normal
2024-02-13 06:00:00,20.0,49,1020.5,0,normal,0,0.04870216053254817,0,0,0,0,normal,0,normal
2024-02-13 07:00:00,20.2,58,1020.3,0,normal,0,0.08536830922453514,0,0,0,0,normal,0,normal
2024-02-13 08:00:00,20.9,51,1019.2,0,normal,0,0.09187974290380257,0,0,0,0,normal,0,normal
2024-02-13 09:00:00,22.6,36,1017.5,0,normal,0,0.0810068501315011,0,0,0,0,normal,0,normal
2024-02-13 10:00:00,21.4,47,1017.3,0,normal,0,0.09685997105955263,0,0,0,0,normal,0,normal
2024-02-13 11:00:00,20.9,51,1017.5,0,normal,0,0.10162937501102742,0,0,0,0,normal,0,normal
2024-02-13 12:00:00,21.4,94,1017.2,0,normal,0,0.013537138870895637,0,0,0,0,normal,0,normal
2024-02-13 13:00:00,14.8,78,1018.2,0,normal,0,0.03046429367378206,0,0,0,0,normal,0,normal
2024-02-13 14:00:00,13.3,84,1018.6,0,normal,0,0.08939610045623436,0,0,0,0,normal,0,normal
2024-02-13 15:00:00,12.3,84,1019.1,0,normal,0,0.10697289587580328,0,0,0,0,normal,0,normal
2024-02-13 16:00:00,11.7,85,1019.2,0,normal,0,0.10838545103450703,0,0,0,0,normal,0,normal
2024-02-13 17:00:00,11.0,87,1019.2,0,normal,0,0.10615277283593866,0,0,0,0,normal,0,normal
2024-02-13 18:00:00,10.4,89,1019.2,0,normal,0,0.10445806644284894,0,0,0,0,normal,0,normal
2024-02-13 19:00:00,10.2,89,1019.2,0,normal,0,0.10344257152096753,0,0,0,0,normal,0,normal
2024-02-13 20:00:00,10.0,90,1018.9,0,normal,0,0.1027868356483943,0,0,0,0,normal,0,normal
2024-02-13 21:00:00,9.3,92,1018.8,0,normal,0,0.10320851610210435,0,0,0,0,normal,0,normal
2024-02-13 22:00:00,8.7,94,1018.2,0,normal,0,0.10006394941002278,0,0,0,0,normal,0,normal
2024-02-13 23:00:00,8.6,94,1018.1,0,normal,0,0.10028053068489756,0,0,0,0,normal,0,normal
2024-02-14 00:00:00,8.9,95,1018.4,0,normal,0,0.09777259786188747,0,0,0,0,normal,0,normal
2024-02-14 01:00:00,8.5,89,1019.2,0,normal,0,0.08763736259288696,0,0,0,0,normal,0,normal
2024-02-14 02:00:00,8.6,89,1019.7,0,normal,0,0.10135619082762126,0,0,0,0,normal,0,normal
2024-02-14 03:00:00,14.4,84,1020.2,0,normal,0,0.06774298173723692,0,0,0,0,normal,0,normal
2024-02-14 04:00:00,14.2,75,1020.8,0,normal,0,0.09137864551032776,0,0,0,0,normal,0,normal
2024-02-14 05:00:00,17.1,68,1020.8,0,normal,0,0.08785032878849136,0,0,0,0,normal,0,normal
2024-02-14 06:00:00,21.4,42,1020.3,0,normal,0,0.05553953533377343,0,0,0,0,normal,0,normal
2024-02-14 07:00:00,20.5,54,1020.0,0,normal,0,0.08100215021953833,0,0,0,0,normal,0,normal
2024-02-14 08:00:00,21.4,50,1018.9,0,normal,0,0.09300315718690144,0,0,0,0,normal,0,normal
2024-02-14 09:00:00,24.4,30,1017.1,0,normal,0,0.06632110876078778,0,0,0,0,normal,0,normal
2024-02-14 10:00:00,21.5,49,1016.9,0,normal,0,0.08178272377943446,0,0,0,0,normal,0,normal
2024-02-14 11:00:00,21.1,55,1017.1,0,normal,0,0.10072070165308716,0,0,0,0,normal,0,normal
2024-02-14 12:00:00,21.8,37,1016.9,0,normal,0,0.07791043907486395,0,0,0,0,normal,0,normal
2024-02-14 13:00:00,15.7,74,1017.2,0,normal,0,0.039723502458200055,0,0,0,0,normal,0,normal
2024-02-14 14:00:00,14.5,78,1017.9,0,normal,0,0.08925941339856053,0,0,0,0,normal,0,normal
2024-02-14 15:00:00,13.2,83,1018.5,0,normal,0,0.1124501499324202,0,0,0,0,normal,0,normal
2024-02-14 16:00:00,11.9,87,1018.9,0,normal,0,0.10759457686873836,0,0,0,0,normal,0,normal
2024-02-14 17:00:00,10.9,90,1018.8,0,normal,0,0.10719770082139835,0,0,0,0,normal,0,normal
2024-02-14 18:00:00,10.1,92,1018.9,0,normal,0,0.10665158146701925,0,0,0,0,normal,0,normal
2024-02-14 19:00:00,9.7,93,1019.0,0,normal,0,0.10812225121267394,0,0,0,0,normal,0,normal
2024-02-14 20:00:00,9.6,93,1019.1,0,normal,0,0.10493592476981295,0,0,0,0,normal,0,normal
2024-02-14 21:00:00,9.5,93,1018.8,0,normal,0,0.10311878633580995,0,0,0,0,normal,0,normal
2024-02-14 22:00:00,8.8,94,1018.2,0,normal,0,0.10171746222645167,0,0,0,0,normal,0,normal
2024-02-14 23:00:00,8.3,94,1018.0,0,normal,0,0.09866097626992981,0,0,0,0,normal,0,normal
2024-02-15 00:00:00,8.1,94,1018.0,0,normal,0,0.09853832767365572,0,0,0,0,normal,0,normal
2024-02-15 01:00:00,7.4,94,1018.5,0,normal,0,0.09833076405118701,0,0,0,0,normal,0,normal
2024-02-15 02:00:00,7.2,94,1019.3,0,normal,0,0.09529740274837462,0,0,0,0,normal,0,normal
2024-02-15 03:00:00,12.2,83,1020.9,0,normal,0,0.06361523530288016,0,0,0,0,normal,0,normal
2024-02-15 04:00:00,13.7,77,1020.7,0,normal,0,0.08663783176891932,0,0,0,0,normal,0,normal
2024-02-15 05:00:00,16.7,67,1021.0,0,normal,0,0.08592976065863872,0,0,0,0,normal,0,normal
2024-02-15 06:00:00,21.4,39,1021.1,0,normal,0,0.042008674408353874,0,0,0,0,normal,0,normal
2024-02-15 07:00:00,21.0,49,1020.5,0,normal,0,0.06791826080939767,0,0,0,0,normal,0,normal
2024-02-15 08:00:00,22.0,45,1019.9,0,normal,0,0.08760753178961073,0,0,0,0,normal,0,normal
2024-02-15 09:00:00,25.0,22,1018.8,0,normal,0,0.040207523334396256,0,0,0,0,normal,0,normal
2024-02-15 10:00:00,22.3,42,1018.5,0,normal,0,0.06149169471228966,0,0,0,0,normal,0,normal
2024-02-15 11:00:00,21.5,49,1018.3,0,normal,0,0.08769752349200499,0,0,0,0,normal,0,normal
2024-02-15 12:00:00,23.0,22,1017.8,0,normal,0,0.038382697466684434,0,0,0,0,normal,0,normal
2024-02-15 13:00:00,14.8,75,1019.0,0,normal,1,-0.042196914505257865,0,0,0,0,normal,1,isolation_forest_anomaly
2024-02-15 14:00:00,13.0,81,1019.6,0,normal,0,0.04339129283192028,0,0,0,0,normal,0,normal
2024-02-15 15:00:00,11.9,85,1019.9,0,normal,0,0.10191447500359357,0,0,0,0,normal,0,normal
2024-02-15 16:00:00,10.8,88,1020.3,0,normal,0,0.09792055882794382,0,0,0,0,normal,0,normal
2024-02-15 17:00:00,10.3,88,1020.4,0,normal,0,0.09778481289231289,0,0,0,0,normal,0,normal
2024-02-15 18:00:00,9.9,88,1020.5,0,normal,0,0.09079002331106278,0,0,0,0,normal,0,normal
2024-02-15 19:00:00,9.5,88,1020.2,0,normal,0,0.09050156006248905,0,0,0,0,normal,0,normal
2024-02-15 20:00:00,9.0,89,1020.1,0,normal,0,0.09319055296616452,0,0,0,0,normal,0,normal
2024-02-15 21:00:00,8.1,91,1019.7,0,normal,0,0.08992893882383302,0,0,0,0,normal,0,normal
2024-02-15 22:00:00,8.0,92,1019.1,0,normal,0,0.09161783517311162,0,0,0,0,normal,0,normal
2024-02-15 23:00:00,7.5,90,1019.5,0,normal,0,0.07396160416271941,0,0,0,0,normal,0,normal
2024-02-16 00:00:00,7.0,91,1019.6,0,normal,0,0.08211274344564645,0,0,0,0,normal,0,normal
2024-02-16 01:00:00,6.6,92,1020.0,0,normal,0,0.08907309667430185,0,0,0,0,normal,0,normal
2024-02-16 02:00:00,6.9,92,1020.5,0,normal,0,0.08485897566034628,0,0,0,0,normal,0,normal
2024-02-16 03:00:00,11.4,88,1020.0,0,normal,0,0.0639294994451794,0,0,0,0,normal,0,normal
2024-02-16 04:00:00,14.5,75,1021.2,0,normal,0,0.07613335855370812,0,0,0,0,normal,0,normal
2024-02-16 05:00:00,18.0,65,1021.5,0,normal,0,0.08438607688219096,0,0,0,0,normal,0,normal
2024-02-16 06:00:00,21.4,47,1021.6,0,normal,0,0.060036466609674044,0,0,0,0,normal,0,normal
2024-02-16 07:00:00,21.9,45,1021.2,0,normal,0,0.07470078965767152,0,0,0,0,normal,0,normal
2024-02-16 08:00:00,22.6,41,1020.3,0,normal,0,0.07865467864367465,0,0,0,0,normal,0,normal
2024-02-16 09:00:00,24.0,17,1019.0,0,normal,0,0.032140196657057085,0,0,0,0,normal,0,normal
2024-02-16 10:00:00,23.0,40,1018.7,0,normal,0,0.04550048782405125,0,0,0,0,normal,0,normal
2024-02-16 11:00:00,22.2,46,1018.2,0,normal,0,0.08398469445019291,0,0,0,0,normal,0,normal
2024-02-16 12:00:00,23.6,23,1017.4,0,normal,0,0.04513887360078894,0,0,0,0,normal,0,normal
2024-02-16 13:00:00,16.2,70,1018.4,0,normal,1,-0.01759762207193294,0,0,0,0,normal,1,isolation_forest_anomaly
2024-02-16 14:00:00,14.9,72,1018.8,0,normal,0,0.06306053806036116,0,0,0,0,normal,0,normal
2024-02-16 15:00:00,13.7,74,1019.6,0,normal,0,0.10490737908868536,0,0,0,0,normal,0,normal
2024-02-16 16:00:00,11.9,84,1019.5,0,normal,0,0.08131234126418313,0,0,0,0,normal,0,normal
2024-02-16 17:00:00,11.5,85,1019.3,0,normal,0,0.10374393583972924,0,0,0,0,normal,0,normal
2024-02-16 18:00:00,11.6,84,1018.7,0,normal,0,0.0984491220441267,0,0,0,0,normal,0,normal
2024-02-16 19:00:00,10.0,91,1018.1,0,normal,0,0.09070102893676113,0,0,0,0,normal,0,normal
2024-02-16 20:00:00,9.2,92,1017.7,0,normal,0,0.107109357083293,0,0,0,0,normal,0,normal
2024-02-16 21:00:00,9.3,92,1017.1,0,normal,0,0.10760672538906563,0,0,0,0,normal,0,normal
2024-02-16 22:00:00,8.9,91,1016.4,0,normal,0,0.10102913508973987,0,0,0,0,normal,0,normal
2024-02-16 23:00:00,8.8,92,1016.0,0,normal,0,0.09918140880527199,0,0,0,0,normal,0,normal
2024-02-17 00:00:00,7.9,93,1015.7,0,normal,0,0.09745807809784607,0,0,0,0,normal,0,normal
2024-02-17 01:00:00,7.9,88,1015.6,0,normal,0,0.09368641708643172,0,0,0,0,normal,0,normal
2024-02-17 02:00:00,7.6,89,1016.1,0,normal,0,0.10392259775494189,0,0,0,0,normal,0,normal
2024-02-17 03:00:00,14.0,84,1017.3,0,normal,0,0.06908074151594229,0,0,0,0,normal,0,normal
2024-02-17 04:00:00,15.4,70,1016.6,0,normal,0,0.08976963710896335,0,0,0,0,normal,0,normal
2024-02-17 05:00:00,18.5,62,1016.4,0,normal,0,0.1066201762752596,0,0,0,0,normal,0,normal
2024-02-17 06:00:00,22.0,46,1016.3,0,normal,0,0.09535579559025376,0,0,0,0,normal,0,normal
2024-02-17 07:00:00,22.1,46,1015.3,0,normal,0,0.10732322833635982,0,0,0,0,normal,0,normal
2024-02-17 08:00:00,23.0,41,1014.1,0,normal,0,0.10547820100748329,0,0,0,0,normal,0,normal
2024-02-17 09:00:00,25.0,25,1012.7,0,normal,0,0.08492009634956976,0,0,0,0,normal,0,normal
2024-02-17 10:00:00,23.2,38,1012.5,0,normal,0,0.09314611941689754,0,0,0,0,normal,0,normal
2024-02-17 11:00:00,22.5,45,1012.6,0,normal,0,0.1011032838998217,0,0,0,0,normal,0,normal
2024-02-17 12:00:00,23.6,41,1012.0,0,normal,0,0.10052080443280764,0,0,0,0,normal,0,normal
2024-02-17 13:00:00,16.3,72,1012.5,0,normal,0,0.04904805054817912,0,0,0,0,normal,0,normal
2024-02-17 14:00:00,14.8,78,1012.9,0,normal,0,0.0908450736620906,0,0,0,0,normal,0,normal
2024-02-17 15:00:00,13.8,80,1013.2,0,normal,0,0.11812006522528895,0,0,0,0,normal,0,normal
2024-02-17 16:00:00,13.2,83,1013.6,0,normal,0,0.11593600355630213,0,0,0,0,normal,0,normal
2024-02-17 17:00:00,13.0,82,1013.8,0,normal,0,0.11518781466114025,0,0,0,0,normal,0,normal
2024-02-17 18:00:00,13.3,80,1013.8,0,normal,0,0.1063637701719019,0,0,0,0,normal,0,normal
2024-02-17 19:00:00,14.5,75,1013.3,0,normal,0,0.09871081667224307,0,0,0,0,normal,0,normal
2024-02-17 20:00:00,13.5,78,1012.9,0,normal,0,0.10846630082201802,0,0,0,0,normal,0,normal
2024-02-17 21:00:00,11.2,87,1012.1,0,normal,0,0.07866556731609031,0,0,0,0,normal,0,normal
2024-02-17 22:00:00,11.3,86,1011.6,0,normal,0,0.10013945486552117,0,0,0,0,normal,0,normal
2024-02-17 23:00:00,10.6,88,1010.8,0,normal,0,0.08772965896636897,0,0,0,0,normal,0,normal
2024-02-18 00:00:00,10.0,92,1010.5,0,normal,0,0.0876985569226173,0,0,0,0,normal,0,normal
2024-02-18 01:00:00,9.1,94,1010.9,0,normal,0,0.09229429388426458,0,0,0,0,normal,0,normal
2024-02-18 02:00:00,10.3,94,1012.3,0,normal,0,0.09282783535908962,0,0,0,0,normal,0,normal
2024-02-18 03:00:00,12.6,93,1013.7,0,normal,0,0.0893795588130677,0,0,0,0,normal,0,normal
2024-02-18 04:00:00,17.0,76,1013.6,0,normal,0,0.08292539613019667,0,0,0,0,normal,0,normal
2024-02-18 05:00:00,19.6,70,1013.5,0,normal,0,0.10092227784816632,0,0,0,0,normal,0,normal
2024-02-18 06:00:00,18.4,69,1014.6,0,normal,0,0.09884650533624867,0,0,0,0,normal,0,normal
2024-02-18 07:00:00,23.2,53,1012.7,0,normal,0,0.07394394955281519,0,0,0,0,normal,0,normal
2024-02-18 08:00:00,23.5,49,1011.9,0,normal,0,0.10894483945148703,0,0,0,0,normal,0,normal
2024-02-18 09:00:00,22.0,66,1017.7,0,normal,0,0.0226720184911805,0,0,0,0,normal,0,normal
2024-02-18 10:00:00,24.0,45,1010.4,0,normal,0,0.010375310706657925,0,0,0,0,normal,0,normal
2024-02-18 11:00:00,23.1,53,1009.8,0,normal,0,0.07687831589932331,0,0,0,0,normal,0,normal
2024-02-18 12:00:00,21.6,72,1010.8,0,normal,0,0.09378223876996111,0,0,0,0,normal,0,normal
2024-02-18 13:00:00,19.3,72,1009.9,0,normal,0,0.09809369528283646,0,0,0,0,normal,0,normal
2024-02-18 14:00:00,18.4,73,1010.3,0,normal,0,0.1041856445187358,0,0,0,0,normal,0,normal
2024-02-18 15:00:00,17.7,73,1010.5,0,normal,0,0.10941270784415741,0,0,0,0,normal,0,normal
2024-02-18 16:00:00,17.5,68,1010.8,0,normal,0,0.1034516126951075,0,0,0,0,normal,0,normal
2024-02-18 17:00:00,15.8,71,1011.2,0,normal,0,0.10480703512788103,0,0,0,0,normal,0,normal
2024-02-18 18:00:00,16.3,67,1010.8,0,normal,0,0.09194558923118984,0,0,0,0,normal,0,normal
2024-02-18 19:00:00,17.0,61,1010.3,0,normal,0,0.08564345532822448,0,0,0,0,normal,0,normal
2024-02-18 20:00:00,17.6,56,1010.0,0,normal,0,0.0843243627441761,0,0,0,0,normal,0,normal
2024-02-18 21:00:00,17.8,53,1009.3,0,normal,0,0.08509892723882334,0,0,0,0,normal,0,normal
2024-02-18 22:00:00,17.8,53,1008.7,0,normal,0,0.07756185924804182,0,0,0,0,normal,0,normal
2024-02-18 23:00:00,17.7,53,1008.0,0,normal,0,0.06458898161652321,0,0,0,0,normal,0,normal
2024-02-19 00:00:00,17.8,53,1007.7,0,normal,0,0.06613074139967157,0,0,0,0,normal,0,normal
2024-02-19 01:00:00,17.5,53,1008.2,0,normal,0,0.07209209029702462,0,0,0,0,normal,0,normal
2024-02-19 02:00:00,16.8,57,1008.7,0,normal,0,0.08569005290978837,0,0,0,0,normal,0,normal
2024-02-19 03:00:00,18.4,100,1009.6,1,humidity_spike,0,0.0024119768594980107,0,0,0,0,normal,0,normal
2024-02-19 04:00:00,18.4,64,1010.7,0,normal,0,0.01899608923157048,0,0,0,0,normal,0,normal
2024-02-19 05:00:00,19.7,62,1010.3,0,normal,0,0.08556061260354536,0,0,0,0,normal,0,normal
2024-02-19 06:00:00,22.0,52,1009.6,0,normal,0,0.10156956328304206,0,0,0,0,normal,0,normal
2024-02-19 07:00:00,22.7,55,1008.6,0,normal,0,0.10115701677582967,0,0,0,0,normal,0,normal
2024-02-19 08:00:00,23.6,54,1007.1,0,normal,0,0.09575894915165006,0,0,0,0,normal,0,normal
2024-02-19 09:00:00,24.2,45,1006.6,0,normal,0,0.10029552939484249,0,0,0,0,normal,0,normal
2024-02-19 10:00:00,24.3,50,1005.1,0,normal,0,0.09031990803989909,0,0,0,0,normal,0,normal
2024-02-19 11:00:00,24.0,50,1004.9,0,normal,0,0.09621226870755512,0,0,0,0,normal,0,normal
2024-02-19 12:00:00,22.6,54,1006.6,0,normal,0,0.08888016759439449,0,0,0,0,normal,0,normal
2024-02-19 13:00:00,22.2,56,1005.2,0,normal,0,0.09231896320112987,0,0,0,0,normal,0,normal
2024-02-19 14:00:00,20.4,62,1006.8,0,normal,0,0.09330827439176231,0,0,0,0,normal,0,normal
2024-02-19 15:00:00,17.3,81,1008.6,0,normal,0,0.05241213606431694,0,0,0,0,normal,0,normal
2024-02-19 16:00:00,16.9,84,1009.1,0,normal,0,0.08743896098095144,0,0,0,0,normal,0,normal
2024-02-19 17:00:00,16.8,82,1009.4,0,normal,0,0.0997369988192543,0,0,0,0,normal,0,normal
2024-02-19 18:00:00,16.1,85,1009.8,0,normal,0,0.10129262941388406,0,0,0,0,normal,0,normal
2024-02-19 19:00:00,15.6,84,1009.8,0,normal,0,0.10863647587203834,0,0,0,0,normal,0,normal
2024-02-19 20:00:00,15.4,84,1010.1,0,normal,0,0.10273606710046562,0,0,0,0,normal,0,normal
2024-02-19 21:00:00,14.7,88,1009.6,0,normal,0,0.1048094449483501,0,0,0,0,normal,0,normal
2024-02-19 22:00:00,14.5,89,1009.1,0,normal,0,0.10209634878129309,0,0,0,0,normal,0,normal
2024-02-19 23:00:00,14.4,88,1008.5,0,normal,0,0.08687040602483004,0,0,0,0,normal,0,normal
2024-02-20 00:00:00,13.8,90,1009.0,0,normal,0,0.09250011587185819,0,0,0,0,normal,0,normal
2024-02-20 01:00:00,13.7,88,1009.4,0,normal,0,0.09989962893945037,0,0,0,0,normal,0,normal
2024-02-20 02:00:00,14.0,85,1010.2,0,normal,0,0.1032325991267598,0,0,0,0,normal,0,normal
2024-02-20 03:00:00,17.4,71,1010.4,0,normal,0,0.09104690530490256,0,0,0,0,normal,0,normal
2024-02-20 04:00:00,17.5,73,1011.4,0,normal,0,0.09845094180985481,0,0,0,0,normal,0,normal
2024-02-20 05:00:00,19.1,64,1011.6,0,normal,0,0.10335364575840167,0,0,0,0,normal,0,normal
2024-02-20 06:00:00,22.6,60,1011.0,0,normal,0,0.10059094812363101,0,0,0,0,normal,0,normal
2024-02-20 07:00:00,21.7,63,1011.2,0,normal,0,0.10385299847598989,0,0,0,0,normal,0,normal
2024-02-20 08:00:00,22.7,52,1010.3,0,normal,0,0.10505433633312555,0,0,0,0,normal,0,normal
2024-02-20 09:00:00,24.0,63,1008.6,0,normal,0,0.09611097799484114,0,0,0,0,normal,0,normal
2024-02-20 10:00:00,23.1,45,1008.1,0,normal,0,0.08350025771436498,0,0,0,0,normal,0,normal
2024-02-20 11:00:00,22.3,47,1007.8,0,normal,0,0.10441238158799188,0,0,0,0,normal,0,normal
2024-02-20 12:00:00,23.0,52,1008.1,0,normal,0,0.10006847972401772,0,0,0,0,normal,0,normal
2024-02-20 13:00:00,15.9,70,1008.9,0,normal,0,0.06337314200016175,0,0,0,0,normal,0,normal
2024-02-20 14:00:00,15.4,72,1010.0,0,normal,0,0.08998691477258292,0,0,0,0,normal,0,normal
2024-02-20 15:00:00,14.0,77,1010.8,0,normal,0,0.10597840866376168,0,0,0,0,normal,0,normal
2024-02-20 16:00:00,13.7,79,1011.6,0,normal,0,0.10879870009195158,0,0,0,0,normal,0,normal
2024-02-20 17:00:00,12.8,84,1012.1,0,normal,0,0.10999684257536485,0,0,0,0,normal,0,normal
2024-02-20 18:00:00,11.8,89,1012.4,0,normal,0,0.10556332700415594,0,0,0,0,normal,0,normal
2024-02-20 19:00:00,10.7,93,1012.3,0,normal,0,0.10443904724212483,0,0,0,0,normal,0,normal
2024-02-20 20:00:00,10.8,92,1012.1,0,normal,0,0.10947876691925035,0,0,0,0,normal,0,normal
2024-02-20 21:00:00,9.6,94,1011.8,0,normal,0,0.10115132140239808,0,0,0,0,normal,0,normal
2024-02-20 22:00:00,9.1,94,1011.0,0,normal,0,0.09323004741501068,0,0,0,0,normal,0,normal
2024-02-20 23:00:00,8.3,96,1010.6,0,normal,0,0.08071692442580786,0,0,0,0,normal,0,normal
2024-02-21 00:00:00,8.0,96,1010.3,0,normal,0,0.07987357214145718,0,0,0,0,normal,0,normal
2024-02-21 01:00:00,8.7,89,1010.6,0,normal,0,0.07330456182585526,0,0,0,0,normal,0,normal
2024-02-21 02:00:00,8.6,90,1011.2,0,normal,0,0.09390252689069789,0,0,0,0,normal,0,normal
2024-02-21 03:00:00,11.2,100,1012.5,0,normal,0,0.062325000593517255,0,0,0,0,normal,0,normal
2024-02-21 04:00:00,14.6,76,1012.3,0,normal,0,0.05456953923565788,0,0,0,0,normal,0,normal
2024-02-21 05:00:00,17.1,64,1012.5,0,normal,0,0.09137543267125231,0,0,0,0,normal,0,normal
2024-02-21 06:00:00,19.8,47,1012.6,0,normal,0,0.09131538534580563,0,0,0,0,normal,0,normal
2024-02-21 07:00:00,20.3,51,1011.9,0,normal,0,0.1031167282895829,0,0,0,0,normal,0,normal
2024-02-21 08:00:00,20.9,47,1010.9,0,normal,0,0.10514844242582166,0,0,0,0,normal,0,normal
2024-02-21 09:00:00,22.6,32,1009.9,0,normal,0,0.09072087946626173,0,0,0,0,normal,0,normal
2024-02-21 10:00:00,21.0,45,1009.3,0,normal,0,0.09331084024805036,0,0,0,0,normal,0,normal
2024-02-21 11:00:00,20.5,46,1009.5,0,normal,0,0.10411654420682387,0,0,0,0,normal,0,normal
2024-02-21 12:00:00,20.6,39,1009.8,0,normal,0,0.09486711442239776,0,0,0,0,normal,0,normal
2024-02-21 13:00:00,15.3,60,1010.8,0,normal,0,0.06814509516908823,0,0,0,0,normal,0,normal
2024-02-21 14:00:00,14.0,66,1011.8,0,normal,0,0.08880999967565834,0,0,0,0,normal,0,normal
2024-02-21 15:00:00,13.5,67,1012.0,0,normal,0,0.10545893978006221,0,0,0,0,normal,0,normal
2024-02-21 16:00:00,11.0,80,1012.7,0,normal,0,0.07841947005118194,0,0,0,0,normal,0,normal
2024-02-21 17:00:00,10.4,82,1012.8,0,normal,0,0.1000178722541396,0,0,0,0,normal,0,normal
2024-02-21 18:00:00,10.7,78,1012.6,0,normal,0,0.09073204274214042,0,0,0,0,normal,0,normal
2024-02-21 19:00:00,10.3,79,1012.5,0,normal,0,0.10623066552775556,0,0,0,0,normal,0,normal
2024-02-21 20:00:00,8.6,87,1012.4,0,normal,0,0.0842940879282254,0,0,0,0,normal,0,normal
2024-02-21 21:00:00,8.3,89,1011.9,0,normal,0,0.0926741060736,0,0,0,0,normal,0,normal
2024-02-21 22:00:00,8.0,89,1011.2,0,normal,0,0.0913862192516654,0,0,0,0,normal,0,normal
2024-02-21 23:00:00,7.7,90,1011.3,0,normal,0,0.07718209711221952,0,0,0,0,normal,0,normal
2024-02-22 00:00:00,7.1,93,1011.9,0,normal,0,0.08088526791283418,0,0,0,0,normal,0,normal
2024-02-22 01:00:00,6.7,93,1012.6,0,normal,0,0.09280668917146606,0,0,0,0,normal,0,normal
2024-02-22 02:00:00,7.4,88,1012.7,0,normal,0,0.08969289342956938,0,0,0,0,normal,0,normal
2024-02-22 03:00:00,13.4,77,1014.8,0,normal,0,0.05160282414896872,0,0,0,0,normal,0,normal
2024-02-22 04:00:00,13.7,72,1014.5,0,normal,0,0.09386290447757206,0,0,0,0,normal,0,normal
2024-02-22 05:00:00,16.3,63,1014.9,0,normal,0,0.10216443126206126,0,0,0,0,normal,0,normal
2024-02-22 06:00:00,21.6,27,1015.2,0,normal,0,0.031480547740400044,0,0,0,0,normal,0,normal
2024-02-22 07:00:00,20.0,45,1014.7,0,normal,0,0.06968091119833952,0,0,0,0,normal,0,normal
2024-02-22 08:00:00,20.8,34,1013.8,0,normal,0,0.09467296188966234,0,0,0,0,normal,0,normal
2024-02-22 09:00:00,23.0,25,1013.5,0,normal,0,0.08649111510695068,0,0,0,0,normal,0,normal
2024-02-22 10:00:00,20.6,32,1012.8,0,normal,0,0.08048658398043551,0,0,0,0,normal,0,normal
2024-02-22 11:00:00,19.8,38,1012.9,0,normal,0,0.09301728381637875,0,0,0,0,normal,0,normal
2024-02-22 12:00:00,21.4,25,1013.1,0,normal,0,0.06794230525309564,0,0,0,0,normal,0,normal
2024-02-22 13:00:00,15.2,52,1013.9,0,normal,0,0.04351652020416763,0,0,0,0,normal,0,normal
2024-02-22 14:00:00,14.1,54,1014.7,0,normal,0,0.0837008030698404,0,0,0,0,normal,0,normal
2024-02-22 15:00:00,13.0,57,1015.0,0,normal,0,0.10127432393241675,0,0,0,0,normal,0,normal
2024-02-22 16:00:00,11.3,64,1015.7,0,normal,0,0.08329062364600448,0,0,0,0,normal,0,normal
2024-02-22 17:00:00,10.1,70,1016.0,0,normal,0,0.0898406697278305,0,0,0,0,normal,0,normal
2024-02-22 18:00:00,9.9,69,1016.2,0,normal,0,0.09252800035694475,0,0,0,0,normal,0,normal
2024-02-22 19:00:00,9.4,70,1016.2,0,normal,0,0.08667274434217914,0,0,0,0,normal,0,normal
2024-02-22 20:00:00,8.0,76,1016.3,0,normal,0,0.07648635290499789,0,0,0,0,normal,0,normal
2024-02-22 21:00:00,7.2,80,1015.7,0,normal,0,0.07640536631862616,0,0,0,0,normal,0,normal
2024-02-22 22:00:00,6.9,81,1015.1,0,normal,0,0.0866377267915544,0,0,0,0,normal,0,normal
2024-02-22 23:00:00,7.0,77,1014.7,0,normal,0,0.0660121700642205,0,0,0,0,normal,0,normal
2024-02-23 00:00:00,6.5,79,1014.8,0,normal,0,0.07175889161464694,0,0,0,0,normal,0,normal
2024-02-23 01:00:00,6.4,79,1015.1,0,normal,0,0.07906578638674977,0,0,0,0,normal,0,normal
2024-02-23 02:00:00,6.5,80,1015.7,0,normal,0,0.08215142605020165,0,0,0,0,normal,0,normal
2024-02-23 03:00:00,14.2,57,1017.4,0,normal,0,0.008213000978129159,0,0,0,0,normal,0,normal
2024-02-23 04:00:00,13.7,66,1017.4,0,normal,0,0.06896338163644034,0,0,0,0,normal,0,normal
2024-02-23 05:00:00,16.5,56,1017.5,0,normal,0,0.09267041361027617,0,0,0,0,normal,0,normal
2024-02-23 06:00:00,21.2,31,1017.3,0,normal,0,0.055873780012465235,0,0,0,0,normal,0,normal
2024-02-23 07:00:00,20.2,35,1016.7,0,normal,0,0.08114501579306288,0,0,0,0,normal,0,normal
2024-02-23 08:00:00,20.7,31,1015.7,0,normal,0,0.08830282768723685,0,0,0,0,normal,0,normal
2024-02-23 09:00:00,23.6,16,1014.7,0,normal,0,0.05541607872845178,0,0,0,0,normal,0,normal
2024-02-23 10:00:00,20.6,31,1014.5,0,normal,0,0.05575589325759994,0,0,0,0,normal,0,normal
2024-02-23 11:00:00,19.9,35,1014.4,0,normal,0,0.07831545621450997,0,0,0,0,normal,0,normal
2024-02-23 12:00:00,21.6,24,1014.2,0,normal,0,0.0606075558579634,0,0,0,0,normal,0,normal
2024-02-23 13:00:00,13.9,60,1014.7,0,normal,0,0.008246546739626881,0,0,0,0,normal,0,normal
2024-02-23 14:00:00,12.6,66,1015.8,0,normal,0,0.06946986886318507,0,0,0,0,normal,0,normal
2024-02-23 15:00:00,10.9,73,1016.4,0,normal,0,0.09630386723972706,0,0,0,0,normal,0,normal
2024-02-23 16:00:00,9.9,75,1016.7,0,normal,0,0.10211345918951675,0,0,0,0,normal,0,normal
2024-02-23 17:00:00,9.9,73,1016.7,0,normal,0,0.09348490038976115,0,0,0,0,normal,0,normal
2024-02-23 18:00:00,10.9,66,1016.5,0,normal,0,0.07462077298153602,0,0,0,0,normal,0,normal
2024-02-23 19:00:00,9.5,72,1016.1,0,normal,0,0.08216692651309626,0,0,0,0,normal,0,normal
2024-02-23 20:00:00,8.1,80,1015.6,0,normal,0,0.07790536128240338,0,0,0,0,normal,0,normal
2024-02-23 21:00:00,7.4,82,1015.1,0,normal,0,0.08990986649793253,0,0,0,0,normal,0,normal
2024-02-23 22:00:00,7.9,78,1014.2,0,normal,0,0.07419555921335197,0,0,0,0,normal,0,normal
2024-02-23 23:00:00,9.0,72,1013.5,0,normal,0,0.050673484930714385,0,0,0,0,normal,0,normal
2024-02-24 00:00:00,6.6,79,1014.4,0,normal,0,0.04669421970372689,0,0,0,0,normal,0,normal
2024-02-24 01:00:00,5.6,83,1015.0,0,normal,0,0.05524075647740778,0,0,0,0,normal,0,normal
2024-02-24 02:00:00,6.1,80,1015.7,0,normal,0,0.082590929246381,0,0,0,0,normal,0,normal
2024-02-24 03:00:00,13.2,66,1017.5,0,normal,0,0.03346918427451573,0,0,0,0,normal,0,normal
2024-02-24 04:00:00,13.2,61,1017.8,0,normal,0,0.07790488312993771,0,0,0,0,normal,0,normal
2024-02-24 05:00:00,16.4,55,1018.2,0,normal,0,0.09297193421393113,0,0,0,0,normal,0,normal
2024-02-24 06:00:00,19.2,55,1018.0,0,normal,0,0.08936504688616465,0,0,0,0,normal,0,normal
2024-02-24 07:00:00,19.6,37,1017.4,0,normal,0,0.0839035069165901,0,0,0,0,normal,0,normal
2024-02-24 08:00:00,20.4,33,1016.4,0,normal,0,0.0937836492881855,0,0,0,0,normal,0,normal
2024-02-24 09:00:00,20.4,38,1016.0,0,normal,0,0.09028248844742515,0,0,0,0,normal,0,normal
2024-02-24 10:00:00,20.8,29,1015.2,0,normal,0,0.08605550211383639,0,0,0,0,normal,0,normal
2024-02-24 11:00:00,20.2,32,1014.9,0,normal,0,0.08715027998767744,0,0,0,0,normal,0,normal
2024-02-24 12:00:00,19.2,43,1015.6,0,normal,0,0.08530345268193734,0,0,0,0,normal,0,normal
2024-02-24 13:00:00,14.7,52,1015.9,0,normal,0,0.08315032207701467,0,0,0,0,normal,0,normal
2024-02-24 14:00:00,12.8,58,1016.6,0,normal,0,0.08855590101499466,0,0,0,0,normal,0,normal
2024-02-24 15:00:00,11.2,68,1018.0,0,normal,0,0.08129672696350282,0,0,0,0,normal,0,normal
2024-02-24 16:00:00,10.3,72,1018.4,0,normal,0,0.09046366982298953,0,0,0,0,normal,0,normal
2024-02-24 17:00:00,10.4,70,1018.7,0,normal,0,0.09170456994342424,0,0,0,0,normal,0,normal
2024-02-24 18:00:00,9.8,71,1018.8,0,normal,0,0.08248783847994018,0,0,0,0,normal,0,normal
2024-02-24 19:00:00,9.7,69,1018.6,0,normal,0,0.07668612857306595,0,0,0,0,normal,0,normal
2024-02-24 20:00:00,8.9,72,1018.4,0,normal,0,0.0772626924855237,0,0,0,0,normal,0,normal
2024-02-24 21:00:00,8.2,75,1018.1,0,normal,0,0.08473589377428031,0,0,0,0,normal,0,normal
2024-02-24 22:00:00,7.6,79,1017.6,0,normal,0,0.0801928874459078,0,0,0,0,normal,0,normal
2024-02-24 23:00:00,7.1,82,1017.4,0,normal,0,0.07634342750529671,0,0,0,0,normal,0,normal
2024-02-25 00:00:00,7.1,82,1017.8,0,normal,0,0.08032408587150913,0,0,0,0,normal,0,normal
2024-02-25 01:00:00,6.1,86,1018.9,0,normal,0,0.06011373686527083,0,0,0,0,normal,0,normal
2024-02-25 02:00:00,6.3,86,1019.9,0,normal,0,0.0771665270870317,0,0,0,0,normal,0,normal
2024-02-25 03:00:00,9.0,87,1021.6,0,normal,0,0.057329316237513916,0,0,0,0,normal,0,normal
2024-02-25 04:00:00,13.8,66,1021.2,0,normal,0,0.045755426704247926,0,0,0,0,normal,0,normal
2024-02-25 05:00:00,16.9,52,1021.2,0,normal,0,0.05734091922979884,0,0,0,0,normal,0,normal
2024-02-25 06:00:00,19.0,41,1022.0,0,normal,0,0.05539495154716978,0,0,0,0,normal,0,normal
2024-02-25 07:00:00,20.4,36,1020.4,0,normal,0,0.057224790598484565,0,0,0,0,normal,0,normal
2024-02-25 08:00:00,21.1,31,1019.4,0,normal,0,0.07011035829520046,0,0,0,0,normal,0,normal
2024-02-25 09:00:00,22.0,32,1018.9,0,normal,0,0.07363914313602937,0,0,0,0,normal,0,normal
2024-02-25 10:00:00,21.1,30,1018.1,0,normal,0,0.06672556580690825,0,0,0,0,normal,0,normal
2024-02-25 11:00:00,20.6,32,1018.2,0,normal,0,0.07060429265487611,0,0,0,0,normal,0,normal
2024-02-25 12:00:00,20.0,40,1017.7,0,normal,0,0.08069499302410765,0,0,0,0,normal,0,normal
2024-02-25 13:00:00,14.3,58,1018.3,0,normal,0,0.05622485946371558,0,0,0,0,normal,0,normal
2024-02-25 14:00:00,13.2,60,1018.7,0,normal,0,0.08790563133755303,0,0,0,0,normal,0,normal
2024-02-25 15:00:00,12.2,63,1018.9,0,normal,0,0.09297838208766396,0,0,0,0,normal,0,normal
2024-02-25 16:00:00,10.9,67,1019.7,0,normal,0,0.08112261438339413,0,0,0,0,normal,0,normal
2024-02-25 17:00:00,9.9,72,1020.9,0,normal,0,0.05721630769024294,0,0,0,0,normal,0,normal
2024-02-25 18:00:00,9.4,74,1020.8,0,normal,0,0.07080131194003153,0,0,0,0,normal,0,normal
2024-02-25 19:00:00,9.1,73,1020.5,0,normal,0,0.06993268835866995,0,0,0,0,normal,0,normal
2024-02-25 20:00:00,8.9,74,1020.3,0,normal,0,0.06858925043956265,0,0,0,0,normal,0,normal
2024-02-25 21:00:00,9.4,71,1019.5,0,normal,0,0.05504703523040644,0,0,0,0,normal,0,normal
2024-02-25 22:00:00,9.2,70,1018.5,0,normal,0,0.062455417372312916,0,0,0,0,normal,0,normal
2024-02-25 23:00:00,8.8,72,1017.7,0,normal,0,0.05558733376831143,0,0,0,0,normal,0,normal
2024-02-26 00:00:00,8.6,72,1017.8,0,normal,0,0.07224382477974317,0,0,0,0,normal,0,normal
2024-02-26 01:00:00,8.5,72,1017.9,0,normal,0,0.07895204852389892,0,0,0,0,normal,0,normal
2024-02-26 02:00:00,9.1,74,1018.3,0,normal,0,0.08603342061424318,0,0,0,0,normal,0,normal
2024-02-26 03:00:00,12.0,79,1019.9,0,normal,0,0.07613699123673073,0,0,0,0,normal,0,normal
2024-02-26 04:00:00,14.6,59,1020.9,0,normal,0,0.06514094756286859,0,0,0,0,normal,0,normal
2024-02-26 05:00:00,17.7,47,1021.0,0,normal,0,0.07123826218421325,0,0,0,0,normal,0,normal
2024-02-26 06:00:00,21.2,38,1020.0,0,normal,0,0.058783953706813274,0,0,0,0,normal,0,normal
2024-02-26 07:00:00,21.3,29,1020.3,0,normal,0,0.06291308742999652,0,0,0,0,normal,0,normal
2024-02-26 08:00:00,20.7,29,1019.5,0,normal,0,0.05643211404012738,0,0,0,0,normal,0,normal
2024-02-26 09:00:00,23.2,28,1017.3,0,normal,0,0.0436280090164175,0,0,0,0,normal,0,normal
2024-02-26 10:00:00,21.6,27,1017.5,0,normal,0,0.06675881648330645,0,0,0,0,normal,0,normal
2024-02-26 11:00:00,20.9,30,1017.1,0,normal,0,0.06736437361311914,0,0,0,0,normal,0,normal
2024-02-26 12:00:00,21.4,36,1016.8,0,normal,0,0.07641832542146859,0,0,0,0,normal,0,normal
2024-02-26 13:00:00,16.3,46,1017.2,0,normal,0,0.06830948650163321,0,0,0,0,normal,0,normal
2024-02-26 14:00:00,15.4,50,1018.0,0,normal,0,0.08240777401931826,0,0,0,0,normal,0,normal
2024-02-26 15:00:00,14.4,59,1018.5,0,normal,0,0.08934098243351862,0,0,0,0,normal,0,normal
2024-02-26 16:00:00,13.2,68,1018.7,0,normal,0,0.0886492232856318,0,0,0,0,normal,0,normal
2024-02-26 17:00:00,14.0,67,1018.7,0,normal,0,0.09118746697139501,0,0,0,0,normal,0,normal
2024-02-26 18:00:00,15.0,60,1019.2,0,normal,0,0.07429578415594407,0,0,0,0,normal,0,normal
2024-02-26 19:00:00,14.5,57,1018.9,0,normal,0,0.07916100639975959,0,0,0,0,normal,0,normal
2024-02-26 20:00:00,15.1,49,1018.6,0,normal,0,0.058821863988906986,0,0,0,0,normal,0,normal
2024-02-26 21:00:00,15.1,46,1017.7,0,normal,0,0.05080866503972903,0,0,0,0,normal,0,normal
2024-02-26 22:00:00,14.3,50,1017.6,0,normal,0,0.06139067816654559,0,0,0,0,normal,0,normal
2024-02-26 23:00:00,13.3,49,1017.3,0,normal,0,0.05078356255001515,0,0,0,0,normal,0,normal
2024-02-27 00:00:00,13.3,48,1018.0,0,normal,0,0.049919070457973,0,0,0,0,normal,0,normal
2024-02-27 01:00:00,12.7,47,1018.5,0,normal,0,0.05500521728313568,0,0,0,0,normal,0,normal
2024-02-27 02:00:00,12.6,51,1019.3,0,normal,0,0.056478944030071365,0,0,0,0,normal,0,normal
2024-02-27 03:00:00,15.6,57,1020.1,0,normal,0,0.05603938112073692,0,0,0,0,normal,0,normal
2024-02-27 04:00:00,14.8,52,1020.5,0,normal,0,0.07275298949766262,0,0,0,0,normal,0,normal
2024-02-27 05:00:00,16.9,43,1020.9,0,normal,0,0.06420124350837603,0,0,0,0,normal,0,normal
2024-02-27 06:00:00,18.2,52,1021.1,0,normal,0,0.05751433296010916,0,0,0,0,normal,0,normal
2024-02-27 07:00:00,18.2,45,1020.7,0,normal,0,0.07073164453477299,0,0,0,0,normal,0,normal
2024-02-27 08:00:00,19.4,45,1019.9,0,normal,0,0.08228924627583228,0,0,0,0,normal,0,normal
2024-02-27 09:00:00,21.6,45,1018.4,0,normal,0,0.07377888450554898,0,0,0,0,normal,0,normal
2024-02-27 10:00:00,21.0,41,1017.0,0,normal,0,0.08463313621659713,0,0,0,0,normal,0,normal
2024-02-27 11:00:00,20.3,45,1016.5,0,normal,0,0.09840899141189535,0,0,0,0,normal,0,normal
2024-02-27 12:00:00,19.4,50,1016.6,0,normal,0,0.10696190722261811,0,0,0,0,normal,0,normal
2024-02-27 13:00:00,17.5,56,1016.8,0,normal,0,0.10450388952773981,0,0,0,0,normal,0,normal
2024-02-27 14:00:00,15.6,65,1017.5,0,normal,0,0.10072663639786922,0,0,0,0,normal,0,normal
2024-02-27 15:00:00,14.4,71,1018.0,0,normal,0,0.10764670940341015,0,0,0,0,normal,0,normal
2024-02-27 16:00:00,13.2,77,1018.3,0,normal,0,0.10401395661037094,0,0,0,0,normal,0,normal
2024-02-27 17:00:00,12.4,80,1018.6,0,normal,0,0.11002211562804842,0,0,0,0,normal,0,normal
2024-02-27 18:00:00,12.1,81,1018.7,0,normal,0,0.10780035654894654,0,0,0,0,normal,0,normal
2024-02-27 19:00:00,11.8,81,1018.5,0,normal,0,0.10539498320415841,0,0,0,0,normal,0,normal
2024-02-27 20:00:00,10.9,85,1018.3,0,normal,0,0.1069702863481809,0,0,0,0,normal,0,normal
2024-02-27 21:00:00,10.0,89,1018.0,0,normal,0,0.1011527193208262,0,0,0,0,normal,0,normal
2024-02-27 22:00:00,9.5,90,1017.4,0,normal,0,0.1040927901276616,0,0,0,0,normal,0,normal
2024-02-27 23:00:00,9.3,91,1016.9,0,normal,0,0.0967940345337957,0,0,0,0,normal,0,normal
2024-02-28 00:00:00,8.8,89,1016.6,0,normal,0,0.09611533562417068,0,0,0,0,normal,0,normal
2024-02-28 01:00:00,8.4,90,1017.0,0,normal,0,0.1085595028167658,0,0,0,0,normal,0,normal
2024-02-28 02:00:00,9.0,88,1017.1,0,normal,0,0.10253116086349812,0,0,0,0,normal,0,normal
2024-02-28 03:00:00,15.0,68,1018.0,0,normal,0,0.060168651176183585,0,0,0,0,normal,0,normal
2024-02-28 04:00:00,15.3,65,1018.3,0,normal,0,0.09690246578449724,0,0,0,0,normal,0,normal
2024-02-28 05:00:00,18.1,52,1018.4,0,normal,0,0.09304754152609418,0,0,0,0,normal,0,normal
2024-02-28 06:00:00,21.2,44,1017.8,0,normal,0,0.09452129048135388,0,0,0,0,normal,0,normal
2024-02-28 07:00:00,21.6,36,1017.2,0,normal,0,0.09585463406591216,0,0,0,0,normal,0,normal
2024-02-28 08:00:00,22.3,35,1016.2,0,normal,0,0.09737432784244532,0,0,0,0,normal,0,normal
2024-02-28 09:00:00,23.2,41,1015.0,0,normal,0,0.09761376987006526,0,0,0,0,normal,0,normal
2024-02-28 10:00:00,22.7,35,1014.5,0,normal,0,0.09827056447113441,0,0,0,0,normal,0,normal
2024-02-28 11:00:00,22.1,36,1014.1,0,normal,0,0.0977791554555606,0,0,0,0,normal,0,normal
2024-02-28 12:00:00,21.6,47,1013.7,0,normal,0,0.09656618539028966,0,0,0,0,normal,0,normal
2024-02-28 13:00:00,17.7,50,1014.5,0,normal,0,0.09258818279434139,0,0,0,0,normal,0,normal
2024-02-28 14:00:00,16.2,57,1015.0,0,normal,0,0.10325656040028341,0,0,0,0,normal,0,normal
2024-02-28 15:00:00,14.7,68,1015.7,0,normal,0,0.10430207761372945,0,0,0,0,normal,0,normal
2024-02-28 16:00:00,13.3,75,1015.8,0,normal,0,0.102720188581157,0,0,0,0,normal,0,normal
2024-02-28 17:00:00,12.4,79,1015.9,0,normal,0,0.11213272764442717,0,0,0,0,normal,0,normal
2024-02-28 18:00:00,11.9,81,1015.7,0,normal,0,0.11463226480276273,0,0,0,0,normal,0,normal
2024-02-28 19:00:00,11.4,83,1015.5,0,normal,0,0.11760209371276892,0,0,0,0,normal,0,normal
2024-02-28 20:00:00,10.6,86,1015.4,0,normal,0,0.11456822621704305,0,0,0,0,normal,0,normal
2024-02-28 21:00:00,10.4,87,1014.9,0,normal,0,0.11410914023544039,0,0,0,0,normal,0,normal
2024-02-28 22:00:00,10.5,86,1014.4,0,normal,0,0.10619252406351298,0,0,0,0,normal,0,normal
2024-02-28 23:00:00,9.8,89,1013.6,0,normal,0,0.09188308311490051,0,0,0,0,normal,0,normal
2024-02-29 00:00:00,9.2,90,1013.4,0,normal,0,0.10037606943297961,0,0,0,0,normal,0,normal
2024-02-29 01:00:00,9.1,90,1013.7,0,normal,0,0.10909685960327103,0,0,0,0,normal,0,normal
2024-02-29 02:00:00,9.9,88,1014.1,0,normal,0,0.10799405815136409,0,0,0,0,normal,0,normal
2024-02-29 03:00:00,16.0,73,1015.2,0,normal,0,0.07022843325117906,0,0,0,0,normal,0,normal
2024-02-29 04:00:00,16.7,62,1015.6,0,normal,0,0.0980354673315138,0,0,0,0,normal,0,normal
2024-02-29 05:00:00,19.6,51,1015.9,0,normal,0,0.10444283072792931,0,0,0,0,normal,0,normal
2024-02-29 06:00:00,21.9,43,1016.1,0,normal,0,0.102091159917238,0,0,0,0,normal,0,normal
2024-02-29 07:00:00,23.4,37,1015.9,0,normal,0,0.09815735480553106,0,0,0,0,normal,0,normal
2024-02-29 08:00:00,24.3,34,1015.2,0,normal,0,0.10317195585891853,0,0,0,0,normal,0,normal
2024-02-29 09:00:00,26.0,36,1014.3,0,normal,0,0.0997070965804357,0,0,0,0,normal,0,normal
2024-02-29 10:00:00,24.5,32,1014.0,0,normal,0,0.09540703496097264,0,0,0,0,normal,0,normal
2024-02-29 11:00:00,23.9,33,1013.9,0,normal,0,0.09416310419371521,0,0,0,0,normal,0,normal
2024-02-29 12:00:00,24.0,45,1014.0,0,normal,0,0.08525306370349411,0,0,0,0,normal,0,normal
2024-02-29 13:00:00,19.9,49,1014.5,0,normal,0,0.09276020941104146,0,0,0,0,normal,0,normal
2024-02-29 14:00:00,19.9,50,1015.2,0,normal,0,0.10041473753916225,0,0,0,0,normal,0,normal
2024-02-29 15:00:00,19.4,54,1015.6,0,normal,0,0.10272547987733216,0,0,0,0,normal,0,normal
2024-02-29 16:00:00,18.2,60,1015.4,0,normal,0,0.09736902725296459,0,0,0,0,normal,0,normal
2024-02-29 17:00:00,16.4,71,1015.7,0,normal,0,0.09408596358279747,0,0,0,0,normal,0,normal
2024-02-29 18:00:00,14.1,82,1015.5,0,normal,0,0.0834536026477426,0,0,0,0,normal,0,normal
2024-02-29 19:00:00,14.4,82,1015.6,0,normal,0,0.11189333925173728,0,0,0,0,normal,0,normal
2024-02-29 20:00:00,14.2,84,1015.3,0,normal,0,0.11320575529107857,0,0,0,0,normal,0,normal
2024-02-29 21:00:00,15.2,80,1015.1,0,normal,0,0.10609478589984433,0,0,0,0,normal,0,normal
2024-02-29 22:00:00,14.8,85,1014.3,0,normal,0,0.10611057962193049,0,0,0,0,normal,0,normal
2024-02-29 23:00:00,15.4,80,1013.3,0,normal,0,0.08033873082816567,0,0,0,0,normal,0,normal
2024-03-01 00:00:00,14.8,80,1014.0,0,normal,0,0.09720276988710891,0,0,0,0,normal,0,normal
2024-03-01 01:00:00,14.2,83,1014.5,0,normal,0,0.10333480955029872,0,0,0,0,normal,0,normal
2024-03-01 02:00:00,14.4,82,1015.5,0,normal,0,0.10550344609946494,0,0,0,0,normal,0,normal
2024-03-01 03:00:00,18.0,67,1016.7,0,normal,0,0.08602860131588136,0,0,0,0,normal,0,normal
2024-03-01 04:00:00,16.6,77,1017.9,0,normal,0,0.0783499839252832,0,0,0,0,normal,0,normal
2024-03-01 05:00:00,17.3,74,1018.1,0,normal,0,0.09769649386887164,0,0,0,0,normal,0,normal
2024-03-01 06:00:00,18.0,67,1018.1,0,normal,0,0.09229386234411713,0,0,0,0,normal,0,normal
2024-03-01 07:00:00,17.8,68,1017.4,0,normal,0,0.09065067929904935,0,0,0,0,normal,0,normal
2024-03-01 08:00:00,18.5,68,1015.8,0,normal,0,0.08573628594041172,0,0,0,0,normal,0,normal
2024-03-01 09:00:00,24.8,48,1012.3,0,normal,0,0.024517010474113143,0,0,0,0,normal,0,normal
2024-03-01 10:00:00,21.5,55,1012.7,0,normal,0,0.09469968832859083,0,0,0,0,normal,0,normal
2024-03-01 11:00:00,21.6,54,1011.5,0,normal,0,0.10264308708800646,0,0,0,0,normal,0,normal
2024-03-01 12:00:00,22.4,66,1010.4,0,normal,0,0.10194438646675658,0,0,0,0,normal,0,normal
2024-03-01 13:00:00,18.7,67,1012.7,0,normal,0,0.09025508980600255,0,0,0,0,normal,0,normal
2024-03-01 14:00:00,18.1,75,1013.5,0,normal,0,0.09848690815220346,0,0,0,0,normal,0,normal
2024-03-01 15:00:00,17.6,80,1012.3,0,normal,0,0.10270324756691346,0,0,0,0,normal,0,normal
2024-03-01 16:00:00,17.3,82,1012.7,0,normal,0,0.11258622427879306,0,0,0,0,normal,0,normal
2024-03-01 17:00:00,16.4,89,1013.3,0,normal,0,0.10481319712441495,0,0,0,0,normal,0,normal
2024-03-01 18:00:00,16.6,86,1011.8,0,normal,0,0.084380412240949,0,0,0,0,normal,0,normal
2024-03-01 19:00:00,17.2,78,1010.9,0,normal,0,0.08328485602266505,0,0,0,0,normal,0,normal
2024-03-01 20:00:00,17.6,67,1010.3,0,normal,0,0.08005421365172777,0,0,0,0,normal,0,normal
2024-03-01 21:00:00,17.7,65,1009.6,0,normal,0,0.09185839566396542,0,0,0,0,normal,0,normal
2024-03-01 22:00:00,17.4,69,1010.1,0,normal,0,0.09707255480448557,0,0,0,0,normal,0,normal
2024-03-01 23:00:00,17.4,70,1009.1,0,normal,0,0.08406919708740451,0,0,0,0,normal,0,normal
2024-03-02 00:00:00,16.5,76,1009.9,0,normal,0,0.09026115145029007,0,0,0,0,normal,0,normal
2024-03-02 01:00:00,16.9,74,1010.0,0,normal,0,0.10636833520674532,0,0,0,0,normal,0,normal
2024-03-02 02:00:00,16.7,77,1010.3,0,normal,0,0.10767360216001282,0,0,0,0,normal,0,normal
2024-03-02 03:00:00,18.4,76,1011.7,0,normal,0,0.10035158073743827,0,0,0,0,normal,0,normal
2024-03-02 04:00:00,19.6,66,1011.2,0,normal,0,0.10542414332794414,0,0,0,0,normal,0,normal
2024-03-02 05:00:00,21.8,56,1011.2,0,normal,0,0.11072032498809609,0,0,0,0,normal,0,normal
2024-03-02 06:00:00,20.8,71,1011.3,0,normal,0,0.09167210150700322,0,0,0,0,normal,0,normal
2024-03-02 07:00:00,18.7,77,1009.4,0,normal,0,0.08166923837688123,0,0,0,0,normal,0,normal
2024-03-02 08:00:00,17.2,88,1008.7,0,normal,0,0.07450082263448682,0,0,0,0,normal,0,normal
2024-03-02 09:00:00,18.1,86,1007.1,0,normal,0,0.07452891648156612,0,0,0,0,normal,0,normal
2024-03-02 10:00:00,17.9,84,1006.6,0,normal,0,0.07886610984982162,0,0,0,0,normal,0,normal
2024-03-02 11:00:00,17.6,84,1007.0,0,normal,0,0.08410425283603962,0,0,0,0,normal,0,normal
2024-03-02 12:00:00,19.4,88,1005.2,0,normal,0,0.06494548428981683,0,0,0,0,normal,0,normal
2024-03-02 13:00:00,16.7,88,1007.0,0,normal,0,0.062173410520392935,0,0,0,0,normal,0,normal
2024-03-02 14:00:00,16.2,89,1007.5,0,normal,0,0.07634145520596208,0,0,0,0,normal,0,normal
2024-03-02 15:00:00,15.8,91,1008.2,0,normal,0,0.09461706971762329,0,0,0,0,normal,0,normal
2024-03-02 16:00:00,15.7,88,1008.4,0,normal,0,0.09212237491292763,0,0,0,0,normal,0,normal
2024-03-02 17:00:00,15.2,91,1009.3,0,normal,0,0.09273012238230444,0,0,0,0,normal,0,normal
2024-03-02 18:00:00,15.5,93,1010.1,0,normal,0,0.08957178330613019,0,0,0,0,normal,0,normal
2024-03-02 19:00:00,15.4,92,1010.7,0,normal,0,0.09618697718787989,0,0,0,0,normal,0,normal
2024-03-02 20:00:00,14.7,94,1010.6,0,normal,0,0.10579284023070507,0,0,0,0,normal,0,normal
2024-03-02 21:00:00,14.1,96,1010.5,0,normal,0,0.10285425780683755,0,0,0,0,normal,0,normal
2024-03-02 22:00:00,13.4,98,1010.3,0,normal,0,0.09657702808269908,0,0,0,0,normal,0,normal
2024-03-02 23:00:00,13.5,99,1010.4,0,normal,0,0.07962186500926938,0,0,0,0,normal,0,normal
2024-03-03 00:00:00,13.8,100,1010.7,0,normal,0,0.07385315282232113,0,0,0,0,normal,0,normal
2024-03-03 01:00:00,13.5,99,1010.9,0,normal,0,0.08117453863017188,0,0,0,0,normal,0,normal
2024-03-03 02:00:00,13.1,97,1011.8,0,normal,0,0.0812843694572517,0,0,0,0,normal,0,normal
2024-03-03 03:00:00,13.0,60,1013.0,0,normal,0,0.0011664250653834474,0,0,0,0,normal,0,normal
2024-03-03 04:00:00,15.7,76,1012.8,0,normal,0,0.060067158457956626,0,0,0,0,normal,0,normal
2024-03-03 05:00:00,17.3,66,1013.0,0,normal,0,0.09685626753782844,0,0,0,0,normal,0,normal
2024-03-03 06:00:00,18.0,46,1013.3,0,normal,0,0.07616808953606602,0,0,0,0,normal,0,normal
2024-03-03 07:00:00,19.1,37,1012.6,0,normal,0,0.07892843034038372,0,0,0,0,normal,0,normal
2024-03-03 08:00:00,19.5,28,1012.0,0,normal,0,0.08558353378677996,0,0,0,0,normal,0,normal
2024-03-03 09:00:00,21.4,35,1010.7,0,normal,0,0.08354216816925408,0,0,0,0,normal,0,normal
2024-03-03 10:00:00,19.2,31,1011.0,0,normal,0,0.0847269860027437,0,0,0,0,normal,0,normal
2024-03-03 11:00:00,18.5,31,1011.1,0,normal,0,0.07975259481674457,0,0,0,0,normal,0,normal
2024-03-03 12:00:00,20.6,35,1008.3,0,normal,0,0.05369711979900166,0,0,0,0,normal,0,normal
2024-03-03 13:00:00,13.4,56,1011.5,0,normal,0,0.015007248432895248,0,0,0,0,normal,0,normal
2024-03-03 14:00:00,11.8,61,1012.6,0,normal,0,0.0491264321257166,0,0,0,0,normal,0,normal
2024-03-03 15:00:00,11.2,61,1013.4,0,normal,0,0.07679856633486065,0,0,0,0,normal,0,normal
2024-03-03 16:00:00,10.9,60,1014.1,0,normal,0,0.06645112223068161,0,0,0,0,normal,0,normal
2024-03-03 17:00:00,9.0,72,1014.6,0,normal,0,0.053072562197883366,0,0,0,0,normal,0,normal
2024-03-03 18:00:00,8.2,72,1014.5,0,normal,0,0.0641344691033291,0,0,0,0,normal,0,normal
2024-03-03 19:00:00,8.3,69,1014.4,0,normal,0,0.06026819556628643,0,0,0,0,normal,0,normal
2024-03-03 20:00:00,10.0,59,1014.5,0,normal,0,0.03272581643931982,0,0,0,0,normal,0,normal
2024-03-03 21:00:00,9.5,61,1014.5,0,normal,0,0.05960988793415528,0,0,0,0,normal,0,normal
2024-03-03 22:00:00,7.6,69,1014.5,0,normal,0,0.04112777032861298,0,0,0,0,normal,0,normal
2024-03-03 23:00:00,7.2,72,1015.2,0,normal,0,0.04251989155441849,0,0,0,0,normal,0,normal
2024-03-04 00:00:00,6.6,76,1015.7,0,normal,0,0.04592711372259378,0,0,0,0,normal,0,normal
2024-03-04 01:00:00,4.9,88,1016.2,0,normal,0,0.023418430603485862,0,0,0,0,normal,0,normal
2024-03-04 02:00:00,5.8,85,1016.8,0,normal,0,0.06112811533323381,0,0,0,0,normal,0,normal
2024-03-04 03:00:00,12.8,75,1017.1,0,normal,0,0.03463667326453185,0,0,0,0,normal,0,normal
2024-03-04 04:00:00,12.8,69,1017.7,0,normal,0,0.07391136450474661,0,0,0,0,normal,0,normal
2024-03-04 05:00:00,15.7,54,1018.1,0,normal,0,0.07539729402816464,0,0,0,0,normal,0,normal
2024-03-04 06:00:00,18.6,46,1019.2,0,normal,0,0.06975018562425561,0,0,0,0,normal,0,normal
2024-03-04 07:00:00,18.1,35,1018.7,0,normal,0,0.06973077826704371,0,0,0,0,normal,0,normal
2024-03-04 08:00:00,18.6,34,1018.4,0,normal,0,0.07111008544459047,0,0,0,0,normal,0,normal
2024-03-04 09:00:00,20.2,36,1017.8,0,normal,0,0.07520456545226528,0,0,0,0,normal,0,normal
2024-03-04 10:00:00,18.3,36,1017.3,0,normal,0,0.07651832648801271,0,0,0,0,normal,0,normal
2024-03-04 11:00:00,17.7,39,1017.0,0,normal,0,0.07772481284006433,0,0,0,0,normal,0,normal
2024-03-04 12:00:00,18.2,40,1017.0,0,normal,0,0.08164945008908947,0,0,0,0,normal,0,normal
2024-03-04 13:00:00,14.0,53,1017.6,0,normal,0,0.058244399858815576,0,0,0,0,normal,0,normal
2024-03-04 14:00:00,12.3,58,1018.0,0,normal,0,0.06426476472945475,0,0,0,0,normal,0,normal
2024-03-04 15:00:00,11.0,64,1018.8,0,normal,0,0.06598349820815547,0,0,0,0,normal,0,normal
2024-03-04 16:00:00,10.0,69,1019.1,0,normal,0,0.05698441940619331,0,0,0,0,normal,0,normal
2024-03-04 17:00:00,9.5,72,1019.5,0,normal,0,0.05546670796878417,0,0,0,0,normal,0,normal
2024-03-04 18:00:00,8.9,73,1019.7,0,normal,0,0.054447156977580236,0,0,0,0,normal,0,normal
2024-03-04 19:00:00,8.7,74,1019.3,0,normal,0,0.05345244025416518,0,0,0,0,normal,0,normal
2024-03-04 20:00:00,8.3,75,1019.2,0,normal,0,0.05638560551903621,0,0,0,0,normal,0,normal
2024-03-04 21:00:00,7.7,79,1018.9,0,normal,0,0.05855077119049956,0,0,0,0,normal,0,normal
2024-03-04 22:00:00,7.1,82,1018.1,0,normal,0,0.056932321605995206,0,0,0,0,normal,0,normal
2024-03-04 23:00:00,6.9,83,1018.0,0,normal,0,0.061938615249038986,0,0,0,0,normal,0,normal
2024-03-05 00:00:00,6.2,80,1018.5,0,normal,0,0.05053097401076817,0,0,0,0,normal,0,normal
2024-03-05 01:00:00,-12.083281039302442,80,1018.7,1,temp_drop,1,-0.09137590356291325,0,0,0,0,normal,1,isolation_forest_anomaly
2024-03-05 02:00:00,6.2,79,1019.2,0,normal,1,-0.09788677002302093,0,0,0,0,normal,1,isolation_forest_anomaly
2024-03-05 03:00:00,12.8,71,1019.1,0,normal,1,-0.03510670180323738,0,0,0,0,normal,1,isolation_forest_anomaly
2024-03-05 04:00:00,11.5,66,1020.5,0,normal,0,0.047113430390299305,0,0,0,0,normal,0,normal
2024-03-05 05:00:00,13.7,62,1020.4,0,normal,0,0.060346985276516385,0,0,0,0,normal,0,normal
2024-03-05 06:00:00,-5.469243775021386,47,1019.7,1,temp_drop,1,-0.11315628436906822,0,0,0,0,normal,1,isolation_forest_anomaly
2024-03-05 07:00:00,17.6,48,1019.0,0,normal,1,-0.12474296205528479,0,0,0,0,normal,1,isolation_forest_anomaly
2024-03-05 08:00:00,18.4,43,1017.6,0,normal,1,-0.014560052443207017,0,0,0,0,normal,1,isolation_forest_anomaly
2024-03-05 09:00:00,18.6,46,1017.5,0,normal,0,0.08896605099763177,0,0,0,0,normal,0,normal
2024-03-05 10:00:00,18.7,39,1016.0,0,normal,0,0.07148161901686922,0,0,0,0,normal,0,normal
2024-03-05 11:00:00,18.2,41,1015.4,0,normal,0,0.08664287528983894,0,0,0,0,normal,0,normal
2024-03-05 12:00:00,16.6,54,1016.3,0,normal,0,0.07895196615877231,0,0,0,0,normal,0,normal
2024-03-05 13:00:00,15.3,49,1015.4,0,normal,0,0.08025554347202979,0,0,0,0,normal,0,normal
2024-03-05 14:00:00,13.9,51,1015.8,0,normal,0,0.0780191131502671,0,0,0,0,normal,0,normal
2024-03-05 15:00:00,12.7,55,1017.0,0,normal,0,0.06823067611212819,0,0,0,0,normal,0,normal
2024-03-05 16:00:00,12.1,60,1017.2,0,normal,0,0.07038838472570708,0,0,0,0,normal,0,normal
2024-03-05 17:00:00,11.4,63,1017.3,0,normal,0,0.07841557672967775,0,0,0,0,normal,0,normal
2024-03-05 18:00:00,10.3,66,1017.4,0,normal,0,0.0666201290371558,0,0,0,0,normal,0,normal
2024-03-05 19:00:00,10.2,65,1017.2,0,normal,0,0.06438772725383729,0,0,0,0,normal,0,normal
2024-03-05 20:00:00,7.5,71,1016.3,0,normal,0,0.03340770113052832,0,0,0,0,normal,0,normal
2024-03-05 21:00:00,7.1,72,1015.5,0,normal,0,0.0466548095190103,0,0,0,0,normal,0,normal
2024-03-05 22:00:00,6.4,76,1015.3,0,normal,0,0.05756617495037586,0,0,0,0,normal,0,normal
2024-03-05 23:00:00,5.4,83,1015.4,0,normal,0,0.034966175470893035,0,0,0,0,normal,0,normal
2024-03-06 00:00:00,5.1,84,1015.5,0,normal,0,0.05002864213351077,0,0,0,0,normal,0,normal
2024-03-06 01:00:00,4.9,85,1015.7,0,normal,0,0.056292788352635126,0,0,0,0,normal,0,normal
2024-03-06 02:00:00,6.5,78,1016.1,0,normal,0,0.05354832453177649,0,0,0,0,normal,0,normal
2024-03-06 03:00:00,13.2,66,1016.9,0,normal,0,0.03427139770363008,0,0,0,0,normal,0,normal
2024-03-06 04:00:00,13.4,61,1017.6,0,normal,0,0.06988653564940889,0,0,0,0,normal,0,normal
2024-03-06 05:00:00,16.3,50,1017.5,0,normal,0,0.07897401562805989,0,0,0,0,normal,0,normal
2024-03-06 06:00:00,19.4,45,1019.1,0,normal,0,0.057565418792112855,0,0,0,0,normal,0,normal
2024-03-06 07:00:00,19.5,36,1016.4,0,normal,0,0.053174585979555156,0,0,0,0,normal,0,normal
2024-03-06 08:00:00,20.1,34,1015.3,0,normal,0,0.07767910302597536,0,0,0,0,normal,0,normal
2024-03-06 09:00:00,21.6,30,1014.1,0,normal,0,0.08804677258290322,0,0,0,0,normal,0,normal
2024-03-06 10:00:00,20.6,33,1013.3,0,normal,0,0.09036613504018592,0,0,0,0,normal,0,normal
2024-03-06 11:00:00,20.0,35,1012.7,0,normal,0,0.09237033219305585,0,0,0,0,normal,0,normal
2024-03-06 12:00:00,20.8,40,1013.0,0,normal,0,0.09462560829980882,0,0,0,0,normal,0,normal
2024-03-06 13:00:00,14.1,60,1013.1,0,normal,0,0.04991550593470545,0,0,0,0,normal,0,normal
2024-03-06 14:00:00,13.0,64,1013.8,0,normal,0,0.08401272013039418,0,0,0,0,normal,0,normal
2024-03-06 15:00:00,13.2,63,1014.3,0,normal,0,0.08817803442168698,0,0,0,0,normal,0,normal
2024-03-06 16:00:00,13.0,64,1015.0,0,normal,0,0.08234310637810444,0,0,0,0,normal,0,normal
2024-03-06 17:00:00,13.2,63,1015.4,0,normal,0,0.0801016537182278,0,0,0,0,normal,0,normal
2024-03-06 18:00:00,12.2,66,1015.4,0,normal,0,0.08058429919686283,0,0,0,0,normal,0,normal
2024-03-06 19:00:00,12.3,65,1015.2,0,normal,0,0.08100859750114098,0,0,0,0,normal,0,normal
2024-03-06 20:00:00,9.8,78,1014.8,0,normal,0,0.05370216835610769,0,0,0,0,normal,0,normal
2024-03-06 21:00:00,9.6,78,1014.2,0,normal,0,0.07117121536821558,0,0,0,0,normal,0,normal
2024-03-06 22:00:00,10.5,73,1013.8,0,normal,0,0.07010830997777029,0,0,0,0,normal,0,normal
2024-03-06 23:00:00,10.2,74,1013.6,0,normal,0,0.07931194711684952,0,0,0,0,normal,0,normal
2024-03-07 00:00:00,9.1,79,1013.9,0,normal,0,0.07001718795949308,0,0,0,0,normal,0,normal
2024-03-07 01:00:00,9.5,76,1014.9,0,normal,0,0.07495787550348992,0,0,0,0,normal,0,normal
2024-03-07 02:00:00,10.3,75,1015.4,0,normal,0,0.08488808278700954,0,0,0,0,normal,0,normal
2024-03-07 03:00:00,13.8,75,1016.6,0,normal,0,0.0734045307979056,0,0,0,0,normal,0,normal
2024-03-07 04:00:00,14.0,70,1017.0,0,normal,0,0.08971986856559033,0,0,0,0,normal,0,normal
2024-03-07 05:00:00,16.9,60,1016.9,0,normal,0,0.08915344146786125,0,0,0,0,normal,0,normal
2024-03-07 06:00:00,21.4,47,1016.4,0,normal,0,0.08114226527214746,0,0,0,0,normal,0,normal
2024-03-07 07:00:00,20.8,40,1016.0,0,normal,0,0.10003731294793533,0,0,0,0,normal,0,normal
2024-03-07 08:00:00,21.6,39,1015.2,0,normal,0,0.10044613665064805,0,0,0,0,normal,0,normal
2024-03-07 09:00:00,24.0,36,1014.6,0,normal,0,0.09693890150543233,0,0,0,0,normal,0,normal
2024-03-07 10:00:00,21.8,39,1013.9,0,normal,0,0.10288493795965264,0,0,0,0,normal,0,normal
2024-03-07 11:00:00,21.3,40,1014.1,0,normal,0,0.10003044438686332,0,0,0,0,normal,0,normal
2024-03-07 12:00:00,22.4,62,1041.3,0,normal,1,-0.15287259411958343,0,0,0,0,normal,1,isolation_forest_anomaly
2024-03-07 13:00:00,16.6,59,1014.9,0,normal,1,-0.17441786162693684,0,0,0,0,normal,1,isolation_forest_anomaly
2024-03-07 14:00:00,15.2,64,1015.6,0,normal,1,-0.03574498362411482,0,0,0,0,normal,1,isolation_forest_anomaly
2024-03-07 15:00:00,13.7,70,1016.4,0,normal,0,0.09520298649122122,0,0,0,0,normal,0,normal
2024-03-07 16:00:00,12.5,75,1016.7,0,normal,0,0.09267416488834379,0,0,0,0,normal,0,normal
2024-03-07 17:00:00,11.7,77,1016.7,0,normal,0,0.09186683351499636,0,0,0,0,normal,0,normal
2024-03-07 18:00:00,13.4,67,1016.7,0,normal,0,0.05054729610113795,0,0,0,0,normal,0,normal
2024-03-07 19:00:00,12.3,74,1016.5,0,normal,0,0.08560532108672392,0,0,0,0,normal,0,normal
2024-03-07 20:00:00,11.7,77,1016.3,0,normal,0,0.0926273315228403,0,0,0,0,normal,0,normal
2024-03-07 21:00:00,11.0,80,1015.8,0,normal,0,0.09459308324178373,0,0,0,0,normal,0,normal
2024-03-07 22:00:00,11.1,78,1015.2,0,normal,0,0.08532972375350162,0,0,0,0,normal,0,normal
2024-03-07 23:00:00,10.5,80,1015.0,0,normal,0,0.08326780294745817,0,0,0,0,normal,0,normal
2024-03-08 00:00:00,9.0,85,1015.4,0,normal,0,0.06853241940138405,0,0,0,0,normal,0,normal
2024-03-08 01:00:00,8.4,86,1015.9,0,normal,0,0.08137840039793809,0,0,0,0,normal,0,normal
2024-03-08 02:00:00,10.3,80,1016.3,0,normal,0,0.07861085634744447,0,0,0,0,normal,0,normal
2024-03-08 03:00:00,16.0,69,1017.2,0,normal,0,0.061140918038484315,0,0,0,0,normal,0,normal
2024-03-08 04:00:00,16.7,61,1017.6,0,normal,0,0.08879453842173812,0,0,0,0,normal,0,normal
2024-03-08 05:00:00,19.4,52,1017.8,0,normal,0,0.09695947788849457,0,0,0,0,normal,0,normal
2024-03-08 06:00:00,21.8,47,1010.0,0,normal,0,0.011216728401407694,0,0,0,0,normal,0,normal
2024-03-08 07:00:00,22.3,35,1017.1,0,normal,1,-0.0013888051198969187,0,0,0,0,normal,1,isolation_forest_anomaly
2024-03-08 08:00:00,22.7,34,1016.3,0,normal,0,0.06696390394534829,0,0,0,0,normal,0,normal
2024-03-08 09:00:00,24.8,30,1015.4,0,normal,0,0.09221106744729463,0,0,0,0,normal,0,normal
2024-03-08 10:00:00,22.6,35,1014.9,0,normal,0,0.0996557601908995,0,0,0,0,normal,0,normal
2024-03-08 11:00:00,22.0,37,1014.8,0,normal,0,0.10139615506268146,0,0,0,0,normal,0,normal
2024-03-08 12:00:00,22.8,39,1014.3,0,normal,0,0.0970776683793721,0,0,0,0,normal,0,normal
2024-03-08 13:00:00,17.4,53,1015.3,0,normal,0,0.07860500675966486,0,0,0,0,normal,0,normal
2024-03-08 14:00:00,15.8,59,1015.8,0,normal,0,0.09042608247166106,0,0,0,0,normal,0,normal
2024-03-08 15:00:00,14.9,62,1016.6,0,normal,0,0.09914848922840946,0,0,0,0,normal,0,normal
2024-03-08 16:00:00,13.9,63,1017.0,0,normal,0,0.09368260162186504,0,0,0,0,normal,0,normal
2024-03-08 17:00:00,13.0,67,1017.2,0,normal,0,0.09013244666070053,0,0,0,0,normal,0,normal
2024-03-08 18:00:00,12.1,72,1017.0,0,normal,0,0.08095291453289077,0,0,0,0,normal,0,normal
2024-03-08 19:00:00,11.2,77,1016.9,0,normal,0,0.08524359632596451,0,0,0,0,normal,0,normal
2024-03-08 20:00:00,10.3,81,1016.4,0,normal,0,0.08282072252858119,0,0,0,0,normal,0,normal
2024-03-08 21:00:00,9.9,82,1016.2,0,normal,0,0.09138113736492737,0,0,0,0,normal,0,normal
2024-03-08 22:00:00,9.4,84,1015.5,0,normal,0,0.08117878727788669,0,0,0,0,normal,0,normal
2024-03-08 23:00:00,9.4,83,1015.1,0,normal,0,0.07495796136437755,0,0,0,0,normal,0,normal
2024-03-09 00:00:00,8.8,85,1015.3,1,temp_drift,0,0.07565746660716255,0,0,1,1,temp_drift,1,temp_drift
2024-03-09 01:00:00,9.68888888888889,84,1015.5,1,temp_drift,0,0.08171350446293546,0,0,1,1,temp_drift,1,temp_drift
2024-03-09 02:00:00,10.57777777777778,80,1015.8,1,temp_drift,0,0.08721421582119004,0,0,1,1,temp_drift,1,temp_drift
2024-03-09 03:00:00,11.466666666666669,70,1016.3,1,temp_drift,0,0.08028742226722024,0,0,1,1,temp_drift,1,temp_drift
2024-03-09 04:00:00,12.355555555555556,61,1016.9,1,temp_drift,0,0.07594618068977677,0,0,1,1,temp_drift,1,temp_drift
2024-03-09 05:00:00,13.244444444444444,52,1016.9,1,temp_drift,0,0.07110659896251625,0,0,1,1,temp_drift,1,temp_drift
2024-03-09 06:00:00,14.133333333333333,40,1016.2,1,temp_drift,0,0.050667037960712646,0,0,1,1,temp_drift,1,temp_drift
2024-03-09 07:00:00,15.022222222222222,36,1015.9,1,temp_drift,0,0.060714091421441685,0,0,1,1,temp_drift,1,temp_drift
2024-03-09 08:00:00,15.911111111111111,31,1015.5,1,temp_drift,0,0.06379279845938651,0,0,1,1,temp_drift,1,temp_drift
2024-03-09 09:00:00,16.8,33,1014.5,1,temp_drift,0,0.06514373204917401,0,0,1,1,temp_drift,1,temp_drift
2024-03-09 10:00:00,24.1,30,1014.0,0,normal,0,0.033021348565584696,0,0,0,0,normal,0,normal
2024-03-09 11:00:00,23.6,33,1013.8,0,normal,0,0.08325809337871248,0,0,0,0,normal,0,normal
2024-03-09 12:00:00,24.6,36,1013.4,0,normal,0,0.09942484829319814,0,0,0,0,normal,0,normal
2024-03-09 13:00:00,17.6,57,1013.9,0,normal,0,0.06045822257810696,0,0,0,0,normal,0,normal
2024-03-09 14:00:00,15.4,66,1014.4,0,normal,0,0.0835524834854422,0,0,0,0,normal,0,normal
2024-03-09 15:00:00,14.4,67,1015.2,0,normal,0,0.102142350637765,0,0,0,0,normal,0,normal
2024-03-09 16:00:00,13.7,67,1015.7,0,normal,0,0.0942934201278886,0,0,0,0,normal,0,normal
2024-03-09 17:00:00,13.1,67,1016.0,0,normal,0,0.08828383437597187,0,0,0,0,normal,0,normal
2024-03-09 18:00:00,12.8,66,1016.4,0,normal,0,0.08265399874365048,0,0,0,0,normal,0,normal
2024-03-09 19:00:00,12.0,70,1016.2,0,normal,0,0.08465834090190477,0,0,0,0,normal,0,normal
2024-03-09 20:00:00,11.0,75,1015.8,0,normal,0,0.08481839450712975,0,0,0,0,normal,0,normal
2024-03-09 21:00:00,10.5,79,1015.3,0,normal,0,0.0845114232034847,0,0,0,0,normal,0,normal
2024-03-09 22:00:00,10.4,79,1014.2,0,normal,0,0.07495000536875007,0,0,0,0,normal,0,normal
2024-03-09 23:00:00,9.6,83,1013.6,0,normal,0,0.0735414140795122,0,0,0,0,normal,0,normal
2024-03-10 00:00:00,9.5,82,1013.5,0,normal,0,0.08138758373860727,0,0,0,0,normal,0,normal
2024-03-10 01:00:00,9.0,82,1013.5,0,normal,0,0.0803255376530852,0,0,0,0,normal,0,normal
2024-03-10 02:00:00,10.2,76,1013.9,0,normal,0,0.08163846559165922,0,0,0,0,normal,0,normal
2024-03-10 03:00:00,17.4,72,1014.4,0,normal,0,0.056700012318206705,0,0,0,0,normal,0,normal
2024-03-10 04:00:00,17.4,56,1015.3,0,normal,0,0.07478642563229376,0,0,0,0,normal,0,normal
2024-03-10 05:00:00,20.8,46,1015.8,0,normal,0,0.09595057711773974,0,0,0,0,normal,0,normal
2024-03-10 06:00:00,24.4,40,1015.4,0,normal,0,0.09464168357218344,0,0,0,0,normal,0,normal
2024-03-10 07:00:00,25.1,32,1015.0,0,normal,0,0.10173658638974015,0,0,0,0,normal,0,normal
2024-03-10 08:00:00,25.5,29,1014.2,0,normal,0,0.10054581645906568,0,0,0,0,normal,0,normal
2024-03-10 09:00:00,25.9,27,1013.5,0,normal,0,0.10089120833881904,0,0,0,0,normal,0,normal
2024-03-10 10:00:00,25.5,29,1013.1,0,normal,0,0.09865277753955376,0,0,0,0,normal,0,normal
2024-03-10 11:00:00,25.0,33,1013.1,0,normal,0,0.10270807716066033,0,0,0,0,normal,0,normal
2024-03-10 12:00:00,24.0,39,1013.4,0,normal,0,0.10403085921671201,0,0,0,0,normal,0,normal
2024-03-10 13:00:00,21.3,46,1014.0,0,normal,0,0.10068457015027898,0,0,0,0,normal,0,normal
2024-03-10 14:00:00,21.1,51,1015.1,0,normal,0,0.09765466524611216,0,0,0,0,normal,0,normal
2024-03-10 15:00:00,18.2,67,1015.5,0,normal,0,0.08886727852949372,0,0,0,0,normal,0,normal
2024-03-10 16:00:00,17.2,72,1016.0,0,normal,0,0.10023004198462687,0,0,0,0,normal,0,normal
2024-03-10 17:00:00,16.3,73,1016.7,0,normal,0,0.10484458999077217,0,0,0,0,normal,0,normal
2024-03-10 18:00:00,15.9,72,1016.9,0,normal,0,0.10188527119106527,0,0,0,0,normal,0,normal
2024-03-10 19:00:00,17.2,63,1017.2,0,normal,0,0.07776053786095144,0,0,0,0,normal,0,normal
2024-03-10 20:00:00,15.6,73,1016.9,0,normal,0,0.084395621699277,0,0,0,0,normal,0,normal
2024-03-10 21:00:00,13.4,74,1016.2,0,normal,0,0.08000291463483661,0,0,0,0,normal,0,normal
2024-03-10 22:00:00,14.1,70,999.2322721706076,1,pressure_drop,1,-0.08389132313956205,0,0,0,0,normal,1,isolation_forest_anomaly
2024-03-10 23:00:00,13.4,73,1015.6,0,normal,1,-0.07233163160850076,0,0,0,0,normal,1,isolation_forest_anomaly
2024-03-11 00:00:00,11.3,84,1015.7,0,normal,0,0.002716883677271298,0,0,0,0,normal,0,normal
2024-03-11 01:00:00,11.3,85,1016.1,0,normal,0,0.09181838371337381,0,0,0,0,normal,0,normal
2024-03-11 02:00:00,13.2,78,1017.5,0,normal,0,0.08422033227825704,0,0,0,0,normal,0,normal
2024-03-11 03:00:00,16.4,85,1018.6,0,normal,0,0.07958554090003955,0,0,0,0,normal,0,normal
2024-03-11 04:00:00,20.0,58,1018.8,0,normal,0,0.06405872765184745,0,0,0,0,normal,0,normal
2024-03-11 05:00:00,22.3,47,1018.9,0,normal,0,0.08038116731620765,0,0,0,0,normal,0,normal
2024-03-11 06:00:00,23.6,52,1018.6,0,normal,0,0.08744732191119026,0,0,0,0,normal,0,normal
2024-03-11 07:00:00,24.9,34,1018.1,0,normal,0,0.08097843056874526,0,0,0,0,normal,0,normal
2024-03-11 08:00:00,25.5,32,1017.1,0,normal,0,0.0919785586456967,0,0,0,0,normal,0,normal
2024-03-11 09:00:00,26.6,37,1015.4,0,normal,0,0.09191764962349291,0,0,0,0,normal,0,normal
2024-03-11 10:00:00,24.3,35,1015.8,0,normal,0,0.10020494240375877,0,0,0,0,normal,0,normal
2024-03-11 11:00:00,22.3,46,1016.0,0,normal,0,0.0947250741535205,0,0,0,0,normal,0,normal
2024-03-11 12:00:00,24.6,33,1014.8,0,normal,0,0.07253011379691388,0,0,0,0,normal,0,normal
2024-03-11 13:00:00,18.6,61,1016.7,0,normal,0,0.0465169913137683,0,0,0,0,normal,0,normal
2024-03-11 14:00:00,17.4,69,1016.9,0,normal,0,0.08144272205204339,0,0,0,0,normal,0,normal
2024-03-11 15:00:00,16.7,75,1017.2,0,normal,0,0.10461211113686669,0,0,0,0,normal,0,normal
2024-03-11 16:00:00,15.7,82,1017.1,0,normal,0,0.09991333772354072,0,0,0,0,normal,0,normal
2024-03-11 17:00:00,15.3,86,1017.0,0,normal,0,0.10519724823684046,0,0,0,0,normal,0,normal
2024-03-11 18:00:00,14.9,88,1016.9,0,normal,0,0.10600313395008976,0,0,0,0,normal,0,normal
2024-03-11 19:00:00,14.5,89,1016.4,0,normal,0,0.10731174005312444,0,0,0,0,normal,0,normal
2024-03-11 20:00:00,14.4,88,1016.0,0,normal,0,0.10493962196378709,0,0,0,0,normal,0,normal
2024-03-11 21:00:00,13.8,89,1015.4,0,normal,0,0.10255434745985531,0,0,0,0,normal,0,normal
2024-03-11 22:00:00,12.8,87,1014.4,0,normal,0,0.09203417469697611,0,0,0,0,normal,0,normal
2024-03-11 23:00:00,12.7,89,1014.3,0,normal,0,0.09675404067305876,0,0,0,0,normal,0,normal
2024-03-12 00:00:00,12.4,92,1014.6,0,normal,0,0.0964497920919532,0,0,0,0,normal,0,normal
2024-03-12 01:00:00,12.0,93,1015.2,0,normal,0,0.10386108383868825,0,0,0,0,normal,0,normal
2024-03-12 02:00:00,13.0,89,1016.0,0,normal,0,0.10086869084333505,0,0,0,0,normal,0,normal
2024-03-12 03:00:00,19.2,74,1016.3,0,normal,0,0.07278134377021761,0,0,0,0,normal,0,normal
2024-03-12 04:00:00,19.6,67,1016.6,0,normal,0,0.09950088446150873,0,0,0,0,normal,0,normal
2024-03-12 05:00:00,22.6,54,1016.6,0,normal,0,0.10168641576887583,0,0,0,0,normal,0,normal
2024-03-12 06:00:00,25.6,44,1016.1,0,normal,0,0.10395670539305757,0,0,0,0,normal,0,normal
2024-03-12 07:00:00,25.4,36,1015.6,0,normal,0,0.10348847917079618,0,0,0,0,normal,0,normal
2024-03-12 08:00:00,26.0,34,1014.6,0,normal,0,0.10662681029836213,0,0,0,0,normal,0,normal
2024-03-12 09:00:00,27.4,40,1013.2,0,normal,0,0.10295204341410957,0,0,0,0,normal,0,normal
2024-03-12 10:00:00,26.0,33,1012.9,0,normal,0,0.105249471491272,0,0,0,0,normal,0,normal
2024-03-12 11:00:00,25.4,34,1012.7,0,normal,0,0.11116253129368336,0,0,0,0,normal,0,normal
2024-03-12 12:00:00,25.8,37,1012.6,0,normal,0,0.10316985711648735,0,0,0,0,normal,0,normal
2024-03-12 13:00:00,21.7,47,1012.9,0,normal,0,0.0943018774927103,0,0,0,0,normal,0,normal
2024-03-12 14:00:00,19.8,51,1013.6,0,normal,0,0.10116046725077127,0,0,0,0,normal,0,normal
2024-03-12 15:00:00,18.4,57,1014.0,0,normal,0,0.10569700341497218,0,0,0,0,normal,0,normal
2024-03-12 16:00:00,16.8,69,1014.1,0,normal,0,0.09795081323251481,0,0,0,0,normal,0,normal
2024-03-12 17:00:00,16.3,72,1014.1,0,normal,0,0.10500929468249626,0,0,0,0,normal,0,normal
2024-03-12 18:00:00,16.2,72,1013.6,0,normal,0,0.10258080274193115,0,0,0,0,normal,0,normal
2024-03-12 19:00:00,15.3,77,1013.3,0,normal,0,0.11030294206582125,0,0,0,0,normal,0,normal
2024-03-12 20:00:00,13.8,83,1012.9,0,normal,0,0.10202216025839761,0,0,0,0,normal,0,normal
2024-03-12 21:00:00,14.0,81,1012.0,0,normal,0,0.10118866534031357,0,0,0,0,normal,0,normal
2024-03-12 22:00:00,13.1,85,1011.1,0,normal,0,0.09462664290005213,0,0,0,0,normal,0,normal
2024-03-12 23:00:00,12.2,89,1010.8,0,normal,0,0.09128882548884187,0,0,0,0,normal,0,normal
2024-03-13 00:00:00,14.0,80,1011.0,0,normal,0,0.07739086777507709,0,0,0,0,normal,0,normal
2024-03-13 01:00:00,13.6,81,1011.4,0,normal,0,0.10402471708313621,0,0,0,0,normal,0,normal
2024-03-13 02:00:00,13.7,83,1011.6,0,normal,0,0.10404686651659334,0,0,0,0,normal,0,normal
2024-03-13 03:00:00,17.8,78,1012.0,0,normal,0,0.09635939994950193,0,0,0,0,normal,0,normal
2024-03-13 04:00:00,19.0,66,1012.9,0,normal,0,0.10058600370319032,0,0,0,0,normal,0,normal
2024-03-13 05:00:00,20.1,62,1012.9,0,normal,0,0.10859655260464107,0,0,0,0,normal,0,normal
2024-03-13 06:00:00,23.8,58,1012.7,0,normal,0,0.10466123005854555,0,0,0,0,normal,0,normal
2024-03-13 07:00:00,23.0,49,1013.2,0,normal,0,0.10521943651106863,0,0,0,0,normal,0,normal
2024-03-13 08:00:00,21.4,54,1013.0,0,normal,0,0.10482970235995903,0,0,0,0,normal,0,normal
2024-03-13 09:00:00,21.2,68,1012.8,0,normal,0,0.10638657872746526,0,0,0,0,normal,0,normal
2024-03-13 10:00:00,21.7,51,1011.7,0,normal,0,0.09018171664948027,0,0,0,0,normal,0,normal
2024-03-13 11:00:00,21.6,50,1011.4,0,normal,0,0.10905512245103594,0,0,0,0,normal,0,normal
2024-03-13 12:00:00,21.4,57,1010.7,0,normal,0,0.10677626222492653,0,0,0,0,normal,0,normal
2024-03-13 13:00:00,17.6,78,1011.7,0,normal,0,0.08609694119506983,0,0,0,0,normal,0,normal
2024-03-13 14:00:00,16.3,84,1012.4,0,normal,0,0.09946993162499235,0,0,0,0,normal,0,normal
2024-03-13 15:00:00,14.8,91,1013.2,0,normal,0,0.096232749269334,0,0,0,0,normal,0,normal
2024-03-13 16:00:00,15.3,87,1013.4,0,normal,0,0.0993650470954548,0,0,0,0,normal,0,normal
2024-03-13 17:00:00,14.1,90,1013.5,0,normal,0,0.10582605587294863,0,0,0,0,normal,0,normal
2024-03-13 18:00:00,14.6,87,1013.6,0,normal,0,0.09930184925669933,0,0,0,0,normal,0,normal
2024-03-13 19:00:00,13.5,86,1014.3,0,normal,0,0.09965420803093777,0,0,0,0,normal,0,normal
2024-03-13 20:00:00,12.8,89,1014.3,0,normal,0,0.10623940283002464,0,0,0,0,normal,0,normal
2024-03-13 21:00:00,12.1,91,1014.1,0,normal,0,0.10602718379172538,0,0,0,0,normal,0,normal
2024-03-13 22:00:00,11.3,91,1013.8,0,normal,0,0.10016854725108448,0,0,0,0,normal,0,normal
2024-03-13 23:00:00,11.1,91,1014.2,0,normal,0,0.08339032682622433,0,0,0,0,normal,0,normal
2024-03-14 00:00:00,11.4,89,1014.7,0,normal,0,0.08827733205707045,0,0,0,0,normal,0,normal
2024-03-14 01:00:00,9.8,93,1015.7,0,normal,0,0.07286161506538674,0,0,0,0,normal,0,normal
2024-03-14 02:00:00,12.0,86,1016.5,0,normal,0,0.08366395689350425,0,0,0,0,normal,0,normal
2024-03-14 03:00:00,16.2,77,1017.6,0,normal,0,0.07979314904094481,0,0,0,0,normal,0,normal
2024-03-14 04:00:00,18.8,59,1017.9,0,normal,0,0.08404038802820923,0,0,0,0,normal,0,normal
2024-03-14 05:00:00,21.7,48,1017.8,0,normal,0,0.0936007710239462,0,0,0,0,normal,0,normal
2024-03-14 06:00:00,24.6,43,1017.2,0,normal,0,0.09675284929418865,0,0,0,0,normal,0,normal
2024-03-14 07:00:00,25.0,38,1017.1,0,normal,0,0.09823579793252762,0,0,0,0,normal,0,normal
2024-03-14 08:00:00,25.8,35,1016.2,0,normal,0,0.10426154851045183,0,0,0,0,normal,0,normal
2024-03-14 09:00:00,27.4,32,1015.0,0,normal,0,0.10369539605943556,0,0,0,0,normal,0,normal
2024-03-14 10:00:00,26.3,31,1014.3,0,normal,0,0.10236797045660184,0,0,0,0,normal,0,normal
2024-03-14 11:00:00,25.7,33,1013.9,0,normal,0,0.10409327696042875,0,0,0,0,normal,0,normal
2024-03-14 12:00:00,25.2,43,1014.0,0,normal,0,0.10356710465024965,0,0,0,0,normal,0,normal
2024-03-14 13:00:00,21.5,43,1014.2,0,normal,0,0.09635402157605039,0,0,0,0,normal,0,normal
2024-03-14 14:00:00,20.0,48,1014.8,0,normal,0,0.09337685971291837,0,0,0,0,normal,0,normal
2024-03-14 15:00:00,18.7,55,1015.8,0,normal,0,0.0961454423287762,0,0,0,0,normal,0,normal
2024-03-14 16:00:00,17.5,59,1016.0,0,normal,0,0.09951741358280325,0,0,0,0,normal,0,normal
2024-03-14 17:00:00,16.4,62,1016.1,0,normal,0,0.10344164002064449,0,0,0,0,normal,0,normal
2024-03-14 18:00:00,15.2,65,1016.1,0,normal,0,0.09763684810191525,0,0,0,0,normal,0,normal
2024-03-14 19:00:00,14.1,67,1015.7,0,normal,0,0.09773082326422522,0,0,0,0,normal,0,normal
2024-03-14 20:00:00,13.8,57,1014.8,0,normal,0,0.06882828375402766,0,0,0,0,normal,0,normal
2024-03-14 21:00:00,13.1,60,1014.1,0,normal,0,0.07743936707698745,0,0,0,0,normal,0,normal
2024-03-14 22:00:00,12.1,65,1013.5,0,normal,0,0.07798458674852621,0,0,0,0,normal,0,normal
2024-03-14 23:00:00,11.5,68,1013.0,0,normal,0,0.07104374891160364,0,0,0,0,normal,0,normal
2024-03-15 00:00:00,11.2,70,1012.9,0,normal,0,0.07790302521991949,0,0,0,0,normal,0,normal
2024-03-15 01:00:00,11.1,74,1014.1,0,normal,0,0.06820349277254378,0,0,0,0,normal,0,normal
2024-03-15 02:00:00,12.1,71,1014.4,0,normal,0,0.0901563294407432,0,0,0,0,normal,0,normal
2024-03-15 03:00:00,17.0,61,1014.6,0,normal,0,0.07607632013583182,0,0,0,0,normal,0,normal
2024-03-15 04:00:00,17.9,53,1015.6,0,normal,0,0.09071366936282532,0,0,0,0,normal,0,normal
2024-03-15 05:00:00,20.6,46,1015.6,0,normal,0,0.10048293959471966,0,0,0,0,normal,0,normal
2024-03-15 06:00:00,24.6,38,1014.5,0,normal,0,0.08866985809021388,0,0,0,0,normal,0,normal
2024-03-15 07:00:00,24.8,32,1014.7,0,normal,0,0.10041857358585793,0,0,0,0,normal,0,normal
2024-03-15 08:00:00,26.3,27,1013.7,0,normal,0,0.09716811947105458,0,0,0,0,normal,0,normal
2024-03-15 09:00:00,27.4,33,1012.8,0,normal,0,0.10003418785670964,0,0,0,0,normal,0,normal
2024-03-15 10:00:00,26.6,24,1012.2,0,normal,0,0.09357834930360848,0,0,0,0,normal,0,normal
2024-03-15 11:00:00,26.0,25,1012.0,0,normal,0,0.09976337033184496,0,0,0,0,normal,0,normal
2024-03-15 12:00:00,25.4,40,1011.9,0,normal,0,0.08953967605872204,0,0,0,0,normal,0,normal
2024-03-15 13:00:00,19.9,43,1012.2,0,normal,0,0.08706766887740913,0,0,0,0,normal,0,normal
2024-03-15 14:00:00,18.0,54,1013.4,0,normal,0,0.08596905385399584,0,0,0,0,normal,0,normal
2024-03-15 15:00:00,16.3,63,1014.0,0,normal,0,0.09878954770197634,0,0,0,0,normal,0,normal
2024-03-15 16:00:00,15.3,68,1014.3,0,normal,0,0.10377606349666801,0,0,0,0,normal,0,normal
2024-03-15 17:00:00,14.3,73,1014.6,0,normal,0,0.10409805143946615,0,0,0,0,normal,0,normal
2024-03-15 18:00:00,13.3,78,1014.7,0,normal,0,0.10204985353960139,0,0,0,0,normal,0,normal
2024-03-15 19:00:00,12.5,81,1014.9,0,normal,0,0.10029836915860008,0,0,0,0,normal,0,normal
2024-03-15 20:00:00,11.7,83,1015.2,0,normal,0,0.10081836249157755,0,0,0,0,normal,0,normal
2024-03-15 21:00:00,11.2,85,1015.1,0,normal,0,0.09843350175807813,0,0,0,0,normal,0,normal
2024-03-15 22:00:00,10.9,86,1015.0,0,normal,0,0.09376913766947742,0,0,0,0,normal,0,normal
2024-03-15 23:00:00,10.4,88,1015.0,0,normal,0,0.0861015725477362,0,0,0,0,normal,0,normal
2024-03-16 00:00:00,10.2,88,1015.3,0,normal,0,0.08817068132122202,0,0,0,0,normal,0,normal
2024-03-16 01:00:00,9.8,89,1016.1,0,normal,0,0.08700274750962672,0,0,0,0,normal,0,normal
2024-03-16 02:00:00,11.7,85,1016.9,0,normal,0,0.08681936391185985,0,0,0,0,normal,0,normal
2024-03-16 03:00:00,18.8,72,1017.4,0,normal,0,0.05881417696585145,0,0,0,0,normal,0,normal
2024-03-16 04:00:00,19.7,55,1017.4,0,normal,0,0.07823655623657105,0,0,0,0,normal,0,normal
2024-03-16 05:00:00,22.7,45,1017.1,0,normal,0,0.09503474190385225,0,0,0,0,normal,0,normal
2024-03-16 06:00:00,25.2,36,1016.3,0,normal,0,0.09840601782598546,0,0,0,0,normal,0,normal
2024-03-16 07:00:00,26.5,29,1016.1,0,normal,0,0.0993749287292866,0,0,0,0,normal,0,normal
2024-03-16 08:00:00,27.4,25,1015.5,0,normal,0,0.0935971111684783,0,0,0,0,normal,0,normal
2024-03-16 09:00:00,27.8,35,1014.4,0,normal,0,0.09529961141945903,0,0,0,0,normal,0,normal
2024-03-16 10:00:00,27.7,21,1013.9,0,normal,0,0.07853449812239682,0,0,0,0,normal,0,normal
2024-03-16 11:00:00,27.0,22,1013.9,0,normal,0,0.08803327350487833,0,0,0,0,normal,0,normal
2024-03-16 12:00:00,25.8,38,1010.8,0,normal,0,0.05245956571218091,0,0,0,0,normal,0,normal
2024-03-16 13:00:00,21.3,39,1014.5,0,normal,0,0.047330442541583806,0,0,0,0,normal,0,normal
2024-03-16 14:00:00,20.3,39,1015.4,0,normal,0,0.06693525648148935,0,0,0,0,normal,0,normal
2024-03-16 15:00:00,18.7,45,1015.8,0,normal,0,0.08965115161014064,0,0,0,0,normal,0,normal
2024-03-16 16:00:00,16.3,56,1016.2,0,normal,0,0.0754009111870596,0,0,0,0,normal,0,normal
2024-03-16 17:00:00,15.2,62,1016.5,0,normal,0,0.0879278039830445,0,0,0,0,normal,0,normal
2024-03-16 18:00:00,14.4,66,1016.6,0,normal,0,0.09344470623590712,0,0,0,0,normal,0,normal
2024-03-16 19:00:00,14.1,55,1015.7,0,normal,0,0.06415116512518348,0,0,0,0,normal,0,normal
2024-03-16 20:00:00,13.9,56,1015.3,0,normal,0,0.0803123896740463,0,0,0,0,normal,0,normal
2024-03-16 21:00:00,12.9,60,1014.6,0,normal,0,0.0785108064353251,0,0,0,0,normal,0,normal
2024-03-16 22:00:00,12.4,61,1014.3,0,normal,0,0.08467170336223562,0,0,0,0,normal,0,normal
2024-03-16 23:00:00,12.5,60,1014.1,0,normal,0,0.07157026340359463,0,0,0,0,normal,0,normal
2024-03-17 00:00:00,12.4,61,1014.4,0,normal,0,0.06750514698611265,0,0,0,0,normal,0,normal
2024-03-17 01:00:00,11.9,64,1014.8,0,normal,0,0.07361525533242214,0,0,0,0,normal,0,normal
2024-03-17 02:00:00,13.5,62,1015.4,0,normal,0,0.0803194051462916,0,0,0,0,normal,0,normal
2024-03-17 03:00:00,19.2,76,1016.1,0,normal,0,0.06307527240386135,0,0,0,0,normal,0,normal
2024-03-17 04:00:00,20.9,48,1016.6,0,normal,0,0.07163831878478849,0,0,0,0,normal,0,normal
2024-03-17 05:00:00,24.1,39,1016.6,0,normal,0,0.08989786378609593,0,0,0,0,normal,0,normal
2024-03-17 06:00:00,25.0,48,1016.6,0,normal,0,0.0934259088382885,0,0,0,0,normal,0,normal
2024-03-17 07:00:00,27.2,28,1016.0,0,normal,0,0.07925453130417953,0,0,0,0,normal,0,normal
2024-03-17 08:00:00,28.0,24,1015.2,0,normal,0,0.09393806098899654,0,0,0,0,normal,0,normal
2024-03-17 09:00:00,27.6,42,1014.1,0,normal,0,0.08467234010082741,0,0,0,0,normal,0,normal
2024-03-17 10:00:00,27.8,22,1013.4,0,normal,0,0.07159063705649976,0,0,0,0,normal,0,normal
2024-03-17 11:00:00,27.5,22,1013.5,0,normal,0,0.0832503452783559,0,0,0,0,normal,0,normal
2024-03-17 12:00:00,25.4,38,1012.7,0,normal,0,0.08101928392759711,0,0,0,0,normal,0,normal
2024-03-17 13:00:00,22.4,36,1013.6,0,normal,0,0.0930944329132512,0,0,0,0,normal,0,normal
2024-03-17 14:00:00,20.3,43,1014.0,0,normal,0,0.09074429696470243,0,0,0,0,normal,0,normal
2024-03-17 15:00:00,18.5,50,1014.3,0,normal,0,0.09616284853682633,0,0,0,0,normal,0,normal
2024-03-17 16:00:00,16.2,62,1015.0,0,normal,0,0.08262169360656269,0,0,0,0,normal,0,normal
2024-03-17 17:00:00,15.4,66,1015.0,0,normal,0,0.10233990669614346,0,0,0,0,normal,0,normal
2024-03-17 18:00:00,15.2,68,1014.9,0,normal,0,0.1018661116733659,0,0,0,0,normal,0,normal
2024-03-17 19:00:00,15.1,69,1014.3,0,normal,0,0.09752595609330744,0,0,0,0,normal,0,normal
2024-03-17 20:00:00,14.6,72,1014.1,0,normal,0,0.10412722040018874,0,0,0,0,normal,0,normal
2024-03-17 21:00:00,14.2,65,1013.3,0,normal,0,0.08347037710652305,0,0,0,0,normal,0,normal
2024-03-17 22:00:00,13.0,70,1013.0,0,normal,0,0.08869025596241797,0,0,0,0,normal,0,normal
2024-03-17 23:00:00,12.7,73,1012.6,0,normal,0,0.08649505015995251,0,0,0,0,normal,0,normal
2024-03-18 00:00:00,11.7,79,1012.8,0,normal,0,0.08559714877530983,0,0,0,0,normal,0,normal
2024-03-18 01:00:00,11.1,83,1013.1,0,normal,0,0.09285320786410894,0,0,0,0,normal,0,normal
2024-03-18 02:00:00,13.6,73,1013.6,0,normal,0,0.09370000230599945,0,0,0,0,normal,0,normal
2024-03-18 03:00:00,20.2,71,1014.2,0,normal,0,0.07945081330571307,0,0,0,0,normal,0,normal
2024-03-18 04:00:00,21.1,52,1014.5,0,normal,0,0.08952851234067044,0,0,0,0,normal,0,normal
2024-03-18 05:00:00,24.0,41,1014.4,0,normal,0,0.10000717717877428,0,0,0,0,normal,0,normal
2024-03-18 06:00:00,27.2,38,1013.9,0,normal,0,0.10098635409875822,0,0,0,0,normal,0,normal
2024-03-18 07:00:00,27.6,28,1013.7,0,normal,0,0.10136736167377969,0,0,0,0,normal,0,normal
2024-03-18 08:00:00,28.5,24,1012.9,0,normal,0,0.09948482638837691,0,0,0,0,normal,0,normal
2024-03-18 09:00:00,29.4,27,1011.6,0,normal,0,0.09754909610053664,0,0,0,0,normal,0,normal
2024-03-18 10:00:00,28.7,23,1011.3,0,normal,0,0.09803260771966527,0,0,0,0,normal,0,normal
2024-03-18 11:00:00,28.1,24,1010.9,0,normal,0,0.09675745442857536,0,0,0,0,normal,0,normal
2024-03-18 12:00:00,28.0,41,1009.6,0,normal,0,0.08672175570367929,0,0,0,0,normal,0,normal
2024-03-18 13:00:00,22.2,43,1011.3,0,normal,0,0.07896852179938718,0,0,0,0,normal,0,normal
2024-03-18 14:00:00,20.4,47,1012.0,0,normal,0,0.0939772322868358,0,0,0,0,normal,0,normal
2024-03-18 15:00:00,19.0,48,1012.6,0,normal,0,0.10431152557160045,0,0,0,0,normal,0,normal
2024-03-18 16:00:00,17.1,53,1012.6,0,normal,0,0.0945074290527963,0,0,0,0,normal,0,normal
2024-03-18 17:00:00,17.2,55,1013.1,0,normal,0,0.09516406242344155,0,0,0,0,normal,0,normal
2024-03-18 18:00:00,17.3,54,1012.9,0,normal,0,0.09400135594404518,0,0,0,0,normal,0,normal
2024-03-18 19:00:00,18.2,50,1012.4,0,normal,0,0.08306549612201586,0,0,0,0,normal,0,normal
2024-03-18 20:00:00,16.8,55,1012.3,0,normal,0,0.08933545179699476,0,0,0,0,normal,0,normal
2024-03-18 21:00:00,13.8,65,1011.9,0,normal,0,0.0642655753800952,0,0,0,0,normal,0,normal
2024-03-18 22:00:00,15.1,59,1011.3,0,normal,0,0.07918045154373943,0,0,0,0,normal,0,normal
2024-03-18 23:00:00,13.3,64,1011.2,0,normal,0,0.08116802963972597,0,0,0,0,normal,0,normal
2024-03-19 00:00:00,12.5,65,1011.7,0,normal,0,0.0813233640751661,0,0,0,0,normal,0,normal
2024-03-19 01:00:00,12.2,65,1012.3,0,normal,0,0.08505891242323033,0,0,0,0,normal,0,normal
2024-03-19 02:00:00,13.5,74,1013.0,0,normal,0,0.07897590220708434,0,0,0,0,normal,0,normal
2024-03-19 03:00:00,20.6,65,1014.5,0,normal,0,0.05566424096423195,0,0,0,0,normal,0,normal
2024-03-19 04:00:00,21.8,45,1014.7,0,normal,0,0.08159043615032241,0,0,0,0,normal,0,normal
2024-03-19 05:00:00,24.8,36,1014.6,0,normal,0,0.09811796226118458,0,0,0,0,normal,0,normal
2024-03-19 06:00:00,27.6,43,1014.0,0,normal,0,0.09290790112318209,0,0,0,0,normal,0,normal
2024-03-19 07:00:00,27.8,29,1013.7,0,normal,0,0.0997337749074112,0,0,0,0,normal,0,normal
2024-03-19 08:00:00,28.6,28,1012.9,0,normal,0,0.10417192164398198,0,0,0,0,normal,0,normal
2024-03-19 09:00:00,29.4,40,1011.8,0,normal,0,0.09903233415146656,0,0,0,0,normal,0,normal
2024-03-19 10:00:00,28.6,22,1011.8,0,normal,0,0.08135372570850175,0,0,0,0,normal,0,normal
2024-03-19 11:00:00,28.6,22,1011.7,0,normal,0,0.08859553826815703,0,0,0,0,normal,0,normal
2024-03-19 12:00:00,27.6,49,1011.0,0,normal,0,0.0637882112082081,0,0,0,0,normal,0,normal
2024-03-19 13:00:00,23.1,38,1011.8,0,normal,0,0.08021440190004786,0,0,0,0,normal,0,normal
2024-03-19 14:00:00,20.5,48,1012.6,0,normal,0,0.09481679696482181,0,0,0,0,normal,0,normal
2024-03-19 15:00:00,19.5,51,1013.1,0,normal,0,0.10622551194730445,0,0,0,0,normal,0,normal
2024-03-19 16:00:00,18.4,54,1013.3,0,normal,0,0.10165336939597025,0,0,0,0,normal,0,normal
2024-03-19 17:00:00,17.6,57,1013.4,0,normal,0,0.10339655397235609,0,0,0,0,normal,0,normal
2024-03-19 18:00:00,17.8,56,1013.5,0,normal,0,0.0969770345270673,0,0,0,0,normal,0,normal
2024-03-19 19:00:00,18.2,54,1013.5,0,normal,0,0.09070560437019115,0,0,0,0,normal,0,normal
2024-03-19 20:00:00,18.8,51,1013.7,0,normal,0,0.08277473160158766,0,0,0,0,normal,0,normal
2024-03-19 21:00:00,17.2,57,1013.5,0,normal,0,0.08991962363222056,0,0,0,0,normal,0,normal
2024-03-19 22:00:00,14.7,67,1013.4,0,normal,0,0.07254369371401037,0,0,0,0,normal,0,normal
2024-03-19 23:00:00,14.7,67,1013.8,0,normal,0,0.08782848575406693,0,0,0,0,normal,0,normal
2024-03-20 00:00:00,13.9,79,1014.2,0,normal,0,0.07683249756624982,0,0,0,0,normal,0,normal
2024-03-20 01:00:00,14.3,77,1014.4,0,normal,0,0.0988795732796583,0,0,0,0,normal,0,normal
2024-03-20 02:00:00,15.1,77,1015.1,0,normal,0,0.10376770051244599,0,0,0,0,normal,0,normal
2024-03-20 03:00:00,21.2,64,1014.9,0,normal,0,0.07981179217912915,0,0,0,0,normal,0,normal
2024-03-20 04:00:00,22.6,54,1016.2,0,normal,0,0.09513941602436449,0,0,0,0,normal,0,normal
2024-03-20 05:00:00,26.5,40,1015.9,0,normal,0,0.09618117335543591,0,0,0,0,normal,0,normal
2024-03-20 06:00:00,28.6,51,1014.2,0,normal,0,0.0799095308686239,0,0,0,0,normal,0,normal
2024-03-20 07:00:00,29.4,30,1014.6,0,normal,0,0.08399812876073887,0,0,0,0,normal,0,normal
2024-03-20 08:00:00,30.0,27,1013.6,0,normal,0,0.09446888238195361,0,0,0,0,normal,0,normal
2024-03-20 09:00:00,30.8,43,1010.8,0,normal,0,0.060681097080112545,0,0,0,0,normal,0,normal
2024-03-20 10:00:00,30.6,26,1011.1,0,normal,0,0.08375944798548707,0,0,0,0,normal,0,normal
2024-03-20 11:00:00,29.9,26,1010.9,0,normal,0,0.1022821307927475,0,0,0,0,normal,0,normal
2024-03-20 12:00:00,29.0,50,1009.8,0,normal,0,0.07984824839759108,0,0,0,0,normal,0,normal
2024-03-20 13:00:00,24.3,40,1011.2,0,normal,0,0.08096293283030231,0,0,0,0,normal,0,normal
2024-03-20 14:00:00,22.6,45,1011.5,0,normal,0,0.10548974639076136,0,0,0,0,normal,0,normal
2024-03-20 15:00:00,22.3,48,1012.5,0,normal,0,0.10619577949161518,0,0,0,0,normal,0,normal
2024-03-20 16:00:00,21.1,54,1013.2,0,normal,0,0.10202525245619576,0,0,0,0,normal,0,normal
2024-03-20 17:00:00,19.8,61,1013.7,0,normal,0,0.10731152189995036,0,0,0,0,normal,0,normal
2024-03-20 18:00:00,18.5,67,1014.0,0,normal,0,0.10505348792129687,0,0,0,0,normal,0,normal
2024-03-20 19:00:00,20.5,57,1013.8,0,normal,0,0.07515789934951644,0,0,0,0,normal,0,normal
2024-03-20 20:00:00,17.8,62,1013.0,0,normal,0,0.08841723393465711,0,0,0,0,normal,0,normal
2024-03-20 21:00:00,16.9,67,1012.3,0,normal,0,0.09107615113344397,0,0,0,0,normal,0,normal
2024-03-20 22:00:00,16.5,71,1012.2,0,normal,0,0.10306983180457696,0,0,0,0,normal,0,normal
2024-03-20 23:00:00,16.4,71,1012.0,0,normal,0,0.09794882023139945,0,0,0,0,normal,0,normal
2024-03-21 00:00:00,17.0,67,1012.6,0,normal,0,0.09204259630210965,0,0,0,0,normal,0,normal
2024-03-21 01:00:00,16.9,68,1013.8,0,normal,0,0.09506920033071292,0,0,0,0,normal,0,normal
2024-03-21 02:00:00,17.6,72,1014.3,0,normal,0,0.10048111840165386,0,0,0,0,normal,0,normal
2024-03-21 03:00:00,19.8,83,1014.5,0,normal,0,0.09195745188135734,0,0,0,0,normal,0,normal
2024-03-21 04:00:00,22.0,61,1014.8,0,normal,0,0.08816216327445514,0,0,0,0,normal,0,normal
2024-03-21 05:00:00,23.9,54,1014.7,0,normal,0,0.10694280448357874,0,0,0,0,normal,0,normal
2024-03-21 06:00:00,23.6,67,1014.1,0,normal,0,0.09654982985688682,0,0,0,0,normal,0,normal
2024-03-21 07:00:00,26.5,46,1013.6,0,normal,0,0.09218098501495298,0,0,0,0,normal,0,normal
2024-03-21 08:00:00,27.3,43,1012.3,0,normal,0,0.10689317231252321,0,0,0,0,normal,0,normal
2024-03-21 09:00:00,26.2,68,1011.4,0,normal,0,0.08055018555525034,0,0,0,0,normal,0,normal
2024-03-21 10:00:00,27.6,45,1010.6,0,normal,0,0.08612839397187844,0,0,0,0,normal,0,normal
2024-03-21 11:00:00,27.1,46,1010.3,0,normal,0,0.11506636769798012,0,0,0,0,normal,0,normal
2024-03-21 12:00:00,25.8,67,1010.2,0,normal,0,0.09917783178658995,0,0,0,0,normal,0,normal
2024-03-21 13:00:00,23.2,63,1010.8,0,normal,0,0.10901092155375391,0,0,0,0,normal,0,normal
2024-03-21 14:00:00,22.9,63,1011.2,0,normal,0,0.11436078010547834,0,0,0,0,normal,0,normal
2024-03-21 15:00:00,22.5,64,1011.8,0,normal,0,0.11404723223548902,0,0,0,0,normal,0,normal
2024-03-21 16:00:00,20.3,74,1012.2,0,normal,0,0.10417992286200728,0,0,0,0,normal,0,normal
2024-03-21 17:00:00,19.4,77,1012.4,0,normal,0,0.11464855868591045,0,0,0,0,normal,0,normal
2024-03-21 18:00:00,19.1,76,1012.2,0,normal,0,0.10977293647129821,0,0,0,0,normal,0,normal
2024-03-21 19:00:00,20.2,70,1011.4,0,normal,0,0.08612842207140126,0,0,0,0,normal,0,normal
2024-03-21 20:00:00,19.5,71,1012.6,0,normal,0,0.09927173565820163,0,0,0,0,normal,0,normal
2024-03-21 21:00:00,19.9,69,1011.5,0,normal,0,0.08580417949089048,0,0,0,0,normal,0,normal
2024-03-21 22:00:00,19.9,67,1010.9,0,normal,0,0.09417605458100398,0,0,0,0,normal,0,normal
2024-03-21 23:00:00,19.1,70,1010.9,0,normal,0,0.09374236374882339,0,0,0,0,normal,0,normal
2024-03-22 00:00:00,19.0,70,1010.6,0,normal,0,0.09202328421874056,0,0,0,0,normal,0,normal
2024-03-22 01:00:00,18.2,72,1011.0,0,normal,0,0.10141181712788988,0,0,0,0,normal,0,normal
2024-03-22 02:00:00,19.3,68,1011.2,0,normal,0,0.10522880939964768,0,0,0,0,normal,0,normal
2024-03-22 03:00:00,20.0,87,1012.4,0,normal,0,0.08022491037633589,0,0,0,0,normal,0,normal
2024-03-22 04:00:00,23.2,58,1012.5,0,normal,0,0.07661016099079176,0,0,0,0,normal,0,normal
2024-03-22 05:00:00,25.1,53,1012.6,0,normal,0,0.10205390950827115,0,0,0,0,normal,0,normal
2024-03-22 06:00:00,26.9,46,1012.2,0,normal,0,0.11001837394652186,0,0,0,0,normal,0,normal
2024-03-22 07:00:00,28.2,41,1011.3,0,normal,0,0.11156842762175906,0,0,0,0,normal,0,normal
2024-03-22 08:00:00,28.7,39,1010.1,0,normal,0,0.11377236485914771,0,0,0,0,normal,0,normal
2024-03-22 09:00:00,29.0,53,1008.0,0,normal,0,0.08998994213890599,0,0,0,0,normal,0,normal
2024-03-22 10:00:00,28.9,36,1008.0,0,normal,0,0.09093640050725005,0,0,0,0,normal,0,normal
2024-03-22 11:00:00,28.5,37,1007.4,0,normal,0,0.10896626535979131,0,0,0,0,normal,0,normal
2024-03-22 12:00:00,27.4,66,1005.5,0,normal,0,0.05675589523534358,0,0,0,0,normal,0,normal
2024-03-22 13:00:00,24.2,54,1007.1,0,normal,0,0.08083378933329155,0,0,0,0,normal,0,normal
2024-03-22 14:00:00,22.9,56,1007.6,0,normal,0,0.10996870140115017,0,0,0,0,normal,0,normal
2024-03-22 15:00:00,21.9,58,1008.3,0,normal,0,0.11463782990572918,0,0,0,0,normal,0,normal
2024-03-22 16:00:00,21.0,64,1008.8,0,normal,0,0.1127981053401732,0,0,0,0,normal,0,normal
2024-03-22 17:00:00,20.3,71,1009.3,0,normal,0,0.11094277589282331,0,0,0,0,normal,0,normal
2024-03-22 18:00:00,19.7,75,1009.4,0,normal,0,0.11329264512714443,0,0,0,0,normal,0,normal
2024-03-22 19:00:00,19.0,78,1009.2,0,normal,0,0.11395619848655231,0,0,0,0,normal,0,normal
2024-03-22 20:00:00,18.7,79,1009.3,0,normal,0,0.11153119211975027,0,0,0,0,normal,0,normal
2024-03-22 21:00:00,18.2,80,1009.2,0,normal,0,0.11144141385813089,0,0,0,0,normal,0,normal
2024-03-22 22:00:00,16.8,91,1008.4,0,normal,0,0.08176240368433912,0,0,0,0,normal,0,normal
2024-03-22 23:00:00,16.1,92,1008.1,0,normal,0,0.09247819816760394,0,0,0,0,normal,0,normal
2024-03-23 00:00:00,15.3,94,1008.3,0,normal,0,0.08972891266446797,0,0,0,0,normal,0,normal
2024-03-23 01:00:00,15.0,94,1008.7,0,normal,0,0.0992769274960571,0,0,0,0,normal,0,normal
2024-03-23 02:00:00,16.7,83,1009.2,0,normal,0,0.09417568416875732,0,0,0,0,normal,0,normal
2024-03-23 03:00:00,23.2,69,1009.0,0,normal,0,0.0769000999416985,0,0,0,0,normal,0,normal
2024-03-23 04:00:00,23.4,56,1009.9,0,normal,0,0.09869865894571811,0,0,0,0,normal,0,normal
2024-03-23 05:00:00,26.8,43,1009.8,0,normal,0,0.10762524987074501,0,0,0,0,normal,0,normal
2024-03-23 06:00:00,28.4,44,1008.9,0,normal,0,0.11073314914146598,0,0,0,0,normal,0,normal
2024-03-23 07:00:00,29.3,32,1009.1,0,normal,0,0.10552822488102226,0,0,0,0,normal,0,normal
2024-03-23 08:00:00,30.4,31,1008.3,0,normal,0,0.10820682902032613,0,0,0,0,normal,0,normal
2024-03-23 09:00:00,31.2,33,1006.8,0,normal,0,0.10314901293673762,0,0,0,0,normal,0,normal
2024-03-23 10:00:00,30.6,29,1007.1,0,normal,0,0.10764268902068308,0,0,0,0,normal,0,normal
2024-03-23 11:00:00,30.0,30,1006.9,0,normal,0,0.10499588556068418,0,0,0,0,normal,0,normal
2024-03-23 12:00:00,29.4,38,1005.2,0,normal,0,0.09443875335009211,0,0,0,0,normal,0,normal
2024-03-23 13:00:00,24.8,46,1007.2,0,normal,0,0.0921603244543624,0,0,0,0,normal,0,normal
2024-03-23 14:00:00,23.7,48,1007.8,0,normal,0,0.10499904061767718,0,0,0,0,normal,0,normal
2024-03-23 15:00:00,22.4,51,1008.8,0,normal,0,0.1123989358730163,0,0,0,0,normal,0,normal
2024-03-23 16:00:00,20.6,60,1009.1,0,normal,0,0.10555647286774972,0,0,0,0,normal,0,normal
2024-03-23 17:00:00,19.8,62,1009.1,0,normal,0,0.11633526143782152,0,0,0,0,normal,0,normal
2024-03-23 18:00:00,18.9,66,1009.5,0,normal,0,0.10806189852491521,0,0,0,0,normal,0,normal
2024-03-23 19:00:00,18.8,67,1009.3,0,normal,0,0.11063097664509691,0,0,0,0,normal,0,normal
2024-03-23 20:00:00,18.3,68,1009.1,0,normal,0,0.10741634995371874,0,0,0,0,normal,0,normal
2024-03-23 21:00:00,18.6,67,1008.5,0,normal,0,0.09618903176905658,0,0,0,0,normal,0,normal
2024-03-23 22:00:00,18.6,64,1007.9,0,normal,0,0.09623273569415519,0,0,0,0,normal,0,normal
2024-03-23 23:00:00,18.1,58,1007.0,0,normal,0,0.07885951157808918,0,0,0,0,normal,0,normal
2024-03-24 00:00:00,17.9,59,1007.1,0,normal,0,0.0916706650609761,0,0,0,0,normal,0,normal
2024-03-24 01:00:00,18.5,55,1008.2,0,normal,0,0.08503936933626721,0,0,0,0,normal,0,normal
2024-03-24 02:00:00,20.0,54,1010.4,0,normal,0,0.0760079823226455,0,0,0,0,normal,0,normal
2024-03-24 03:00:00,21.4,62,1011.5,0,normal,0,0.09200509385562922,0,0,0,0,normal,0,normal
2024-03-24 04:00:00,22.9,48,1012.7,0,normal,0,0.09529358794870146,0,0,0,0,normal,0,normal
2024-03-24 05:00:00,24.5,50,1013.5,0,normal,0,0.10721896560332772,0,0,0,0,normal,0,normal
2024-03-24 06:00:00,23.4,58,1013.0,0,normal,0,0.1024699314344858,0,0,0,0,normal,0,normal
2024-03-24 07:00:00,20.8,80,1013.7,0,normal,0,0.07506329726175415,0,0,0,0,normal,0,normal
2024-03-24 08:00:00,25.4,57,1012.7,0,normal,0,0.07286756493662278,0,0,0,0,normal,0,normal
2024-03-24 09:00:00,28.6,44,1010.8,0,normal,0,0.07852550179014839,0,0,0,0,normal,0,normal
2024-03-24 10:00:00,28.3,38,1010.6,0,normal,0,0.11368086579351289,0,0,0,0,normal,0,normal
2024-03-24 11:00:00,27.7,41,1010.5,0,normal,0,0.11514833649682799,0,0,0,0,normal,0,normal
2024-03-24 12:00:00,28.6,48,1008.4,0,normal,0,0.09605075765587301,0,0,0,0,normal,0,normal
2024-03-24 13:00:00,25.2,50,1010.1,0,normal,0,0.0953600614273305,0,0,0,0,normal,0,normal
2024-03-24 14:00:00,23.3,54,1011.1,0,normal,0,0.10759627545620959,0,0,0,0,normal,0,normal
2024-03-24 15:00:00,21.2,62,1012.1,0,normal,0,0.10913845105693332,0,0,0,0,normal,0,normal
2024-03-24 16:00:00,19.3,71,1012.6,0,normal,0,0.10349536965944467,0,0,0,0,normal,0,normal
2024-03-24 17:00:00,19.1,80,1013.5,0,normal,0,0.10100488843767724,0,0,0,0,normal,0,normal
2024-03-24 18:00:00,17.8,86,1013.3,0,normal,0,0.10267445548993898,0,0,0,0,normal,0,normal
2024-03-24 19:00:00,17.6,85,1013.1,0,normal,0,0.1096730214211254,0,0,0,0,normal,0,normal
2024-03-24 20:00:00,16.8,87,1013.1,0,normal,0,0.11112501635616612,0,0,0,0,normal,0,normal
2024-03-24 21:00:00,17.1,85,1013.1,0,normal,0,0.10013641507338283,0,0,0,0,normal,0,normal
2024-03-24 22:00:00,17.0,82,1012.6,0,normal,0,0.10456511328261792,0,0,0,0,normal,0,normal
2024-03-24 23:00:00,16.3,86,1012.5,0,normal,0,0.10384323190471584,0,0,0,0,normal,0,normal
2024-03-25 00:00:00,15.7,89,1012.8,0,normal,0,0.10224006130748114,0,0,0,0,normal,0,normal
2024-03-25 01:00:00,15.3,91,1013.2,0,normal,0,0.10979286131004745,0,0,0,0,normal,0,normal
2024-03-25 02:00:00,17.5,82,1013.8,0,normal,0,0.10296162371438444,0,0,0,0,normal,0,normal
2024-03-25 03:00:00,23.8,64,1013.7,0,normal,0,0.07368135360855388,0,0,0,0,normal,0,normal
2024-03-25 04:00:00,24.0,63,1014.0,0,normal,0,0.10226440973569195,0,0,0,0,normal,0,normal
2024-03-25 05:00:00,26.7,52,1013.9,0,normal,0,0.10564492317985075,0,0,0,0,normal,0,normal
2024-03-25 06:00:00,29.4,43,1013.5,0,normal,0,0.10412796145523728,0,0,0,0,normal,0,normal
2024-03-25 07:00:00,30.1,33,1013.3,0,normal,0,0.10436902300621181,0,0,0,0,normal,0,normal
2024-03-25 08:00:00,30.7,29,1012.4,0,normal,0,0.10239995898312015,0,0,0,0,normal,0,normal
2024-03-25 09:00:00,31.0,38,1011.0,0,normal,0,0.09548711514309782,0,0,0,0,normal,0,normal
2024-03-25 10:00:00,30.6,28,1010.7,0,normal,0,0.09781834838810988,0,0,0,0,normal,0,normal
2024-03-25 11:00:00,30.2,30,1010.3,0,normal,0,0.10908510201341604,0,0,0,0,normal,0,normal
2024-03-25 12:00:00,30.6,26,1009.7,0,normal,0,0.09359012617300938,0,0,0,0,normal,0,normal
2024-03-25 13:00:00,25.4,42,1010.2,0,normal,0,0.0872029907100742,0,0,0,0,normal,0,normal
2024-03-25 14:00:00,22.9,49,1010.5,0,normal,0,0.1019243369874141,0,0,0,0,normal,0,normal
2024-03-25 15:00:00,21.1,57,1011.0,0,normal,0,0.10933688574932166,0,0,0,0,normal,0,normal
2024-03-25 16:00:00,19.9,62,1011.9,0,normal,0,0.10981913440549695,0,0,0,0,normal,0,normal
2024-03-25 17:00:00,19.2,65,1012.1,0,normal,0,0.11683624054618585,0,0,0,0,normal,0,normal
2024-03-25 18:00:00,18.2,69,1011.9,0,normal,0,0.10951742216854482,0,0,0,0,normal,0,normal
2024-03-25 19:00:00,17.6,72,1011.4,0,normal,0,0.10627356598598947,0,0,0,0,normal,0,normal
2024-03-25 20:00:00,16.7,76,1011.2,0,normal,0,0.11318987117604146,0,0,0,0,normal,0,normal
2024-03-25 21:00:00,16.4,78,1010.5,0,normal,0,0.10946902669939174,0,0,0,0,normal,0,normal
2024-03-25 22:00:00,16.2,78,1009.7,0,normal,0,0.10392184438332103,0,0,0,0,normal,0,normal
2024-03-25 23:00:00,15.3,83,1009.3,0,normal,0,0.09994451236919533,0,0,0,0,normal,0,normal
2024-03-26 00:00:00,15.4,82,1009.6,0,normal,0,0.10399270641657843,0,0,0,0,normal,0,normal
2024-03-26 01:00:00,14.5,84,1009.9,0,normal,0,0.10451446308220957,0,0,0,0,normal,0,normal
2024-03-26 02:00:00,17.2,72,1010.4,0,normal,0,0.09744908684132081,0,0,0,0,normal,0,normal
2024-03-26 03:00:00,23.4,67,1010.8,0,normal,0,0.08584872847305441,0,0,0,0,normal,0,normal
2024-03-26 04:00:00,24.3,50,1011.9,0,normal,0,0.09018777849859871,0,0,0,0,normal,0,normal
2024-03-26 05:00:00,27.2,40,1012.4,0,normal,0,0.10461950232900641,0,0,0,0,normal,0,normal
2024-03-26 06:00:00,29.0,44,1011.3,0,normal,0,0.10155362683676178,0,0,0,0,normal,0,normal
2024-03-26 07:00:00,30.4,32,1011.6,0,normal,0,0.10320512444691965,0,0,0,0,normal,0,normal
2024-03-26 08:00:00,30.9,31,1010.7,0,normal,0,0.10868955471560032,0,0,0,0,normal,0,normal
2024-03-26 09:00:00,31.4,37,1010.0,0,normal,0,0.10527190052659369,0,0,0,0,normal,0,normal
2024-03-26 10:00:00,30.7,30,1009.5,0,normal,0,0.10716237058003847,0,0,0,0,normal,0,normal
2024-03-26 11:00:00,29.9,33,1009.4,0,normal,0,0.11083595495934984,0,0,0,0,normal,0,normal
2024-03-26 12:00:00,28.1,40,1009.6,0,normal,0,0.1083426614693273,0,0,0,0,normal,0,normal
2024-03-26 13:00:00,25.2,48,1009.8,0,normal,0,0.10801656262733983,0,0,0,0,normal,0,normal
2024-03-26 14:00:00,22.9,72,1011.9,0,normal,0,0.06963569390880203,0,0,0,0,normal,0,normal
2024-03-26 15:00:00,23.1,71,1012.8,0,normal,0,0.10056398249316134,0,0,0,0,normal,0,normal
2024-03-26 16:00:00,22.5,73,1013.1,0,normal,0,0.10601958908058257,0,0,0,0,normal,0,normal
2024-03-26 17:00:00,22.0,74,1013.0,0,normal,0,0.10875845044067223,0,0,0,0,normal,0,normal
2024-03-26 18:00:00,21.4,73,1013.0,0,normal,0,0.10349293936740628,0,0,0,0,normal,0,normal
2024-03-26 19:00:00,21.6,69,1013.0,0,normal,0,0.09748962864212579,0,0,0,0,normal,0,normal
2024-03-26 20:00:00,20.7,73,1012.7,0,normal,0,0.10179294940440275,0,0,0,0,normal,0,normal
2024-03-26 21:00:00,19.8,78,1012.8,0,normal,0,0.10115815986571441,0,0,0,0,normal,0,normal
2024-03-26 22:00:00,19.7,80,1012.7,0,normal,0,0.10483309936304219,0,0,0,0,normal,0,normal
2024-03-26 23:00:00,19.6,80,1012.8,0,normal,0,0.0929384870293023,0,0,0,0,normal,0,normal
2024-03-27 00:00:00,20.4,76,1014.2,0,normal,0,0.07759478587835555,0,0,0,0,normal,0,normal
2024-03-27 01:00:00,19.7,84,1013.9,0,normal,0,0.08732362245432973,0,0,0,0,normal,0,normal
2024-03-27 02:00:00,20.3,83,1015.1,0,normal,0,0.09980236190385977,0,0,0,0,normal,0,normal
2024-03-27 03:00:00,23.4,72,1014.2,0,normal,0,0.09382238972226592,0,0,0,0,normal,0,normal
2024-03-27 04:00:00,24.7,66,1015.7,0,normal,0,0.09676100943308064,0,0,0,0,normal,0,normal
2024-03-27 05:00:00,27.7,51,1015.2,0,normal,0,0.09499796522142051,0,0,0,0,normal,0,normal
2024-03-27 06:00:00,31.0,50,1013.9,0,normal,0,0.09381525918260292,0,0,0,0,normal,0,normal
2024-03-27 07:00:00,30.7,36,1014.8,0,normal,0,0.08006862197973519,0,0,0,0,normal,0,normal
2024-03-27 08:00:00,31.7,33,1014.0,0,normal,0,0.09559732055332071,0,0,0,0,normal,0,normal
2024-03-27 09:00:00,30.8,51,1012.8,0,normal,0,0.08131584930085833,0,0,0,0,normal,0,normal
2024-03-27 10:00:00,31.3,36,1012.0,0,normal,0,0.08723507914879847,0,0,0,0,normal,0,normal
2024-03-27 11:00:00,30.1,39,1011.8,0,normal,0,0.10485346330327111,0,0,0,0,normal,0,normal
2024-03-27 12:00:00,28.8,50,1011.3,0,normal,0,0.10380043839971809,0,0,0,0,normal,0,normal
2024-03-27 13:00:00,26.1,55,1012.3,0,normal,0,0.1054477451337813,0,0,0,0,normal,0,normal
2024-03-27 14:00:00,24.3,63,1013.9,0,normal,0,0.09870625459566379,0,0,0,0,normal,0,normal
2024-03-27 15:00:00,23.6,67,1014.4,0,normal,0,0.1113233436784335,0,0,0,0,normal,0,normal
2024-03-27 16:00:00,23.3,69,1014.6,0,normal,0,0.1063848671358939,0,0,0,0,normal,0,normal
2024-03-27 17:00:00,22.7,70,1014.6,0,normal,0,0.10329586070926505,0,0,0,0,normal,0,normal
2024-03-27 18:00:00,22.7,72,1013.7,0,normal,0,0.09299646025726505,0,0,0,0,normal,0,normal
2024-03-27 19:00:00,21.5,76,1013.2,0,normal,0,0.1011172183241622,0,0,0,0,normal,0,normal
2024-03-27 20:00:00,20.9,78,1012.5,0,normal,0,0.10403895435769567,0,0,0,0,normal,0,normal
2024-03-27 21:00:00,20.5,79,1011.6,0,normal,0,0.09973131520450768,0,0,0,0,normal,0,normal
2024-03-27 22:00:00,19.7,82,1010.5,0,normal,0,0.09468682595313183,0,0,0,0,normal,0,normal
2024-03-27 23:00:00,18.7,86,1010.3,0,normal,0,0.09459537814160235,0,0,0,0,normal,0,normal
2024-03-28 00:00:00,18.7,86,1010.9,0,normal,0,0.09769942086154987,0,0,0,0,normal,0,normal
2024-03-28 01:00:00,18.8,86,1012.0,0,normal,0,0.0950691872399696,0,0,0,0,normal,0,normal
2024-03-28 02:00:00,21.2,64,1011.5,0,normal,0,0.07307704957954503,0,0,0,0,normal,0,normal
2024-03-28 03:00:00,23.3,60,1011.9,0,normal,0,0.10511552757507753,0,0,0,0,normal,0,normal
2024-03-28 04:00:00,25.9,53,1012.1,0,normal,0,0.10603823159650833,0,0,0,0,normal,0,normal
2024-03-28 05:00:00,28.8,45,1012.1,0,normal,0,0.10757498213691402,0,0,0,0,normal,0,normal
2024-03-28 06:00:00,30.7,38,1011.8,0,normal,0,0.10253839875715565,0,0,0,0,normal,0,normal
2024-03-28 07:00:00,32.1,35,1011.2,0,normal,0,0.10454082259067421,0,0,0,0,normal,0,normal
2024-03-28 08:00:00,33.1,33,1010.2,0,normal,0,0.10491932788265257,0,0,0,0,normal,0,normal
2024-03-28 09:00:00,33.4,31,1009.4,0,normal,0,0.10060075811638419,0,0,0,0,normal,0,normal
2024-03-28 10:00:00,32.1,32,1008.8,0,normal,0,0.09964589659433665,0,0,0,0,normal,0,normal
2024-03-28 11:00:00,30.4,37,1008.9,0,normal,0,0.1035180582060018,0,0,0,0,normal,0,normal
2024-03-28 12:00:00,29.5,47,1008.7,0,normal,0,0.10604288316204663,0,0,0,0,normal,0,normal
2024-03-28 13:00:00,28.2,50,1008.9,0,normal,0,0.10646752452816804,0,0,0,0,normal,0,normal
2024-03-28 14:00:00,27.2,51,1009.3,0,normal,0,0.10782506162425876,0,0,0,0,normal,0,normal
2024-03-28 15:00:00,25.7,50,1009.7,0,normal,0,0.10959296101740484,0,0,0,0,normal,0,normal
2024-03-28 16:00:00,23.8,53,1009.7,0,normal,0,0.10316006710019276,0,0,0,0,normal,0,normal
2024-03-28 17:00:00,22.0,61,1010.2,0,normal,0,0.10687522389320969,0,0,0,0,normal,0,normal
2024-03-28 18:00:00,20.9,66,1010.1,0,normal,0,0.10636662296118055,0,0,0,0,normal,0,normal
2024-03-28 19:00:00,20.1,71,1010.0,0,normal,0,0.10836614811126671,0,0,0,0,normal,0,normal
2024-03-28 20:00:00,19.4,74,1009.6,0,normal,0,0.11230540699429176,0,0,0,0,normal,0,normal
2024-03-28 21:00:00,18.9,73,1008.7,0,normal,0,0.1039057532096424,0,0,0,0,normal,0,normal
2024-03-28 22:00:00,18.1,74,1008.2,0,normal,0,0.10371659637837666,0,0,0,0,normal,0,normal
2024-03-28 23:00:00,17.0,77,1007.9,0,normal,0,0.09922101806021733,0,0,0,0,normal,0,normal
2024-03-29 00:00:00,16.7,75,1008.3,0,normal,0,0.10003909624186824,0,0,0,0,normal,0,normal
2024-03-29 01:00:00,16.9,68,1009.0,0,normal,0,0.0973529137960279,0,0,0,0,normal,0,normal
2024-03-29 02:00:00,19.9,53,1010.2,0,normal,0,0.0769663766235173,0,0,0,0,normal,0,normal
2024-03-29 03:00:00,22.4,60,1010.3,0,normal,0,0.10064348255104294,0,0,0,0,normal,0,normal
2024-03-29 04:00:00,25.0,51,1011.4,0,normal,0,0.10205752775677551,0,0,0,0,normal,0,normal
2024-03-29 05:00:00,27.8,44,1011.6,0,normal,0,0.11061459184120837,0,0,0,0,normal,0,normal
2024-03-29 06:00:00,29.7,38,1011.6,0,normal,0,0.1057942506952631,0,0,0,0,normal,0,normal
2024-03-29 07:00:00,30.8,36,1011.4,0,normal,0,0.10761684475801558,0,0,0,0,normal,0,normal
2024-03-29 08:00:00,31.6,33,1010.5,0,normal,0,0.11069760211187596,0,0,0,0,normal,0,normal
2024-03-29 09:00:00,33.0,37,1008.7,0,normal,0,0.09695978347596979,0,0,0,0,normal,0,normal
2024-03-29 10:00:00,33.2,35,1007.6,0,normal,0,0.09711755412501288,0,0,0,0,normal,0,normal
2024-03-29 11:00:00,32.3,36,1007.5,0,normal,0,0.1018993409829202,0,0,0,0,normal,0,normal
2024-03-29 12:00:00,30.8,50,1007.5,0,normal,0,0.09146079385029066,0,0,0,0,normal,0,normal
2024-03-29 13:00:00,29.3,53,1007.8,0,normal,0,0.10408890531671472,0,0,0,0,normal,0,normal
2024-03-29 14:00:00,21.6,76,1009.6,0,normal,0,0.04633007901939995,0,0,0,0,normal,0,normal
2024-03-29 15:00:00,21.8,76,1010.0,0,normal,0,0.09506586328178479,0,0,0,0,normal,0,normal
2024-03-29 16:00:00,21.4,74,1010.3,0,normal,0,0.10371218940294324,0,0,0,0,normal,0,normal
2024-03-29 17:00:00,21.1,79,1010.7,0,normal,0,0.10874958220876679,0,0,0,0,normal,0,normal
2024-03-29 18:00:00,20.9,79,1010.0,0,normal,0,0.10434259679388552,0,0,0,0,normal,0,normal
2024-03-29 19:00:00,18.9,92,1014.1,0,normal,0,0.033520770959897694,0,0,0,0,normal,0,normal
2024-03-29 20:00:00,19.3,92,1012.4,0,normal,0,0.052864542533764214,0,0,0,0,normal,0,normal
2024-03-29 21:00:00,19.3,87,1011.4,0,normal,0,0.07709081697233888,0,0,0,0,normal,0,normal
2024-03-29 22:00:00,19.2,85,1010.5,0,normal,0,0.0899594483635674,0,0,0,0,normal,0,normal
2024-03-29 23:00:00,18.3,87,1011.2,0,normal,0,0.08821906251967626,0,0,0,0,normal,0,normal
2024-03-30 00:00:00,18.9,77,1011.3,0,normal,0,0.08519517462605891,0,0,0,0,normal,0,normal
2024-03-30 01:00:00,18.8,80,1012.2,0,normal,0,0.1034908545363109,0,0,0,0,normal,0,normal
2024-03-30 02:00:00,19.8,73,1011.6,0,normal,0,0.10213169184196369,0,0,0,0,normal,0,normal
2024-03-30 03:00:00,21.1,65,1011.7,0,normal,0,0.10920498672117862,0,0,0,0,normal,0,normal
2024-03-30 04:00:00,24.2,52,1011.7,0,normal,0,0.10200768234346763,0,0,0,0,normal,0,normal
2024-03-30 05:00:00,23.7,59,1013.2,0,normal,0,0.09925959483727742,0,0,0,0,normal,0,normal
2024-03-30 06:00:00,26.9,50,1012.5,0,normal,0,0.10374347752048185,0,0,0,0,normal,0,normal
2024-03-30 07:00:00,28.7,44,1011.9,0,normal,0,0.1085435935863095,0,0,0,0,normal,0,normal
2024-03-30 08:00:00,29.3,44,1010.9,0,normal,0,0.1129670154713947,0,0,0,0,normal,0,normal
2024-03-30 09:00:00,30.1,45,1009.7,0,normal,0,0.11092447196809535,0,0,0,0,normal,0,normal
2024-03-30 10:00:00,29.5,39,1009.2,0,normal,0,0.11037426823946267,0,0,0,0,normal,0,normal
2024-03-30 11:00:00,29.1,40,1008.6,0,normal,0,0.11405133629719177,0,0,0,0,normal,0,normal
2024-03-30 12:00:00,28.2,48,1008.4,0,normal,0,0.10995126484769013,0,0,0,0,normal,0,normal
2024-03-30 13:00:00,25.2,62,1008.8,0,normal,0,0.10185013586414016,0,0,0,0,normal,0,normal
2024-03-30 14:00:00,23.5,63,1009.4,0,normal,0,0.11612682624834653,0,0,0,0,normal,0,normal
2024-03-30 15:00:00,22.1,5,1011.2,1,humidity_drop,1,-0.049268107749478984,0,0,0,0,normal,1,isolation_forest_anomaly
2024-03-30 16:00:00,22.0,60,1011.8,0,normal,1,-0.04587778829007749,0,0,0,0,normal,1,isolation_forest_anomaly
2024-03-30 17:00:00,20.8,62,1012.1,0,normal,0,0.05721717241133806,0,0,0,0,normal,0,normal
2024-03-30 18:00:00,20.2,63,1011.7,0,normal,0,0.10784992265975141,0,0,0,0,normal,0,normal
2024-03-30 19:00:00,19.3,66,1011.5,0,normal,0,0.10778747584808201,0,0,0,0,normal,0,normal
2024-03-30 20:00:00,18.7,66,1013.2,0,normal,0,0.0852303007873359,0,0,0,0,normal,0,normal
2024-03-30 21:00:00,17.9,77,1012.7,0,normal,0,0.08985812084649047,0,0,0,0,normal,0,normal
2024-03-30 22:00:00,17.5,79,1012.0,0,normal,0,0.10523221362008806,0,0,0,0,normal,0,normal
2024-03-30 23:00:00,17.3,77,1012.1,0,normal,0,0.09677165192868442,0,0,0,0,normal,0,normal
2024-03-31 00:00:00,17.5,71,1012.3,0,normal,0,0.09230163908347633,0,0,0,0,normal,0,normal
2024-03-31 01:00:00,19.5,51,1012.2,0,normal,0,0.06339497647657588,0,0,0,0,normal,0,normal
2024-03-31 02:00:00,19.6,60,1013.3,0,normal,0,0.087529817309288,0,0,0,0,normal,0,normal
2024-03-31 03:00:00,21.5,57,1014.0,0,normal,0,0.10185053823804224,0,0,0,0,normal,0,normal
2024-03-31 04:00:00,23.7,52,1014.2,0,normal,0,0.10494195586642713,0,0,0,0,normal,0,normal
2024-03-31 05:00:00,26.4,43,1014.3,0,normal,0,0.10728880526871815,0,0,0,0,normal,0,normal
2024-03-31 06:00:00,27.0,41,1014.6,0,normal,0,0.104552732148875,0,0,0,0,normal,0,normal
2024-03-31 07:00:00,28.3,38,1014.1,0,normal,0,0.10505421098452761,0,0,0,0,normal,0,normal
2024-03-31 08:00:00,29.1,36,1013.3,0,normal,0,0.11143303480209144,0,0,0,0,normal,0,normal
2024-03-31 09:00:00,29.9,32,1012.5,0,normal,0,0.11091911146319322,0,0,0,0,normal,0,normal
2024-03-31 10:00:00,29.6,30,1011.7,0,normal,0,0.10482006250533671,0,0,0,0,normal,0,normal
2024-03-31 11:00:00,29.6,31,1010.4,0,normal,0,0.09685225927345043,0,0,0,0,normal,0,normal
2024-03-31 12:00:00,28.0,40,1010.2,0,normal,0,0.10640870577532119,0,0,0,0,normal,0,normal
2024-03-31 13:00:00,24.9,50,1010.4,0,normal,0,0.10504468583055937,0,0,0,0,normal,0,normal
2024-03-31 14:00:00,22.8,56,1010.7,0,normal,0,0.11109493208903143,0,0,0,0,normal,0,normal
2024-03-31 15:00:00,21.4,60,1011.1,0,normal,0,0.11656932157801586,0,0,0,0,normal,0,normal
2024-03-31 16:00:00,21.3,64,1011.9,0,normal,0,0.11350027270846064,0,0,0,0,normal,0,normal
2024-03-31 17:00:00,20.4,67,1011.8,0,normal,0,0.11443312425150964,0,0,0,0,normal,0,normal
2024-03-31 18:00:00,19.5,70,1012.1,0,normal,0,0.10990078258158625,0,0,0,0,normal,0,normal
2024-03-31 19:00:00,18.8,71,1011.8,0,normal,0,0.10969007341849069,0,0,0,0,normal,0,normal
2024-03-31 20:00:00,18.2,72,1011.0,0,normal,0,0.10324355589194456,0,0,0,0,normal,0,normal
2024-03-31 21:00:00,17.3,71,1009.5,0,normal,0,0.08232624459227789,0,0,0,0,normal,0,normal
2024-03-31 22:00:00,17.0,67,1008.9,0,normal,0,0.09367612733703468,0,0,0,0,normal,0,normal
2024-03-31 23:00:00,16.6,64,1008.8,0,normal,0,0.09603874494530795,0,0,0,0,normal,0,normal
2024-04-01 00:00:00,16.3,62,1009.4,0,normal,0,0.09415277526730692,0,0,0,0,normal,0,normal
2024-04-01 01:00:00,16.1,62,1009.6,0,normal,0,0.09629595230087734,0,0,0,0,normal,0,normal
2024-04-01 02:00:00,17.3,62,1010.0,0,normal,0,0.0936714757630292,0,0,0,0,normal,0,normal
2024-04-01 03:00:00,19.5,57,1010.1,0,normal,0,0.09915295239993555,0,0,0,0,normal,0,normal
2024-04-01 04:00:00,21.0,52,1010.6,0,normal,0,0.10597338007655605,0,0,0,0,normal,0,normal
2024-04-01 05:00:00,23.7,46,1010.7,0,normal,0,0.1092928351578833,0,0,0,0,normal,0,normal
2024-04-01 06:00:00,25.0,41,1010.3,0,normal,0,0.11282973374158084,0,0,0,0,normal,0,normal
2024-04-01 07:00:00,27.1,37,1009.4,0,normal,0,0.11259303468519871,0,0,0,0,normal,0,normal
2024-04-01 08:00:00,28.1,31,1008.7,0,normal,0,0.11771571375956708,0,0,0,0,normal,0,normal
2024-04-01 09:00:00,28.4,30,1008.1,0,normal,0,0.11954003176765687,0,0,0,0,normal,0,normal
2024-04-01 10:00:00,28.3,29,1007.4,0,normal,0,0.11406636517780738,0,0,0,0,normal,0,normal
2024-04-01 11:00:00,27.6,29,1007.0,0,normal,0,0.11224776324861524,0,0,0,0,normal,0,normal
2024-04-01 12:00:00,26.1,35,1007.2,0,normal,0,0.1168256218540184,0,0,0,0,normal,0,normal
2024-04-01 13:00:00,23.4,41,1007.2,0,normal,0,0.11074355924406976,0,0,0,0,normal,0,normal
2024-04-01 14:00:00,21.7,43,1007.7,0,normal,0,0.11210144004374306,0,0,0,0,normal,0,normal
2024-04-01 15:00:00,20.3,51,1008.3,0,normal,0,0.1118155502002357,0,0,0,0,normal,0,normal
2024-04-01 16:00:00,19.1,56,1008.5,0,normal,0,0.10741186370925926,0,0,0,0,normal,0,normal
2024-04-01 17:00:00,18.0,58,1009.3,0,normal,0,0.109849217681323,0,0,0,0,normal,0,normal
2024-04-01 18:00:00,16.8,64,1009.0,0,normal,0,0.10133631591431674,0,0,0,0,normal,0,normal
2024-04-01 19:00:00,15.8,68,1008.7,0,normal,0,0.10029107108281415,0,0,0,0,normal,0,normal
2024-04-01 20:00:00,15.7,68,1008.6,0,normal,0,0.09554837583600612,0,0,0,0,normal,0,normal
2024-04-01 21:00:00,15.7,67,1008.1,0,normal,0,0.08761000923669704,0,0,0,0,normal,0,normal
2024-04-01 22:00:00,14.2,71,1007.6,0,normal,0,0.08570751597956561,0,0,0,0,normal,0,normal
2024-04-01 23:00:00,14.9,67,1007.2,0,normal,0,0.07738084462056971,0,0,0,0,normal,0,normal
2024-04-02 00:00:00,13.2,75,1007.2,0,normal,0,0.0694012905238332,0,0,0,0,normal,0,normal
2024-04-02 01:00:00,12.8,79,1007.7,0,normal,0,0.08079108536758578,0,0,0,0,normal,0,normal
2024-04-02 02:00:00,15.9,67,1008.2,0,normal,0,0.07932245978120911,0,0,0,0,normal,0,normal
2024-04-02 03:00:00,21.8,64,1008.3,0,normal,0,0.0818787762180449,0,0,0,0,normal,0,normal
2024-04-02 04:00:00,23.3,45,1008.6,0,normal,0,0.09263847934102676,0,0,0,0,normal,0,normal
2024-04-02 05:00:00,25.8,37,1009.0,0,normal,0,0.10763139361997015,0,0,0,0,normal,0,normal
2024-04-02 06:00:00,27.4,32,1008.9,0,normal,0,0.11539240648362958,0,0,0,0,normal,0,normal
2024-04-02 07:00:00,28.4,30,1008.3,0,normal,0,0.11523042279744244,0,0,0,0,normal,0,normal
2024-04-02 08:00:00,29.0,29,1007.6,0,normal,0,0.11642976855360337,0,0,0,0,normal,0,normal
2024-04-02 09:00:00,29.7,28,1006.8,0,normal,0,0.11602620625525117,0,0,0,0,normal,0,normal
2024-04-02 10:00:00,29.5,27,1005.9,0,normal,0,0.11095332497223331,0,0,0,0,normal,0,normal
2024-04-02 11:00:00,29.0,28,1005.7,0,normal,0,0.11226541166209736,0,0,0,0,normal,0,normal
2024-04-02 12:00:00,27.3,36,1006.1,0,normal,0,0.11340313330285368,0,0,0,0,normal,0,normal
2024-04-02 13:00:00,23.5,46,1006.4,0,normal,0,0.10821559120538055,0,0,0,0,normal,0,normal
2024-04-02 14:00:00,21.5,49,1007.4,0,normal,0,0.10591298934788168,0,0,0,0,normal,0,normal
2024-04-02 15:00:00,20.0,57,1008.2,0,normal,0,0.10848735357479278,0,0,0,0,normal,0,normal
2024-04-02 16:00:00,19.3,62,1008.6,0,normal,0,0.11225139656594685,0,0,0,0,normal,0,normal
2024-04-02 17:00:00,18.8,64,1008.9,0,normal,0,0.1123329975041924,0,0,0,0,normal,0,normal
2024-04-02 18:00:00,17.9,67,1009.1,0,normal,0,0.10783781506691614,0,0,0,0,normal,0,normal
2024-04-02 19:00:00,18.6,63,1008.9,0,normal,0,0.0960436008407125,0,0,0,0,normal,0,normal
2024-04-02 20:00:00,17.4,67,1008.6,0,normal,0,0.1053979882195652,0,0,0,0,normal,0,normal
2024-04-02 21:00:00,16.0,74,1008.1,0,normal,0,0.09448082684099818,0,0,0,0,normal,0,normal
2024-04-02 22:00:00,14.9,80,1007.7,0,normal,0,0.08979792210187104,0,0,0,0,normal,0,normal
2024-04-02 23:00:00,15.4,75,1007.4,0,normal,0,0.07967854892721915,0,0,0,0,normal,0,normal
2024-04-03 00:00:00,16.1,59,1007.2,0,normal,0,0.051669973105199773,0,0,0,0,normal,0,normal
2024-04-03 01:00:00,15.3,68,1007.9,0,normal,0,0.07813632869025966,0,0,0,0,normal,0,normal
2024-04-03 02:00:00,18.5,59,1008.5,0,normal,0,0.0926269411308761,0,0,0,0,normal,0,normal
2024-04-03 03:00:00,20.8,71,1009.2,0,normal,0,0.09155142893478208,0,0,0,0,normal,0,normal
2024-04-03 04:00:00,25.5,48,1009.6,0,normal,0,0.08885657116365064,0,0,0,0,normal,0,normal
2024-04-03 05:00:00,28.4,37,1009.8,0,normal,0,0.09702629350668729,0,0,0,0,normal,0,normal
2024-04-03 06:00:00,29.6,40,1009.5,0,normal,0,0.11376663975359486,0,0,0,0,normal,0,normal
2024-04-03 07:00:00,31.3,25,1009.4,0,normal,0,0.10222349327158936,0,0,0,0,normal,0,normal
2024-04-03 08:00:00,31.8,23,1008.7,0,normal,0,0.11273365864644541,0,0,0,0,normal,0,normal
2024-04-03 09:00:00,31.8,42,1007.4,0,normal,0,0.08968987201527295,0,0,0,0,normal,0,normal
2024-04-03 10:00:00,32.3,21,1006.6,0,normal,0,0.08779744793207922,0,0,0,0,normal,0,normal
2024-04-03 11:00:00,31.9,23,1006.3,0,normal,0,0.10609553870690402,0,0,0,0,normal,0,normal
2024-04-03 12:00:00,31.2,38,1006.6,0,normal,0,0.09553688421172257,0,0,0,0,normal,0,normal
2024-04-03 13:00:00,25.7,51,1007.4,0,normal,0,0.09610255456989653,0,0,0,0,normal,0,normal
2024-04-03 14:00:00,23.4,52,1008.2,0,normal,0,0.11250021749597006,0,0,0,0,normal,0,normal
2024-04-03 15:00:00,23.8,49,1009.6,0,normal,0,0.1036591708434691,0,0,0,0,normal,0,normal
2024-04-03 16:00:00,22.1,48,1010.4,0,normal,0,0.10628684774489922,0,0,0,0,normal,0,normal
2024-04-03 17:00:00,21.0,55,1010.5,0,normal,0,0.11286603919614285,0,0,0,0,normal,0,normal
2024-04-03 18:00:00,20.1,60,1010.4,0,normal,0,0.11039621433750585,0,0,0,0,normal,0,normal
2024-04-03 19:00:00,19.2,63,1010.1,0,normal,0,0.11271412507315859,0,0,0,0,normal,0,normal
2024-04-03 20:00:00,18.7,66,1009.6,0,normal,0,0.10969739301400844,0,0,0,0,normal,0,normal
2024-04-03 21:00:00,18.9,63,1008.9,0,normal,0,0.10039609692130064,0,0,0,0,normal,0,normal
2024-04-03 22:00:00,18.5,62,1008.2,0,normal,0,0.10282042231221394,0,0,0,0,normal,0,normal
2024-04-03 23:00:00,18.0,61,1007.8,0,normal,0,0.09839795089831133,0,0,0,0,normal,0,normal
2024-04-04 00:00:00,17.0,65,1008.2,0,normal,0,0.09806008595014853,0,0,0,0,normal,0,normal
2024-04-04 01:00:00,15.6,64,1008.2,0,normal,0,0.09236626877170573,0,0,0,0,normal,0,normal
2024-04-04 02:00:00,18.6,55,1008.8,0,normal,0,0.09274567072443296,0,0,0,0,normal,0,normal
2024-04-04 03:00:00,25.6,58,1009.5,0,normal,0,0.07643202717961467,0,0,0,0,normal,0,normal
2024-04-04 04:00:00,26.0,44,1010.0,0,normal,0,0.10473520198738218,0,0,0,0,normal,0,normal
2024-04-04 05:00:00,28.8,36,1010.0,0,normal,0,0.111836685568735,0,0,0,0,normal,0,normal
2024-04-04 06:00:00,30.4,38,1009.6,0,normal,0,0.11364588524702379,0,0,0,0,normal,0,normal
2024-04-04 07:00:00,31.2,28,1010.0,0,normal,0,0.10911732671396396,0,0,0,0,normal,0,normal
2024-04-04 08:00:00,32.0,26,1009.4,0,normal,0,0.11404019108745689,0,0,0,0,normal,0,normal
2024-04-04 09:00:00,33.4,26,1007.4,0,normal,0,0.10454215125137584,0,0,0,0,normal,0,normal
2024-04-04 10:00:00,31.8,24,1007.7,0,normal,0,0.10719826302849772,0,0,0,0,normal,0,normal
2024-04-04 11:00:00,31.6,23,1007.3,0,normal,0,0.11326772426509141,0,0,0,0,normal,0,normal
2024-04-04 12:00:00,32.4,23,1006.3,0,normal,0,0.10283902407757706,0,0,0,0,normal,0,normal
2024-04-04 13:00:00,26.7,33,1007.6,0,normal,0,0.08997639381153766,0,0,0,0,normal,0,normal
2024-04-04 14:00:00,25.0,38,1008.0,0,normal,0,0.11204967892744616,0,0,0,0,normal,0,normal
2024-04-04 15:00:00,23.5,44,1008.9,0,normal,0,0.11645772834163692,0,0,0,0,normal,0,normal
2024-04-04 16:00:00,21.3,53,1009.9,0,normal,0,0.10361226330531326,0,0,0,0,normal,0,normal
2024-04-04 17:00:00,20.3,55,1010.2,0,normal,0,0.11432354345690227,0,0,0,0,normal,0,normal
2024-04-04 18:00:00,19.1,56,1010.2,0,normal,0,0.10765104820414467,0,0,0,0,normal,0,normal
2024-04-04 19:00:00,18.3,59,1009.9,0,normal,0,0.10711069065428486,0,0,0,0,normal,0,normal
2024-04-04 20:00:00,17.9,62,1009.4,0,normal,0,0.10794378483426936,0,0,0,0,normal,0,normal
2024-04-04 21:00:00,17.3,67,1008.7,0,normal,0,0.1027160444877045,0,0,0,0,normal,0,normal
2024-04-04 22:00:00,16.6,70,1008.3,0,normal,0,0.1017167180439375,0,0,0,0,normal,0,normal
2024-04-04 23:00:00,16.6,67,1008.1,0,normal,0,0.09501413065051001,0,0,0,0,normal,0,normal
2024-04-05 00:00:00,17.6,59,1008.6,0,normal,0,0.08506471716843678,0,0,0,0,normal,0,normal
2024-04-05 01:00:00,18.8,49,1008.7,0,normal,0,0.0885868193530252,0,0,0,0,normal,0,normal
2024-04-05 02:00:00,18.6,59,1009.0,0,normal,0,0.0931251234192032,0,0,0,0,normal,0,normal
2024-04-05 03:00:00,23.4,62,1009.1,0,normal,0,0.09806459830213382,0,0,0,0,normal,0,normal
2024-04-05 04:00:00,25.3,45,1009.7,0,normal,0,0.0980065020176451,0,0,0,0,normal,0,normal
2024-04-05 05:00:00,28.5,34,1009.6,0,normal,0,0.11002856231155983,0,0,0,0,normal,0,normal
2024-04-05 06:00:00,31.2,28,1008.6,0,normal,0,0.11039934787669414,0,0,0,0,normal,0,normal
2024-04-05 07:00:00,31.7,22,1008.7,0,normal,0,0.10879365088501791,0,0,0,0,normal,0,normal
2024-04-05 08:00:00,31.9,20,1008.0,0,normal,0,0.11015963931935091,0,0,0,0,normal,0,normal
2024-04-05 09:00:00,33.6,18,1006.7,0,normal,0,0.10784413438609558,0,0,0,0,normal,0,normal
2024-04-05 10:00:00,31.4,21,1007.0,0,normal,0,0.10183420225439915,0,0,0,0,normal,0,normal
2024-04-05 11:00:00,30.7,22,1006.8,0,normal,0,0.10921844683763204,0,0,0,0,normal,0,normal
2024-04-05 12:00:00,31.8,17,1006.0,0,normal,0,0.09988581130265001,0,0,0,0,normal,0,normal
2024-04-05 13:00:00,26.3,33,1007.1,0,normal,0,0.07926632817220697,0,0,0,0,normal,0,normal
2024-04-05 14:00:00,24.1,38,1007.7,0,normal,0,0.10493661886032685,0,0,0,0,normal,0,normal
2024-04-05 15:00:00,22.0,44,1008.5,0,normal,0,0.1119062779706475,0,0,0,0,normal,0,normal
2024-04-05 16:00:00,21.1,45,1009.0,0,normal,0,0.11569830609319043,0,0,0,0,normal,0,normal
2024-04-05 17:00:00,19.4,43,1009.4,0,normal,0,0.10506380374018154,0,0,0,0,normal,0,normal
2024-04-05 18:00:00,18.6,47,1009.6,0,normal,0,0.10411183759001097,0,0,0,0,normal,0,normal
2024-04-05 19:00:00,17.7,52,1009.3,0,normal,0,0.10346230434906079,0,0,0,0,normal,0,normal
2024-04-05 20:00:00,17.0,56,1009.1,0,normal,0,0.10587482628842043,0,0,0,0,normal,0,normal
2024-04-05 21:00:00,16.6,58,1008.7,0,normal,0,0.10207389752717244,0,0,0,0,normal,0,normal
2024-04-05 22:00:00,17.6,53,1008.3,0,normal,0,0.08775038681269809,0,0,0,0,normal,0,normal
2024-04-05 23:00:00,15.7,62,1007.8,0,normal,0,0.0746777517108293,0,0,0,0,normal,0,normal
2024-04-06 00:00:00,14.6,67,1007.9,0,normal,0,0.08492394176139029,0,0,0,0,normal,0,normal
2024-04-06 01:00:00,14.5,68,1008.3,0,normal,0,0.09167666909275235,0,0,0,0,normal,0,normal
2024-04-06 02:00:00,17.5,59,1008.9,0,normal,0,0.09084117969877076,0,0,0,0,normal,0,normal
2024-04-06 03:00:00,23.6,58,1009.5,0,normal,0,0.0855077643097022,0,0,0,0,normal,0,normal
2024-04-06 04:00:00,25.3,38,1010.2,0,normal,0,0.09235700069129488,0,0,0,0,normal,0,normal
2024-04-06 05:00:00,28.3,30,1010.1,0,normal,0,0.10783936073322642,0,0,0,0,normal,0,normal
2024-04-06 06:00:00,31.6,29,1008.8,0,normal,0,0.10697117073088769,0,0,0,0,normal,0,normal
2024-04-06 07:00:00,31.7,19,1009.2,0,normal,0,0.10255125290194406,0,0,0,0,normal,0,normal
2024-04-06 08:00:00,32.4,15,1008.1,0,normal,0,0.10161763973310883,0,0,0,0,normal,0,normal
2024-04-06 09:00:00,32.6,21,1007.1,0,normal,0,0.10002522605077407,0,0,0,0,normal,0,normal
2024-04-06 10:00:00,32.0,15,1006.5,0,normal,0,0.10310060690831613,0,0,0,0,normal,0,normal
2024-04-06 11:00:00,,16,1005.9,1,missing_temperature,0,,1,0,0,1,missing_temperature,1,missing_temperature
2024-04-06 12:00:00,,23,1005.3,1,missing_temperature,0,,1,0,0,1,missing_temperature,1,missing_temperature
2024-04-06 13:00:00,,30,1006.3,1,missing_temperature,0,,1,0,0,1,missing_temperature,1,missing_temperature
2024-04-06 14:00:00,,34,1007.0,1,missing_temperature,0,,1,0,0,1,missing_temperature,1,missing_temperature
2024-04-06 15:00:00,,42,1007.7,1,missing_temperature,0,,1,0,0,1,missing_temperature,1,missing_temperature
2024-04-06 16:00:00,19.6,51,1008.3,0,normal,0,,0,0,0,0,normal,0,normal
2024-04-06 17:00:00,18.6,54,1008.5,0,normal,0,,0,0,0,0,normal,0,normal
2024-04-06 18:00:00,18.1,54,1008.4,0,normal,0,0.10313409340857216,0,0,0,0,normal,0,normal
2024-04-06 19:00:00,17.2,58,1008.1,0,normal,0,0.105120119580773,0,0,0,0,normal,0,normal
2024-04-06 20:00:00,16.6,61,1008.1,0,normal,0,0.10623848688953669,0,0,0,0,normal,0,normal
2024-04-06 21:00:00,16.1,63,1007.9,0,normal,0,0.10126855545284463,0,0,0,0,normal,0,normal
2024-04-06 22:00:00,15.3,66,1007.2,0,normal,0,0.09235559967513396,0,0,0,0,normal,0,normal
2024-04-06 23:00:00,14.9,66,1007.0,0,normal,0,0.0859024415966329,0,0,0,0,normal,0,normal
2024-04-07 00:00:00,14.3,61,1007.3,0,normal,0,0.07836106966473444,0,0,0,0,normal,0,normal
2024-04-07 01:00:00,15.0,60,1007.6,0,normal,0,0.08722029857230046,0,0,0,0,normal,0,normal
2024-04-07 02:00:00,17.8,51,1008.6,0,normal,0,0.08151025248720123,0,0,0,0,normal,0,normal
2024-04-07 03:00:00,21.8,67,1009.6,0,normal,0,0.07717613042147431,0,0,0,0,normal,0,normal
2024-04-07 04:00:00,25.5,36,1009.7,0,normal,0,0.07468340127040407,0,0,0,0,normal,0,normal
2024-04-07 05:00:00,28.4,31,1009.4,0,normal,0,0.09547504633688042,0,0,0,0,normal,0,normal
2024-04-07 06:00:00,32.0,29,1008.7,0,normal,0,0.10594482904589747,0,0,0,0,normal,0,normal
2024-04-07 07:00:00,31.7,20,1008.5,0,normal,0,0.10408294369206855,0,0,0,0,normal,0,normal
2024-04-07 08:00:00,32.2,17,1007.6,0,normal,0,0.10500136740001625,0,0,0,0,normal,0,normal
2024-04-07 09:00:00,33.8,19,1006.2,0,normal,0,0.10267680375011429,0,0,0,0,normal,0,normal
2024-04-07 10:00:00,32.4,17,1006.2,0,normal,0,0.10358716445806992,0,0,0,0,normal,0,normal
2024-04-07 11:00:00,31.8,18,1006.2,0,normal,0,0.10324751918319269,0,0,0,0,normal,0,normal
2024-04-07 12:00:00,33.0,18,1004.5,0,normal,0,0.092017805153854,0,0,0,0,normal,0,normal
2024-04-07 13:00:00,26.9,30,1006.8,0,normal,0,0.07009760011461752,0,0,0,0,normal,0,normal
2024-04-07 14:00:00,23.7,38,1007.4,0,normal,0,0.09528136256370906,0,0,0,0,normal,0,normal
2024-04-07 15:00:00,23.2,37,1008.2,0,normal,0,0.112511975762974,0,0,0,0,normal,0,normal
2024-04-07 16:00:00,21.0,45,1009.0,0,normal,0,0.1051880821232824,0,0,0,0,normal,0,normal
2024-04-07 17:00:00,20.0,50,1009.2,0,normal,0,0.1107109302913058,0,0,0,0,normal,0,normal
2024-04-07 18:00:00,19.0,55,1009.1,0,normal,0,0.10870736966665079,0,0,0,0,normal,0,normal
2024-04-07 19:00:00,18.7,57,1008.8,0,normal,0,0.11027325197474319,0,0,0,0,normal,0,normal
2024-04-07 20:00:00,17.6,61,1008.5,0,normal,0,0.1083979418660384,0,0,0,0,normal,0,normal
2024-04-07 21:00:00,16.4,67,1008.0,0,normal,0,0.09749907998797819,0,0,0,0,normal,0,normal
2024-04-07 22:00:00,17.3,62,1007.5,0,normal,0,0.09141621310472697,0,0,0,0,normal,0,normal
2024-04-07 23:00:00,18.9,55,1007.5,0,normal,0,0.07476043495184537,0,0,0,0,normal,0,normal
2024-04-08 00:00:00,17.5,60,1008.0,0,normal,0,0.0956319400229555,0,0,0,0,normal,0,normal
2024-04-08 01:00:00,14.9,67,1008.5,0,normal,0,0.08192000297778002,0,0,0,0,normal,0,normal
2024-04-08 02:00:00,17.6,59,1009.4,0,normal,0,0.09360598676512522,0,0,0,0,normal,0,normal
2024-04-08 03:00:00,25.8,46,1009.5,0,normal,0,0.0620774111766188,0,0,0,0,normal,0,normal
2024-04-08 04:00:00,26.8,38,1010.6,0,normal,0,0.09585716876315942,0,0,0,0,normal,0,normal
2024-04-08 05:00:00,29.7,30,1010.9,0,normal,0,0.10875555107013185,0,0,0,0,normal,0,normal
2024-04-08 06:00:00,32.0,30,1009.9,0,normal,0,0.10664767083121784,0,0,0,0,normal,0,normal
2024-04-08 07:00:00,32.6,21,1010.7,0,normal,0,0.09977286572014388,0,0,0,0,normal,0,normal
2024-04-08 08:00:00,33.2,19,1010.1,0,normal,0,0.10103359794809325,0,0,0,0,normal,0,normal
2024-04-08 09:00:00,34.4,22,1008.2,0,normal,0,0.09181431711161109,0,0,0,0,normal,0,normal
2024-04-08 10:00:00,32.5,16,1008.8,0,normal,0,0.09697890179913166,0,0,0,0,normal,0,normal
2024-04-08 11:00:00,32.1,17,1008.2,0,normal,0,0.10222929963540622,0,0,0,0,normal,0,normal
2024-04-08 12:00:00,32.8,22,1007.3,0,normal,0,0.09290397178182541,0,0,0,0,normal,0,normal
2024-04-08 13:00:00,27.0,29,1008.1,0,normal,0,0.08099199071855956,0,0,0,0,normal,0,normal
2024-04-08 14:00:00,25.7,28,1008.6,0,normal,0,0.10518640567317727,0,0,0,0,normal,0,normal
2024-04-08 15:00:00,45.38087740085373,36,1009.4,1,temp_spike,1,-0.07702820860290449,0,0,0,0,normal,1,isolation_forest_anomaly
2024-04-08 16:00:00,21.5,40,1010.2,0,normal,1,-0.09431245997824711,0,0,0,0,normal,1,isolation_forest_anomaly
2024-04-08 17:00:00,22.3,38,1010.3,0,normal,0,0.018537032381852725,0,0,0,0,normal,0,normal
2024-04-08 18:00:00,21.3,41,1010.1,0,normal,0,0.1062085463679876,0,0,0,0,normal,0,normal
2024-04-08 19:00:00,20.0,47,1009.8,0,normal,0,0.10847138560986258,0,0,0,0,normal,0,normal
2024-04-08 20:00:00,18.9,52,1009.7,0,normal,0,0.10742822504495708,0,0,0,0,normal,0,normal
2024-04-08 21:00:00,19.8,48,1009.3,0,normal,0,0.0976889136407208,0,0,0,0,normal,0,normal
2024-04-08 22:00:00,19.5,49,1009.1,0,normal,0,0.10670200629073445,0,0,0,0,normal,0,normal
2024-04-08 23:00:00,19.7,48,1008.9,0,normal,0,0.0910035735595493,0,0,0,0,normal,0,normal
2024-04-09 00:00:00,17.2,56,1009.1,0,normal,0,0.0789485980319733,0,0,0,0,normal,0,normal
2024-04-09 01:00:00,16.5,61,1009.9,0,normal,0,0.09761106530083241,0,0,0,0,normal,0,normal
2024-04-09 02:00:00,19.4,52,1010.4,0,normal,0,0.09158794390866781,0,0,0,0,normal,0,normal
2024-04-09 03:00:00,24.8,48,1010.8,0,normal,0,0.09432190628188225,0,0,0,0,normal,0,normal
2024-04-09 04:00:00,27.9,36,1011.2,0,normal,0,0.09887073399537921,0,0,0,0,normal,0,normal
2024-04-09 05:00:00,30.7,30,1011.4,0,normal,0,0.10618357214688007,0,0,0,0,normal,0,normal
2024-04-09 06:00:00,32.8,32,1010.7,0,normal,0,0.10233600613432164,0,0,0,0,normal,0,normal
2024-04-09 07:00:00,33.2,22,1011.1,0,normal,0,0.09685276840446055,0,0,0,0,normal,0,normal
2024-04-09 08:00:00,33.9,19,1010.5,0,normal,0,0.09700860665837763,0,0,0,0,normal,0,normal
2024-04-09 09:00:00,34.4,26,1008.7,0,normal,0,0.0882753278685266,0,0,0,0,normal,0,normal
2024-04-09 10:00:00,33.7,16,1008.8,0,normal,0,0.09564220400800832,0,0,0,0,normal,0,normal
2024-04-09 11:00:00,33.1,17,1008.3,0,normal,0,0.09841503835395488,0,0,0,0,normal,0,normal
2024-04-09 12:00:00,33.0,28,1007.2,0,normal,0,0.0905600746491923,0,0,0,0,normal,0,normal
2024-04-09 13:00:00,27.5,31,1008.4,0,normal,0,0.09326778598872226,0,0,0,0,normal,0,normal
2024-04-09 14:00:00,25.8,31,1008.9,0,normal,0,0.10423007608430446,0,0,0,0,normal,0,normal
2024-04-09 15:00:00,25.1,30,1009.5,0,normal,0,0.10648463993648344,0,0,0,0,normal,0,normal
2024-04-09 16:00:00,24.7,29,1010.0,0,normal,0,0.10209451096938849,0,0,0,0,normal,0,normal
2024-04-09 17:00:00,21.9,39,1010.9,0,normal,0,0.08601278414626617,0,0,0,0,normal,0,normal
2024-04-09 18:00:00,20.1,48,1011.0,0,normal,0,0.09052166259355243,0,0,0,0,normal,0,normal
2024-04-09 19:00:00,18.9,54,1010.8,0,normal,0,0.09913005457770346,0,0,0,0,normal,0,normal
2024-04-09 20:00:00,19.3,52,1010.3,0,normal,0,0.10120041199391983,0,0,0,0,normal,0,normal
2024-04-09 21:00:00,18.0,59,1009.7,0,normal,0,0.09973010800035498,0,0,0,0,normal,0,normal
2024-04-09 22:00:00,17.2,63,1009.2,0,normal,0,0.10222403288010451,0,0,0,0,normal,0,normal
2024-04-09 23:00:00,17.0,64,1009.1,0,normal,0,0.10170585210864275,0,0,0,0,normal,0,normal
2024-04-10 00:00:00,17.5,61,1009.5,0,normal,0,0.09544045127881462,0,0,0,0,normal,0,normal
2024-04-10 01:00:00,16.7,68,1010.2,0,normal,0,0.09573250338395467,0,0,0,0,normal,0,normal
2024-04-10 02:00:00,19.1,62,1010.7,0,normal,0,0.1010720462208336,0,0,0,0,normal,0,normal
2024-04-10 03:00:00,25.4,46,1011.2,0,normal,0,0.0858448319928084,0,0,0,0,normal,0,normal
2024-04-10 04:00:00,27.7,37,1011.3,0,normal,0,0.0980015010083869,0,0,0,0,normal,0,normal
2024-04-10 05:00:00,30.9,27,1011.3,0,normal,0,0.10087952836615838,0,0,0,0,normal,0,normal
2024-04-10 06:00:00,33.4,34,1011.0,0,normal,0,0.09224540880150972,0,0,0,0,normal,0,normal
2024-04-10 07:00:00,34.2,18,1010.6,0,normal,0,0.08399687355637331,0,0,0,0,normal,0,normal
2024-04-10 08:00:00,34.9,17,1009.5,0,normal,0,0.09320429724224416,0,0,0,0,normal,0,normal
2024-04-10 09:00:00,35.8,16,1008.4,0,normal,0,0.09372081335084298,0,0,0,0,normal,0,normal
2024-04-10 10:00:00,33.9,16,1008.5,0,normal,0,0.09553750915264148,0,0,0,0,normal,0,normal
2024-04-10 11:00:00,32.3,21,1008.2,0,normal,0,0.0924467679174546,0,0,0,0,normal,0,normal
2024-04-10 12:00:00,33.6,23,1007.0,0,normal,0,0.1007066390932489,0,0,0,0,normal,0,normal
2024-04-10 13:00:00,26.9,38,1009.8,0,normal,0,0.06103443547026921,0,0,0,0,normal,0,normal
2024-04-10 14:00:00,25.9,42,1010.4,0,normal,0,0.10541715986365835,0,0,0,0,normal,0,normal
2024-04-10 15:00:00,25.9,41,1010.9,0,normal,0,0.11356906412647588,0,0,0,0,normal,0,normal
2024-04-10 16:00:00,24.4,43,1011.4,0,normal,0,0.11359091782314712,0,0,0,0,normal,0,normal
2024-04-10 17:00:00,22.9,48,1011.6,0,normal,0,0.11462322829790578,0,0,0,0,normal,0,normal
2024-04-10 18:00:00,21.2,56,1011.4,0,normal,0,0.10200575739373668,0,0,0,0,normal,0,normal
2024-04-10 19:00:00,20.3,61,1011.1,0,normal,0,0.10715021030597532,0,0,0,0,normal,0,normal
2024-04-10 20:00:00,19.4,65,1010.8,0,normal,0,0.10930911342011912,0,0,0,0,normal,0,normal
2024-04-10 21:00:00,19.5,63,1010.3,0,normal,0,0.10434671761905817,0,0,0,0,normal,0,normal
2024-04-10 22:00:00,19.2,63,1009.7,0,normal,0,0.10234873460066407,0,0,0,0,normal,0,normal
2024-04-10 23:00:00,18.5,65,1009.7,0,normal,0,0.10152679737256182,0,0,0,0,normal,0,normal
2024-04-11 00:00:00,18.4,43,1009.9,0,normal,0,0.05460087536544095,0,0,0,0,normal,0,normal
2024-04-11 01:00:00,17.9,49,1010.5,0,normal,0,0.08233273275158204,0,0,0,0,normal,0,normal
2024-04-11 02:00:00,19.7,48,1011.5,0,normal,0,0.09494174480446782,0,0,0,0,normal,0,normal
2024-04-11 03:00:00,23.8,44,1013.8,0,normal,0,0.0682391228146928,0,0,0,0,normal,0,normal
2024-04-11 04:00:00,27.3,35,1011.9,0,normal,0,0.07810035870426896,0,0,0,0,normal,0,normal
2024-04-11 05:00:00,30.8,28,1012.3,0,normal,0,0.0949208550520863,0,0,0,0,normal,0,normal
2024-04-11 06:00:00,33.2,25,1013.1,0,normal,0,0.08449787623006771,0,0,0,0,normal,0,normal
2024-04-11 07:00:00,34.2,21,1011.4,0,normal,0,0.08271158199336348,0,0,0,0,normal,0,normal
2024-04-11 08:00:00,34.9,19,1010.5,0,normal,0,0.09274935586963473,0,0,0,0,normal,0,normal
2024-04-11 09:00:00,34.8,20,1010.8,0,normal,0,0.08735008380737896,0,0,0,0,normal,0,normal
2024-04-11 10:00:00,34.2,19,1010.2,0,normal,0,0.09062668711666055,0,0,0,0,normal,0,normal
2024-04-11 11:00:00,33.8,20,1009.9,0,normal,0,0.09084339111247564,0,0,0,0,normal,0,normal
2024-04-11 12:00:00,32.8,22,1008.8,0,normal,0,0.09273592466301955,0,0,0,0,normal,0,normal
2024-04-11 13:00:00,28.0,42,1010.0,0,normal,0,0.07644399214172592,0,0,0,0,normal,0,normal
2024-04-11 14:00:00,26.4,40,1010.8,0,normal,0,0.10322631085058842,0,0,0,0,normal,0,normal
2024-04-11 15:00:00,23.7,42,1012.2,0,normal,0,0.09913697233006458,0,0,0,0,normal,0,normal
2024-04-11 16:00:00,22.3,47,1012.9,0,normal,0,0.10394410535099358,0,0,0,0,normal,0,normal
2024-04-11 17:00:00,21.4,51,1012.9,0,normal,0,0.10898975500831615,0,0,0,0,normal,0,normal
2024-04-11 18:00:00,20.6,57,1012.8,0,normal,0,0.10412937399106897,0,0,0,0,normal,0,normal
2024-04-11 19:00:00,19.8,61,1012.6,0,normal,0,0.10796695275386747,0,0,0,0,normal,0,normal
2024-04-11 20:00:00,19.5,61,1012.2,0,normal,0,0.10500084779377084,0,0,0,0,normal,0,normal
2024-04-11 21:00:00,20.0,59,1011.9,0,normal,0,0.09569092207291674,0,0,0,0,normal,0,normal
2024-04-11 22:00:00,18.6,65,1011.5,0,normal,0,0.10072945851042664,0,0,0,0,normal,0,normal
2024-04-11 23:00:00,18.1,66,1010.9,0,normal,0,0.09184875849115115,0,0,0,0,normal,0,normal
2024-04-12 00:00:00,18.0,65,1010.8,0,normal,0,0.09376710352635725,0,0,0,0,normal,0,normal
2024-04-12 01:00:00,17.7,57,1010.6,0,normal,0,0.09031441295837106,0,0,0,0,normal,0,normal
2024-04-12 02:00:00,21.3,47,1010.9,0,normal,0,0.09051616263334006,0,0,0,0,normal,0,normal
2024-04-12 03:00:00,25.0,47,1011.5,0,normal,0,0.09993733250950737,0,0,0,0,normal,0,normal
2024-04-12 04:00:00,28.6,35,1011.6,0,normal,0,0.09779910597991986,0,0,0,0,normal,0,normal
2024-04-12 05:00:00,31.7,26,1011.6,0,normal,0,0.09805123656809034,0,0,0,0,normal,0,normal
2024-04-12 06:00:00,34.0,22,1010.9,0,normal,0,0.09555715921418989,0,0,0,0,normal,0,normal
2024-04-12 07:00:00,34.2,20,1011.2,0,normal,0,0.09188947085562194,0,0,0,0,normal,0,normal
2024-04-12 08:00:00,34.8,19,1010.4,0,normal,0,0.0932871406833915,0,0,0,0,normal,0,normal
2024-04-12 09:00:00,36.4,20,1008.4,0,normal,0,0.08397481571955673,0,0,0,0,normal,0,normal
2024-04-12 10:00:00,34.9,19,1008.4,0,normal,0,0.09752172883545546,0,0,0,0,normal,0,normal
2024-04-12 11:00:00,34.8,18,1007.5,0,normal,0,0.0985766051934086,0,0,0,0,normal,0,normal
2024-04-12 12:00:00,35.0,26,1007.0,0,normal,0,0.08803381996113013,0,0,0,0,normal,0,normal
2024-04-12 13:00:00,29.3,30,1007.6,0,normal,0,0.08735375768469761,0,0,0,0,normal,0,normal
2024-04-12 14:00:00,27.3,34,1008.0,0,normal,0,0.10942475904335663,0,0,0,0,normal,0,normal
2024-04-12 15:00:00,25.7,38,1008.6,0,normal,0,0.1182167472143772,0,0,0,0,normal,0,normal
2024-04-12 16:00:00,25.7,38,1010.2,0,normal,0,0.0997923094810419,0,0,0,0,normal,0,normal
2024-04-12 17:00:00,25.3,41,1010.1,0,normal,0,0.11192010049388623,0,0,0,0,normal,0,normal
2024-04-12 18:00:00,24.6,42,1010.1,0,normal,0,0.11215661643366404,0,0,0,0,normal,0,normal
2024-04-12 19:00:00,22.9,46,1010.2,0,normal,0,0.11054126128471903,0,0,0,0,normal,0,normal
2024-04-12 20:00:00,22.5,47,1010.1,0,normal,0,0.11426166885865513,0,0,0,0,normal,0,normal
2024-04-12 21:00:00,22.3,47,1009.5,0,normal,0,0.10260974799685468,0,0,0,0,normal,0,normal
2024-04-12 22:00:00,22.2,46,1009.1,0,normal,0,0.10334895279806866,0,0,0,0,normal,0,normal
2024-04-12 23:00:00,20.9,49,1008.8,0,normal,0,0.0952914078484815,0,0,0,0,normal,0,normal
2024-04-13 00:00:00,20.6,49,1009.1,0,normal,0,0.10038966737610361,0,0,0,0,normal,0,normal
2024-04-13 01:00:00,20.6,48,1009.5,0,normal,0,0.10176127091458076,0,0,0,0,normal,0,normal
2024-04-13 02:00:00,23.0,40,1010.1,0,normal,0,0.09552209608576051,0,0,0,0,normal,0,normal
2024-04-13 03:00:00,25.8,51,1010.4,0,normal,0,0.09813958907765519,0,0,0,0,normal,0,normal
2024-04-13 04:00:00,29.7,32,1010.6,0,normal,0,0.09097934498221055,0,0,0,0,normal,0,normal
2024-04-13 05:00:00,32.6,26,1010.4,0,normal,0,0.09859358764839493,0,0,0,0,normal,0,normal
2024-04-13 06:00:00,30.8,40,1010.3,0,normal,0,0.08903835665730958,0,0,0,0,normal,0,normal
2024-04-13 07:00:00,35.5,19,1009.0,0,normal,0,0.07239536810229347,0,0,0,0,normal,0,normal
2024-04-13 08:00:00,34.9,20,1008.9,0,normal,0,0.09597051827610209,0,0,0,0,normal,0,normal
2024-04-13 09:00:00,33.1,26,1008.3,0,normal,0,0.09927931466306628,0,0,0,0,normal,0,normal
2024-04-13 10:00:00,32.3,28,1008.3,0,normal,0,0.11178487959014827,0,0,0,0,normal,0,normal
2024-04-13 11:00:00,30.3,36,1008.3,0,normal,0,0.10510112177514713,0,0,0,0,normal,0,normal
2024-04-13 12:00:00,29.0,40,1007.8,0,normal,0,0.11962171327813886,0,0,0,0,normal,0,normal
2024-04-13 13:00:00,27.4,49,1008.1,0,normal,0,0.11566239792865712,0,0,0,0,normal,0,normal
2024-04-13 14:00:00,26.8,43,1008.7,0,normal,0,0.10853845862365935,0,0,0,0,normal,0,normal
2024-04-13 15:00:00,26.6,44,1010.1,0,normal,0,0.1128520624618411,0,0,0,0,normal,0,normal
2024-04-13 16:00:00,26.6,44,1010.8,0,normal,0,0.10437236763032476,0,0,0,0,normal,0,normal
2024-04-13 17:00:00,21.0,76,1012.9,0,normal,0,0.01082729450619263,0,0,0,0,normal,0,normal
2024-04-13 18:00:00,21.3,73,1012.7,0,normal,0,0.06584437665307913,0,0,0,0,normal,0,normal
2024-04-13 19:00:00,22.0,69,1012.7,0,normal,0,0.09869354367986061,0,0,0,0,normal,0,normal
2024-04-13 20:00:00,23.0,59,1012.1,0,normal,0,0.07534976979399338,0,0,0,0,normal,0,normal
2024-04-13 21:00:00,22.9,57,1011.7,0,normal,0,0.09982084050123208,0,0,0,0,normal,0,normal
2024-04-13 22:00:00,22.4,59,1011.8,0,normal,0,0.1011400206183567,0,0,0,0,normal,0,normal
2024-04-13 23:00:00,22.5,57,1011.4,0,normal,0,0.09003039806533997,0,0,0,0,normal,0,normal
2024-04-14 00:00:00,22.5,55,1011.6,0,normal,0,0.09538377414517546,0,0,0,0,normal,0,normal
2024-04-14 01:00:00,22.6,55,1012.0,0,normal,0,0.09706588641529784,0,0,0,0,normal,0,normal
2024-04-14 02:00:00,23.7,54,1012.5,0,normal,0,0.10101456169701234,0,0,0,0,normal,0,normal
2024-04-14 03:00:00,24.7,56,1013.3,0,normal,0,0.10244215032487985,0,0,0,0,normal,0,normal
2024-04-14 04:00:00,26.3,50,1013.9,0,normal,0,0.10163824832263096,0,0,0,0,normal,0,normal
2024-04-14 05:00:00,26.7,49,1014.1,0,normal,0,0.105629384571374,0,0,0,0,normal,0,normal
2024-04-14 06:00:00,23.6,70,1014.1,0,normal,0,0.06799078767600897,0,0,0,0,normal,0,normal
2024-04-14 07:00:00,30.0,38,1013.5,0,normal,0,0.04904933420488422,0,0,0,0,normal,0,normal
2024-04-14 08:00:00,31.6,33,1011.6,0,normal,0,0.07806049680948834,0,0,0,0,normal,0,normal
2024-04-14 09:00:00,29.0,46,1011.1,0,normal,0,0.10315370219964837,0,0,0,0,normal,0,normal
2024-04-14 10:00:00,31.2,34,1010.0,0,normal,0,0.10069357046003075,0,0,0,0,normal,0,normal
2024-04-14 11:00:00,31.6,32,1009.3,0,normal,0,0.1146804039055111,0,0,0,0,normal,0,normal
2024-04-14 12:00:00,27.4,55,1011.2,0,normal,0,0.07050350837769687,0,0,0,0,normal,0,normal
2024-04-14 13:00:00,24.3,73,1012.1,0,normal,0,0.07429427185163573,0,0,0,0,normal,0,normal
2024-04-14 14:00:00,23.6,76,1012.8,0,normal,0,0.100050893347642,0,0,0,0,normal,0,normal
2024-04-14 15:00:00,22.3,84,1012.7,0,normal,0,0.09945857006090775,0,0,0,0,normal,0,normal
2024-04-14 16:00:00,21.3,91,1013.4,0,normal,0,0.08376566786339557,0,0,0,0,normal,0,normal
2024-04-14 17:00:00,20.4,96,1013.0,0,normal,0,0.07521505202341078,0,0,0,0,normal,0,normal
2024-04-14 18:00:00,20.5,96,1013.2,0,normal,0,0.07993879880161248,0,0,0,0,normal,0,normal
2024-04-14 19:00:00,20.2,96,1013.2,0,normal,0,0.07814152931008583,0,0,0,0,normal,0,normal
2024-04-14 20:00:00,20.0,96,1012.7,0,normal,0,0.07790061174602692,0,0,0,0,normal,0,normal
2024-04-14 21:00:00,20.0,95,1012.0,0,normal,0,0.07544886275471929,0,0,0,0,normal,0,normal
2024-04-14 22:00:00,19.9,93,1011.8,0,normal,0,0.0829231111624339,0,0,0,0,normal,0,normal
2024-04-14 23:00:00,20.1,88,1012.3,0,normal,0,0.06910740742775678,0,0,0,0,normal,0,normal
2024-04-15 00:00:00,20.1,81,1010.7,0,normal,0,0.0630495175341057,0,0,0,0,normal,0,normal
2024-04-15 01:00:00,20.5,83,1011.1,0,normal,0,0.09558745533232749,0,0,0,0,normal,0,normal
2024-04-15 02:00:00,22.4,73,1011.7,0,normal,0,0.09991854383921689,0,0,0,0,normal,0,normal
2024-04-15 03:00:00,24.0,66,1012.0,0,normal,0,0.10810907991141128,0,0,0,0,normal,0,normal
2024-04-15 04:00:00,28.5,48,1012.5,0,normal,0,0.08324017188322202,0,0,0,0,normal,0,normal
2024-04-15 05:00:00,29.9,38,1012.6,0,normal,0,0.10130941539416582,0,0,0,0,normal,0,normal
2024-04-15 06:00:00,29.0,52,1012.8,0,normal,0,0.08596390832268308,0,0,0,0,normal,0,normal
2024-04-15 07:00:00,31.2,37,1011.8,0,normal,0,0.0974626735870045,0,0,0,0,normal,0,normal
2024-04-15 08:00:00,31.7,36,1010.9,0,normal,0,0.1124692628364829,0,0,0,0,normal,0,normal
2024-04-15 09:00:00,32.0,42,1010.2,0,normal,0,0.11161041729434518,0,0,0,0,normal,0,normal
2024-04-15 10:00:00,25.1,71,1010.0,0,normal,0,0.04761819813416068,0,0,0,0,normal,0,normal
2024-04-15 11:00:00,24.5,70,1009.9,0,normal,0,0.09348822347043229,0,0,0,0,normal,0,normal
2024-04-15 12:00:00,31.4,42,1007.7,0,normal,0,0.0331280112115539,0,0,0,0,normal,0,normal
2024-04-15 13:00:00,22.5,81,1011.2,0,normal,1,-0.013032100430713456,0,0,0,0,normal,1,isolation_forest_anomaly
2024-04-15 14:00:00,22.0,84,1011.3,0,normal,0,0.05729924010507281,0,0,0,0,normal,0,normal
2024-04-15 15:00:00,23.0,78,1011.8,0,normal,0,0.08986361354550032,0,0,0,0,normal,0,normal
2024-04-15 16:00:00,21.8,83,1012.6,0,normal,0,0.09788136071519787,0,0,0,0,normal,0,normal
2024-04-15 17:00:00,20.1,89,1012.6,0,normal,0,0.09271395997870624,0,0,0,0,normal,0,normal
2024-04-15 18:00:00,20.0,88,1012.4,0,normal,0,0.09258685580497195,0,0,0,0,normal,0,normal
2024-04-15 19:00:00,20.0,87,1011.8,0,normal,0,0.0918471693620111,0,0,0,0,normal,0,normal
2024-04-15 20:00:00,19.6,88,1011.2,0,normal,0,0.09254622937960533,0,0,0,0,normal,0,normal
2024-04-15 21:00:00,19.3,89,1011.5,0,normal,0,0.09191470715547773,0,0,0,0,normal,0,normal
2024-04-15 22:00:00,18.9,87,1012.0,0,normal,0,0.08736513273401503,0,0,0,0,normal,0,normal
2024-04-15 23:00:00,18.9,84,1011.7,0,normal,0,0.08350729864954493,0,0,0,0,normal,0,normal
2024-04-16 00:00:00,18.5,83,1011.8,0,normal,0,0.0896833020786556,0,0,0,0,normal,0,normal
2024-04-16 01:00:00,18.0,94,1011.3,0,normal,0,0.0695250309911688,0,0,0,0,normal,0,normal
2024-04-16 02:00:00,20.0,87,1011.7,0,normal,0,0.08732105053309352,0,0,0,0,normal,0,normal
2024-04-16 03:00:00,23.0,73,1012.2,0,normal,0,0.0907289485358409,0,0,0,0,normal,0,normal
2024-04-16 04:00:00,25.3,63,1012.8,0,normal,0,0.10178953506826177,0,0,0,0,normal,0,normal
2024-04-16 05:00:00,27.1,55,1012.8,0,normal,0,0.10886617945137289,0,0,0,0,normal,0,normal
2024-04-16 06:00:00,28.8,49,1012.5,0,normal,0,0.10911255817808163,0,0,0,0,normal,0,normal
2024-04-16 07:00:00,29.7,46,1011.9,0,normal,0,0.11199837046739552,0,0,0,0,normal,0,normal
2024-04-16 08:00:00,30.4,43,1011.0,0,normal,0,0.1167834776191542,0,0,0,0,normal,0,normal
2024-04-16 09:00:00,30.8,40,1010.0,0,normal,0,0.1185561317696896,0,0,0,0,normal,0,normal
2024-04-16 10:00:00,30.6,38,1009.2,0,normal,0,0.11406119543336474,0,0,0,0,normal,0,normal
2024-04-16 11:00:00,30.6,38,1008.4,0,normal,0,0.1108842497286539,0,0,0,0,normal,0,normal
2024-04-16 12:00:00,29.6,41,1008.6,0,normal,0,0.11545502769656357,0,0,0,0,normal,0,normal
2024-04-16 13:00:00,27.7,47,1009.0,0,normal,0,0.11794867694013533,0,0,0,0,normal,0,normal
2024-04-16 14:00:00,25.9,52,1009.8,0,normal,0,0.11940749490941521,0,0,0,0,normal,0,normal
2024-04-16 15:00:00,24.9,54,1010.4,0,normal,0,0.12083938969662589,0,0,0,0,normal,0,normal
2024-04-16 16:00:00,23.6,53,1010.7,0,normal,0,0.11228604775861506,0,0,0,0,normal,0,normal
2024-04-16 17:00:00,22.8,55,1010.9,0,normal,0,0.11624254227297459,0,0,0,0,normal,0,normal
2024-04-16 18:00:00,22.1,57,1010.8,0,normal,0,0.11410176084972296,0,0,0,0,normal,0,normal
2024-04-16 19:00:00,21.5,59,1010.5,0,normal,0,0.1130903133796125,0,0,0,0,normal,0,normal
2024-04-16 20:00:00,20.5,63,1010.0,0,normal,0,0.10923135833456427,0,0,0,0,normal,0,normal
2024-04-16 21:00:00,19.8,67,1009.5,0,normal,0,0.11037846904571758,0,0,0,0,normal,0,normal
2024-04-16 22:00:00,19.1,70,1008.8,0,normal,0,0.10674679923742442,0,0,0,0,normal,0,normal
2024-04-16 23:00:00,18.1,74,1008.4,0,normal,0,0.09526604708439207,0,0,0,0,normal,0,normal
2024-04-17 00:00:00,17.4,78,1008.4,0,normal,0,0.09953758504922372,0,0,0,0,normal,0,normal
2024-04-17 01:00:00,17.7,77,1009.1,0,normal,0,0.10360224054395811,0,0,0,0,normal,0,normal
2024-04-17 02:00:00,19.9,71,1010.0,0,normal,0,0.10377718534693098,0,0,0,0,normal,0,normal
2024-04-17 03:00:00,22.7,60,1009.9,0,normal,0,0.1057543868270111,0,0,0,0,normal,0,normal
2024-04-17 04:00:00,25.4,52,1009.9,0,normal,0,0.1099378278010546,0,0,0,0,normal,0,normal
2024-04-17 05:00:00,27.8,43,1010.0,0,normal,0,0.11299082785811643,0,0,0,0,normal,0,normal
2024-04-17 06:00:00,29.8,32,1009.6,0,normal,0,0.11293427832858333,0,0,0,0,normal,0,normal
2024-04-17 07:00:00,31.0,23,1009.0,0,normal,0,0.1098017696386594,0,0,0,0,normal,0,normal
2024-04-17 08:00:00,31.8,20,1008.4,0,normal,0,0.11157658862096315,0,0,0,0,normal,0,normal
2024-04-17 09:00:00,32.1,18,1007.7,0,normal,0,0.10970791117309292,0,0,0,0,normal,0,normal
2024-04-17 10:00:00,32.0,18,1006.8,0,normal,0,0.10235032257553706,0,0,0,0,normal,0,normal
2024-04-17 11:00:00,31.6,20,1006.7,0,normal,0,0.10136616502826623,0,0,0,0,normal,0,normal
2024-04-17 12:00:00,30.6,24,1007.1,0,normal,0,0.10371998595618781,0,0,0,0,normal,0,normal
2024-04-17 13:00:00,28.0,30,1007.6,0,normal,0,0.110295712102082,0,0,0,0,normal,0,normal
2024-04-17 14:00:00,27.1,30,1008.1,0,normal,0,0.11392908237956673,0,0,0,0,normal,0,normal
2024-04-17 15:00:00,24.9,38,1008.5,0,normal,0,0.1119703095790679,0,0,0,0,normal,0,normal
2024-04-17 16:00:00,24.1,43,1008.9,0,normal,0,0.11867968450953031,0,0,0,0,normal,0,normal
2024-04-17 17:00:00,24.3,48,1009.4,0,normal,0,0.1132742638160521,0,0,0,0,normal,0,normal
2024-04-17 18:00:00,23.9,52,1009.2,0,normal,0,0.11397486913449895,0,0,0,0,normal,0,normal
2024-04-17 19:00:00,21.6,56,1009.1,0,normal,0,0.11013359828171426,0,0,0,0,normal,0,normal
2024-04-17 20:00:00,20.9,58,1008.3,0,normal,0,0.11079381496717389,0,0,0,0,normal,0,normal
2024-04-17 21:00:00,20.6,59,1007.7,0,normal,0,0.11029094553853447,0,0,0,0,normal,0,normal
2024-04-17 22:00:00,19.8,63,1007.4,0,normal,0,0.1096001953004972,0,0,0,0,normal,0,normal
2024-04-17 23:00:00,19.5,64,1007.1,0,normal,0,0.10347107310018583,0,0,0,0,normal,0,normal
2024-04-18 00:00:00,18.7,61,1007.0,0,normal,0,0.09691423278954314,0,0,0,0,normal,0,normal
2024-04-18 01:00:00,19.4,60,1007.6,0,normal,0,0.10457720706505447,0,0,0,0,normal,0,normal
2024-04-18 02:00:00,22.1,54,1008.1,0,normal,0,0.10508783011758399,0,0,0,0,normal,0,normal
2024-04-18 03:00:00,25.5,47,1008.4,0,normal,0,0.11131836609722079,0,0,0,0,normal,0,normal
2024-04-18 04:00:00,28.5,39,1008.7,0,normal,0,0.10888897901851591,0,0,0,0,normal,0,normal
2024-04-18 05:00:00,28.1,42,1009.3,0,normal,0,0.11455368747735845,0,0,0,0,normal,0,normal
2024-04-18 06:00:00,29.5,40,1009.4,0,normal,0,0.11358061418037002,0,0,0,0,normal,0,normal
2024-04-18 07:00:00,30.2,38,1008.8,0,normal,0,0.1162552654052792,0,0,0,0,normal,0,normal
2024-04-18 08:00:00,31.1,35,1008.0,0,normal,0,0.12061382658630782,0,0,0,0,normal,0,normal
2024-04-18 09:00:00,30.7,35,1007.4,0,normal,0,0.11860195659803718,0,0,0,0,normal,0,normal
2024-04-18 10:00:00,32.6,30,1005.7,0,normal,0,0.10757856589063053,0,0,0,0,normal,0,normal
2024-04-18 11:00:00,32.0,30,1005.2,0,normal,0,0.11808382647747301,0,0,0,0,normal,0,normal
2024-04-18 12:00:00,31.3,32,1005.1,0,normal,0,0.11419395741441396,0,0,0,0,normal,0,normal
2024-04-18 13:00:00,28.9,40,1005.2,0,normal,0,0.11509773254535582,0,0,0,0,normal,0,normal
2024-04-18 14:00:00,27.5,38,1005.5,0,normal,0,0.11684509870818227,0,0,0,0,normal,0,normal
2024-04-18 15:00:00,27.2,37,1005.8,0,normal,0,0.11573714754386893,0,0,0,0,normal,0,normal
2024-04-18 16:00:00,26.0,40,1006.5,0,normal,0,0.11868350380471027,0,0,0,0,normal,0,normal
2024-04-18 17:00:00,24.9,44,1006.4,0,normal,0,0.12112621788936684,0,0,0,0,normal,0,normal
2024-04-18 18:00:00,24.2,47,1006.5,0,normal,0,0.1157630172163574,0,0,0,0,normal,0,normal
2024-04-18 19:00:00,23.1,51,1006.2,0,normal,0,0.11327207014199464,0,0,0,0,normal,0,normal
2024-04-18 20:00:00,21.9,57,1005.9,0,normal,0,0.10941583480641842,0,0,0,0,normal,0,normal
2024-04-18 21:00:00,20.9,62,1005.9,0,normal,0,0.11023300068157937,0,0,0,0,normal,0,normal
2024-04-18 22:00:00,20.3,65,1005.4,0,normal,0,0.1107544114600631,0,0,0,0,normal,0,normal
2024-04-18 23:00:00,19.8,67,1005.1,0,normal,0,0.10165322921618575,0,0,0,0,normal,0,normal
2024-04-19 00:00:00,19.4,69,1005.4,0,normal,0,0.10142325858875306,0,0,0,0,normal,0,normal
2024-04-19 01:00:00,19.7,70,1005.9,0,normal,0,0.10478984048759787,0,0,0,0,normal,0,normal
2024-04-19 02:00:00,24.0,52,1005.9,0,normal,0,0.07810255036870367,0,0,0,0,normal,0,normal
2024-04-19 03:00:00,28.8,42,1004.5,0,normal,0,0.08553991846908632,0,0,0,0,normal,0,normal
2024-04-19 04:00:00,28.6,39,1005.4,0,normal,0,0.11058517755399044,0,0,0,0,normal,0,normal
2024-04-19 05:00:00,30.8,35,1005.2,0,normal,0,0.11465553338884388,0,0,0,0,normal,0,normal
2024-04-19 06:00:00,34.4,35,1003.4,0,normal,0,0.09636303314496042,0,0,0,0,normal,0,normal
2024-04-19 07:00:00,33.1,31,1004.5,0,normal,0,0.09912261722852234,0,0,0,0,normal,0,normal
2024-04-19 08:00:00,34.0,32,1003.6,0,normal,0,0.11000579283141204,0,0,0,0,normal,0,normal
2024-04-19 09:00:00,34.8,34,1001.0,0,normal,0,0.08752429051503458,0,0,0,0,normal,0,normal
2024-04-19 10:00:00,32.3,32,1002.3,0,normal,0,0.09500922414589608,0,0,0,0,normal,0,normal
2024-04-19 11:00:00,29.4,40,1002.2,0,normal,0,0.10343345011367777,0,0,0,0,normal,0,normal
2024-04-19 12:00:00,26.3,54,1003.0,0,normal,0,0.09312876608795562,0,0,0,0,normal,0,normal
2024-04-19 13:00:00,21.5,80,1003.2,0,normal,0,0.054781321242102554,0,0,0,0,normal,0,normal
2024-04-19 14:00:00,27.0,43,1003.4,0,normal,0,0.006789357649245487,0,0,0,0,normal,0,normal
2024-04-19 15:00:00,25.1,52,1004.6,0,normal,0,0.08326424202730953,0,0,0,0,normal,0,normal
2024-04-19 16:00:00,22.9,60,1005.7,0,normal,0,0.10126866426347342,0,0,0,0,normal,0,normal
2024-04-19 17:00:00,22.5,61,1005.8,0,normal,0,0.11851908199019395,0,0,0,0,normal,0,normal
2024-04-19 18:00:00,21.7,63,1006.0,0,normal,0,0.11029999118449885,0,0,0,0,normal,0,normal
2024-04-19 19:00:00,20.6,66,1006.2,0,normal,0,0.11128982952718763,0,0,0,0,normal,0,normal
2024-04-19 20:00:00,20.4,66,1006.1,0,normal,0,0.10991039453066381,0,0,0,0,normal,0,normal
2024-04-19 21:00:00,19.8,74,1006.1,0,normal,0,0.10338778185793057,0,0,0,0,normal,0,normal
2024-04-19 22:00:00,21.6,60,1004.7,0,normal,0,0.05269574043012182,0,0,0,0,normal,0,normal
2024-04-19 23:00:00,21.0,62,1005.0,0,normal,0,0.09482689413598377,0,0,0,0,normal,0,normal
2024-04-20 00:00:00,19.8,70,1003.7,0,normal,0,0.07914204029999067,0,0,0,0,normal,0,normal
2024-04-20 01:00:00,21.6,61,1004.2,0,normal,0,0.09860412110792444,0,0,0,0,normal,0,normal
2024-04-20 02:00:00,21.9,57,1006.5,0,normal,0,0.08985824707088863,0,0,0,0,normal,0,normal
2024-04-20 03:00:00,26.2,57,1006.0,0,normal,0,0.09813414836037315,0,0,0,0,normal,0,normal
2024-04-20 04:00:00,27.7,40,1006.2,0,normal,0,0.10182709156681241,0,0,0,0,normal,0,normal
2024-04-20 05:00:00,28.8,39,1006.6,0,normal,0,0.11562205384482882,0,0,0,0,normal,0,normal
2024-04-20 06:00:00,31.2,40,1005.8,0,normal,0,0.10767253893093565,0,0,0,0,normal,0,normal
2024-04-20 07:00:00,31.7,32,1005.4,0,normal,0,0.1154391283724785,0,0,0,0,normal,0,normal
2024-04-20 08:00:00,32.7,30,1004.5,0,normal,0,0.11690278354980521,0,0,0,0,normal,0,normal
2024-04-20 09:00:00,33.8,37,1003.3,0,normal,0,0.10738365675539457,0,0,0,0,normal,0,normal
2024-04-20 10:00:00,30.4,34,1003.6,0,normal,0,0.10642379579515426,0,0,0,0,normal,0,normal
2024-04-20 11:00:00,30.9,33,1003.4,0,normal,0,0.11367969267219458,0,0,0,0,normal,0,normal
2024-04-20 12:00:00,32.6,37,1001.7,0,normal,0,0.1022656209786621,0,0,0,0,normal,0,normal
2024-04-20 13:00:00,28.6,38,1003.9,0,normal,0,0.10090288687931115,0,0,0,0,normal,0,normal
2024-04-20 14:00:00,26.2,46,1004.6,0,normal,0,0.11103709811082413,0,0,0,0,normal,0,normal
2024-04-20 15:00:00,25.3,48,1005.5,0,normal,0,0.12045623153229296,0,0,0,0,normal,0,normal
2024-04-20 16:00:00,23.8,52,1006.0,0,normal,0,0.11795846056392456,0,0,0,0,normal,0,normal
2024-04-20 17:00:00,23.1,54,1006.4,0,normal,0,0.11836292392306841,0,0,0,0,normal,0,normal
2024-04-20 18:00:00,22.3,57,1006.7,0,normal,0,0.11529062582681554,0,0,0,0,normal,0,normal
2024-04-20 19:00:00,21.4,62,1006.6,0,normal,0,0.11405438139036578,0,0,0,0,normal,0,normal
2024-04-20 20:00:00,20.8,66,1006.4,0,normal,0,0.11237874540805626,0,0,0,0,normal,0,normal
2024-04-20 21:00:00,20.0,70,1006.2,0,normal,0,0.10975012807819162,0,0,0,0,normal,0,normal
2024-04-20 22:00:00,19.6,72,1006.0,0,normal,0,0.10804023192317241,0,0,0,0,normal,0,normal
2024-04-20 23:00:00,19.4,74,1006.1,0,normal,0,0.09796461906236031,0,0,0,0,normal,0,normal
2024-04-21 00:00:00,19.0,76,1006.4,0,normal,0,0.09944177647707736,0,0,0,0,normal,0,normal
2024-04-21 01:00:00,19.5,68,1006.4,0,normal,0,0.09482551478054224,0,0,0,0,normal,0,normal
2024-04-21 02:00:00,21.9,61,1006.9,0,normal,0,0.10688575184705795,0,0,0,0,normal,0,normal
2024-04-21 03:00:00,27.0,59,1006.5,0,normal,0,0.0955984160722429,0,0,0,0,normal,0,normal
2024-04-21 04:00:00,28.0,44,1007.4,0,normal,0,0.1035210802315572,0,0,0,0,normal,0,normal
2024-04-21 05:00:00,30.4,35,1007.4,0,normal,0,0.11393838055969452,0,0,0,0,normal,0,normal
2024-04-21 06:00:00,32.2,41,1006.3,0,normal,0,0.10944183241539385,0,0,0,0,normal,0,normal
2024-04-21 07:00:00,32.8,26,1006.4,0,normal,0,0.1069870921008092,0,0,0,0,normal,0,normal
2024-04-21 08:00:00,33.1,23,1005.6,0,normal,0,0.11182496797852998,0,0,0,0,normal,0,normal
2024-04-21 09:00:00,35.0,31,1003.7,0,normal,0,0.09497795581974633,0,0,0,0,normal,0,normal
2024-04-21 10:00:00,33.4,21,1003.9,0,normal,0,0.10076412291818654,0,0,0,0,normal,0,normal
2024-04-21 11:00:00,33.8,19,1004.0,0,normal,0,0.10187002744704249,0,0,0,0,normal,0,normal
2024-04-21 12:00:00,33.8,33,1003.0,0,normal,0,0.09007522612183577,0,0,0,0,normal,0,normal
2024-04-21 13:00:00,29.9,31,1004.4,0,normal,0,0.0981806629781038,0,0,0,0,normal,0,normal
2024-04-21 14:00:00,26.6,34,1005.1,0,normal,0,0.10604937734960446,0,0,0,0,normal,0,normal
2024-04-21 15:00:00,26.6,32,1006.0,0,normal,0,0.11144382731625158,0,0,0,0,normal,0,normal
2024-04-21 16:00:00,25.4,36,1006.9,0,normal,0,0.1124982083752386,0,0,0,0,normal,0,normal
2024-04-21 17:00:00,24.1,40,1007.1,0,normal,0,0.11974570137685742,0,0,0,0,normal,0,normal
2024-04-21 18:00:00,22.4,50,1007.4,0,normal,0,0.10527677213662456,0,0,0,0,normal,0,normal
2024-04-21 19:00:00,21.7,52,1007.0,0,normal,0,0.1109716833190329,0,0,0,0,normal,0,normal
2024-04-21 20:00:00,21.2,54,1006.4,0,normal,0,0.11178115271549183,0,0,0,0,normal,0,normal
2024-04-21 21:00:00,20.5,56,1005.9,0,normal,0,0.11139299349535708,0,0,0,0,normal,0,normal
2024-04-21 22:00:00,19.5,60,1005.8,0,normal,0,0.1085803122712587,0,0,0,0,normal,0,normal
2024-04-21 23:00:00,18.8,65,1005.9,0,normal,0,0.09940235591718855,0,0,0,0,normal,0,normal
2024-04-22 00:00:00,18.4,68,1006.3,0,normal,0,0.10089086098540273,0,0,0,0,normal,0,normal
2024-04-22 01:00:00,19.3,67,1006.8,0,normal,0,0.10229273141034151,0,0,0,0,normal,0,normal
2024-04-22 02:00:00,23.0,55,1006.8,0,normal,0,0.09607561986050123,0,0,0,0,normal,0,normal
2024-04-22 03:00:00,27.8,54,1007.6,0,normal,0,0.10042140823642337,0,0,0,0,normal,0,normal
2024-04-22 04:00:00,29.2,36,1007.8,0,normal,0,0.10153214223486828,0,0,0,0,normal,0,normal
2024-04-22 05:00:00,31.5,29,1007.8,0,normal,0,0.11022337336848365,0,0,0,0,normal,0,normal
2024-04-22 06:00:00,33.4,38,1007.1,0,normal,0,0.10007153090413079,0,0,0,0,normal,0,normal
2024-04-22 07:00:00,34.7,19,1006.5,0,normal,0,0.09024262798988358,0,0,0,0,normal,0,normal
2024-04-22 08:00:00,35.1,17,1005.6,0,normal,0,0.10414384478733757,0,0,0,0,normal,0,normal
2024-04-22 09:00:00,35.6,16,1004.8,0,normal,0,0.10306203684165316,0,0,0,0,normal,0,normal
2024-04-22 10:00:00,35.3,16,1004.1,0,normal,0,0.09921714468632242,0,0,0,0,normal,0,normal
2024-04-22 11:00:00,34.0,18,1004.1,0,normal,0,0.10234608206917217,0,0,0,0,normal,0,normal
2024-04-22 12:00:00,33.2,34,1003.6,0,normal,0,0.09017307323368379,0,0,0,0,normal,0,normal
2024-04-22 13:00:00,31.2,22,1005.2,0,normal,0,0.08509839900675864,0,0,0,0,normal,0,normal
2024-04-22 14:00:00,28.5,28,1006.0,0,normal,0,0.10666879824743769,0,0,0,0,normal,0,normal
2024-04-22 15:00:00,27.0,32,1007.0,0,normal,0,0.11421384251478939,0,0,0,0,normal,0,normal
2024-04-22 16:00:00,25.7,34,1007.5,0,normal,0,0.116946471279198,0,0,0,0,normal,0,normal
2024-04-22 17:00:00,24.6,39,1008.4,0,normal,0,0.11337973712395272,0,0,0,0,normal,0,normal
2024-04-22 18:00:00,23.7,43,1008.5,0,normal,0,0.11731827613797785,0,0,0,0,normal,0,normal
2024-04-22 19:00:00,22.7,47,1007.9,0,normal,0,0.11444420478434242,0,0,0,0,normal,0,normal
2024-04-22 20:00:00,21.2,54,1007.5,0,normal,0,0.10677468332876433,0,0,0,0,normal,0,normal
2024-04-22 21:00:00,20.7,58,1007.0,0,normal,0,0.10939317763865575,0,0,0,0,normal,0,normal
2024-04-22 22:00:00,20.3,60,1006.4,0,normal,0,0.11141498210560391,0,0,0,0,normal,0,normal
2024-04-22 23:00:00,19.7,62,1006.0,0,normal,0,0.1009486873841709,0,0,0,0,normal,0,normal
2024-04-23 00:00:00,19.2,64,1006.1,0,normal,0,0.10530205953208421,0,0,0,0,normal,0,normal
2024-04-23 01:00:00,19.1,72,1006.6,0,normal,0,0.09424476023719303,0,0,0,0,normal,0,normal
2024-04-23 02:00:00,21.6,58,1007.1,0,normal,0,0.09713483763847969,0,0,0,0,normal,0,normal
2024-04-23 03:00:00,24.6,63,1008.7,0,normal,0,0.09789785127343414,0,0,0,0,normal,0,normal
2024-04-23 04:00:00,28.3,34,1007.6,0,normal,0,0.07044485993088279,0,0,0,0,normal,0,normal
2024-04-23 05:00:00,31.0,27,1007.2,0,normal,0,0.10093558228092875,0,0,0,0,normal,0,normal
2024-04-23 06:00:00,32.9,23,1007.2,0,normal,0,0.10865010930405289,0,0,0,0,normal,0,normal
2024-04-23 07:00:00,34.7,18,1006.3,0,normal,0,0.10333454995836172,0,0,0,0,normal,0,normal
2024-04-23 08:00:00,34.4,19,1006.3,0,normal,0,0.1037941827278761,0,0,0,0,normal,0,normal
2024-04-23 09:00:00,31.0,42,1006.2,0,normal,0,0.06994228506347683,0,0,0,0,normal,0,normal
2024-04-23 10:00:00,33.7,18,1005.2,0,normal,0,0.07094787333800978,0,0,0,0,normal,0,normal
2024-04-23 11:00:00,33.4,19,1005.1,0,normal,0,0.10466700974100285,0,0,0,0,normal,0,normal
2024-04-23 12:00:00,32.0,35,1004.1,0,normal,0,0.09245393666725543,0,0,0,0,normal,0,normal
2024-04-23 13:00:00,29.9,30,1005.1,0,normal,0,0.10756214420653182,0,0,0,0,normal,0,normal
2024-04-23 14:00:00,25.7,37,1006.5,0,normal,0,0.09973404842315053,0,0,0,0,normal,0,normal
2024-04-23 15:00:00,23.8,44,1006.8,0,normal,0,0.1148715760705592,0,0,0,0,normal,0,normal
2024-04-23 16:00:00,23.2,45,1007.0,0,normal,0,0.1202685455666192,0,0,0,0,normal,0,normal
2024-04-23 17:00:00,22.1,50,1007.0,0,normal,0,0.11703339614403108,0,0,0,0,normal,0,normal
2024-04-23 18:00:00,21.1,55,1006.9,0,normal,0,0.11017315534919986,0,0,0,0,normal,0,normal
2024-04-23 19:00:00,20.5,57,1006.4,0,normal,0,0.11184897560196538,0,0,0,0,normal,0,normal
2024-04-23 20:00:00,20.0,58,1005.9,0,normal,0,0.1122256733401617,0,0,0,0,normal,0,normal
2024-04-23 21:00:00,19.2,60,1005.6,0,normal,0,0.10929552460643038,0,0,0,0,normal,0,normal
2024-04-23 22:00:00,19.4,60,1005.3,0,normal,0,0.10549669213439966,0,0,0,0,normal,0,normal
2024-04-23 23:00:00,19.1,61,1005.0,0,normal,0,0.09427636922772448,0,0,0,0,normal,0,normal
2024-04-24 00:00:00,20.1,56,1004.8,0,normal,0,0.09266755866180953,0,0,0,0,normal,0,normal
2024-04-24 01:00:00,19.2,64,1005.3,0,normal,0,0.10017919713197826,0,0,0,0,normal,0,normal
2024-04-24 02:00:00,22.5,52,1006.2,0,normal,0,0.09533775057968952,0,0,0,0,normal,0,normal
2024-04-24 03:00:00,27.8,47,1006.7,0,normal,0,0.09448100936027054,0,0,0,0,normal,0,normal
2024-04-24 04:00:00,29.1,32,1007.4,0,normal,0,0.10103305101719834,0,0,0,0,normal,0,normal
2024-04-24 05:00:00,31.6,26,1007.6,0,normal,0,0.11007058981592138,0,0,0,0,normal,0,normal
2024-04-24 06:00:00,32.9,23,1007.4,0,normal,0,0.1083998949274464,0,0,0,0,normal,0,normal
2024-04-24 07:00:00,33.5,23,1007.0,0,normal,0,0.10539154012506424,0,0,0,0,normal,0,normal
2024-04-24 08:00:00,34.1,22,1006.4,0,normal,0,0.10608916861656253,0,0,0,0,normal,0,normal
2024-04-24 09:00:00,34.2,36,1004.6,0,normal,0,0.09307347290869217,0,0,0,0,normal,0,normal
2024-04-24 10:00:00,34.8,21,1004.2,0,normal,0,0.09456566790578602,0,0,0,0,normal,0,normal
2024-04-24 11:00:00,32.1,28,1004.8,0,normal,0,0.10210978586139718,0,0,0,0,normal,0,normal
2024-04-24 12:00:00,34.4,35,1003.3,0,normal,0,0.09214287992124515,0,0,0,0,normal,0,normal
2024-04-24 13:00:00,30.4,29,1004.8,0,normal,0,0.09474474817749462,0,0,0,0,normal,0,normal
2024-04-24 14:00:00,28.2,32,1005.7,0,normal,0,0.11147221316120443,0,0,0,0,normal,0,normal
2024-04-24 15:00:00,26.6,35,1007.0,0,normal,0,0.11344628871093226,0,0,0,0,normal,0,normal
2024-04-24 16:00:00,25.2,39,1007.6,0,normal,0,0.11876354624540353,0,0,0,0,normal,0,normal
2024-04-24 17:00:00,23.6,45,1007.9,0,normal,0,0.11919481643259416,0,0,0,0,normal,0,normal
2024-04-24 18:00:00,22.2,51,1008.0,0,normal,0,0.1119104907318918,0,0,0,0,normal,0,normal
2024-04-24 19:00:00,21.4,55,1007.7,0,normal,0,0.11150085740945392,0,0,0,0,normal,0,normal
2024-04-24 20:00:00,21.3,46,1006.3,0,normal,0,0.08176198759410103,0,0,0,0,normal,0,normal
2024-04-24 21:00:00,20.3,49,1006.0,0,normal,0,0.10500889543914144,0,0,0,0,normal,0,normal
2024-04-24 22:00:00,19.6,51,1005.8,0,normal,0,0.10774790122900868,0,0,0,0,normal,0,normal
2024-04-24 23:00:00,18.8,55,1006.0,0,normal,0,0.09526640542883197,0,0,0,0,normal,0,normal
2024-04-25 00:00:00,18.3,58,1006.3,0,normal,0,0.10146517180710085,0,0,0,0,normal,0,normal
2024-04-25 01:00:00,19.9,58,1006.9,0,normal,0,0.10327761664504631,0,0,0,0,normal,0,normal
2024-04-25 02:00:00,23.2,47,1007.2,0,normal,0,0.1008899689152904,0,0,0,0,normal,0,normal
2024-04-25 03:00:00,29.2,43,1007.1,0,normal,0,0.09250929935316876,0,0,0,0,normal,0,normal
2024-04-25 04:00:00,31.4,26,1007.7,0,normal,0,0.09079936506304892,0,0,0,0,normal,0,normal
2024-04-25 05:00:00,33.5,22,1007.8,0,normal,0,0.10363499026290879,0,0,0,0,normal,0,normal
2024-04-25 06:00:00,35.0,19,1007.5,0,normal,0,0.10060974362939529,0,0,0,0,normal,0,normal
2024-04-25 07:00:00,35.9,18,1006.9,0,normal,0,0.10235421325166161,0,0,0,0,normal,0,normal
2024-04-25 08:00:00,36.5,16,1006.2,0,normal,0,0.1020514267457372,0,0,0,0,normal,0,normal
2024-04-25 09:00:00,37.4,34,1004.5,0,normal,0,0.07616652835572069,0,0,0,0,normal,0,normal
2024-04-25 10:00:00,35.7,18,1004.8,0,normal,0,0.08082886815500079,0,0,0,0,normal,0,normal
2024-04-25 11:00:00,36.2,14,1003.9,0,normal,0,0.08983457681175078,0,0,0,0,normal,0,normal
2024-04-25 12:00:00,35.8,35,1003.0,0,normal,0,0.06762457774587494,0,0,0,0,normal,0,normal
2024-04-25 13:00:00,33.2,19,1004.0,0,normal,0,0.06995216081158617,0,0,0,0,normal,0,normal
2024-04-25 14:00:00,31.3,23,1004.5,0,normal,0,0.1023162680972956,0,0,0,0,normal,0,normal
2024-04-25 15:00:00,29.7,27,1005.1,0,normal,0,0.10772229691102991,0,0,0,0,normal,0,normal
2024-04-25 16:00:00,28.8,29,1006.4,0,normal,0,0.10285167362893344,0,0,0,0,normal,0,normal
2024-04-25 17:00:00,27.1,33,1006.5,0,normal,0,0.11225131496265123,0,0,0,0,normal,0,normal
2024-04-25 18:00:00,25.1,40,1006.4,0,normal,0,0.10521880384649396,0,0,0,0,normal,0,normal
2024-04-25 19:00:00,24.2,43,1006.2,0,normal,0,0.11400670725291617,0,0,0,0,normal,0,normal
2024-04-25 20:00:00,23.7,45,1005.9,0,normal,0,0.11626455426212079,0,0,0,0,normal,0,normal
2024-04-25 21:00:00,23.2,46,1005.7,0,normal,0,0.11328096415307243,0,0,0,0,normal,0,normal
2024-04-25 22:00:00,22.7,48,1005.3,0,normal,0,0.11064367107999434,0,0,0,0,normal,0,normal
2024-04-25 23:00:00,22.5,48,1005.2,0,normal,0,0.1015366953223013,0,0,0,0,normal,0,normal
2024-04-26 00:00:00,21.8,51,1005.2,0,normal,0,0.0976787755107732,0,0,0,0,normal,0,normal
2024-04-26 01:00:00,22.5,52,1005.4,0,normal,0,0.10387522165736629,0,0,0,0,normal,0,normal
2024-04-26 02:00:00,24.9,41,1005.4,0,normal,0,0.097252202065638,0,0,0,0,normal,0,normal
2024-04-26 03:00:00,30.4,48,1005.2,0,normal,0,0.08843008531482416,0,0,0,0,normal,0,normal
2024-04-26 04:00:00,33.1,24,1005.9,0,normal,0,0.08054359098617198,0,0,0,0,normal,0,normal
2024-04-26 05:00:00,35.6,18,1005.9,0,normal,0,0.09066148903207621,0,0,0,0,normal,0,normal
2024-04-26 06:00:00,37.0,36,1004.8,0,normal,0,0.07067210174904287,0,0,0,0,normal,0,normal
2024-04-26 07:00:00,37.8,13,1005.1,0,normal,0,0.0717842944615753,0,0,0,0,normal,0,normal
2024-04-26 08:00:00,38.1,13,1004.5,0,normal,0,0.08852755598939516,0,0,0,0,normal,0,normal
2024-04-26 09:00:00,39.4,14,1002.1,0,normal,0,0.06736277683406694,0,0,0,0,normal,0,normal
2024-04-26 10:00:00,36.3,16,1003.5,0,normal,0,0.07288731943129684,0,0,0,0,normal,0,normal
2024-04-26 11:00:00,35.5,17,1003.0,0,normal,0,0.0985560420282186,0,0,0,0,normal,0,normal
2024-04-26 12:00:00,38.4,15,999.6,0,normal,0,0.03908318378117592,0,0,0,0,normal,0,normal
2024-04-26 13:00:00,32.7,21,1003.3,0,normal,0,0.03699494627878508,0,0,0,0,normal,0,normal
2024-04-26 14:00:00,30.3,26,1004.5,0,normal,0,0.08140294680699184,0,0,0,0,normal,0,normal
2024-04-26 15:00:00,28.0,36,1005.0,0,normal,0,0.10550210015291811,0,0,0,0,normal,0,normal
2024-04-26 16:00:00,27.1,38,1004.7,0,normal,0,0.11453175615042294,0,0,0,0,normal,0,normal
2024-04-26 17:00:00,25.1,45,1005.2,0,normal,0,0.1149543716259172,0,0,0,0,normal,0,normal
2024-04-26 18:00:00,24.7,44,1004.8,0,normal,0,0.11233096759124228,0,0,0,0,normal,0,normal
2024-04-26 19:00:00,23.7,47,1004.4,0,normal,0,0.10964560526447914,0,0,0,0,normal,0,normal
2024-04-26 20:00:00,22.7,50,1004.1,0,normal,0,0.11118657372219026,0,0,0,0,normal,0,normal
2024-04-26 21:00:00,22.3,50,1004.3,0,normal,0,0.10795733972231636,0,0,0,0,normal,0,normal
2024-04-26 22:00:00,41.80798024232581,44,1003.8,1,temp_spike,1,-0.07683460050024282,0,0,0,0,normal,1,isolation_forest_anomaly
2024-04-26 23:00:00,23.0,43,1003.7,0,normal,1,-0.08580115774222385,0,0,0,0,normal,1,isolation_forest_anomaly
2024-04-27 00:00:00,21.1,50,1004.7,0,normal,0,0.01583422531646589,0,0,0,0,normal,0,normal
2024-04-27 01:00:00,23.1,45,1005.6,0,normal,0,0.09444878035979887,0,0,0,0,normal,0,normal
2024-04-27 02:00:00,25.2,40,1006.0,0,normal,0,0.10448569690247533,0,0,0,0,normal,0,normal
2024-04-27 03:00:00,26.6,53,1006.0,0,normal,0,0.09943866976111093,0,0,0,0,normal,0,normal
2024-04-27 04:00:00,31.3,28,1006.3,0,normal,0,0.08177420401894647,0,0,0,0,normal,0,normal
2024-04-27 05:00:00,33.7,24,1006.0,0,normal,0,0.09613047560008281,0,0,0,0,normal,0,normal
2024-04-27 06:00:00,32.0,38,1006.8,0,normal,0,0.08443342163139422,0,0,0,0,normal,0,normal
2024-04-27 07:00:00,36.2,17,1005.3,0,normal,0,0.069541245016291,0,0,0,0,normal,0,normal
2024-04-27 08:00:00,35.0,18,1005.3,0,normal,0,0.09477876307218114,0,0,0,0,normal,0,normal
2024-04-27 09:00:00,34.2,30,1005.2,0,normal,0,0.09133903929654857,0,0,0,0,normal,0,normal
2024-04-27 10:00:00,29.2,37,1006.9,0,normal,0,0.08912264816599236,0,0,0,0,normal,0,normal
2024-04-27 11:00:00,30.0,33,1006.4,0,normal,0,0.11298168884121218,0,0,0,0,normal,0,normal
2024-04-27 12:00:00,32.6,31,1004.7,0,normal,0,0.10020438084361699,0,0,0,0,normal,0,normal
2024-04-27 13:00:00,28.5,42,1006.3,0,normal,0,0.10382051988784996,0,0,0,0,normal,0,normal
2024-04-27 14:00:00,25.9,46,1007.1,0,normal,0,0.11515724543282607,0,0,0,0,normal,0,normal
2024-04-27 15:00:00,24.9,50,1007.7,0,normal,0,0.12137148665924741,0,0,0,0,normal,0,normal
2024-04-27 16:00:00,23.4,56,1008.3,0,normal,0,0.11673627253132801,0,0,0,0,normal,0,normal
2024-04-27 17:00:00,22.7,59,1008.5,0,normal,0,0.12219071341529358,0,0,0,0,normal,0,normal
2024-04-27 18:00:00,21.9,63,1008.3,0,normal,0,0.11469287556901964,0,0,0,0,normal,0,normal
2024-04-27 19:00:00,22.6,59,1008.0,0,normal,0,0.10530621849529376,0,0,0,0,normal,0,normal
2024-04-27 20:00:00,22.6,59,1007.6,0,normal,0,0.11543341705981247,0,0,0,0,normal,0,normal
2024-04-27 21:00:00,20.7,67,1007.1,0,normal,0,0.10473473165931418,0,0,0,0,normal,0,normal
2024-04-27 22:00:00,20.3,68,1006.7,0,normal,0,0.11113672124981006,0,0,0,0,normal,0,normal
2024-04-27 23:00:00,20.1,68,1006.6,0,normal,0,0.09590997895863773,0,0,0,0,normal,0,normal
2024-04-28 00:00:00,19.6,68,1006.8,0,normal,0,0.0965259064085609,0,0,0,0,normal,0,normal
2024-04-28 01:00:00,20.1,67,1007.5,0,normal,0,0.10261211349782429,0,0,0,0,normal,0,normal
2024-04-28 02:00:00,22.8,57,1008.0,0,normal,0,0.10729454477021283,0,0,0,0,normal,0,normal
2024-04-28 03:00:00,26.0,48,1008.9,0,normal,0,0.10633270479617807,0,0,0,0,normal,0,normal
2024-04-28 04:00:00,30.4,33,1008.4,0,normal,0,0.09637957828509702,0,0,0,0,normal,0,normal
2024-04-28 05:00:00,31.7,29,1008.7,0,normal,0,0.11026662144914179,0,0,0,0,normal,0,normal
2024-04-28 06:00:00,33.2,25,1008.5,0,normal,0,0.10843371027145765,0,0,0,0,normal,0,normal
2024-04-28 07:00:00,34.3,22,1008.2,0,normal,0,0.1049846316823651,0,0,0,0,normal,0,normal
2024-04-28 08:00:00,34.3,22,1007.5,0,normal,0,0.10794651864773136,0,0,0,0,normal,0,normal
2024-04-28 09:00:00,34.5,27,1006.1,0,normal,0,0.10016331029493447,0,0,0,0,normal,0,normal
2024-04-28 10:00:00,34.3,22,1006.2,0,normal,0,0.10366021455855512,0,0,0,0,normal,0,normal
2024-04-28 11:00:00,33.7,22,1005.8,0,normal,0,0.10957959856852456,0,0,0,0,normal,0,normal
2024-04-28 12:00:00,32.8,31,1005.0,0,normal,0,0.10659571513568811,0,0,0,0,normal,0,normal
2024-04-28 13:00:00,30.8,28,1005.9,0,normal,0,0.10783787837491665,0,0,0,0,normal,0,normal
2024-04-28 14:00:00,28.7,32,1006.5,0,normal,0,0.11318865224857672,0,0,0,0,normal,0,normal
2024-04-28 15:00:00,26.2,43,1007.3,0,normal,0,0.11121540062079105,0,0,0,0,normal,0,normal
2024-04-28 16:00:00,25.2,47,1007.7,0,normal,0,0.11952571446901394,0,0,0,0,normal,0,normal
2024-04-28 17:00:00,24.1,49,1007.7,0,normal,0,0.12200238989240308,0,0,0,0,normal,0,normal
2024-04-28 18:00:00,23.6,50,1007.5,0,normal,0,0.11430721378424846,0,0,0,0,normal,0,normal
2024-04-28 19:00:00,23.4,49,1007.2,0,normal,0,0.10896596725100538,0,0,0,0,normal,0,normal
2024-04-28 20:00:00,23.4,47,1006.7,0,normal,0,0.10845791119233994,0,0,0,0,normal,0,normal
2024-04-28 21:00:00,22.9,47,1006.1,0,normal,0,0.10880967198408387,0,0,0,0,normal,0,normal
2024-04-28 22:00:00,22.5,48,1005.7,0,normal,0,0.10886830330108577,0,0,0,0,normal,0,normal
2024-04-28 23:00:00,22.2,48,1005.0,0,normal,0,0.09369306265210775,0,0,0,0,normal,0,normal
2024-04-29 00:00:00,21.7,49,1006.2,0,normal,0,0.09128532625303504,0,0,0,0,normal,0,normal
2024-04-29 01:00:00,23.0,51,1007.9,0,normal,0,0.08684182013195174,0,0,0,0,normal,0,normal
2024-04-29 02:00:00,23.7,53,1008.7,0,normal,0,0.10606585301261662,0,0,0,0,normal,0,normal
2024-04-29 03:00:00,24.6,62,1008.0,0,normal,0,0.10662928104218328,0,0,0,0,normal,0,normal
2024-04-29 04:00:00,23.9,55,1010.3,0,normal,0,0.08903979583395327,0,0,0,0,normal,0,normal
2024-04-29 05:00:00,22.1,70,1010.7,0,normal,0,0.09050208729145043,0,0,0,0,normal,0,normal
2024-04-29 06:00:00,21.8,82,1011.4,0,normal,0,0.08399386742305914,0,0,0,0,normal,0,normal
2024-04-29 07:00:00,24.5,58,1010.6,0,normal,0,0.07922128672189988,0,0,0,0,normal,0,normal
2024-04-29 08:00:00,26.2,49,1008.3,0,normal,0,0.08832455201140466,0,0,0,0,normal,0,normal
2024-04-29 09:00:00,22.0,86,1006.7,0,normal,0,0.025616028249007994,0,0,0,0,normal,0,normal
2024-04-29 10:00:00,28.5,40,1006.3,0,normal,1,-0.0013579598511070934,0,0,0,0,normal,1,isolation_forest_anomaly
2024-04-29 11:00:00,29.1,37,1005.0,0,normal,0,0.06801994079190754,0,0,0,0,normal,0,normal
2024-04-29 12:00:00,29.2,36,1005.0,0,normal,0,0.11678465840814972,0,0,0,0,normal,0,normal
2024-04-29 13:00:00,27.7,41,1005.6,0,normal,0,0.11882720208932679,0,0,0,0,normal,0,normal
2024-04-29 14:00:00,26.3,43,1006.1,0,normal,0,0.12342993743358471,0,0,0,0,normal,0,normal
2024-04-29 15:00:00,25.5,44,1007.3,0,normal,0,0.11797762359790132,0,0,0,0,normal,0,normal
2024-04-29 16:00:00,22.6,56,1009.8,0,normal,0,0.07627343034592038,0,0,0,0,normal,0,normal
2024-04-29 17:00:00,21.8,59,1010.0,0,normal,0,0.10752674657964378,0,0,0,0,normal,0,normal
2024-04-29 18:00:00,21.7,57,1009.9,0,normal,0,0.10852152719785918,0,0,0,0,normal,0,normal
2024-04-29 19:00:00,21.2,57,1009.5,0,normal,0,0.11178626934775909,0,0,0,0,normal,0,normal
2024-04-29 20:00:00,20.3,58,1008.8,0,normal,0,0.10989918752669248,0,0,0,0,normal,0,normal
2024-04-29 21:00:00,19.3,61,1007.8,0,normal,0,0.10403738065376855,0,0,0,0,normal,0,normal
2024-04-29 22:00:00,20.0,56,1007.4,0,normal,0,0.09846556695605668,0,0,0,0,normal,0,normal
2024-04-29 23:00:00,17.9,65,1007.6,0,normal,0,0.08745963733323125,0,0,0,0,normal,0,normal
2024-04-30 00:00:00,17.3,69,1007.7,0,normal,0,0.09737006232349937,0,0,0,0,normal,0,normal
2024-04-30 01:00:00,18.1,67,1008.2,0,normal,0,0.10069868725543712,0,0,0,0,normal,0,normal
2024-04-30 02:00:00,20.4,55,1009.0,0,normal,0,0.09930983534269294,0,0,0,0,normal,0,normal
2024-04-30 03:00:00,23.0,59,1008.5,0,normal,0,0.10791848667860848,0,0,0,0,normal,0,normal
2024-04-30 04:00:00,27.3,34,1007.9,0,normal,0,0.08415554810451314,0,0,0,0,normal,0,normal
2024-04-30 05:00:00,29.7,27,1007.2,0,normal,0,0.10088622949612686,0,0,0,0,normal,0,normal
2024-04-30 06:00:00,31.0,27,1006.2,0,normal,0,0.11051266442989677,0,0,0,0,normal,0,normal
2024-04-30 07:00:00,32.2,19,1005.5,0,normal,0,0.1070172123622104,0,0,0,0,normal,0,normal
2024-04-30 08:00:00,33.0,17,1004.5,0,normal,0,0.10787562262800171,0,0,0,0,normal,0,normal
2024-04-30 09:00:00,33.4,20,1003.6,0,normal,0,0.10198572998597216,0,0,0,0,normal,0,normal
2024-04-30 10:00:00,33.4,16,1002.4,0,normal,0,0.09489765337919243,0,0,0,0,normal,0,normal
2024-04-30 11:00:00,32.9,15,1001.8,0,normal,0,0.09568213488898403,0,0,0,0,normal,0,normal
2024-04-30 12:00:00,33.0,20,1001.4,0,normal,0,0.08642926677630397,0,0,0,0,normal,0,normal
2024-04-30 13:00:00,27.8,31,1001.8,0,normal,0,0.08076807527422997,0,0,0,0,normal,0,normal
2024-04-30 14:00:00,25.1,31,1002.1,0,normal,0,0.0936771597732276,0,0,0,0,normal,0,normal
2024-04-30 15:00:00,24.9,31,1002.1,0,normal,0,0.09602416961161675,0,0,0,0,normal,0,normal
2024-04-30 16:00:00,23.6,41,1003.0,0,normal,0,0.0917399830333887,0,0,0,0,normal,0,normal
2024-04-30 17:00:00,21.8,47,1005.0,0,normal,0,0.08842091073504244,0,0,0,0,normal,0,normal
2024-04-30 18:00:00,19.8,56,1005.2,0,normal,0,0.08655141722652127,0,0,0,0,normal,0,normal
2024-04-30 19:00:00,18.8,60,1004.9,0,normal,0,0.10036121421402677,0,0,0,0,normal,0,normal
2024-04-30 20:00:00,18.3,63,1004.3,0,normal,0,0.10220930624738522,0,0,0,0,normal,0,normal
2024-04-30 21:00:00,17.3,67,1003.7,0,normal,0,0.09330185518052664,0,0,0,0,normal,0,normal
2024-04-30 22:00:00,16.4,73,1003.5,0,normal,0,0.0833227267363233,0,0,0,0,normal,0,normal
2024-04-30 23:00:00,15.3,80,1003.5,0,normal,0,0.0682801752875547,0,0,0,0,normal,0,normal
2024-05-01 00:00:00,15.1,82,1003.9,0,normal,0,0.07805878005655142,0,0,0,0,normal,0,normal
2024-05-01 01:00:00,15.2,85,1004.5,0,normal,0,0.08142877524330372,0,0,0,0,normal,0,normal
2024-05-01 02:00:00,17.1,78,1004.8,0,normal,0,0.0859670054792302,0,0,0,0,normal,0,normal
2024-05-01 03:00:00,20.6,59,1004.7,0,normal,0,0.07370292811207568,0,0,0,0,normal,0,normal
2024-05-01 04:00:00,24.2,37,1004.5,0,normal,0,0.06688001245869057,0,0,0,0,normal,0,normal
2024-05-01 05:00:00,26.4,26,1004.8,0,normal,0,0.08902459442006733,0,0,0,0,normal,0,normal
2024-05-01 06:00:00,27.7,22,1004.5,0,normal,0,0.0948449870063317,0,0,0,0,normal,0,normal
2024-05-01 07:00:00,28.5,21,1004.2,0,normal,0,0.10035537121891763,0,0,0,0,normal,0,normal
2024-05-01 08:00:00,29.2,20,1003.7,0,normal,0,0.10038099855095667,0,0,0,0,normal,0,normal
2024-05-01 09:00:00,29.2,23,1003.4,0,normal,0,0.10183993103521,0,0,0,0,normal,0,normal
2024-05-01 10:00:00,29.0,23,1002.9,0,normal,0,0.10151574813204173,0,0,0,0,normal,0,normal
2024-05-01 11:00:00,28.6,23,1002.8,0,normal,0,0.10053009666423518,0,0,0,0,normal,0,normal
2024-05-01 12:00:00,28.1,24,1002.6,0,normal,0,0.09946057414054443,0,0,0,0,normal,0,normal
2024-05-01 13:00:00,26.1,30,1002.7,0,normal,0,0.1016380086586538,0,0,0,0,normal,0,normal
2024-05-01 14:00:00,23.1,35,1003.6,0,normal,0,0.09614064839574282,0,0,0,0,normal,0,normal
2024-05-01 15:00:00,22.4,38,1004.2,0,normal,0,0.10287045396903538,0,0,0,0,normal,0,normal
2024-05-01 16:00:00,20.4,46,1004.8,0,normal,0,0.09586548462280736,0,0,0,0,normal,0,normal
2024-05-01 17:00:00,19.5,49,1005.5,0,normal,0,0.09422463114856322,0,0,0,0,normal,0,normal
2024-05-01 18:00:00,19.4,49,1006.0,0,normal,0,0.09133136663042218,0,0,0,0,normal,0,normal
2024-05-01 19:00:00,18.7,51,1006.0,0,normal,0,0.0916830006720667,0,0,0,0,normal,0,normal
2024-05-01 20:00:00,18.0,54,1005.6,0,normal,0,0.09563130831746663,0,0,0,0,normal,0,normal
2024-05-01 21:00:00,17.8,54,1005.0,0,normal,0,0.09369333681624659,0,0,0,0,normal,0,normal
2024-05-01 22:00:00,17.8,53,1004.6,0,normal,0,0.08468536235537738,0,0,0,0,normal,0,normal
2024-05-01 23:00:00,17.0,56,1004.0,0,normal,0,0.07468287486165032,0,0,0,0,normal,0,normal
2024-05-02 00:00:00,16.1,64,1004.6,0,normal,0,0.07574724019610446,0,0,0,0,normal,0,normal
2024-05-02 01:00:00,17.4,60,1004.9,0,normal,0,0.08420796604592545,0,0,0,0,normal,0,normal
2024-05-02 02:00:00,20.7,52,1005.4,0,normal,0,0.08822156672263692,0,0,0,0,normal,0,normal
2024-05-02 03:00:00,27.0,36,1005.2,0,normal,0,0.0720633153675253,0,0,0,0,normal,0,normal
2024-05-02 04:00:00,27.8,32,1006.1,0,normal,0,0.09630354661791035,0,0,0,0,normal,0,normal
2024-05-02 05:00:00,30.0,26,1006.7,0,normal,0,0.10628714336026879,0,0,0,0,normal,0,normal
2024-05-02 06:00:00,31.8,28,1005.8,0,normal,0,0.1073827681133927,0,0,0,0,normal,0,normal
2024-05-02 07:00:00,32.3,19,1005.9,0,normal,0,0.10586416557591155,0,0,0,0,normal,0,normal
2024-05-02 08:00:00,33.0,18,1005.3,0,normal,0,0.10327601607520531,0,0,0,0,normal,0,normal
2024-05-02 09:00:00,34.2,23,1003.6,0,normal,0,0.0957689699660556,0,0,0,0,normal,0,normal
2024-05-02 10:00:00,32.9,20,1003.4,0,normal,0,0.10778272283698065,0,0,0,0,normal,0,normal
2024-05-02 11:00:00,32.4,21,1002.7,0,normal,0,0.10734789708296433,0,0,0,0,normal,0,normal
2024-05-02 12:00:00,33.8,21,1002.1,0,normal,0,0.09908663482660113,0,0,0,0,normal,0,normal
2024-05-02 13:00:00,29.3,28,1003.0,0,normal,0,0.09509067338682659,0,0,0,0,normal,0,normal
2024-05-02 14:00:00,26.2,35,1003.7,0,normal,0,0.10124462239598991,0,0,0,0,normal,0,normal
2024-05-02 15:00:00,24.2,40,1004.9,0,normal,0,0.10576320262360328,0,0,0,0,normal,0,normal
2024-05-02 16:00:00,22.7,45,1005.6,0,normal,0,0.10921599785297359,0,0,0,0,normal,0,normal
2024-05-02 17:00:00,21.5,47,1006.0,0,normal,0,0.1119832044458024,0,0,0,0,normal,0,normal
2024-05-02 18:00:00,20.8,47,1006.3,0,normal,0,0.10317513032720838,0,0,0,0,normal,0,normal
2024-05-02 19:00:00,19.9,51,1006.2,0,normal,0,0.10069646400625337,0,0,0,0,normal,0,normal
2024-05-02 20:00:00,19.8,48,1004.5,0,normal,0,0.07858414103363404,0,0,0,0,normal,0,normal
2024-05-02 21:00:00,19.9,48,1004.9,0,normal,0,0.09470128331766464,0,0,0,0,normal,0,normal
2024-05-02 22:00:00,19.7,48,1004.8,0,normal,0,0.09305006623394829,0,0,0,0,normal,0,normal
2024-05-02 23:00:00,18.1,50,1004.4,0,normal,0,0.0794778420778014,0,0,0,0,normal,0,normal
2024-05-03 00:00:00,17.6,49,1004.7,0,normal,0,0.08495876714504491,0,0,0,0,normal,0,normal
2024-05-03 01:00:00,19.0,46,1004.9,0,normal,0,0.08232401763478858,0,0,0,0,normal,0,normal
2024-05-03 02:00:00,22.4,40,1005.4,0,normal,0,0.08422635208888046,0,0,0,0,normal,0,normal
2024-05-03 03:00:00,30.2,33,1005.2,0,normal,0,0.06074246161296215,0,0,0,0,normal,0,normal
2024-05-03 04:00:00,29.9,27,1006.3,0,normal,0,0.09889361844474687,0,0,0,0,normal,0,normal
2024-05-03 05:00:00,32.6,21,1006.4,0,normal,0,0.10315503790183966,0,0,0,0,normal,0,normal
2024-05-03 06:00:00,34.8,24,1005.3,0,normal,0,0.09541467322978003,0,0,0,0,normal,0,normal
2024-05-03 07:00:00,35.2,15,1005.8,0,normal,0,0.0993132081390517,0,0,0,0,normal,0,normal
2024-05-03 08:00:00,35.8,14,1005.5,0,normal,0,0.09562469813166341,0,0,0,0,normal,0,normal
2024-05-03 09:00:00,35.7,14,1004.7,0,normal,0,0.09011924526386184,0,0,0,0,normal,0,normal
2024-05-03 10:00:00,35.3,14,1004.1,0,normal,0,0.09206242199004638,0,0,0,0,normal,0,normal
2024-05-03 11:00:00,34.5,16,1003.3,0,normal,0,0.09686924221477855,0,0,0,0,normal,0,normal
2024-05-03 12:00:00,34.0,23,1003.3,0,normal,0,0.09837507509590793,0,0,0,0,normal,0,normal
2024-05-03 13:00:00,31.4,21,1003.8,0,normal,0,0.10015743502558705,0,0,0,0,normal,0,normal
2024-05-03 14:00:00,30.5,22,1004.9,0,normal,0,0.09543814385951943,0,0,0,0,normal,0,normal
2024-05-03 15:00:00,29.3,25,1005.8,0,normal,0,0.09788633870515306,0,0,0,0,normal,0,normal
2024-05-03 16:00:00,28.0,30,1006.6,0,normal,0,0.10243471421364064,0,0,0,0,normal,0,normal
2024-05-03 17:00:00,26.5,34,1007.1,0,normal,0,0.1046729347755323,0,0,0,0,normal,0,normal
2024-05-03 18:00:00,26.6,35,1007.6,0,normal,0,0.0998216035575879,0,0,0,0,normal,0,normal
2024-05-03 19:00:00,26.1,38,1007.4,0,normal,0,0.09976953910296438,0,0,0,0,normal,0,normal
2024-05-03 20:00:00,26.0,40,1007.1,0,normal,0,0.10363460249919065,0,0,0,0,normal,0,normal
2024-05-03 21:00:00,24.3,42,1004.8,0,normal,0,0.07007371905455473,0,0,0,0,normal,0,normal
2024-05-03 22:00:00,23.3,46,1004.3,0,normal,0,0.09853275755476121,0,0,0,0,normal,0,normal
2024-05-03 23:00:00,23.7,45,1004.6,0,normal,0,0.09678387619525969,0,0,0,0,normal,0,normal
2024-05-04 00:00:00,23.1,47,1005.7,0,normal,0,0.09237373648420383,0,0,0,0,normal,0,normal
2024-05-04 01:00:00,23.6,46,1006.9,0,normal,0,0.09194855150307302,0,0,0,0,normal,0,normal
2024-05-04 02:00:00,26.4,42,1007.5,0,normal,0,0.10148560439952126,0,0,0,0,normal,0,normal
2024-05-04 03:00:00,31.2,38,1006.4,0,normal,0,0.09097314345379859,0,0,0,0,normal,0,normal
2024-05-04 04:00:00,32.2,27,1008.0,0,normal,0,0.09117123286657508,0,0,0,0,normal,0,normal
2024-05-04 05:00:00,34.5,21,1007.9,0,normal,0,0.1009202016665795,0,0,0,0,normal,0,normal
2024-05-04 06:00:00,38.2,20,1005.6,0,normal,0,0.06964756363853536,0,0,0,0,normal,0,normal
2024-05-04 07:00:00,38.3,15,1005.7,0,normal,0,0.09559969640869848,0,0,0,0,normal,0,normal
2024-05-04 08:00:00,38.8,14,1004.9,0,normal,0,0.09149536521941615,0,0,0,0,normal,0,normal
2024-05-04 09:00:00,39.4,18,1003.4,0,normal,0,0.0865763793277336,0,0,0,0,normal,0,normal
2024-05-04 10:00:00,37.0,15,1003.8,0,normal,0,0.09246171294369465,0,0,0,0,normal,0,normal
2024-05-04 11:00:00,37.0,15,1003.2,0,normal,0,0.09963838913858664,0,0,0,0,normal,0,normal
2024-05-04 12:00:00,37.0,23,1001.9,0,normal,0,0.08689703301839136,0,0,0,0,normal,0,normal
2024-05-04 13:00:00,32.1,23,1003.8,0,normal,0,0.08527096672179241,0,0,0,0,normal,0,normal
2024-05-04 14:00:00,30.2,25,1004.0,0,normal,0,0.09688266973918996,0,0,0,0,normal,0,normal
2024-05-04 15:00:00,29.4,25,1004.2,0,normal,0,0.10334933549200487,0,0,0,0,normal,0,normal
2024-05-04 16:00:00,28.7,27,1004.2,0,normal,0,0.09743450044601631,0,0,0,0,normal,0,normal
2024-05-04 17:00:00,27.8,27,1004.4,0,normal,0,0.09779216677022712,0,0,0,0,normal,0,normal
2024-05-04 18:00:00,26.7,33,1004.2,0,normal,0,0.09516333278654443,0,0,0,0,normal,0,normal
2024-05-04 19:00:00,25.9,38,1003.8,0,normal,0,0.10299764429580915,0,0,0,0,normal,0,normal
2024-05-04 20:00:00,25.3,41,1003.3,0,normal,0,0.10758894506798877,0,0,0,0,normal,0,normal
2024-05-04 21:00:00,24.7,42,1002.9,0,normal,0,0.11168416438654288,0,0,0,0,normal,0,normal
2024-05-04 22:00:00,24.6,35,1002.0,0,normal,0,0.08715398231904281,0,0,0,0,normal,0,normal
2024-05-04 23:00:00,23.7,38,1002.0,0,normal,0,0.09089476265945812,0,0,0,0,normal,0,normal
2024-05-05 00:00:00,22.8,43,1002.2,0,normal,0,0.09184096467154135,0,0,0,0,normal,0,normal
2024-05-05 01:00:00,23.1,45,1002.7,0,normal,0,0.10268262675942175,0,0,0,0,normal,0,normal
2024-05-05 02:00:00,25.6,42,1003.0,0,normal,0,0.10560305720165913,0,0,0,0,normal,0,normal
2024-05-05 03:00:00,30.6,36,1002.2,0,normal,0,0.09049714032239764,0,0,0,0,normal,0,normal
2024-05-05 04:00:00,32.2,29,1003.3,0,normal,0,0.10292055771819514,0,0,0,0,normal,0,normal
2024-05-05 05:00:00,34.4,24,1003.1,0,normal,0,0.1069473840676134,0,0,0,0,normal,0,normal
2024-05-05 06:00:00,36.6,27,1001.6,0,normal,0,0.0921724036267978,0,0,0,0,normal,0,normal
2024-05-05 07:00:00,36.8,18,1002.3,0,normal,0,0.09692702343147364,0,0,0,0,normal,0,normal
2024-05-05 08:00:00,37.9,17,1001.5,0,normal,0,0.09898945196320996,0,0,0,0,normal,0,normal
2024-05-05 09:00:00,38.8,23,999.5,0,normal,0,0.08512403096408289,0,0,0,0,normal,0,normal
2024-05-05 10:00:00,37.7,17,1000.1,0,normal,0,0.09437941626135726,0,0,0,0,normal,0,normal
2024-05-05 11:00:00,36.8,19,999.8,0,normal,0,0.0990498671127707,0,0,0,0,normal,0,normal
2024-05-05 12:00:00,37.8,24,998.6,0,normal,0,0.08878271126644705,0,0,0,0,normal,0,normal
2024-05-05 13:00:00,34.3,23,1000.6,0,normal,0,0.08592552352788552,0,0,0,0,normal,0,normal
2024-05-05 14:00:00,32.0,27,1001.3,0,normal,0,0.09933265032088356,0,0,0,0,normal,0,normal
2024-05-05 15:00:00,30.6,29,1002.1,0,normal,0,0.10993212218100257,0,0,0,0,normal,0,normal
2024-05-05 16:00:00,28.7,32,1002.8,0,normal,0,0.10801338972635999,0,0,0,0,normal,0,normal
2024-05-05 17:00:00,26.9,37,1003.1,0,normal,0,0.10696294373394627,0,0,0,0,normal,0,normal
2024-05-05 18:00:00,26.0,41,1003.3,0,normal,0,0.11135439025501331,0,0,0,0,normal,0,normal
2024-05-05 19:00:00,25.8,42,1002.9,0,normal,0,0.11102697116992666,0,0,0,0,normal,0,normal
2024-05-05 20:00:00,25.4,44,1002.6,0,normal,0,0.10973205957374743,0,0,0,0,normal,0,normal
2024-05-05 21:00:00,24.6,47,1002.4,0,normal,0,0.11431338327762774,0,0,0,0,normal,0,normal
2024-05-05 22:00:00,23.7,50,1002.3,0,normal,0,0.10918490106139112,0,0,0,0,normal,0,normal
2024-05-05 23:00:00,23.1,52,1002.2,0,normal,0,0.10042626940519256,0,0,0,0,normal,0,normal
2024-05-06 00:00:00,23.4,45,1002.1,0,normal,0,0.08665502891953425,0,0,0,0,normal,0,normal
2024-05-06 01:00:00,23.6,47,1002.8,0,normal,0,0.10254352893031621,0,0,0,0,normal,0,normal
2024-05-06 02:00:00,26.6,39,1003.6,0,normal,0,0.09800337320109287,0,0,0,0,normal,0,normal
2024-05-06 03:00:00,29.8,34,1005.6,0,normal,0,0.09089971203725683,0,0,0,0,normal,0,normal
2024-05-06 04:00:00,33.5,26,1004.4,0,normal,0,0.09807558780754944,0,0,0,0,normal,0,normal
2024-05-06 05:00:00,36.0,22,1004.6,0,normal,0,0.10131138996790506,0,0,0,0,normal,0,normal
2024-05-06 06:00:00,38.0,25,1003.6,0,normal,0,0.0957647220499222,0,0,0,0,normal,0,normal
2024-05-06 07:00:00,38.4,17,1004.1,0,normal,0,0.09533293206920485,0,0,0,0,normal,0,normal
2024-05-06 08:00:00,38.9,16,1003.6,0,normal,0,0.09946683234624792,0,0,0,0,normal,0,normal
2024-05-06 09:00:00,39.4,24,1001.6,0,normal,0,0.08332962643677083,0,0,0,0,normal,0,normal
2024-05-06 10:00:00,38.7,15,1001.6,0,normal,0,0.09083010251059076,0,0,0,0,normal,0,normal
2024-05-06 11:00:00,38.2,15,1001.5,0,normal,0,0.0927221063475987,0,0,0,0,normal,0,normal
2024-05-06 12:00:00,39.0,22,1000.4,0,normal,0,0.08227346289972615,0,0,0,0,normal,0,normal
2024-05-06 13:00:00,35.3,19,1001.5,0,normal,0,0.08428547565573458,0,0,0,0,normal,0,normal
2024-05-06 14:00:00,33.2,23,1001.9,0,normal,0,0.09363125534255545,0,0,0,0,normal,0,normal
2024-05-06 15:00:00,30.7,29,1003.0,0,normal,0,0.10039984855717382,0,0,0,0,normal,0,normal
2024-05-06 16:00:00,29.6,28,1003.9,0,normal,0,0.10109034103360248,0,0,0,0,normal,0,normal
2024-05-06 17:00:00,27.9,31,1004.0,0,normal,0,0.10520986959296247,0,0,0,0,normal,0,normal
2024-05-06 18:00:00,26.3,37,1004.0,0,normal,0,0.09977032549406767,0,0,0,0,normal,0,normal
2024-05-06 19:00:00,26.0,38,1003.9,0,normal,0,0.10624125409668661,0,0,0,0,normal,0,normal
2024-05-06 20:00:00,25.0,37,1002.9,0,normal,0,0.09130177133875056,0,0,0,0,normal,0,normal
2024-05-06 21:00:00,23.9,38,1002.8,0,normal,0,0.10380711360768263,0,0,0,0,normal,0,normal
2024-05-06 22:00:00,24.6,37,1002.9,0,normal,0,0.09097439337761815,0,0,0,0,normal,0,normal
2024-05-06 23:00:00,25.0,36,1003.3,0,normal,0,0.08386980553616896,0,0,0,0,normal,0,normal
2024-05-07 00:00:00,23.9,38,1003.5,0,normal,0,0.0912456025706494,0,0,0,0,normal,0,normal
2024-05-07 01:00:00,23.2,45,1004.3,0,normal,0,0.09600900283534636,0,0,0,0,normal,0,normal
2024-05-07 02:00:00,26.5,37,1005.0,0,normal,0,0.0947935616075476,0,0,0,0,normal,0,normal
2024-05-07 03:00:00,32.2,38,1005.1,0,normal,0,0.09156235998210688,0,0,0,0,normal,0,normal
2024-05-07 04:00:00,34.4,22,1006.3,0,normal,0,0.07933305925918105,0,0,0,0,normal,0,normal
2024-05-07 05:00:00,37.3,17,1006.2,0,normal,0,0.09001128292060989,0,0,0,0,normal,0,normal
2024-05-07 06:00:00,38.8,24,1005.0,0,normal,0,0.08235600788909558,0,0,0,0,normal,0,normal
2024-05-07 07:00:00,39.9,10,1005.8,0,normal,0,0.06510686416807487,0,0,0,0,normal,0,normal
2024-05-07 08:00:00,40.2,10,1005.2,0,normal,0,0.06664201827349109,0,0,0,0,normal,0,normal
2024-05-07 09:00:00,40.4,22,1003.6,0,normal,0,0.057911883420163346,0,0,0,0,normal,0,normal
2024-05-07 10:00:00,39.6,10,1003.8,0,normal,0,0.06477955771818228,0,0,0,0,normal,0,normal
2024-05-07 11:00:00,39.2,11,1003.4,0,normal,0,0.07677163708928147,0,0,0,0,normal,0,normal
2024-05-07 12:00:00,39.4,20,1002.3,0,normal,0,0.06649712116334394,0,0,0,0,normal,0,normal
2024-05-07 13:00:00,36.0,15,1003.7,0,normal,0,0.07213200401243891,0,0,0,0,normal,0,normal
2024-05-07 14:00:00,33.0,20,1004.2,0,normal,0,0.08444486153904585,0,0,0,0,normal,0,normal
2024-05-07 15:00:00,31.6,23,1004.7,0,normal,0,0.09660862312441837,0,0,0,0,normal,0,normal
2024-05-07 16:00:00,30.0,27,1005.7,0,normal,0,0.09484573411326647,0,0,0,0,normal,0,normal
2024-05-07 17:00:00,30.1,27,1006.3,0,normal,0,0.09877115260515967,0,0,0,0,normal,0,normal
2024-05-07 18:00:00,28.2,30,1006.4,0,normal,0,0.0943618238194483,0,0,0,0,normal,0,normal
2024-05-07 19:00:00,27.9,31,1006.1,0,normal,0,0.09401456164166783,0,0,0,0,normal,0,normal
2024-05-07 20:00:00,28.3,30,1005.6,0,normal,0,0.08391932913063638,0,0,0,0,normal,0,normal
2024-05-07 21:00:00,25.1,36,1003.8,0,normal,0,0.05622001928587744,0,0,0,0,normal,0,normal
2024-05-07 22:00:00,24.5,36,1003.9,0,normal,0,0.09074861176900628,0,0,0,0,normal,0,normal
2024-05-07 23:00:00,23.8,36,1004.4,0,normal,0,0.08024170309772444,0,0,0,0,normal,0,normal
2024-05-08 00:00:00,23.2,37,1005.0,0,normal,0,0.08698429146312814,0,0,0,0,normal,0,normal
2024-05-08 01:00:00,24.5,37,1006.3,0,normal,0,0.07966367904324767,0,0,0,0,normal,0,normal
2024-05-08 02:00:00,27.2,37,1007.4,0,normal,0,0.08174202651427298,0,0,0,0,normal,0,normal
2024-05-08 03:00:00,30.2,69,1006.5,0,normal,0,0.05089357031892133,0,0,0,0,normal,0,normal
2024-05-08 04:00:00,32.7,35,1007.4,0,normal,0,0.05011048691372644,0,0,0,0,normal,0,normal
2024-05-08 05:00:00,34.6,33,1007.1,0,normal,0,0.09607235364818001,0,0,0,0,normal,0,normal
2024-05-08 06:00:00,35.6,53,1005.5,0,normal,0,0.06861277257540788,0,0,0,0,normal,0,normal
2024-05-08 07:00:00,37.7,25,1005.6,0,normal,0,0.06712295446371253,0,0,0,0,normal,0,normal
2024-05-08 08:00:00,38.7,21,1004.7,0,normal,0,0.0890583043115517,0,0,0,0,normal,0,normal
2024-05-08 09:00:00,39.3,17,1003.7,0,normal,0,0.10410932709081672,0,0,0,0,normal,0,normal
2024-05-08 10:00:00,39.5,16,1002.8,0,normal,0,0.09338180417773273,0,0,0,0,normal,0,normal
2024-05-08 11:00:00,39.2,15,1002.3,0,normal,0,0.089036633540728,0,0,0,0,normal,0,normal
2024-05-08 12:00:00,39.6,27,1000.8,0,normal,0,0.06869967696292129,0,0,0,0,normal,0,normal
2024-05-08 13:00:00,34.7,24,1002.3,0,normal,0,0.07617757360015737,0,0,0,0,normal,0,normal
2024-05-08 14:00:00,31.7,30,1002.4,0,normal,0,0.09400186141782896,0,0,0,0,normal,0,normal
2024-05-08 15:00:00,30.3,34,1002.9,0,normal,0,0.11234934870583585,0,0,0,0,normal,0,normal
2024-05-08 16:00:00,29.0,37,1003.5,0,normal,0,0.11352875692115355,0,0,0,0,normal,0,normal
2024-05-08 17:00:00,29.0,41,1004.9,0,normal,0,0.1056816715193648,0,0,0,0,normal,0,normal
2024-05-08 18:00:00,28.4,43,1005.1,0,normal,0,0.10848834475194868,0,0,0,0,normal,0,normal
2024-05-08 19:00:00,28.1,47,1005.3,0,normal,0,0.11020464006910363,0,0,0,0,normal,0,normal
2024-05-08 20:00:00,27.9,49,1005.4,0,normal,0,0.10965896349051152,0,0,0,0,normal,0,normal
2024-05-08 21:00:00,27.3,50,1005.5,0,normal,0,0.1109112460113082,0,0,0,0,normal,0,normal
2024-05-08 22:00:00,26.8,52,1003.7,0,normal,0,0.08913884517554804,0,0,0,0,normal,0,normal
2024-05-08 23:00:00,26.6,54,1004.0,0,normal,0,0.10136873980703331,0,0,0,0,normal,0,normal
2024-05-09 00:00:00,26.2,56,1004.5,0,normal,0,0.1082355869371402,0,0,0,0,normal,0,normal
2024-05-09 01:00:00,26.4,56,1005.4,0,normal,0,0.1076807935609243,0,0,0,0,normal,0,normal
2024-05-09 02:00:00,27.8,52,1006.0,0,normal,0,0.11739180939704214,0,0,0,0,normal,0,normal
2024-05-09 03:00:00,29.4,56,1006.9,0,normal,0,0.11454015700478282,0,0,0,0,normal,0,normal
2024-05-09 04:00:00,31.5,42,1007.4,0,normal,0,0.10929241984731386,0,0,0,0,normal,0,normal
2024-05-09 05:00:00,33.3,38,1006.9,0,normal,0,0.11547179490685916,0,0,0,0,normal,0,normal
2024-05-09 06:00:00,33.8,46,1005.8,0,normal,0,0.10438042892410265,0,0,0,0,normal,0,normal
2024-05-09 07:00:00,36.2,31,1005.8,0,normal,0,0.09821244251949335,0,0,0,0,normal,0,normal
2024-05-09 08:00:00,37.7,29,1003.7,0,normal,0,0.09896556792550726,0,0,0,0,normal,0,normal
2024-05-09 09:00:00,36.4,46,1003.1,0,normal,0,0.08512594400880669,0,0,0,0,normal,0,normal
2024-05-09 10:00:00,38.5,25,1001.9,0,normal,0,0.07400152942198851,0,0,0,0,normal,0,normal
2024-05-09 11:00:00,38.4,25,1001.3,0,normal,0,0.09901058364621368,0,0,0,0,normal,0,normal
2024-05-09 12:00:00,35.8,43,1001.2,0,normal,0,0.0743685073718231,0,0,0,0,normal,0,normal
2024-05-09 13:00:00,33.2,38,1003.4,0,normal,0,0.09169409555364749,0,0,0,0,normal,0,normal
2024-05-09 14:00:00,30.6,46,1003.7,0,normal,0,0.11047175626312805,0,0,0,0,normal,0,normal
2024-05-09 15:00:00,29.7,49,1004.2,0,normal,0,0.11886768809681808,0,0,0,0,normal,0,normal
2024-05-09 16:00:00,29.0,52,1004.7,0,normal,0,0.11815879187722828,0,0,0,0,normal,0,normal
2024-05-09 17:00:00,27.8,55,1005.2,0,normal,0,0.12148019182809738,0,0,0,0,normal,0,normal
2024-05-09 18:00:00,27.3,56,1005.7,0,normal,0,0.1162704565893733,0,0,0,0,normal,0,normal
2024-05-09 19:00:00,26.9,56,1005.6,0,normal,0,0.11303960606316604,0,0,0,0,normal,0,normal
2024-05-09 20:00:00,26.8,53,1005.6,0,normal,0,0.11001213896202611,0,0,0,0,normal,0,normal
2024-05-09 21:00:00,26.8,55,1005.7,0,normal,0,0.10904780547258286,0,0,0,0,normal,0,normal
2024-05-09 22:00:00,27.0,56,1005.9,0,normal,0,0.10743301091642554,0,0,0,0,normal,0,normal
2024-05-09 23:00:00,25.6,56,1004.2,0,normal,0,0.07694001739009038,0,0,0,0,normal,0,normal
2024-05-10 00:00:00,26.0,55,1005.2,0,normal,0,0.09830132813666576,0,0,0,0,normal,0,normal
2024-05-10 01:00:00,27.0,51,1006.3,0,normal,0,0.10379492730372308,0,0,0,0,normal,0,normal
2024-05-10 02:00:00,28.7,47,1007.1,0,normal,0,0.1108502063911081,0,0,0,0,normal,0,normal
2024-05-10 03:00:00,31.8,60,1007.2,0,normal,0,0.09801503113765092,0,0,0,0,normal,0,normal
2024-05-10 04:00:00,33.3,37,1007.8,0,normal,0,0.08743709737785782,0,0,0,0,normal,0,normal
2024-05-10 05:00:00,35.0,33,1007.5,0,normal,0,0.10163833988023369,0,0,0,0,normal,0,normal
2024-05-10 06:00:00,35.6,53,1006.5,0,normal,0,0.0737635716404686,0,0,0,0,normal,0,normal
2024-05-10 07:00:00,37.7,27,1006.3,0,normal,0,0.07408125654376518,0,0,0,0,normal,0,normal
2024-05-10 08:00:00,38.6,25,1005.3,0,normal,0,0.09712940679969956,0,0,0,0,normal,0,normal
2024-05-10 09:00:00,37.8,44,1004.2,0,normal,0,0.0702631586978299,0,0,0,0,normal,0,normal
2024-05-10 10:00:00,35.6,30,1003.5,0,normal,0,0.093046863170823,0,0,0,0,normal,0,normal
2024-05-10 11:00:00,36.1,27,1003.4,0,normal,0,0.10274906079357304,0,0,0,0,normal,0,normal
2024-05-10 12:00:00,38.2,41,1002.1,0,normal,0,0.07989233476444862,0,0,0,0,normal,0,normal
2024-05-10 13:00:00,34.4,32,1004.1,0,normal,0,0.08125017865327994,0,0,0,0,normal,0,normal
2024-05-10 14:00:00,31.3,42,1005.9,0,normal,0,0.0882431088050093,0,0,0,0,normal,0,normal
2024-05-10 15:00:00,30.5,45,1006.1,0,normal,0,0.11597592966127607,0,0,0,0,normal,0,normal
2024-05-10 16:00:00,29.1,50,1006.3,0,normal,0,0.11513939887776531,0,0,0,0,normal,0,normal
2024-05-10 17:00:00,28.7,52,1006.6,0,normal,0,0.11696695453754463,0,0,0,0,normal,0,normal
2024-05-10 18:00:00,28.1,54,1007.0,0,normal,0,0.1100013346851767,0,0,0,0,normal,0,normal
2024-05-10 19:00:00,24.8,83,1005.3,0,normal,0,0.012577495425083796,0,0,0,0,normal,0,normal
2024-05-10 20:00:00,24.7,81,1005.4,0,normal,0,0.08037150734999127,0,0,0,0,normal,0,normal
2024-05-10 21:00:00,24.7,75,1005.6,0,normal,0,0.10100509342028785,0,0,0,0,normal,0,normal
2024-05-10 22:00:00,24.0,75,1005.5,0,normal,0,0.1124955180862956,0,0,0,0,normal,0,normal
2024-05-10 23:00:00,23.5,76,1005.7,0,normal,0,0.1019993625443879,0,0,0,0,normal,0,normal
2024-05-11 00:00:00,23.3,79,1006.2,0,normal,0,0.11023679803486164,0,0,0,0,normal,0,normal
2024-05-11 01:00:00,24.3,76,1006.5,0,normal,0,0.10965203237076337,0,0,0,0,normal,0,normal
2024-05-11 02:00:00,27.3,64,1007.1,0,normal,0,0.10141061019851638,0,0,0,0,normal,0,normal
2024-05-11 03:00:00,30.8,50,1008.8,0,normal,0,0.08686457186181457,0,0,0,0,normal,0,normal
2024-05-11 04:00:00,34.1,39,1007.4,0,normal,0,0.09160069546681143,0,0,0,0,normal,0,normal
2024-05-11 05:00:00,32.7,36,1009.7,0,normal,0,0.08313501363243431,0,0,0,0,normal,0,normal
2024-05-11 06:00:00,35.4,38,1008.4,0,normal,0,0.08963071560663438,0,0,0,0,normal,0,normal
2024-05-11 07:00:00,35.3,31,1009.0,0,normal,0,0.09968025422085464,0,0,0,0,normal,0,normal
2024-05-11 08:00:00,35.1,29,1008.6,0,normal,0,0.09690699131886671,0,0,0,0,normal,0,normal
2024-05-11 09:00:00,36.6,36,1007.1,0,normal,0,0.09153349757832036,0,0,0,0,normal,0,normal
2024-05-11 10:00:00,36.0,27,1005.9,0,normal,0,0.09959170343151841,0,0,0,0,normal,0,normal
2024-05-11 11:00:00,36.1,26,1005.1,0,normal,0,0.10295993903251066,0,0,0,0,normal,0,normal
2024-05-11 12:00:00,36.8,33,1005.8,0,normal,0,0.09405071864832903,0,0,0,0,normal,0,normal
2024-05-11 13:00:00,34.5,27,1006.0,0,normal,0,0.09602980757585072,0,0,0,0,normal,0,normal
2024-05-11 14:00:00,32.4,32,1006.9,0,normal,0,0.10213807869993669,0,0,0,0,normal,0,normal
2024-05-11 15:00:00,29.1,45,1009.1,0,normal,0,0.07761383412713596,0,0,0,0,normal,0,normal
2024-05-11 16:00:00,27.7,52,1009.4,0,normal,0,0.09734337957680328,0,0,0,0,normal,0,normal
2024-05-11 17:00:00,27.8,50,1009.3,0,normal,0,0.10707365493790588,0,0,0,0,normal,0,normal
2024-05-11 18:00:00,25.8,60,1009.4,0,normal,0,0.09927680631948643,0,0,0,0,normal,0,normal
2024-05-11 19:00:00,25.8,59,1008.7,1,temp_drift,0,0.10937693420828459,0,0,1,1,temp_drift,1,temp_drift
2024-05-11 20:00:00,26.68888888888889,55,1005.9,1,temp_drift,0,0.061498882372558294,0,0,1,1,temp_drift,1,temp_drift
2024-05-11 21:00:00,27.57777777777778,53,1005.0,1,temp_drift,0,0.09148678803845917,0,0,1,1,temp_drift,1,temp_drift
2024-05-11 22:00:00,28.46666666666667,51,1005.5,1,temp_drift,0,0.10087443754406467,0,0,1,1,temp_drift,1,temp_drift
2024-05-11 23:00:00,29.355555555555554,50,1005.8,1,temp_drift,0,0.09012433007492326,0,0,1,1,temp_drift,1,temp_drift
2024-05-12 00:00:00,30.244444444444447,52,1006.5,1,temp_drift,0,0.09477526266529623,0,0,1,1,temp_drift,1,temp_drift
2024-05-12 01:00:00,31.133333333333333,55,1007.5,1,temp_drift,0,0.09417509235629817,0,0,1,1,temp_drift,1,temp_drift
2024-05-12 02:00:00,32.022222222222226,48,1009.2,1,temp_drift,0,0.08374249552289526,0,0,1,1,temp_drift,1,temp_drift
2024-05-12 03:00:00,32.91111111111111,54,1009.6,1,temp_drift,0,0.08950184165204428,0,0,1,1,temp_drift,1,temp_drift
2024-05-12 04:00:00,33.8,35,1010.0,1,temp_drift,0,0.07716394756489298,0,0,1,1,temp_drift,1,temp_drift
2024-05-12 05:00:00,33.9,31,1009.7,0,normal,0,0.09470213427441865,0,0,0,0,normal,0,normal
2024-05-12 06:00:00,34.2,32,1009.4,0,normal,0,0.08917707904600819,0,0,0,0,normal,0,normal
2024-05-12 07:00:00,36.5,25,1008.5,0,normal,0,0.09546355099466108,0,0,0,0,normal,0,normal
2024-05-12 08:00:00,30.9,44,1010.5,0,normal,0,0.047101982290923716,0,0,0,0,normal,0,normal
2024-05-12 09:00:00,36.4,27,1007.5,0,normal,0,0.053994399694765716,0,0,0,0,normal,0,normal
2024-05-12 10:00:00,33.8,32,1008.0,0,normal,0,0.09536961153470769,0,0,0,0,normal,0,normal
2024-05-12 11:00:00,33.5,32,1007.4,0,normal,0,0.10616241147566807,0,0,0,0,normal,0,normal
2024-05-12 12:00:00,35.2,28,1005.6,0,normal,0,0.09556285314245988,0,0,0,0,normal,0,normal
2024-05-12 13:00:00,31.8,41,1006.9,0,normal,0,0.10053846972374259,0,0,0,0,normal,0,normal
2024-05-12 14:00:00,29.2,48,1007.2,0,normal,0,0.10705520258582607,0,0,0,0,normal,0,normal
2024-05-12 15:00:00,28.3,50,1007.3,0,normal,0,0.11630723033353224,0,0,0,0,normal,0,normal
2024-05-12 16:00:00,27.8,50,1007.7,0,normal,0,0.10986452642176142,0,0,0,0,normal,0,normal
2024-05-12 17:00:00,25.9,57,1009.4,0,normal,0,0.09762297564578604,0,0,0,0,normal,0,normal
2024-05-12 18:00:00,25.4,56,1009.6,0,normal,0,0.10914962093770753,0,0,0,0,normal,0,normal
2024-05-12 19:00:00,25.1,54,1009.4,0,normal,0,0.110811373665893,0,0,0,0,normal,0,normal
2024-05-12 20:00:00,24.9,54,1008.9,0,normal,0,0.10567590393404319,0,0,0,0,normal,0,normal
2024-05-12 21:00:00,24.3,56,1008.8,0,normal,0,0.10706781993072434,0,0,0,0,normal,0,normal
2024-05-12 22:00:00,24.2,45,1006.9,0,normal,0,0.06183360999769394,0,0,0,0,normal,0,normal
2024-05-12 23:00:00,22.6,52,1007.4,0,normal,0,0.08396843472411092,0,0,0,0,normal,0,normal
2024-05-13 00:00:00,21.7,57,1008.1,0,normal,0,0.09500888971962118,0,0,0,0,normal,0,normal
2024-05-13 01:00:00,22.8,56,1008.8,0,normal,0,0.10259615878236772,0,0,0,0,normal,0,normal
2024-05-13 02:00:00,25.9,48,1009.3,0,normal,0,0.1001642146401236,0,0,0,0,normal,0,normal
2024-05-13 03:00:00,30.2,41,1009.4,0,normal,0,0.09527710756722158,0,0,0,0,normal,0,normal
2024-05-13 04:00:00,32.9,32,1009.7,0,normal,0,0.09848849264542447,0,0,0,0,normal,0,normal
2024-05-13 05:00:00,35.2,24,1009.7,0,normal,0,0.09346568221354934,0,0,0,0,normal,0,normal
2024-05-13 06:00:00,36.2,22,1009.0,0,normal,0,0.09173392221754595,0,0,0,0,normal,0,normal
2024-05-13 07:00:00,37.6,17,1009.3,0,normal,0,0.08372376515829771,0,0,0,0,normal,0,normal
2024-05-13 08:00:00,38.3,14,1008.1,0,normal,0,0.08374974007217917,0,0,0,0,normal,0,normal
2024-05-13 09:00:00,38.4,19,1007.4,0,normal,0,0.0785722106005976,0,0,0,0,normal,0,normal
2024-05-13 10:00:00,38.3,13,1006.6,0,normal,0,0.07967320936524042,0,0,0,0,normal,0,normal
2024-05-13 11:00:00,37.7,14,1006.4,0,normal,0,0.08547137379709119,0,0,0,0,normal,0,normal
2024-05-13 12:00:00,38.2,14,1005.6,0,normal,0,0.07444352138551891,0,0,0,0,normal,0,normal
2024-05-13 13:00:00,34.6,18,1006.6,0,normal,0,0.07083900244822339,0,0,0,0,normal,0,normal
2024-05-13 14:00:00,32.4,21,1007.1,0,normal,0,0.08560844254455147,0,0,0,0,normal,0,normal
2024-05-13 15:00:00,30.6,24,1007.4,0,normal,0,0.09349693344277277,0,0,0,0,normal,0,normal
2024-05-13 16:00:00,28.6,28,1007.8,0,normal,0,0.09346455348481764,0,0,0,0,normal,0,normal
2024-05-13 17:00:00,26.7,33,1008.3,0,normal,0,0.09393973338148326,0,0,0,0,normal,0,normal
2024-05-13 18:00:00,25.3,37,1009.2,0,normal,0,0.08970113964964299,0,0,0,0,normal,0,normal
2024-05-13 19:00:00,24.2,41,1009.0,0,normal,0,0.102669810270612,0,0,0,0,normal,0,normal
2024-05-13 20:00:00,23.3,45,1008.9,0,normal,0,0.1071754853164461,0,0,0,0,normal,0,normal
2024-05-13 21:00:00,22.8,47,1008.6,0,normal,0,0.10707126544729528,0,0,0,0,normal,0,normal
2024-05-13 22:00:00,22.4,48,1008.4,0,normal,0,0.10397775907009427,0,0,0,0,normal,0,normal
2024-05-13 23:00:00,22.7,43,1007.3,0,normal,0,0.07445424263197015,0,0,0,0,normal,0,normal
2024-05-14 00:00:00,22.5,43,1007.8,0,normal,0,0.09677974365471648,0,0,0,0,normal,0,normal
2024-05-14 01:00:00,22.6,55,1008.4,0,normal,0,0.0861184867804266,0,0,0,0,normal,0,normal
2024-05-14 02:00:00,25.9,41,1009.0,0,normal,0,0.08777542081319256,0,0,0,0,normal,0,normal
2024-05-14 03:00:00,33.8,24,1009.5,0,normal,0,0.042658701873102944,0,0,0,0,normal,0,normal
2024-05-14 04:00:00,32.6,26,1010.2,0,normal,0,0.07425269097026993,0,0,0,0,normal,0,normal
2024-05-14 05:00:00,35.0,21,1010.2,0,normal,0,0.0857395476637769,0,0,0,0,normal,0,normal
2024-05-14 06:00:00,37.8,16,1009.0,0,normal,0,0.07813964679412727,0,0,0,0,normal,0,normal
2024-05-14 07:00:00,37.4,16,1009.7,0,normal,0,0.07644670693306338,0,0,0,0,normal,0,normal
2024-05-14 08:00:00,37.9,14,1009.1,0,normal,0,0.07385749079417198,0,0,0,0,normal,0,normal
2024-05-14 09:00:00,39.0,16,1006.9,0,normal,0,0.06655927274726087,0,0,0,0,normal,0,normal
2024-05-14 10:00:00,38.2,14,1006.0,0,normal,0,0.08224629907707026,0,0,0,0,normal,0,normal
2024-05-14 11:00:00,37.7,14,1005.2,0,normal,0,0.08805567848878398,0,0,0,0,normal,0,normal
2024-05-14 12:00:00,38.4,16,1004.6,0,normal,0,0.0787498696070133,0,0,0,0,normal,0,normal
2024-05-14 13:00:00,34.1,21,1005.7,0,normal,0,0.08073091642982,0,0,0,0,normal,0,normal
2024-05-14 14:00:00,31.4,23,1006.4,0,normal,0,0.0896785054444364,0,0,0,0,normal,0,normal
2024-05-14 15:00:00,31.0,24,1006.8,0,normal,0,0.09633256597571027,0,0,0,0,normal,0,normal
2024-05-14 16:00:00,29.7,26,1007.3,0,normal,0,0.09516244112287375,0,0,0,0,normal,0,normal
2024-05-14 17:00:00,28.0,29,1007.5,0,normal,0,0.09876706300054772,0,0,0,0,normal,0,normal
2024-05-14 18:00:00,26.8,33,1007.6,0,normal,0,0.09460507210223201,0,0,0,0,normal,0,normal
2024-05-14 19:00:00,25.9,36,1007.7,0,normal,0,0.09923135418953272,0,0,0,0,normal,0,normal
2024-05-14 20:00:00,26.0,35,1007.6,0,normal,0,0.09692946784886985,0,0,0,0,normal,0,normal
2024-05-14 21:00:00,23.8,42,1007.6,0,normal,0,0.09782019243521206,0,0,0,0,normal,0,normal
2024-05-14 22:00:00,23.4,42,1007.7,0,normal,0,0.10462436618644622,0,0,0,0,normal,0,normal
2024-05-14 23:00:00,23.5,40,1007.8,0,normal,0,0.08615700623617478,0,0,0,0,normal,0,normal
2024-05-15 00:00:00,24.0,29,1005.9,0,normal,0,0.04705505317659198,0,0,0,0,normal,0,normal
2024-05-15 01:00:00,25.1,31,1006.9,0,normal,0,0.07702777364142799,0,0,0,0,normal,0,normal
2024-05-15 02:00:00,27.1,29,1007.7,0,normal,0,0.0855648142577764,0,0,0,0,normal,0,normal
2024-05-15 03:00:00,31.8,33,1009.3,0,normal,0,0.06392690844790361,0,0,0,0,normal,0,normal
2024-05-15 04:00:00,34.0,19,1008.8,0,normal,0,0.08034429524135028,0,0,0,0,normal,0,normal
2024-05-15 05:00:00,35.7,18,1010.0,0,normal,0,0.07286108971664845,0,0,0,0,normal,0,normal
2024-05-15 06:00:00,38.4,24,1008.3,0,normal,0,0.05896628790642283,0,0,0,0,normal,0,normal
2024-05-15 07:00:00,38.7,16,1009.0,0,normal,0,0.07705697851170679,0,0,0,0,normal,0,normal
2024-05-15 08:00:00,39.4,15,1008.4,0,normal,0,0.08104798174302424,0,0,0,0,normal,0,normal
2024-05-15 09:00:00,40.6,17,1006.0,0,normal,0,0.05907142206223487,0,0,0,0,normal,0,normal
2024-05-15 10:00:00,40.3,13,1005.6,0,normal,0,0.0730560844283411,0,0,0,0,normal,0,normal
2024-05-15 11:00:00,39.7,14,1005.6,0,normal,0,0.07026381997811881,0,0,0,0,normal,0,normal
2024-05-15 12:00:00,40.8,14,1004.3,0,normal,0,0.05944212842205099,0,0,0,0,normal,0,normal
2024-05-15 13:00:00,35.5,25,1005.9,0,normal,0,0.054244414059160806,0,0,0,0,normal,0,normal
2024-05-15 14:00:00,33.6,24,1006.7,0,normal,0,0.08282131839038925,0,0,0,0,normal,0,normal
2024-05-15 15:00:00,31.7,29,1007.5,0,normal,0,0.09959293813851794,0,0,0,0,normal,0,normal
2024-05-15 16:00:00,30.6,28,1008.1,0,normal,0,0.09721509724359573,0,0,0,0,normal,0,normal
2024-05-15 17:00:00,28.1,35,1008.3,0,normal,0,0.09258278553211119,0,0,0,0,normal,0,normal
2024-05-15 18:00:00,27.4,37,1008.4,0,normal,0,0.0995615392361689,0,0,0,0,normal,0,normal
2024-05-15 19:00:00,28.0,36,1008.1,0,normal,0,0.08485106282737859,0,0,0,0,normal,0,normal
2024-05-15 20:00:00,25.5,38,1006.8,0,normal,0,0.07851478616321056,0,0,0,0,normal,0,normal
2024-05-15 21:00:00,26.2,35,1006.7,0,normal,0,0.09169731083866206,0,0,0,0,normal,0,normal
2024-05-15 22:00:00,24.4,40,1006.8,0,normal,0,0.09432447393184645,0,0,0,0,normal,0,normal
2024-05-15 23:00:00,23.3,42,1007.5,0,normal,0,0.09056012982324901,0,0,0,0,normal,0,normal
2024-05-16 00:00:00,23.3,41,1008.0,0,normal,0,0.09330875636779834,0,0,0,0,normal,0,normal
2024-05-16 01:00:00,24.9,41,1009.6,0,normal,0,0.0747387997335483,0,0,0,0,normal,0,normal
2024-05-16 02:00:00,27.4,36,1009.8,0,normal,0,0.08771475481886909,0,0,0,0,normal,0,normal
2024-05-16 03:00:00,32.4,31,1009.5,0,normal,0,0.0783807482317424,0,0,0,0,normal,0,normal
2024-05-16 04:00:00,35.0,22,1010.0,0,normal,0,0.08132489905530776,0,0,0,0,normal,0,normal
2024-05-16 05:00:00,37.8,18,1009.7,0,normal,0,0.06977383176735008,0,0,0,0,normal,0,normal
2024-05-16 06:00:00,38.4,21,1008.2,0,normal,0,0.06675304977549262,0,0,0,0,normal,0,normal
2024-05-16 07:00:00,40.3,15,1008.2,0,normal,0,0.07629129660897943,0,0,0,0,normal,0,normal
2024-05-16 08:00:00,41.1,14,1007.1,0,normal,0,0.06868085275672342,0,0,0,0,normal,0,normal
2024-05-16 09:00:00,41.4,18,1004.8,0,normal,0,0.0521801302896065,0,0,0,0,normal,0,normal
2024-05-16 10:00:00,41.3,13,1004.9,0,normal,0,0.05927958648952353,0,0,0,0,normal,0,normal
2024-05-16 11:00:00,40.5,14,1004.2,0,normal,0,0.06980483737704568,0,0,0,0,normal,0,normal
2024-05-16 12:00:00,42.0,16,1002.3,0,normal,0,0.0545975144512586,0,0,0,0,normal,0,normal
2024-05-16 13:00:00,36.8,21,1004.1,0,normal,0,0.05310666569731087,0,0,0,0,normal,0,normal
2024-05-16 14:00:00,33.0,27,1004.4,0,normal,0,0.08015483549625058,0,0,0,0,normal,0,normal
2024-05-16 15:00:00,32.5,28,1005.1,0,normal,0,0.10467217580520516,0,0,0,0,normal,0,normal
2024-05-16 16:00:00,31.1,29,1006.0,0,normal,0,0.10039268480737168,0,0,0,0,normal,0,normal
2024-05-16 17:00:00,29.6,31,1006.2,0,normal,0,0.10468264550638195,0,0,0,0,normal,0,normal
2024-05-16 18:00:00,27.7,37,1006.0,0,normal,0,0.09615218337090642,0,0,0,0,normal,0,normal
2024-05-16 19:00:00,26.8,41,1005.9,0,normal,0,0.10609525754771554,0,0,0,0,normal,0,normal
2024-05-16 20:00:00,26.6,43,1005.7,0,normal,0,0.11067350628213363,0,0,0,0,normal,0,normal
2024-05-16 21:00:00,26.9,33,1003.8,0,normal,0,0.0584547328837714,0,0,0,0,normal,0,normal
2024-05-16 22:00:00,25.7,36,1004.0,0,normal,0,0.08856452927200958,0,0,0,0,normal,0,normal
2024-05-16 23:00:00,24.9,37,1004.5,0,normal,0,0.08742081216523767,0,0,0,0,normal,0,normal
2024-05-17 00:00:00,24.1,39,1004.8,0,normal,0,0.09536893106920658,0,0,0,0,normal,0,normal
2024-05-17 01:00:00,25.6,46,1005.3,0,normal,0,0.0962366036308715,0,0,0,0,normal,0,normal
2024-05-17 02:00:00,29.6,36,1005.6,0,normal,0,0.08791636665127,0,0,0,0,normal,0,normal
2024-05-17 03:00:00,34.8,37,1005.1,0,normal,0,0.08198442843697112,0,0,0,0,normal,0,normal
2024-05-17 04:00:00,35.6,25,1005.8,0,normal,0,0.08887362640666224,0,0,0,0,normal,0,normal
2024-05-17 05:00:00,38.0,21,1005.7,0,normal,0,0.09404624721719029,0,0,0,0,normal,0,normal
2024-05-17 06:00:00,41.8,24,1004.0,0,normal,0,0.052766119863472405,0,0,0,0,normal,0,normal
2024-05-17 07:00:00,41.8,16,1004.0,0,normal,0,0.06798301801674567,0,0,0,0,normal,0,normal
2024-05-17 08:00:00,42.8,13,1003.0,0,normal,0,0.06342536933632514,0,0,0,0,normal,0,normal
2024-05-17 09:00:00,43.2,18,1001.2,0,normal,0,0.05378845284863437,0,0,0,0,normal,0,normal
2024-05-17 10:00:00,42.2,14,1001.6,0,normal,0,0.061840278657868675,0,0,0,0,normal,0,normal
2024-05-17 11:00:00,41.5,14,1001.4,0,normal,0,0.06817966061136038,0,0,0,0,normal,0,normal
2024-05-17 12:00:00,40.6,17,1000.0,0,normal,0,0.06917192922089399,0,0,0,0,normal,0,normal
2024-05-17 13:00:00,37.7,19,1001.9,0,normal,0,0.06717281735024666,0,0,0,0,normal,0,normal
2024-05-17 14:00:00,35.5,5,1002.5,1,humidity_drop,0,0.05000166528133859,0,0,0,0,normal,0,normal
2024-05-17 15:00:00,33.5,24,1002.9,0,normal,0,0.04008365410789444,0,0,0,0,normal,0,normal
2024-05-17 16:00:00,32.7,26,1003.4,0,normal,0,0.08515114292846854,0,0,0,0,normal,0,normal
2024-05-17 17:00:00,29.3,40,1003.7,0,normal,0,0.07750137604154228,0,0,0,0,normal,0,normal
2024-05-17 18:00:00,28.7,41,1003.7,0,normal,0,0.10353033730865357,0,0,0,0,normal,0,normal
2024-05-17 19:00:00,27.9,41,1003.8,0,normal,0,0.10477341404307011,0,0,0,0,normal,0,normal
2024-05-17 20:00:00,28.7,38,1003.6,0,normal,0,0.09508960523982768,0,0,0,0,normal,0,normal
2024-05-17 21:00:00,27.5,42,1003.4,0,normal,0,0.10631759497775561,0,0,0,0,normal,0,normal
2024-05-17 22:00:00,26.0,36,1001.9,0,normal,0,0.07570974090385979,0,0,0,0,normal,0,normal
2024-05-17 23:00:00,25.3,38,1001.9,0,normal,0,0.0891431607702664,0,0,0,0,normal,0,normal
2024-05-18 00:00:00,24.7,41,1002.1,0,normal,0,0.09261278251078586,0,0,0,0,normal,0,normal
2024-05-18 01:00:00,26.1,44,1002.7,0,normal,0,0.10172999858177878,0,0,0,0,normal,0,normal
2024-05-18 02:00:00,29.2,36,1002.9,0,normal,0,0.09739472646875941,0,0,0,0,normal,0,normal
2024-05-18 03:00:00,35.8,34,1002.2,0,normal,0,0.07341755241827047,0,0,0,0,normal,0,normal
2024-05-18 04:00:00,36.0,25,1002.7,0,normal,0,0.0920546506464866,0,0,0,0,normal,0,normal
2024-05-18 05:00:00,38.6,21,1002.3,0,normal,0,0.0929130470139452,0,0,0,0,normal,0,normal
2024-05-18 06:00:00,42.4,18,1001.0,0,normal,0,0.059235341206135106,0,0,0,0,normal,0,normal
2024-05-18 07:00:00,42.1,15,1001.3,0,normal,0,0.06261763166310624,0,0,0,0,normal,0,normal
2024-05-18 08:00:00,42.7,13,1000.5,0,normal,0,0.06190520581567727,0,0,0,0,normal,0,normal
2024-05-18 09:00:00,44.6,15,998.4,0,normal,0,0.03242016209828025,0,0,0,0,normal,0,normal
2024-05-18 10:00:00,42.2,13,999.1,0,normal,0,0.04256861575660614,0,0,0,0,normal,0,normal
2024-05-18 11:00:00,41.3,14,998.7,0,normal,0,0.06182377647541626,0,0,0,0,normal,0,normal
2024-05-18 12:00:00,44.6,15,997.0,0,normal,0,0.01875647895471394,0,0,0,0,normal,0,normal
2024-05-18 13:00:00,38.1,20,998.9,0,normal,0,0.02343001291372404,0,0,0,0,normal,0,normal
2024-05-18 14:00:00,35.6,23,999.8,0,normal,0,0.06391260853689434,0,0,0,0,normal,0,normal
2024-05-18 15:00:00,33.7,25,1000.2,0,normal,0,0.09514281286743964,0,0,0,0,normal,0,normal
2024-05-18 16:00:00,32.0,28,1000.7,0,normal,0,0.09859906176944161,0,0,0,0,normal,0,normal
2024-05-18 17:00:00,30.6,31,1000.7,0,normal,0,0.10285974518691171,0,0,0,0,normal,0,normal
2024-05-18 18:00:00,29.6,34,1001.0,0,normal,0,0.09780619927247974,0,0,0,0,normal,0,normal
2024-05-18 19:00:00,28.1,38,1000.9,0,normal,0,0.10160201339752989,0,0,0,0,normal,0,normal
2024-05-18 20:00:00,27.7,40,1000.8,0,normal,0,0.10699987855923321,0,0,0,0,normal,0,normal
2024-05-18 21:00:00,27.5,41,1000.7,0,normal,0,0.10507271912307792,0,0,0,0,normal,0,normal
2024-05-18 22:00:00,26.4,44,1000.3,0,normal,0,0.10399886406843445,0,0,0,0,normal,0,normal
2024-05-18 23:00:00,26.3,44,1000.2,0,normal,0,0.09907432839063779,0,0,0,0,normal,0,normal
2024-05-19 00:00:00,25.8,40,1000.1,0,normal,0,0.08583967916841706,0,0,0,0,normal,0,normal
2024-05-19 01:00:00,27.4,48,1000.5,0,normal,0,0.09204720269129807,0,0,0,0,normal,0,normal
2024-05-19 02:00:00,30.3,34,1000.9,0,normal,0,0.08840751444259914,0,0,0,0,normal,0,normal
2024-05-19 03:00:00,36.6,36,1000.2,0,normal,0,0.06083021625551449,0,0,0,0,normal,0,normal
2024-05-19 04:00:00,37.3,22,1001.3,0,normal,0,0.06906164692093542,0,0,0,0,normal,0,normal
2024-05-19 05:00:00,39.3,20,1001.1,0,normal,0,0.08496198762662849,0,0,0,0,normal,0,normal
2024-05-19 06:00:00,41.4,20,999.9,0,normal,0,0.06948925105792214,0,0,0,0,normal,0,normal
2024-05-19 07:00:00,42.1,15,1000.2,0,normal,0,0.06624457627064317,0,0,0,0,normal,0,normal
2024-05-19 08:00:00,42.2,13,999.7,0,normal,0,0.06636541994351214,0,0,0,0,normal,0,normal
2024-05-19 09:00:00,44.0,15,997.4,0,normal,0,0.03614239090270255,0,0,0,0,normal,0,normal
2024-05-19 10:00:00,41.9,13,997.8,0,normal,0,0.04915968775635926,0,0,0,0,normal,0,normal
2024-05-19 11:00:00,41.0,14,997.7,0,normal,0,0.061888305010869726,0,0,0,0,normal,0,normal
2024-05-19 12:00:00,41.4,22,995.7,0,normal,0,0.052661219637859025,0,0,0,0,normal,0,normal
2024-05-19 13:00:00,38.0,20,997.7,0,normal,0,0.05941878882053131,0,0,0,0,normal,0,normal
2024-05-19 14:00:00,34.2,26,998.2,0,normal,0,0.07456954096003982,0,0,0,0,normal,0,normal
2024-05-19 15:00:00,35.4,20,998.5,0,normal,0,0.06818807190265253,0,0,0,0,normal,0,normal
2024-05-19 16:00:00,33.5,24,999.0,0,normal,0,0.08525331546421211,0,0,0,0,normal,0,normal
2024-05-19 17:00:00,31.3,29,999.3,0,normal,0,0.09410720878847473,0,0,0,0,normal,0,normal
2024-05-19 18:00:00,30.2,33,999.1,0,normal,0,0.09310395325790916,0,0,0,0,normal,0,normal
2024-05-19 19:00:00,30.1,33,998.8,0,normal,0,0.09744115291529759,0,0,0,0,normal,0,normal
2024-05-19 20:00:00,27.9,32,998.2,0,normal,0,0.08281907597054894,0,0,0,0,normal,0,normal
2024-05-19 21:00:00,28.2,31,998.4,0,normal,0,0.08938761651517246,0,0,0,0,normal,0,normal
2024-05-19 22:00:00,29.3,29,998.4,0,normal,0,0.07571358042154736,0,0,0,0,normal,0,normal
2024-05-19 23:00:00,28.4,30,998.9,0,normal,0,0.0716408637306879,0,0,0,0,normal,0,normal
2024-05-20 00:00:00,27.4,33,999.8,0,normal,0,0.07281552886903098,0,0,0,0,normal,0,normal
2024-05-20 01:00:00,27.3,36,1000.7,0,normal,0,0.08308881516714745,0,0,0,0,normal,0,normal
2024-05-20 02:00:00,30.6,30,1001.4,0,normal,0,0.08858567185874094,0,0,0,0,normal,0,normal
2024-05-20 03:00:00,32.8,100,1001.8,1,humidity_spike,1,-0.0571483387599121,0,0,0,0,normal,1,isolation_forest_anomaly
2024-05-20 04:00:00,36.9,21,1002.4,0,normal,1,-0.08137489049612712,0,0,0,0,normal,1,isolation_forest_anomaly
2024-05-20 05:00:00,39.1,18,1002.5,0,normal,0,0.014728764096518465,0,0,0,0,normal,0,normal
2024-05-20 06:00:00,39.0,29,1001.7,0,normal,0,0.07310534169272237,0,0,0,0,normal,0,normal
2024-05-20 07:00:00,41.9,15,1001.4,0,normal,0,0.06606535645051542,0,0,0,0,normal,0,normal
2024-05-20 08:00:00,42.6,13,1000.6,0,normal,0,0.06661836576023883,0,0,0,0,normal,0,normal
2024-05-20 09:00:00,42.8,19,998.7,0,normal,0,0.05983587345953806,0,0,0,0,normal,0,normal
2024-05-20 10:00:00,42.2,13,999.0,0,normal,0,0.06128834066802946,0,0,0,0,normal,0,normal
2024-05-20 11:00:00,41.3,14,998.9,0,normal,0,0.06394194954786009,0,0,0,0,normal,0,normal
2024-05-20 12:00:00,42.6,18,996.8,0,normal,0,0.047966457791561,0,0,0,0,normal,0,normal
2024-05-20 13:00:00,38.5,18,998.6,0,normal,0,0.04894860637854087,0,0,0,0,normal,0,normal
2024-05-20 14:00:00,36.3,20,999.1,0,normal,0,0.07315476837678875,0,0,0,0,normal,0,normal
2024-05-20 15:00:00,34.7,21,999.6,0,normal,0,0.0865385797798115,0,0,0,0,normal,0,normal
2024-05-20 16:00:00,33.2,23,1000.8,0,normal,0,0.08201806777532661,0,0,0,0,normal,0,normal
2024-05-20 17:00:00,30.5,29,1001.2,0,normal,0,0.08937761610846257,0,0,0,0,normal,0,normal
2024-05-20 18:00:00,30.2,29,1001.0,0,normal,0,0.09793482565247069,0,0,0,0,normal,0,normal
2024-05-20 19:00:00,31.0,27,1000.8,0,normal,0,0.08254404580925445,0,0,0,0,normal,0,normal
2024-05-20 20:00:00,28.3,33,1001.0,0,normal,0,0.08243720257080561,0,0,0,0,normal,0,normal
2024-05-20 21:00:00,27.1,36,1001.2,0,normal,0,0.09682850292326534,0,0,0,0,normal,0,normal
2024-05-20 22:00:00,28.0,34,1001.1,0,normal,0,0.08956088172848425,0,0,0,0,normal,0,normal
2024-05-20 23:00:00,27.1,35,1001.1,0,normal,0,0.08569648186937873,0,0,0,0,normal,0,normal
2024-05-21 00:00:00,26.4,5,1001.7,1,humidity_drop,1,-0.0006466433407283922,0,0,0,0,normal,1,isolation_forest_anomaly
2024-05-21 01:00:00,27.8,39,1002.7,0,normal,1,-0.0070882430409365815,0,0,0,0,normal,1,isolation_forest_anomaly
2024-05-21 02:00:00,29.7,30,1003.1,0,normal,0,0.07753268998570279,0,0,0,0,normal,0,normal
2024-05-21 03:00:00,32.4,51,1002.7,0,normal,0,0.07150580406920415,0,0,0,0,normal,0,normal
2024-05-21 04:00:00,34.6,34,1003.4,0,normal,0,0.09682596552602463,0,0,0,0,normal,0,normal
2024-05-21 05:00:00,36.8,29,1003.2,0,normal,0,0.10243772169768944,0,0,0,0,normal,0,normal
2024-05-21 06:00:00,37.8,36,1001.9,0,normal,0,0.09258889177777757,0,0,0,0,normal,0,normal
2024-05-21 07:00:00,40.4,22,1001.5,0,normal,0,0.08555484979553957,0,0,0,0,normal,0,normal
2024-05-21 08:00:00,41.4,19,1000.6,0,normal,0,0.08049763069114907,0,0,0,0,normal,0,normal
2024-05-21 09:00:00,41.8,28,999.7,0,normal,0,0.07374299423650366,0,0,0,0,normal,0,normal
2024-05-21 10:00:00,42.2,14,999.3,0,normal,0,0.05824823865512707,0,0,0,0,normal,0,normal
2024-05-21 11:00:00,41.6,14,998.9,0,normal,0,0.06744823851046977,0,0,0,0,normal,0,normal
2024-05-21 12:00:00,41.8,21,997.8,0,normal,0,0.05874261391241059,0,0,0,0,normal,0,normal
2024-05-21 13:00:00,38.7,18,998.6,0,normal,0,0.06410011562138634,0,0,0,0,normal,0,normal
2024-05-21 14:00:00,36.2,21,999.0,0,normal,0,0.07584047259087723,0,0,0,0,normal,0,normal
2024-05-21 15:00:00,35.1,21,999.7,0,normal,0,0.086893434164305,0,0,0,0,normal,0,normal
2024-05-21 16:00:00,32.8,24,1000.3,0,normal,0,0.08702828833157872,0,0,0,0,normal,0,normal
2024-05-21 17:00:00,33.2,25,1001.3,0,normal,0,0.08848057378161794,0,0,0,0,normal,0,normal
2024-05-21 18:00:00,31.3,29,1001.5,0,normal,0,0.08851705282931982,0,0,0,0,normal,0,normal
2024-05-21 19:00:00,30.6,31,1001.4,0,normal,0,0.09715327479751296,0,0,0,0,normal,0,normal
2024-05-21 20:00:00,28.8,36,1001.0,0,normal,0,0.09313991481007605,0,0,0,0,normal,0,normal
2024-05-21 21:00:00,27.7,39,1001.0,0,normal,0,0.10633679632755977,0,0,0,0,normal,0,normal
2024-05-21 22:00:00,27.7,36,1000.4,0,normal,0,0.09339247388323091,0,0,0,0,normal,0,normal
2024-05-21 23:00:00,27.0,41,1001.5,0,normal,0,0.08302876783683671,0,0,0,0,normal,0,normal
2024-05-22 00:00:00,26.7,51,1002.5,0,normal,0,0.07655877795730176,0,0,0,0,normal,0,normal
2024-05-22 01:00:00,28.1,53,1003.3,0,normal,0,0.1013985013508093,0,0,0,0,normal,0,normal
2024-05-22 02:00:00,30.9,48,1003.7,0,normal,0,0.11079744290495341,0,0,0,0,normal,0,normal
2024-05-22 03:00:00,33.8,53,1003.4,0,normal,0,0.09960269756292633,0,0,0,0,normal,0,normal
2024-05-22 04:00:00,36.0,36,1003.9,0,normal,0,0.09059800732143108,0,0,0,0,normal,0,normal
2024-05-22 05:00:00,38.0,31,1003.6,0,normal,0,0.09823593837554279,0,0,0,0,normal,0,normal
2024-05-22 06:00:00,38.2,39,1002.5,0,normal,0,0.08902487972880535,0,0,0,0,normal,0,normal
2024-05-22 07:00:00,40.7,23,1002.5,0,normal,0,0.07744719671472883,0,0,0,0,normal,0,normal
2024-05-22 08:00:00,39.6,26,1001.6,0,normal,0,0.0883459112957557,0,0,0,0,normal,0,normal
2024-05-22 09:00:00,41.8,31,999.6,0,normal,0,0.06991247234728548,0,0,0,0,normal,0,normal
2024-05-22 10:00:00,40.7,22,999.8,0,normal,0,0.08030395166630705,0,0,0,0,normal,0,normal
2024-05-22 11:00:00,40.6,22,999.1,0,normal,0,0.08778291615790246,0,0,0,0,normal,0,normal
2024-05-22 12:00:00,41.4,31,997.3,0,normal,0,0.06056848296261319,0,0,0,0,normal,0,normal
2024-05-22 13:00:00,38.7,22,999.0,0,normal,0,0.05579281567707578,0,0,0,0,normal,0,normal
2024-05-22 14:00:00,35.9,25,999.2,0,normal,0,0.08524787637667852,0,0,0,0,normal,0,normal
2024-05-22 15:00:00,34.7,27,999.7,0,normal,0,0.09440610784174186,0,0,0,0,normal,0,normal
2024-05-22 16:00:00,34.1,29,1000.4,0,normal,0,0.09580715642693538,0,0,0,0,normal,0,normal
2024-05-22 17:00:00,33.7,33,1000.7,0,normal,0,0.09359819124960883,0,0,0,0,normal,0,normal
2024-05-22 18:00:00,32.8,35,1001.0,0,normal,0,0.09366777177881813,0,0,0,0,normal,0,normal
2024-05-22 19:00:00,31.8,42,1001.4,0,normal,0,0.09256285963377942,0,0,0,0,normal,0,normal
2024-05-22 20:00:00,31.3,51,1001.2,0,normal,0,0.08861049934929227,0,0,0,0,normal,0,normal
2024-05-22 21:00:00,30.9,54,1001.4,0,normal,0,0.10218289735924946,0,0,0,0,normal,0,normal
2024-05-22 22:00:00,30.5,55,1001.5,0,normal,0,0.10343029344304178,0,0,0,0,normal,0,normal
2024-05-22 23:00:00,28.8,51,1001.3,0,normal,0,0.0843497927011243,0,0,0,0,normal,0,normal
2024-05-23 00:00:00,28.8,54,1002.0,0,normal,0,0.09585630886513974,0,0,0,0,normal,0,normal
2024-05-23 01:00:00,29.9,53,1002.8,0,normal,0,0.10600727975011759,0,0,0,0,normal,0,normal
2024-05-23 02:00:00,31.8,48,1003.3,0,normal,0,0.11125398678646287,0,0,0,0,normal,0,normal
2024-05-23 03:00:00,33.0,50,1002.8,0,normal,0,0.1062358799690622,0,0,0,0,normal,0,normal
2024-05-23 04:00:00,34.9,41,1003.4,0,normal,0,0.10345842567539487,0,0,0,0,normal,0,normal
2024-05-23 05:00:00,36.5,37,1003.5,0,normal,0,0.10716284680129423,0,0,0,0,normal,0,normal
2024-05-23 06:00:00,38.2,38,1002.0,0,normal,0,0.09249646432287628,0,0,0,0,normal,0,normal
2024-05-23 07:00:00,39.3,30,1002.5,0,normal,0,0.09533383796826589,0,0,0,0,normal,0,normal
2024-05-23 08:00:00,39.4,29,1001.8,0,normal,0,0.09949823779412392,0,0,0,0,normal,0,normal
2024-05-23 09:00:00,39.8,36,999.6,0,normal,0,0.07703959752596662,0,0,0,0,normal,0,normal
2024-05-23 10:00:00,39.9,27,999.6,0,normal,0,0.08550731575727916,0,0,0,0,normal,0,normal
2024-05-23 11:00:00,39.8,26,998.9,0,normal,0,0.08749317399516693,0,0,0,0,normal,0,normal
2024-05-23 12:00:00,39.2,40,997.4,0,normal,0,0.06603302135669342,0,0,0,0,normal,0,normal
2024-05-23 13:00:00,38.3,28,998.5,0,normal,0,0.07131819239536907,0,0,0,0,normal,0,normal
2024-05-23 14:00:00,36.0,34,999.7,0,normal,0,0.08629854735287046,0,0,0,0,normal,0,normal
2024-05-23 15:00:00,34.2,38,1000.2,0,normal,0,0.09964833173858201,0,0,0,0,normal,0,normal
2024-05-23 16:00:00,33.3,41,1000.7,0,normal,0,0.10574558751701679,0,0,0,0,normal,0,normal
2024-05-23 17:00:00,32.9,44,1000.9,0,normal,0,0.10646506487056884,0,0,0,0,normal,0,normal
2024-05-23 18:00:00,32.3,46,1000.7,0,normal,0,0.10078823113997609,0,0,0,0,normal,0,normal
2024-05-23 19:00:00,31.6,41,999.3,0,normal,0,0.0791065280886799,0,0,0,0,normal,0,normal
2024-05-23 20:00:00,30.9,43,999.2,0,normal,0,0.0984509588312743,0,0,0,0,normal,0,normal
2024-05-23 21:00:00,30.8,46,999.5,0,normal,0,0.09973023568864658,0,0,0,0,normal,0,normal
2024-05-23 22:00:00,30.1,51,999.9,0,normal,0,0.09619311481058307,0,0,0,0,normal,0,normal
2024-05-23 23:00:00,29.7,54,1000.7,0,normal,0,0.08439740784045091,0,0,0,0,normal,0,normal
2024-05-24 00:00:00,29.3,57,1001.5,0,normal,0,0.09640188813492256,0,0,0,0,normal,0,normal
2024-05-24 01:00:00,29.9,55,1002.5,0,normal,0,0.10131573718130221,0,0,0,0,normal,0,normal
2024-05-24 02:00:00,31.6,50,1003.0,0,normal,0,0.1092844026876793,0,0,0,0,normal,0,normal
2024-05-24 03:00:00,34.2,54,1002.7,0,normal,0,0.10297915854215323,0,0,0,0,normal,0,normal
2024-05-24 04:00:00,35.7,39,1003.2,0,normal,0,0.09466141422377039,0,0,0,0,normal,0,normal
2024-05-24 05:00:00,37.6,34,1003.1,0,normal,0,0.099103927979522,0,0,0,0,normal,0,normal
2024-05-24 06:00:00,38.4,38,1002.1,0,normal,0,0.09265027991046443,0,0,0,0,normal,0,normal
2024-05-24 07:00:00,39.8,28,1001.9,0,normal,0,0.09473343258142153,0,0,0,0,normal,0,normal
2024-05-24 08:00:00,40.3,25,1000.8,0,normal,0,0.08976770810030421,0,0,0,0,normal,0,normal
2024-05-24 09:00:00,40.0,34,999.7,0,normal,0,0.08190765257575117,0,0,0,0,normal,0,normal
2024-05-24 10:00:00,40.6,25,999.9,0,normal,0,0.07732960906668146,0,0,0,0,normal,0,normal
2024-05-24 11:00:00,40.4,23,998.9,0,normal,0,0.08504469049337593,0,0,0,0,normal,0,normal
2024-05-24 12:00:00,40.6,34,996.9,0,normal,0,0.056402635063475315,0,0,0,0,normal,0,normal
2024-05-24 13:00:00,38.2,25,999.1,0,normal,0,0.05809541024134218,0,0,0,0,normal,0,normal
2024-05-24 14:00:00,36.3,30,999.3,0,normal,0,0.0875273925342237,0,0,0,0,normal,0,normal
2024-05-24 15:00:00,34.7,34,999.7,0,normal,0,0.09657379287265216,0,0,0,0,normal,0,normal
2024-05-24 16:00:00,34.4,29,1000.2,0,normal,0,0.0903535340657175,0,0,0,0,normal,0,normal
2024-05-24 17:00:00,32.8,32,1000.2,0,normal,0,0.09958542589032127,0,0,0,0,normal,0,normal
2024-05-24 18:00:00,31.2,36,1000.2,0,normal,0,0.09230903873553975,0,0,0,0,normal,0,normal
2024-05-24 19:00:00,32.1,33,999.9,0,normal,0,0.08522601368773647,0,0,0,0,normal,0,normal
2024-05-24 20:00:00,30.8,37,999.7,0,normal,0,0.09064935642508731,0,0,0,0,normal,0,normal
2024-05-24 21:00:00,29.6,37,998.3,0,normal,0,0.0819414052419481,0,0,0,0,normal,0,normal
2024-05-24 22:00:00,28.8,39,998.6,0,normal,0,0.09322792274346103,0,0,0,0,normal,0,normal
2024-05-24 23:00:00,48.71664399122065,43,998.9,1,temp_spike,1,-0.10137950230431747,0,0,0,0,normal,1,isolation_forest_anomaly
2024-05-25 00:00:00,25.9,47,999.7,0,normal,1,-0.11614559368618482,0,0,0,0,normal,1,isolation_forest_anomaly
2024-05-25 01:00:00,27.8,42,1000.6,0,normal,0,0.007039477347152712,0,0,0,0,normal,0,normal
2024-05-25 02:00:00,30.1,34,1001.3,0,normal,0,0.09535294845441306,0,0,0,0,normal,0,normal
2024-05-25 03:00:00,31.6,64,1001.6,0,normal,0,0.05117451791096056,0,0,0,0,normal,0,normal
2024-05-25 04:00:00,36.3,20,1001.7,0,normal,0,0.0017826454330895913,0,0,0,0,normal,0,normal
2024-05-25 05:00:00,38.3,17,1001.5,0,normal,0,0.05091256623693685,0,0,0,0,normal,0,normal
2024-05-25 06:00:00,38.4,28,1000.0,0,normal,0,0.07128189017011866,0,0,0,0,normal,0,normal
2024-05-25 07:00:00,41.2,14,1000.4,0,normal,0,0.06988494412157648,0,0,0,0,normal,0,normal
2024-05-25 08:00:00,41.9,14,999.3,0,normal,0,0.0648980177072137,0,0,0,0,normal,0,normal
2024-05-25 09:00:00,41.4,20,997.5,0,normal,0,0.06348495545450028,0,0,0,0,normal,0,normal
2024-05-25 10:00:00,42.2,14,997.1,0,normal,0,0.06857132652691222,0,0,0,0,normal,0,normal
2024-05-25 11:00:00,42.2,14,996.4,0,normal,0,0.06442439230335223,0,0,0,0,normal,0,normal
2024-05-25 12:00:00,40.6,21,994.9,0,normal,0,0.04836874237548949,0,0,0,0,normal,0,normal
2024-05-25 13:00:00,40.4,16,995.6,0,normal,0,0.05289220426334629,0,0,0,0,normal,0,normal
2024-05-25 14:00:00,37.8,19,996.1,0,normal,0,0.057992843159176355,0,0,0,0,normal,0,normal
2024-05-25 15:00:00,35.5,23,996.8,0,normal,0,0.06805155444817279,0,0,0,0,normal,0,normal
2024-05-25 16:00:00,34.1,25,997.6,0,normal,0,0.08106972196047646,0,0,0,0,normal,0,normal
2024-05-25 17:00:00,31.7,28,998.2,0,normal,0,0.08717006860569787,0,0,0,0,normal,0,normal
2024-05-25 18:00:00,30.0,33,998.4,0,normal,0,0.08696852312844366,0,0,0,0,normal,0,normal
2024-05-25 19:00:00,29.5,34,998.3,0,normal,0,0.0990303230940307,0,0,0,0,normal,0,normal
2024-05-25 20:00:00,29.2,35,998.2,0,normal,0,0.09429599009424133,0,0,0,0,normal,0,normal
2024-05-25 21:00:00,30.3,31,998.1,0,normal,0,0.0774908683715489,0,0,0,0,normal,0,normal
2024-05-25 22:00:00,30.1,28,997.9,0,normal,0,0.08274929815498577,0,0,0,0,normal,0,normal
2024-05-25 23:00:00,28.6,30,998.2,0,normal,0,0.06822299673439342,0,0,0,0,normal,0,normal
2024-05-26 00:00:00,25.8,37,998.7,0,normal,0,0.059153491914625045,0,0,0,0,normal,0,normal
2024-05-26 01:00:00,27.6,37,999.0,0,normal,0,0.08690892563727642,0,0,0,0,normal,0,normal
2024-05-26 02:00:00,31.0,32,999.4,0,normal,0,0.08751624013944614,0,0,0,0,normal,0,normal
2024-05-26 03:00:00,36.0,34,998.7,0,normal,0,0.06382803313525737,0,0,0,0,normal,0,normal
2024-05-26 04:00:00,37.2,21,999.8,0,normal,0,0.06944892865818098,0,0,0,0,normal,0,normal
2024-05-26 05:00:00,39.2,18,999.6,0,normal,0,0.08027941028358365,0,0,0,0,normal,0,normal
2024-05-26 06:00:00,41.6,22,997.5,0,normal,0,0.047183160116866185,0,0,0,0,normal,0,normal
2024-05-26 07:00:00,42.1,16,998.6,0,normal,0,0.056502953590187366,0,0,0,0,normal,0,normal
2024-05-26 08:00:00,44.1,13,996.5,0,normal,0,0.041246989566356085,0,0,0,0,normal,0,normal
2024-05-26 09:00:00,44.4,16,995.0,0,normal,0,0.02085573339996427,0,0,0,0,normal,0,normal
2024-05-26 10:00:00,44.2,13,994.8,0,normal,0,0.019714962565045624,0,0,0,0,normal,0,normal
2024-05-26 11:00:00,43.7,13,994.2,0,normal,0,0.025676218911351578,0,0,0,0,normal,0,normal
2024-05-26 12:00:00,43.4,18,993.0,0,normal,0,0.018215894433692537,0,0,0,0,normal,0,normal
2024-05-26 13:00:00,41.3,15,993.4,0,normal,0,0.018496016386979786,0,0,0,0,normal,0,normal
2024-05-26 14:00:00,39.7,16,993.7,0,normal,0,0.02951456086845161,0,0,0,0,normal,0,normal
2024-05-26 15:00:00,38.3,18,994.4,0,normal,0,0.035166780343258264,0,0,0,0,normal,0,normal
2024-05-26 16:00:00,36.2,22,995.1,0,normal,0,0.0425813090019434,0,0,0,0,normal,0,normal
2024-05-26 17:00:00,33.5,27,995.3,0,normal,0,0.05033831840324493,0,0,0,0,normal,0,normal
2024-05-26 18:00:00,30.9,32,996.2,0,normal,0,0.05570689954719915,0,0,0,0,normal,0,normal
2024-05-26 19:00:00,29.9,35,995.7,0,normal,0,0.07614684838607094,0,0,0,0,normal,0,normal
2024-05-26 20:00:00,30.2,34,995.4,0,normal,0,0.07528568128548363,0,0,0,0,normal,0,normal
2024-05-26 21:00:00,28.9,36,995.5,0,normal,0,0.07277888191867149,0,0,0,0,normal,0,normal
2024-05-26 22:00:00,28.2,37,995.2,0,normal,0,0.07149753106950307,0,0,0,0,normal,0,normal
2024-05-26 23:00:00,30.2,30,995.0,0,normal,0,0.03557512384004491,0,0,0,0,normal,0,normal
2024-05-27 00:00:00,27.5,36,995.3,0,normal,0,0.04115232743435543,0,0,0,0,normal,0,normal
2024-05-27 01:00:00,28.2,43,995.6,0,normal,0,0.06267928004614737,0,0,0,0,normal,0,normal
2024-05-27 02:00:00,31.7,32,996.2,0,normal,0,0.06212537417082714,0,0,0,0,normal,0,normal
2024-05-27 03:00:00,35.4,39,996.0,0,normal,0,0.06195903472815012,0,0,0,0,normal,0,normal
2024-05-27 04:00:00,38.1,20,996.9,0,normal,0,0.042099554782202564,0,0,0,0,normal,0,normal
2024-05-27 05:00:00,39.9,18,996.6,0,normal,0,0.06282920086548438,0,0,0,0,normal,0,normal
2024-05-27 06:00:00,41.0,28,995.1,0,normal,0,0.036180419508798134,0,0,0,0,normal,0,normal
2024-05-27 07:00:00,42.8,13,995.7,0,normal,0,0.017214919467596512,0,0,0,0,normal,0,normal
2024-05-27 08:00:00,44.0,10,994.9,0,normal,0,0.025280845608273705,0,0,0,0,normal,0,normal
2024-05-27 09:00:00,44.6,14,992.4,0,normal,1,-0.016860935979144953,0,0,0,0,normal,1,isolation_forest_anomaly
2024-05-27 10:00:00,44.2,10,992.6,0,normal,1,-0.011303316859708534,0,0,0,0,normal,1,isolation_forest_anomaly
2024-05-27 11:00:00,43.8,10,992.1,0,normal,1,-0.011568218449916734,0,0,0,0,normal,1,isolation_forest_anomaly
2024-05-27 12:00:00,43.4,14,990.8,0,normal,1,-0.014574613208099607,0,0,0,0,normal,1,isolation_forest_anomaly
2024-05-27 13:00:00,40.9,12,991.8,0,normal,1,-0.014616838736569049,0,0,0,0,normal,1,isolation_forest_anomaly
2024-05-27 14:00:00,37.3,15,992.5,0,normal,1,-0.005201413262920118,0,0,0,0,normal,1,isolation_forest_anomaly
2024-05-27 15:00:00,34.9,16,993.2,0,normal,0,0.020918791272201864,0,0,0,0,normal,0,normal
2024-05-27 16:00:00,32.8,20,993.8,0,normal,0,0.03602951214956296,0,0,0,0,normal,0,normal
2024-05-27 17:00:00,33.1,21,994.1,0,normal,0,0.051665168668079964,0,0,0,0,normal,0,normal
2024-05-27 18:00:00,33.8,20,993.9,0,normal,0,0.027241589341854888,0,0,0,0,normal,0,normal
2024-05-27 19:00:00,32.0,15,992.9,0,normal,0,0.010624241929945877,0,0,0,0,normal,0,normal
2024-05-27 20:00:00,31.1,17,992.3,0,normal,0,0.006923008394825958,0,0,0,0,normal,0,normal
2024-05-27 21:00:00,28.3,21,992.0,0,normal,1,-0.005872046007563081,0,0,0,0,normal,1,isolation_forest_anomaly
2024-05-27 22:00:00,27.2,23,991.8,0,normal,0,0.01087553269364333,0,0,0,0,normal,0,normal
2024-05-27 23:00:00,26.4,24,991.9,0,normal,1,-0.0001883915143197079,0,0,0,0,normal,1,isolation_forest_anomaly
2024-05-28 00:00:00,26.0,26,992.2,0,normal,0,0.0033698822019487817,0,0,0,0,normal,0,normal
2024-05-28 01:00:00,27.8,33,992.7,0,normal,0,0.009863117809415567,0,0,0,0,normal,0,normal
2024-05-28 02:00:00,31.5,22,993.3,0,normal,0,0.021558144041158744,0,0,0,0,normal,0,normal
2024-05-28 03:00:00,35.8,27,993.3,0,normal,0,0.014107101052035442,0,0,0,0,normal,0,normal
2024-05-28 04:00:00,38.2,13,993.5,0,normal,0,0.008464429518975747,0,0,0,0,normal,0,normal
2024-05-28 05:00:00,40.6,12,994.3,0,normal,0,0.00871461541941998,0,0,0,0,normal,0,normal
2024-05-28 06:00:00,43.8,15,992.6,0,normal,1,-0.022577741815479335,0,0,0,0,normal,1,isolation_forest_anomaly
2024-05-28 07:00:00,43.8,8,993.4,0,normal,1,-0.00937400440724201,0,0,0,0,normal,1,isolation_forest_anomaly
2024-05-28 08:00:00,44.7,7,992.8,0,normal,1,-0.02024710098912985,0,0,0,0,normal,1,isolation_forest_anomaly
2024-05-28 09:00:00,45.8,12,990.4,0,normal,1,-0.04938142877496221,0,0,0,0,normal,1,isolation_forest_anomaly
2024-05-28 10:00:00,44.9,7,990.8,0,normal,1,-0.04894717917085267,0,0,0,0,normal,1,isolation_forest_anomaly
2024-05-28 11:00:00,44.5,7,990.3,0,normal,1,-0.047117776912547815,0,0,0,0,normal,1,isolation_forest_anomaly
2024-05-28 12:00:00,44.6,12,988.9,0,normal,1,-0.053768683300128406,0,0,0,0,normal,1,isolation_forest_anomaly
2024-05-28 13:00:00,40.5,11,990.0,0,normal,1,-0.04434842430666974,0,0,0,0,normal,1,isolation_forest_anomaly
2024-05-28 14:00:00,37.0,13,990.5,0,normal,1,-0.0327452904964074,0,0,0,0,normal,1,isolation_forest_anomaly
2024-05-28 15:00:00,34.4,17,991.5,0,normal,1,-0.007386070702195546,0,0,0,0,normal,1,isolation_forest_anomaly
2024-05-28 16:00:00,34.2,14,992.3,0,normal,1,-0.0017790521276771498,0,0,0,0,normal,1,isolation_forest_anomaly
2024-05-28 17:00:00,32.6,16,992.5,0,normal,0,0.010155081120625797,0,0,0,0,normal,0,normal
2024-05-28 18:00:00,31.6,17,992.3,0,normal,0,0.0054785768081867525,0,0,0,0,normal,0,normal
2024-05-28 19:00:00,31.2,17,992.3,0,normal,1,-0.004941557734248314,0,0,0,0,normal,1,isolation_forest_anomaly
2024-05-28 20:00:00,29.7,19,992.1,0,normal,1,-0.003427854057605928,0,0,0,0,normal,1,isolation_forest_anomaly
2024-05-28 21:00:00,28.5,21,992.2,0,normal,0,0.004986965868328808,0,0,0,0,normal,0,normal
2024-05-28 22:00:00,27.8,21,992.4,0,normal,0,0.005639872736572515,0,0,0,0,normal,0,normal
2024-05-28 23:00:00,27.1,23,992.4,0,normal,0,0.0023941458159691953,0,0,0,0,normal,0,normal
2024-05-29 00:00:00,26.2,26,993.2,0,normal,0,0.014698846017146716,0,0,0,0,normal,0,normal
2024-05-29 01:00:00,27.9,21,993.8,0,normal,0,0.02638661746417753,0,0,0,0,normal,0,normal
2024-05-29 02:00:00,31.1,18,994.1,0,normal,0,0.032791583600295326,0,0,0,0,normal,0,normal
2024-05-29 03:00:00,33.0,35,993.8,0,normal,0,0.014210617494994193,0,0,0,0,normal,0,normal
2024-05-29 04:00:00,38.4,12,994.8,0,normal,1,-0.019406634931873556,0,0,0,0,normal,1,isolation_forest_anomaly
2024-05-29 05:00:00,41.2,10,994.8,0,normal,0,0.0054366168568693585,0,0,0,0,normal,0,normal
2024-05-29 06:00:00,41.2,19,993.4,0,normal,0,0.006169351517718247,0,0,0,0,normal,0,normal
2024-05-29 07:00:00,44.6,8,994.0,0,normal,1,-0.018764727095883615,0,0,0,0,normal,1,isolation_forest_anomaly
2024-05-29 08:00:00,45.3,7,993.5,0,normal,1,-0.014207234131424218,0,0,0,0,normal,1,isolation_forest_anomaly
2024-05-29 09:00:00,45.4,12,991.7,0,normal,1,-0.032966637937122956,0,0,0,0,normal,1,isolation_forest_anomaly
2024-05-29 10:00:00,45.3,7,992.2,0,normal,1,-0.04306183318887258,0,0,0,0,normal,1,isolation_forest_anomaly
2024-05-29 11:00:00,45.0,7,991.9,0,normal,1,-0.04476123059259218,0,0,0,0,normal,1,isolation_forest_anomaly
2024-05-29 12:00:00,45.0,13,990.8,0,normal,1,-0.04556557345764356,0,0,0,0,normal,1,isolation_forest_anomaly
2024-05-29 13:00:00,41.4,10,991.4,0,normal,1,-0.03620979788942613,0,0,0,0,normal,1,isolation_forest_anomaly
2024-05-29 14:00:00,36.9,13,991.9,0,normal,1,-0.0304482018397233,0,0,0,0,normal,1,isolation_forest_anomaly
2024-05-29 15:00:00,36.0,14,992.5,0,normal,0,0.003798706169313437,0,0,0,0,normal,0,normal
2024-05-29 16:00:00,35.4,15,994.0,0,normal,0,0.007830204113722483,0,0,0,0,normal,0,normal
2024-05-29 17:00:00,34.4,15,994.0,0,normal,0,0.019822374373616114,0,0,0,0,normal,0,normal
2024-05-29 18:00:00,32.7,16,994.2,0,normal,0,0.017707849528893815,0,0,0,0,normal,0,normal
2024-05-29 19:00:00,31.2,18,994.1,0,normal,0,0.022801273386381826,0,0,0,0,normal,0,normal
2024-05-29 20:00:00,30.8,18,994.3,0,normal,0,0.023273731291214184,0,0,0,0,normal,0,normal
2024-05-29 21:00:00,29.9,20,993.7,0,normal,0,0.025989600440885552,0,0,0,0,normal,0,normal
2024-05-29 22:00:00,29.8,21,993.9,0,normal,0,0.02402505336935229,0,0,0,0,normal,0,normal
2024-05-29 23:00:00,28.5,24,994.8,0,normal,0,0.009417536230486245,0,0,0,0,normal,0,normal
2024-05-30 00:00:00,27.9,25,995.5,0,normal,0,0.04102195491161459,0,0,0,0,normal,0,normal
2024-05-30 01:00:00,29.7,23,996.2,0,normal,0,0.04874176656773599,0,0,0,0,normal,0,normal
2024-05-30 02:00:00,33.4,20,997.2,0,normal,0,0.04709004428604624,0,0,0,0,normal,0,normal
2024-05-30 03:00:00,36.2,39,997.2,0,normal,0,0.03336082357019765,0,0,0,0,normal,0,normal
2024-05-30 04:00:00,38.1,17,997.8,0,normal,0,0.03478264927602803,0,0,0,0,normal,0,normal
2024-05-30 05:00:00,40.3,15,997.7,0,normal,0,0.05818654284614627,0,0,0,0,normal,0,normal
2024-05-30 06:00:00,42.8,16,997.1,0,normal,0,0.039560748118887434,0,0,0,0,normal,0,normal
2024-05-30 07:00:00,44.5,8,996.8,0,normal,0,0.0190529592254024,0,0,0,0,normal,0,normal
2024-05-30 08:00:00,45.1,6,996.1,0,normal,0,0.003147172230116735,0,0,0,0,normal,0,normal
2024-05-30 09:00:00,45.0,10,995.0,0,normal,1,-0.005117483483763063,0,0,0,0,normal,1,isolation_forest_anomaly
2024-05-30 10:00:00,45.3,6,995.0,0,normal,1,-0.010136025926280046,0,0,0,0,normal,1,isolation_forest_anomaly
2024-05-30 11:00:00,44.8,5,994.8,0,normal,1,-0.020518071142148542,0,0,0,0,normal,1,isolation_forest_anomaly
2024-05-30 12:00:00,44.6,13,993.9,0,normal,1,-0.019282197237322274,0,0,0,0,normal,1,isolation_forest_anomaly
2024-05-30 13:00:00,41.5,7,995.3,0,normal,1,-0.00989899334058908,0,0,0,0,normal,1,isolation_forest_anomaly
2024-05-30 14:00:00,39.4,7,996.0,0,normal,0,0.010636339737077838,0,0,0,0,normal,0,normal
2024-05-30 15:00:00,38.5,8,996.6,0,normal,0,0.022507276085875882,0,0,0,0,normal,0,normal
2024-05-30 16:00:00,36.7,9,997.1,0,normal,0,0.026351043091955684,0,0,0,0,normal,0,normal
2024-05-30 17:00:00,34.7,12,997.4,0,normal,0,0.034313819985040794,0,0,0,0,normal,0,normal
2024-05-30 18:00:00,32.5,16,998.2,0,normal,0,0.035828503606617434,0,0,0,0,normal,0,normal
2024-05-30 19:00:00,32.2,17,997.4,0,normal,0,0.052058912834615445,0,0,0,0,normal,0,normal
2024-05-30 20:00:00,30.6,20,997.7,0,normal,0,0.056524702740819055,0,0,0,0,normal,0,normal
2024-05-30 21:00:00,29.5,21,998.0,0,normal,0,0.06717049283193782,0,0,0,0,normal,0,normal
2024-05-30 22:00:00,30.3,19,997.8,0,normal,0,0.04677177286234552,0,0,0,0,normal,0,normal
2024-05-30 23:00:00,27.3,23,997.5,0,normal,0,0.034586501770940026,0,0,0,0,normal,0,normal
2024-05-31 00:00:00,26.8,25,998.2,0,normal,0,0.05683348617021494,0,0,0,0,normal,0,normal
2024-05-31 01:00:00,28.1,27,998.9,0,normal,0,0.06914401671752007,0,0,0,0,normal,0,normal
2024-05-31 02:00:00,31.3,20,999.8,0,normal,0,0.0666547987792539,0,0,0,0,normal,0,normal
2024-05-31 03:00:00,35.0,32,999.6,0,normal,0,0.059306049869512156,0,0,0,0,normal,0,normal
2024-05-31 04:00:00,37.6,13,1000.6,0,normal,0,0.048090936950697494,0,0,0,0,normal,0,normal
2024-05-31 05:00:00,40.0,11,1000.7,0,normal,0,0.05634459955775384,0,0,0,0,normal,0,normal
2024-05-31 06:00:00,43.0,18,998.9,0,normal,0,0.01955634731825784,0,0,0,0,normal,0,normal
2024-05-31 07:00:00,43.7,8,999.7,0,normal,0,0.01654821639502846,0,0,0,0,normal,0,normal
2024-05-31 08:00:00,44.6,6,998.7,0,normal,0,0.01268468394024408,0,0,0,0,normal,0,normal
2024-05-31 09:00:00,44.8,8,996.9,0,normal,0,0.0008132350610143835,0,0,0,0,normal,0,normal
2024-05-31 10:00:00,44.6,7,997.1,0,normal,0,0.003398370054927713,0,0,0,0,normal,0,normal
2024-05-31 11:00:00,44.0,7,996.9,0,normal,0,0.00777179359272262,0,0,0,0,normal,0,normal
2024-05-31 12:00:00,44.6,11,995.3,0,normal,1,-0.0036995902505189138,0,0,0,0,normal,1,isolation_forest_anomaly
2024-05-31 13:00:00,40.9,9,996.6,0,normal,0,0.00258769577629403,0,0,0,0,normal,0,normal
2024-05-31 14:00:00,37.5,11,997.5,0,normal,0,0.01664715088996499,0,0,0,0,normal,0,normal
2024-05-31 15:00:00,36.0,12,998.0,0,normal,0,0.04673364461615098,0,0,0,0,normal,0,normal
2024-05-31 16:00:00,34.5,14,998.9,0,normal,0,0.05448559535018782,0,0,0,0,normal,0,normal
2024-05-31 17:00:00,34.5,15,999.2,0,normal,0,0.057124994588034494,0,0,0,0,normal,0,normal
2024-05-31 18:00:00,33.1,16,999.3,0,normal,0,0.049688071497721475,0,0,0,0,normal,0,normal
2024-05-31 19:00:00,30.2,17,998.3,0,normal,0,0.04149503164328966,0,0,0,0,normal,0,normal
2024-05-31 20:00:00,30.7,16,997.7,0,normal,0,0.0422371389494941,0,0,0,0,normal,0,normal
2024-05-31 21:00:00,31.5,15,997.5,0,normal,0,0.043744506778660375,0,0,0,0,normal,0,normal
2024-05-31 22:00:00,29.5,17,997.4,0,normal,0,0.044020312717428844,0,0,0,0,normal,0,normal
2024-05-31 23:00:00,28.6,18,997.5,0,normal,0,0.03482136687463655,0,0,0,0,normal,0,normal
2024-06-01 00:00:00,27.3,19,998.0,0,normal,0,0.03591480640654732,0,0,0,0,normal,0,normal
2024-06-01 01:00:00,29.5,18,999.3,0,normal,0,0.04164105624974157,0,0,0,0,normal,0,normal
2024-06-01 02:00:00,33.3,16,999.8,0,normal,0,0.03632063548797698,0,0,0,0,normal,0,normal
2024-06-01 03:00:00,37.0,21,999.5,0,normal,0,0.03111949098814276,0,0,0,0,normal,0,normal
2024-06-01 04:00:00,39.7,15,1000.1,0,normal,0,0.046685971142782834,0,0,0,0,normal,0,normal
2024-06-01 05:00:00,41.1,14,1000.4,0,normal,0,0.0447690795420283,0,0,0,0,normal,0,normal
2024-06-01 06:00:00,42.6,15,999.6,0,normal,0,0.03415670857964476,0,0,0,0,normal,0,normal
2024-06-01 07:00:00,43.9,11,999.9,0,normal,0,0.02109764847077611,0,0,0,0,normal,0,normal
2024-06-01 08:00:00,44.5,8,999.3,0,normal,0,0.013098610103521424,0,0,0,0,normal,0,normal
2024-06-01 09:00:00,44.6,15,997.9,0,normal,0,0.008309696856460547,0,0,0,0,normal,0,normal
2024-06-01 10:00:00,41.8,9,998.4,0,normal,0,0.017188795410875035,0,0,0,0,normal,0,normal
2024-06-01 11:00:00,43.0,9,997.9,0,normal,0,0.02958196531513224,0,0,0,0,normal,0,normal
2024-06-01 12:00:00,44.0,15,996.0,0,normal,0,0.013445954306279484,0,0,0,0,normal,0,normal
2024-06-01 13:00:00,39.8,13,998.3,0,normal,0,0.010531340308423176,0,0,0,0,normal,0,normal
2024-06-01 14:00:00,37.4,14,998.4,0,normal,0,0.03594018368775176,0,0,0,0,normal,0,normal
2024-06-01 15:00:00,35.5,14,999.6,0,normal,0,0.04577623009442444,0,0,0,0,normal,0,normal
2024-06-01 16:00:00,33.4,17,1000.0,0,normal,0,0.05108121194094151,0,0,0,0,normal,0,normal
2024-06-01 17:00:00,32.6,18,1000.6,0,normal,0,0.06487974934480445,0,0,0,0,normal,0,normal
2024-06-01 18:00:00,31.9,21,1000.8,0,normal,0,0.06661757269935414,0,0,0,0,normal,0,normal
2024-06-01 19:00:00,31.1,25,1000.6,0,normal,0,0.07143059565012538,0,0,0,0,normal,0,normal
2024-06-01 20:00:00,32.4,29,999.9,0,normal,0,0.06286509076250896,0,0,0,0,normal,0,normal
2024-06-01 21:00:00,30.3,34,1000.3,0,normal,0,0.0787880171374351,0,0,0,0,normal,0,normal
2024-06-01 22:00:00,28.5,37,1000.7,0,normal,0,0.08335087553935933,0,0,0,0,normal,0,normal
2024-06-01 23:00:00,27.2,41,1001.4,0,normal,0,0.07191554310377957,0,0,0,0,normal,0,normal
2024-06-02 00:00:00,27.0,41,1001.7,0,normal,0,0.08900092243171548,0,0,0,0,normal,0,normal
2024-06-02 01:00:00,28.2,39,1002.7,0,normal,0,0.09018502953921592,0,0,0,0,normal,0,normal
2024-06-02 02:00:00,31.0,34,1003.3,0,normal,0,0.09028262836984541,0,0,0,0,normal,0,normal
2024-06-02 03:00:00,33.0,40,1002.7,0,normal,0,0.0910819819777739,0,0,0,0,normal,0,normal
2024-06-02 04:00:00,35.9,28,1003.9,0,normal,0,0.08605255900065828,0,0,0,0,normal,0,normal
2024-06-02 05:00:00,37.4,27,1003.7,0,normal,0,0.09438832177243778,0,0,0,0,normal,0,normal
2024-06-02 06:00:00,39.0,25,1002.6,0,normal,0,0.08992109617848554,0,0,0,0,normal,0,normal
2024-06-02 07:00:00,40.5,22,1003.0,0,normal,0,0.07927419071393027,0,0,0,0,normal,0,normal
2024-06-02 08:00:00,41.2,20,1002.0,0,normal,0,0.07632119121294956,0,0,0,0,normal,0,normal
2024-06-02 09:00:00,41.2,23,1000.2,0,normal,0,0.06885027834657542,0,0,0,0,normal,0,normal
2024-06-02 10:00:00,42.0,16,1000.3,0,normal,0,0.06687564481403957,0,0,0,0,normal,0,normal
2024-06-02 11:00:00,42.6,13,999.0,0,normal,0,0.05471949678063398,0,0,0,0,normal,0,normal
2024-06-02 12:00:00,41.0,24,998.5,0,normal,0,0.04360204099207882,0,0,0,0,normal,0,normal
2024-06-02 13:00:00,40.5,15,998.8,0,normal,0,0.05174875089514652,0,0,0,0,normal,0,normal
2024-06-02 14:00:00,36.5,19,999.3,0,normal,0,0.05284367664652728,0,0,0,0,normal,0,normal
2024-06-02 15:00:00,35.1,19,999.7,0,normal,0,0.06601792570629245,0,0,0,0,normal,0,normal
2024-06-02 16:00:00,33.2,24,1001.0,0,normal,0,0.07052999859935494,0,0,0,0,normal,0,normal
2024-06-02 17:00:00,32.1,27,1001.5,0,normal,0,0.08535726974925201,0,0,0,0,normal,0,normal
2024-06-02 18:00:00,31.7,27,1001.3,0,normal,0,0.08954242727376133,0,0,0,0,normal,0,normal
2024-06-02 19:00:00,30.9,28,1000.9,0,normal,0,0.08342394941295966,0,0,0,0,normal,0,normal
2024-06-02 20:00:00,29.1,32,1000.6,0,normal,0,0.0799701122073267,0,0,0,0,normal,0,normal
2024-06-02 21:00:00,28.6,20,999.6,0,normal,0,0.04920704269569276,0,0,0,0,normal,0,normal
2024-06-02 22:00:00,29.1,20,999.6,0,normal,0,0.05011261141287604,0,0,0,0,normal,0,normal
2024-06-02 23:00:00,27.0,22,999.9,0,normal,0,0.03956705736902011,0,0,0,0,normal,0,normal
2024-06-03 00:00:00,27.6,21,1000.5,0,normal,0,0.05347011464639517,0,0,0,0,normal,0,normal
2024-06-03 01:00:00,28.4,19,1001.5,0,normal,0,0.05502470182949909,0,0,0,0,normal,0,normal
2024-06-03 02:00:00,31.9,16,1002.0,0,normal,0,0.05106622176253328,0,0,0,0,normal,0,normal
2024-06-03 03:00:00,35.0,41,1001.6,0,normal,0,0.02466557321957652,0,0,0,0,normal,0,normal
2024-06-03 04:00:00,37.4,17,1002.3,0,normal,0,0.042990677395657984,0,0,0,0,normal,0,normal
2024-06-03 05:00:00,39.6,17,1002.0,0,normal,0,0.06101677075239992,0,0,0,0,normal,0,normal
2024-06-03 06:00:00,41.0,27,1000.9,0,normal,0,0.05198226214699969,0,0,0,0,normal,0,normal
2024-06-03 07:00:00,42.7,13,1000.7,0,normal,0,0.046006004565254666,0,0,0,0,normal,0,normal
2024-06-03 08:00:00,43.8,14,999.4,0,normal,0,0.04007621426640734,0,0,0,0,normal,0,normal
2024-06-03 09:00:00,43.6,20,998.4,0,normal,0,0.04086123998796126,0,0,0,0,normal,0,normal
2024-06-03 10:00:00,44.3,12,997.5,0,normal,0,0.03229512581385552,0,0,0,0,normal,0,normal
2024-06-03 11:00:00,43.8,12,996.9,0,normal,0,0.033946620332664545,0,0,0,0,normal,0,normal
2024-06-03 12:00:00,43.4,19,995.8,0,normal,0,0.03106515968683976,0,0,0,0,normal,0,normal
2024-06-03 13:00:00,41.5,13,997.1,0,normal,0,0.02826799544278019,0,0,0,0,normal,0,normal
2024-06-03 14:00:00,37.8,16,997.6,0,normal,0,0.035303841720079165,0,0,0,0,normal,0,normal
2024-06-03 15:00:00,37.6,16,998.3,0,normal,0,0.05139361168503903,0,0,0,0,normal,0,normal
2024-06-03 16:00:00,35.8,18,998.8,0,normal,0,0.0604109771107772,0,0,0,0,normal,0,normal
2024-06-03 17:00:00,33.8,20,999.2,0,normal,0,0.05895849883484833,0,0,0,0,normal,0,normal
2024-06-03 18:00:00,35.1,19,999.3,0,normal,0,0.04757329617986972,0,0,0,0,normal,0,normal
2024-06-03 19:00:00,32.0,23,998.7,0,normal,0,0.0501332491587585,0,0,0,0,normal,0,normal
2024-06-03 20:00:00,31.3,23,998.3,0,normal,0,0.07217945200905135,0,0,0,0,normal,0,normal
2024-06-03 21:00:00,31.4,23,998.2,0,normal,0,0.06813415653091298,0,0,0,0,normal,0,normal
2024-06-03 22:00:00,30.6,24,998.2,0,normal,0,0.06642318002769165,0,0,0,0,normal,0,normal
2024-06-03 23:00:00,29.1,23,998.2,0,normal,0,0.0502860049965449,0,0,0,0,normal,0,normal
2024-06-04 00:00:00,28.3,26,998.6,0,normal,0,0.061729354028815187,0,0,0,0,normal,0,normal
2024-06-04 01:00:00,30.2,23,999.2,0,normal,0,0.06451798200477654,0,0,0,0,normal,0,normal
2024-06-04 02:00:00,33.8,19,1000.0,0,normal,0,0.05653338737161251,0,0,0,0,normal,0,normal
2024-06-04 03:00:00,33.8,39,1002.2,0,normal,0,0.03271319898087288,0,0,0,0,normal,0,normal
2024-06-04 04:00:00,38.6,16,1002.1,0,normal,0,0.032911269097343876,0,0,0,0,normal,0,normal
2024-06-04 05:00:00,39.7,15,1002.2,0,normal,0,0.04901821200477097,0,0,0,0,normal,0,normal
2024-06-04 06:00:00,38.6,24,1001.9,0,normal,0,0.048733032489706674,0,0,0,0,normal,0,normal
2024-06-04 07:00:00,41.7,14,1001.3,0,normal,0,0.05485733795023939,0,0,0,0,normal,0,normal
2024-06-04 08:00:00,42.6,13,1000.3,0,normal,0,0.056234656661422855,0,0,0,0,normal,0,normal
2024-06-04 09:00:00,42.3,15,998.9,0,normal,0,0.05495709271700694,0,0,0,0,normal,0,normal
2024-06-04 10:00:00,42.5,16,997.9,0,normal,0,0.05700824354482609,0,0,0,0,normal,0,normal
2024-06-04 11:00:00,41.9,17,997.7,0,normal,0,0.06457755886616795,0,0,0,0,normal,0,normal
2024-06-04 12:00:00,42.0,20,997.2,0,normal,0,0.06033765661570917,0,0,0,0,normal,0,normal
2024-06-04 13:00:00,33.1,36,1000.8,0,normal,1,-0.020921554881473736,0,0,0,0,normal,1,isolation_forest_anomaly
2024-06-04 14:00:00,37.9,18,999.6,0,normal,0,0.007939150723856647,0,0,0,0,normal,0,normal
2024-06-04 15:00:00,36.2,19,1000.7,0,normal,0,0.06640740112079291,0,0,0,0,normal,0,normal
2024-06-04 16:00:00,35.9,21,1001.6,0,normal,0,0.0672010857559674,0,0,0,0,normal,0,normal
2024-06-04 17:00:00,34.5,25,1000.7,0,normal,0,0.06128701108439322,0,0,0,0,normal,0,normal
2024-06-04 18:00:00,34.0,25,1000.6,0,normal,0,0.08031027468352608,0,0,0,0,normal,0,normal
2024-06-04 19:00:00,31.8,28,1000.4,0,normal,0,0.0726682884465239,0,0,0,0,normal,0,normal
2024-06-04 20:00:00,30.9,30,999.9,0,normal,0,0.08144860472525761,0,0,0,0,normal,0,normal
2024-06-04 21:00:00,30.7,30,999.9,0,normal,0,0.0862463926607917,0,0,0,0,normal,0,normal
2024-06-04 22:00:00,30.4,31,999.7,0,normal,0,0.07666803297166813,0,0,0,0,normal,0,normal
2024-06-04 23:00:00,30.4,30,1000.1,0,normal,0,0.0604329679777898,0,0,0,0,normal,0,normal
2024-06-05 00:00:00,27.9,31,1000.3,0,normal,0,0.06763396711528896,0,0,0,0,normal,0,normal
2024-06-05 01:00:00,30.0,28,1001.0,0,normal,0,0.07371865553233076,0,0,0,0,normal,0,normal
2024-06-05 02:00:00,33.3,23,1001.7,0,normal,0,0.0685417036996131,0,0,0,0,normal,0,normal
2024-06-05 03:00:00,35.4,40,1001.5,0,normal,0,0.056568170378543,0,0,0,0,normal,0,normal
2024-06-05 04:00:00,38.2,19,1002.2,0,normal,0,0.055012846946240035,0,0,0,0,normal,0,normal
2024-06-05 05:00:00,38.1,21,1003.1,0,normal,0,0.0652173951101378,0,0,0,0,normal,0,normal
2024-06-05 06:00:00,40.6,26,1001.2,0,normal,0,0.0596624816415538,0,0,0,0,normal,0,normal
2024-06-05 07:00:00,40.8,15,1002.8,0,normal,0,0.04983833267035609,0,0,0,0,normal,0,normal
2024-06-05 08:00:00,39.9,16,1001.9,0,normal,0,0.06477774325601665,0,0,0,0,normal,0,normal
2024-06-05 09:00:00,42.8,23,998.5,0,normal,0,0.013125582965715865,0,0,0,0,normal,0,normal
2024-06-05 10:00:00,39.8,19,1000.3,0,normal,0,0.045172920746115064,0,0,0,0,normal,0,normal
2024-06-05 11:00:00,40.0,19,1000.2,0,normal,0,0.07742677992964142,0,0,0,0,normal,0,normal
2024-06-05 12:00:00,42.4,17,996.3,0,normal,0,0.0030589528748902195,0,0,0,0,normal,0,normal
2024-06-05 13:00:00,35.3,29,1001.3,0,normal,1,-0.025788460811302816,0,0,0,0,normal,1,isolation_forest_anomaly
2024-06-05 14:00:00,34.1,31,1001.2,0,normal,0,0.06537021028026674,0,0,0,0,normal,0,normal
2024-06-05 15:00:00,30.1,46,1002.3,0,normal,0,0.07228622274378926,0,0,0,0,normal,0,normal
2024-06-05 16:00:00,29.6,47,1003.1,0,normal,0,0.10064422927118588,0,0,0,0,normal,0,normal
2024-06-05 17:00:00,28.6,50,1002.9,0,normal,0,0.10614358061387247,0,0,0,0,normal,0,normal
2024-06-05 18:00:00,28.1,51,1003.2,0,normal,0,0.10542043094922993,0,0,0,0,normal,0,normal
2024-06-05 19:00:00,27.8,51,1002.9,0,normal,0,0.10042258233706164,0,0,0,0,normal,0,normal
2024-06-05 20:00:00,30.7,30,1001.6,0,normal,0,0.02241233371861112,0,0,0,0,normal,0,normal
2024-06-05 21:00:00,29.5,33,1001.4,0,normal,0,0.07611686281530322,0,0,0,0,normal,0,normal
2024-06-05 22:00:00,28.9,34,1001.5,0,normal,0,0.09087009637263638,0,0,0,0,normal,0,normal
2024-06-05 23:00:00,27.7,37,1002.0,0,normal,0,0.07620611331872529,0,0,0,0,normal,0,normal
2024-06-06 00:00:00,27.8,37,1002.8,0,normal,0,0.08152271562467822,0,0,0,0,normal,0,normal
2024-06-06 01:00:00,28.1,38,1004.1,0,normal,0,0.07465108719013774,0,0,0,0,normal,0,normal
2024-06-06 02:00:00,27.6,42,1008.3,0,normal,0,0.03472113987052999,0,0,0,0,normal,0,normal
2024-06-06 03:00:00,29.4,53,1006.2,0,normal,0,0.06377290633891797,0,0,0,0,normal,0,normal
2024-06-06 04:00:00,28.4,50,1007.1,0,normal,0,0.10076966589216596,0,0,0,0,normal,0,normal
2024-06-06 05:00:00,34.3,31,1006.9,0,normal,0,0.06603514885071088,0,0,0,0,normal,0,normal
2024-06-06 06:00:00,32.8,42,1006.6,0,normal,0,0.08614635210788507,0,0,0,0,normal,0,normal
2024-06-06 07:00:00,37.6,24,1005.9,0,normal,0,0.06950938158338144,0,0,0,0,normal,0,normal
2024-06-06 08:00:00,38.8,22,1004.9,0,normal,0,0.0806891185330938,0,0,0,0,normal,0,normal
2024-06-06 09:00:00,37.4,29,1004.5,0,normal,0,0.08099061038084926,0,0,0,0,normal,0,normal
2024-06-06 10:00:00,39.8,20,1002.5,0,normal,0,0.06590684977517647,0,0,0,0,normal,0,normal
2024-06-06 11:00:00,38.1,25,1003.0,0,normal,0,0.08150847656255666,0,0,0,0,normal,0,normal
2024-06-06 12:00:00,37.0,28,1002.0,0,normal,0,0.09151068954634545,0,0,0,0,normal,0,normal
2024-06-06 13:00:00,34.0,37,1003.3,0,normal,0,0.08723500101487514,0,0,0,0,normal,0,normal
2024-06-06 14:00:00,32.9,39,1003.5,0,normal,0,0.10798771317521344,0,0,0,0,normal,0,normal
2024-06-06 15:00:00,32.1,39,1003.8,0,normal,0,0.10306949937612764,0,0,0,0,normal,0,normal
2024-06-06 16:00:00,29.0,53,1004.5,0,normal,0,0.08124246764379994,0,0,0,0,normal,0,normal
2024-06-06 17:00:00,28.4,54,1004.4,0,normal,0,0.10503976677105409,0,0,0,0,normal,0,normal
2024-06-06 18:00:00,27.7,55,1004.0,0,normal,0,0.10740067833794636,0,0,0,0,normal,0,normal
2024-06-06 19:00:00,27.3,54,1004.3,0,normal,0,0.10544306709329848,0,0,0,0,normal,0,normal
2024-06-06 20:00:00,27.0,53,1004.1,0,normal,0,0.10428111869340184,0,0,0,0,normal,0,normal
2024-06-06 21:00:00,28.3,42,1002.1,0,normal,0,0.04527285252114577,0,0,0,0,normal,0,normal
2024-06-06 22:00:00,27.1,46,1002.1,0,normal,0,0.08743224174630981,0,0,0,0,normal,0,normal
2024-06-06 23:00:00,26.2,49,1002.2,0,normal,0,0.08760041790385892,0,0,0,0,normal,0,normal
2024-06-07 00:00:00,25.7,52,1002.7,0,normal,0,0.0956135782918589,0,0,0,0,normal,0,normal
2024-06-07 01:00:00,27.5,47,1003.1,0,normal,0,0.09992306462566575,0,0,0,0,normal,0,normal
2024-06-07 02:00:00,30.2,40,1003.8,0,normal,0,0.0930087901072606,0,0,0,0,normal,0,normal
2024-06-07 03:00:00,28.6,52,1003.2,0,normal,0,0.09333758507752876,0,0,0,0,normal,0,normal
2024-06-07 04:00:00,35.7,25,1003.8,0,normal,0,0.039774465696020944,0,0,0,0,normal,0,normal
2024-06-07 05:00:00,37.5,23,1003.8,0,normal,0,0.07359719708929774,0,0,0,0,normal,0,normal
2024-06-07 06:00:00,37.4,27,1003.0,0,normal,0,0.08565315013405872,0,0,0,0,normal,0,normal
2024-06-07 07:00:00,39.4,22,1002.4,0,normal,0,0.08572973718081184,0,0,0,0,normal,0,normal
2024-06-07 08:00:00,40.2,21,1001.4,0,normal,0,0.08404554215006965,0,0,0,0,normal,0,normal
2024-06-07 09:00:00,38.6,23,1001.1,0,normal,0,0.08229275723201568,0,0,0,0,normal,0,normal
2024-06-07 10:00:00,40.3,19,999.4,0,normal,0,0.07842196026487458,0,0,0,0,normal,0,normal
2024-06-07 11:00:00,39.9,18,999.2,0,normal,0,0.08055629692577931,0,0,0,0,normal,0,normal
2024-06-07 12:00:00,38.8,22,998.9,0,normal,0,0.07615419665129564,0,0,0,0,normal,0,normal
2024-06-07 13:00:00,34.4,30,1000.0,0,normal,0,0.07588592675765954,0,0,0,0,normal,0,normal
2024-06-07 14:00:00,33.2,32,1000.7,0,normal,0,0.0976613780501363,0,0,0,0,normal,0,normal
2024-06-07 15:00:00,32.5,34,1001.1,0,normal,0,0.10415821998721403,0,0,0,0,normal,0,normal
2024-06-07 16:00:00,31.9,35,1001.4,0,normal,0,0.10260070039016467,0,0,0,0,normal,0,normal
2024-06-07 17:00:00,30.9,37,1002.2,0,normal,0,0.09947968316529626,0,0,0,0,normal,0,normal
2024-06-07 18:00:00,29.9,40,1002.1,0,normal,0,0.09935638236903854,0,0,0,0,normal,0,normal
2024-06-07 19:00:00,29.6,41,1001.6,0,normal,0,0.10062801638685381,0,0,0,0,normal,0,normal
2024-06-07 20:00:00,28.6,44,1001.4,0,normal,0,0.0984739724531698,0,0,0,0,normal,0,normal
2024-06-07 21:00:00,28.0,45,1001.4,0,normal,0,0.10567279385395884,0,0,0,0,normal,0,normal
2024-06-07 22:00:00,27.5,46,1001.4,0,normal,0,0.09734087051652635,0,0,0,0,normal,0,normal
2024-06-07 23:00:00,26.1,45,1001.1,0,normal,0,0.0800818108250661,0,0,0,0,normal,0,normal
2024-06-08 00:00:00,25.3,47,1001.3,0,normal,0,0.09241964126481689,0,0,0,0,normal,0,normal
2024-06-08 01:00:00,26.8,44,1001.8,0,normal,0,0.09782949603260355,0,0,0,0,normal,0,normal
2024-06-08 02:00:00,30.0,37,1002.2,0,normal,0,0.0874295054325358,0,0,0,0,normal,0,normal
2024-06-08 03:00:00,32.6,43,1002.7,0,normal,0,0.09450136450644853,0,0,0,0,normal,0,normal
2024-06-08 04:00:00,34.9,27,1002.0,0,normal,0,0.08899884929584156,0,0,0,0,normal,0,normal
2024-06-08 05:00:00,37.0,22,1001.9,0,normal,0,0.08785234127570174,0,0,0,0,normal,0,normal
2024-06-08 06:00:00,34.6,33,1002.9,0,normal,0,0.0723993948012685,0,0,0,0,normal,0,normal
2024-06-08 07:00:00,39.8,17,1001.2,0,normal,0,0.045525028410791424,0,0,0,0,normal,0,normal
2024-06-08 08:00:00,40.5,16,1000.4,0,normal,0,0.07011999904292426,0,0,0,0,normal,0,normal
2024-06-08 09:00:00,37.8,24,999.9,0,normal,0,0.06880190784069712,0,0,0,0,normal,0,normal
2024-06-08 10:00:00,38.5,19,999.2,0,normal,0,0.08886442743966916,0,0,0,0,normal,0,normal
2024-06-08 11:00:00,38.2,20,998.6,0,normal,0,0.0887852011094929,0,0,0,0,normal,0,normal
2024-06-08 12:00:00,36.8,26,998.3,0,normal,0,0.08802551413511894,0,0,0,0,normal,0,normal
2024-06-08 13:00:00,37.1,21,998.3,0,normal,0,0.07905299939271898,0,0,0,0,normal,0,normal
2024-06-08 14:00:00,33.3,29,999.5,0,normal,0,0.0786663346138905,0,0,0,0,normal,0,normal
2024-06-08 15:00:00,32.0,32,1000.3,0,normal,0,0.0998900918707103,0,0,0,0,normal,0,normal
2024-06-08 16:00:00,30.9,34,1000.8,0,normal,0,0.10219829069697822,0,0,0,0,normal,0,normal
2024-06-08 17:00:00,30.0,35,1001.1,0,normal,0,0.10266299048271782,0,0,0,0,normal,0,normal
2024-06-08 18:00:00,28.9,37,1001.0,0,normal,0,0.09893195531611676,0,0,0,0,normal,0,normal
2024-06-08 19:00:00,28.1,38,1000.9,0,normal,0,0.09884626647362771,0,0,0,0,normal,0,normal
2024-06-08 20:00:00,27.2,41,1000.7,0,normal,0,0.09800556038163066,0,0,0,0,normal,0,normal
2024-06-08 21:00:00,26.8,43,1000.7,0,normal,0,0.10116901117547417,0,0,0,0,normal,0,normal
2024-06-08 22:00:00,25.9,46,1000.8,0,normal,0,0.10023345914834647,0,0,0,0,normal,0,normal
2024-06-08 23:00:00,25.0,49,1001.1,0,normal,0,0.08933427347511963,0,0,0,0,normal,0,normal
2024-06-09 00:00:00,25.4,49,1001.1,0,normal,0,0.09208619727093703,0,0,0,0,normal,0,normal
2024-06-09 01:00:00,26.5,46,1001.6,0,normal,0,0.0983753663913261,0,0,0,0,normal,0,normal
2024-06-09 02:00:00,28.9,40,1002.0,0,normal,0,0.09562418540655299,0,0,0,0,normal,0,normal
2024-06-09 03:00:00,34.0,28,1001.8,0,normal,0,0.07682901510665707,0,0,0,0,normal,0,normal
2024-06-09 04:00:00,34.9,26,1001.9,0,normal,0,0.08951057517578481,0,0,0,0,normal,0,normal
2024-06-09 05:00:00,37.2,19,1001.6,0,normal,0,0.08311756577341411,0,0,0,0,normal,0,normal
2024-06-09 06:00:00,39.2,19,1000.9,0,normal,0,0.08354148644194964,0,0,0,0,normal,0,normal
2024-06-09 07:00:00,40.1,13,1000.6,0,normal,0,0.07367793913355125,0,0,0,0,normal,0,normal
2024-06-09 08:00:00,40.8,12,999.8,0,normal,0,0.0662667894340353,0,0,0,0,normal,0,normal
2024-06-09 09:00:00,41.6,13,998.6,0,normal,0,0.05810234155040406,0,0,0,0,normal,0,normal
2024-06-09 10:00:00,40.9,12,998.5,0,normal,0,0.05869811582260026,0,0,0,0,normal,0,normal
2024-06-09 11:00:00,40.4,13,998.1,0,normal,0,0.06227265271254245,0,0,0,0,normal,0,normal
2024-06-09 12:00:00,39.2,18,996.8,0,normal,0,0.06258708860155454,0,0,0,0,normal,0,normal
2024-06-09 13:00:00,38.2,15,998.1,0,normal,0,0.06095417788148083,0,0,0,0,normal,0,normal
2024-06-09 14:00:00,34.9,19,998.8,0,normal,0,0.06519207029634533,0,0,0,0,normal,0,normal
2024-06-09 15:00:00,33.5,21,1000.0,0,normal,0,0.07386000802211817,0,0,0,0,normal,0,normal
2024-06-09 16:00:00,31.7,24,1000.7,0,normal,0,0.08250271480443683,0,0,0,0,normal,0,normal
2024-06-09 17:00:00,29.7,28,1000.9,0,normal,0,0.08616084835030657,0,0,0,0,normal,0,normal
2024-06-09 18:00:00,28.6,30,1000.9,0,normal,0,0.08959919322039994,0,0,0,0,normal,0,normal
2024-06-09 19:00:00,28.1,31,1000.8,0,normal,0,0.09045023094344551,0,0,0,0,normal,0,normal
2024-06-09 20:00:00,27.1,31,999.8,0,normal,0,0.07270445516173718,0,0,0,0,normal,0,normal
2024-06-09 21:00:00,26.7,32,1000.2,0,normal,0,0.08379041508450741,0,0,0,0,normal,0,normal
2024-06-09 22:00:00,26.8,32,1000.4,0,normal,0,0.07557332796176702,0,0,0,0,normal,0,normal
2024-06-09 23:00:00,25.2,36,1000.7,0,normal,0,0.06837749889966255,0,0,0,0,normal,0,normal
2024-06-10 00:00:00,24.6,39,1000.9,0,normal,0,0.08193282110457989,0,0,0,0,normal,0,normal
2024-06-10 01:00:00,27.0,36,1001.4,0,normal,0,0.08022768505461092,0,0,0,0,normal,0,normal
2024-06-10 02:00:00,29.9,32,1001.6,0,normal,0,0.08311392724287081,0,0,0,0,normal,0,normal
2024-06-10 03:00:00,36.0,25,1001.3,0,normal,0,0.05611198392747252,0,0,0,0,normal,0,normal
2024-06-10 04:00:00,35.4,23,1001.8,0,normal,0,0.08454405640050089,0,0,0,0,normal,0,normal
2024-06-10 05:00:00,38.0,18,1001.6,0,normal,0,0.08127205280895505,0,0,0,0,normal,0,normal
2024-06-10 06:00:00,40.4,18,1000.6,0,normal,0,0.0709138501273967,0,0,0,0,normal,0,normal
2024-06-10 07:00:00,41.0,12,1000.8,0,normal,0,0.06322129908160523,0,0,0,0,normal,0,normal
2024-06-10 08:00:00,41.5,11,1000.2,0,normal,0,0.057405155989589285,0,0,0,0,normal,0,normal
2024-06-10 09:00:00,42.4,14,998.9,0,normal,0,0.04889545387041755,0,0,0,0,normal,0,normal
2024-06-10 10:00:00,41.3,12,998.8,0,normal,0,0.05437845386256479,0,0,0,0,normal,0,normal
2024-06-10 11:00:00,41.2,12,998.4,0,normal,0,0.05813620059040342,0,0,0,0,normal,0,normal
2024-06-10 12:00:00,42.0,14,997.4,0,normal,0,0.05211076833727907,0,0,0,0,normal,0,normal
2024-06-10 13:00:00,38.8,15,998.5,0,normal,0,0.0441728597382946,0,0,0,0,normal,0,normal
2024-06-10 14:00:00,36.0,17,998.9,0,normal,0,0.05868638014848532,0,0,0,0,normal,0,normal
2024-06-10 15:00:00,34.6,19,999.5,0,normal,0,0.06875512009909823,0,0,0,0,normal,0,normal
2024-06-10 16:00:00,32.3,22,1000.3,0,normal,0,0.07569796399479223,0,0,0,0,normal,0,normal
2024-06-10 17:00:00,31.2,24,1000.4,0,normal,0,0.08659097551151018,0,0,0,0,normal,0,normal
2024-06-10 18:00:00,29.7,28,1000.6,0,normal,0,0.08403708165857765,0,0,0,0,normal,0,normal
2024-06-10 19:00:00,28.8,30,1000.3,0,normal,0,0.08979717325272069,0,0,0,0,normal,0,normal
2024-06-10 20:00:00,28.6,30,999.9,0,normal,0,0.08446203427524196,0,0,0,0,normal,0,normal
2024-06-10 21:00:00,27.0,33,998.9,0,normal,0,0.07317894683813747,0,0,0,0,normal,0,normal
2024-06-10 22:00:00,28.2,30,999.0,0,normal,0,0.07213280065179767,0,0,0,0,normal,0,normal
2024-06-10 23:00:00,26.0,35,999.8,0,normal,0,0.05900537540188738,0,0,0,0,normal,0,normal
2024-06-11 00:00:00,27.5,31,1000.0,0,normal,0,0.07288723354599075,0,0,0,0,normal,0,normal
2024-06-11 01:00:00,27.6,33,1000.3,0,normal,0,0.08513065932241742,0,0,0,0,normal,0,normal
2024-06-11 02:00:00,30.5,32,1000.8,0,normal,0,0.08035827255028449,0,0,0,0,normal,0,normal
2024-06-11 03:00:00,37.8,22,1000.5,0,normal,0,0.03603534299896488,0,0,0,0,normal,0,normal
2024-06-11 04:00:00,37.5,18,1001.0,0,normal,0,0.05887057417540492,0,0,0,0,normal,0,normal
2024-06-11 05:00:00,39.7,14,1000.7,0,normal,0,0.06277688354876665,0,0,0,0,normal,0,normal
2024-06-11 06:00:00,41.6,15,999.9,0,normal,0,0.04566296923773322,0,0,0,0,normal,0,normal
2024-06-11 07:00:00,41.7,13,1000.1,0,normal,0,0.048934355237007676,0,0,0,0,normal,0,normal
2024-06-11 08:00:00,42.3,12,999.1,0,normal,0,0.05416536273968792,0,0,0,0,normal,0,normal
2024-06-11 09:00:00,43.8,12,997.7,0,normal,0,0.03670765584001506,0,0,0,0,normal,0,normal
2024-06-11 10:00:00,42.3,11,997.9,0,normal,0,0.042312056542871346,0,0,0,0,normal,0,normal
2024-06-11 11:00:00,42.0,11,997.4,0,normal,0,0.05223464094971075,0,0,0,0,normal,0,normal
2024-06-11 12:00:00,42.6,12,996.0,0,normal,0,0.04005874661790004,0,0,0,0,normal,0,normal
2024-06-11 13:00:00,39.5,14,996.8,0,normal,0,0.037536147242963946,0,0,0,0,normal,0,normal
2024-06-11 14:00:00,37.4,15,997.2,0,normal,0,0.043571895032949504,0,0,0,0,normal,0,normal
2024-06-11 15:00:00,35.2,18,997.8,0,normal,0,0.06204263805707544,0,0,0,0,normal,0,normal
2024-06-11 16:00:00,32.4,22,998.4,0,normal,0,0.06702130535513678,0,0,0,0,normal,0,normal
2024-06-11 17:00:00,31.1,28,999.1,0,normal,0,0.08177839008385762,0,0,0,0,normal,0,normal
2024-06-11 18:00:00,30.7,30,998.9,0,normal,0,0.0942583852563425,0,0,0,0,normal,0,normal
2024-06-11 19:00:00,29.5,33,998.9,0,normal,0,0.08726340366247182,0,0,0,0,normal,0,normal
2024-06-11 20:00:00,29.0,33,999.0,0,normal,0,0.09297237184332918,0,0,0,0,normal,0,normal
2024-06-11 21:00:00,28.7,33,999.2,0,normal,0,0.08758065682892169,0,0,0,0,normal,0,normal
2024-06-11 22:00:00,27.1,34,998.9,0,normal,0,0.0807830186448496,0,0,0,0,normal,0,normal
2024-06-11 23:00:00,26.8,35,999.4,0,normal,0,0.07460685066521411,0,0,0,0,normal,0,normal
2024-06-12 00:00:00,26.6,35,999.8,0,normal,0,0.0792449047328469,0,0,0,0,normal,0,normal
2024-06-12 01:00:00,28.1,35,1000.4,0,normal,0,0.08192922191821328,0,0,0,0,normal,0,normal
2024-06-12 02:00:00,31.1,29,1001.0,0,normal,0,0.0826840757501307,0,0,0,0,normal,0,normal
2024-06-12 03:00:00,36.8,25,1000.2,0,normal,0,0.052950992809946695,0,0,0,0,normal,0,normal
2024-06-12 04:00:00,38.3,19,1001.2,0,normal,0,0.06555357957605878,0,0,0,0,normal,0,normal
2024-06-12 05:00:00,40.5,14,1000.9,0,normal,0,0.06575655985688328,0,0,0,0,normal,0,normal
2024-06-12 06:00:00,42.6,17,999.4,0,normal,0,0.03446406154076653,0,0,0,0,normal,0,normal
2024-06-12 07:00:00,43.0,11,999.9,0,normal,0,0.0336626472332629,0,0,0,0,normal,0,normal
2024-06-12 08:00:00,44.0,10,998.8,0,normal,0,0.032342662119064336,0,0,0,0,normal,0,normal
2024-06-12 09:00:00,44.4,14,997.6,0,normal,0,0.020499480501418366,0,0,0,0,normal,0,normal
2024-06-12 10:00:00,44.0,10,997.3,0,normal,0,0.02661692032160312,0,0,0,0,normal,0,normal
2024-06-12 11:00:00,43.4,10,996.7,0,normal,0,0.02773251115054437,0,0,0,0,normal,0,normal
2024-06-12 12:00:00,43.6,16,995.3,0,normal,0,0.021140688200749547,0,0,0,0,normal,0,normal
2024-06-12 13:00:00,40.5,14,996.3,0,normal,0,0.027476145522776274,0,0,0,0,normal,0,normal
2024-06-12 14:00:00,37.9,17,996.8,0,normal,0,0.04504405268701395,0,0,0,0,normal,0,normal
2024-06-12 15:00:00,36.2,19,997.5,0,normal,0,0.06242627060571038,0,0,0,0,normal,0,normal
2024-06-12 16:00:00,34.3,22,998.3,0,normal,0,0.0707581639765093,0,0,0,0,normal,0,normal
2024-06-12 17:00:00,32.8,25,998.7,0,normal,0,0.08330654448501174,0,0,0,0,normal,0,normal
2024-06-12 18:00:00,33.9,23,998.8,0,normal,0,0.0719905548705711,0,0,0,0,normal,0,normal
2024-06-12 19:00:00,32.8,25,998.6,0,normal,0,0.07604242030114855,0,0,0,0,normal,0,normal
2024-06-12 20:00:00,31.0,28,998.5,0,normal,0,0.07664978419192087,0,0,0,0,normal,0,normal
2024-06-12 21:00:00,29.4,32,998.6,0,normal,0,0.07903939149422251,0,0,0,0,normal,0,normal
2024-06-12 22:00:00,30.0,29,998.7,0,normal,0,0.07575647905484395,0,0,0,0,normal,0,normal
2024-06-12 23:00:00,28.6,34,999.3,0,normal,0,0.06474987779032965,0,0,0,0,normal,0,normal
2024-06-13 00:00:00,27.6,36,999.9,0,normal,0,0.08361669911095954,0,0,0,0,normal,0,normal
2024-06-13 01:00:00,28.9,41,1000.4,0,normal,0,0.08563984241405914,0,0,0,0,normal,0,normal
2024-06-13 02:00:00,31.9,32,1000.6,0,normal,0,0.0864124868422328,0,0,0,0,normal,0,normal
2024-06-13 03:00:00,34.2,43,999.5,0,normal,0,0.07479131595272309,0,0,0,0,normal,0,normal
2024-06-13 04:00:00,37.6,21,1000.9,0,normal,0,0.05465326216281324,0,0,0,0,normal,0,normal
2024-06-13 05:00:00,40.6,19,999.7,0,normal,0,0.060409967624614314,0,0,0,0,normal,0,normal
2024-06-13 06:00:00,42.6,20,998.5,0,normal,0,0.04738167072948002,0,0,0,0,normal,0,normal
2024-06-13 07:00:00,43.1,15,998.6,0,normal,0,0.04806586162305815,0,0,0,0,normal,0,normal
2024-06-13 08:00:00,44.1,13,997.5,0,normal,0,0.04256643749328515,0,0,0,0,normal,0,normal
2024-06-13 09:00:00,44.4,17,995.8,0,normal,0,0.020448551728384,0,0,0,0,normal,0,normal
2024-06-13 10:00:00,44.2,12,995.0,0,normal,0,0.0196923133303456,0,0,0,0,normal,0,normal
2024-06-13 11:00:00,43.8,12,994.6,0,normal,0,0.02640189780404567,0,0,0,0,normal,0,normal
2024-06-13 12:00:00,43.6,20,993.8,0,normal,0,0.016136902433085965,0,0,0,0,normal,0,normal
2024-06-13 13:00:00,40.7,15,995.5,0,normal,0,0.015453574688308658,0,0,0,0,normal,0,normal
2024-06-13 14:00:00,36.7,24,996.2,0,normal,0,0.03664807124568448,0,0,0,0,normal,0,normal
2024-06-13 15:00:00,36.7,23,996.6,0,normal,0,0.06844754601427233,0,0,0,0,normal,0,normal
2024-06-13 16:00:00,34.9,25,997.1,0,normal,0,0.07423076477133317,0,0,0,0,normal,0,normal
2024-06-13 17:00:00,33.8,27,997.6,0,normal,0,0.08626269900666744,0,0,0,0,normal,0,normal
2024-06-13 18:00:00,32.1,30,997.4,0,normal,0,0.08272627507321939,0,0,0,0,normal,0,normal
2024-06-13 19:00:00,31.3,33,997.4,0,normal,0,0.08785254017812949,0,0,0,0,normal,0,normal
2024-06-13 20:00:00,30.3,34,996.6,0,normal,0,0.08419478430957511,0,0,0,0,normal,0,normal
2024-06-13 21:00:00,30.5,34,996.5,0,normal,0,0.08320614726193365,0,0,0,0,normal,0,normal
2024-06-13 22:00:00,31.2,33,997.0,0,normal,0,0.07033827549916283,0,0,0,0,normal,0,normal
2024-06-13 23:00:00,30.3,36,997.5,0,normal,0,0.07418139719466771,0,0,0,0,normal,0,normal
2024-06-14 00:00:00,31.3,34,997.9,0,normal,0,0.0761459408001689,0,0,0,0,normal,0,normal
2024-06-14 01:00:00,30.8,44,998.5,0,normal,0,0.08109609596639256,0,0,0,0,normal,0,normal
2024-06-14 02:00:00,33.1,33,999.4,0,normal,0,0.08170201478829925,0,0,0,0,normal,0,normal
2024-06-14 03:00:00,37.0,38,998.3,0,normal,0,0.06511632835057435,0,0,0,0,normal,0,normal
2024-06-14 04:00:00,37.7,25,999.5,0,normal,0,0.07205642276266666,0,0,0,0,normal,0,normal
2024-06-14 05:00:00,40.1,21,999.3,0,normal,0,0.07647435579140122,0,0,0,0,normal,0,normal
2024-06-14 06:00:00,40.2,26,997.8,0,normal,0,0.06623324790618113,0,0,0,0,normal,0,normal
2024-06-14 07:00:00,42.5,18,997.5,0,normal,0,0.05780468915543685,0,0,0,0,normal,0,normal
2024-06-14 08:00:00,43.2,16,996.7,0,normal,0,0.060701924453334166,0,0,0,0,normal,0,normal
2024-06-14 09:00:00,43.4,19,995.8,0,normal,0,0.05216939442602975,0,0,0,0,normal,0,normal
2024-06-14 10:00:00,42.5,16,995.6,0,normal,0,0.054262694448669435,0,0,0,0,normal,0,normal
2024-06-14 11:00:00,39.2,25,995.9,0,normal,0,0.03742209567225979,0,0,0,0,normal,0,normal
2024-06-14 12:00:00,43.6,18,994.1,0,normal,0,0.012448704519720077,0,0,0,0,normal,0,normal
2024-06-14 13:00:00,39.0,22,995.6,0,normal,0,0.030859313484825734,0,0,0,0,normal,0,normal
2024-06-14 14:00:00,37.5,24,995.9,0,normal,0,0.06008239718774516,0,0,0,0,normal,0,normal
2024-06-14 15:00:00,36.5,25,996.5,0,normal,0,0.07736945614678631,0,0,0,0,normal,0,normal
2024-06-14 16:00:00,34.3,24,997.3,0,normal,0,0.07092159391123065,0,0,0,0,normal,0,normal
2024-06-14 17:00:00,33.7,26,997.8,0,normal,0,0.08419003294530497,0,0,0,0,normal,0,normal
2024-06-14 18:00:00,32.8,28,998.0,0,normal,0,0.08858218950411506,0,0,0,0,normal,0,normal
2024-06-14 19:00:00,32.1,31,998.0,0,normal,0,0.08896285773734885,0,0,0,0,normal,0,normal
2024-06-14 20:00:00,31.1,35,997.8,0,normal,0,0.08527343489045358,0,0,0,0,normal,0,normal
2024-06-14 21:00:00,31.0,26,997.4,0,normal,0,0.07198366177995968,0,0,0,0,normal,0,normal
2024-06-14 22:00:00,29.6,30,997.8,0,normal,0,0.07379702033416596,0,0,0,0,normal,0,normal
2024-06-14 23:00:00,28.7,34,998.2,0,normal,0,0.06894594549539951,0,0,0,0,normal,0,normal
2024-06-15 00:00:00,28.1,37,998.6,0,normal,0,0.08458320761733001,0,0,0,0,normal,0,normal
2024-06-15 01:00:00,29.9,34,999.4,0,normal,0,0.08479598856807696,0,0,0,0,normal,0,normal
2024-06-15 02:00:00,32.6,32,999.6,0,normal,0,0.08909393397692983,0,0,0,0,normal,0,normal
2024-06-15 03:00:00,37.0,40,998.6,0,normal,0,0.057619947900986734,0,0,0,0,normal,0,normal
2024-06-15 04:00:00,38.2,23,999.1,0,normal,0,0.06543293695294555,0,0,0,0,normal,0,normal
2024-06-15 05:00:00,40.2,21,998.8,0,normal,0,0.07526759862463778,0,0,0,0,normal,0,normal
2024-06-15 06:00:00,42.2,24,997.5,0,normal,0,0.051032788076201985,0,0,0,0,normal,0,normal
2024-06-15 07:00:00,42.5,19,998.0,0,normal,0,0.05744158996271842,0,0,0,0,normal,0,normal
2024-06-15 08:00:00,43.2,18,997.2,0,normal,0,0.061649615181748996,0,0,0,0,normal,0,normal
2024-06-15 09:00:00,43.6,21,996.0,0,normal,0,0.05134229316068312,0,0,0,0,normal,0,normal
2024-06-15 10:00:00,43.7,15,995.6,0,normal,0,0.043773024391280224,0,0,0,0,normal,0,normal
2024-06-15 11:00:00,43.3,15,995.2,0,normal,0,0.039139999137685844,0,0,0,0,normal,0,normal
2024-06-15 12:00:00,42.6,26,994.7,0,normal,0,0.030860229792611382,0,0,0,0,normal,0,normal
2024-06-15 13:00:00,41.3,18,994.9,0,normal,0,0.03738435717037536,0,0,0,0,normal,0,normal
2024-06-15 14:00:00,39.4,19,995.2,0,normal,0,0.049798457335523294,0,0,0,0,normal,0,normal
2024-06-15 15:00:00,38.4,20,995.8,0,normal,0,0.047820745673962606,0,0,0,0,normal,0,normal
2024-06-15 16:00:00,37.1,23,996.6,0,normal,0,0.06006922309846574,0,0,0,0,normal,0,normal
2024-06-15 17:00:00,34.8,24,997.2,0,normal,0,0.06696365158468837,0,0,0,0,normal,0,normal
2024-06-15 18:00:00,34.0,27,997.4,0,normal,0,0.07643970943076656,0,0,0,0,normal,0,normal
2024-06-15 19:00:00,33.3,29,997.4,0,normal,0,0.08139944019087092,0,0,0,0,normal,0,normal
2024-06-15 20:00:00,32.8,30,997.3,0,normal,0,0.08070938127322302,0,0,0,0,normal,0,normal
2024-06-15 21:00:00,31.6,34,997.5,0,normal,0,0.07952415591463274,0,0,0,0,normal,0,normal
2024-06-15 22:00:00,31.1,41,997.9,0,normal,0,0.0793776573835599,0,0,0,0,normal,0,normal
2024-06-15 23:00:00,30.4,44,998.5,0,normal,0,0.08023134716784353,0,0,0,0,normal,0,normal
2024-06-16 00:00:00,30.0,45,999.1,0,normal,0,0.09247077727106018,0,0,0,0,normal,0,normal
2024-06-16 01:00:00,31.8,40,999.8,0,normal,0,0.09128471303293817,0,0,0,0,normal,0,normal
2024-06-16 02:00:00,33.6,36,1000.3,0,normal,0,0.09199536562537575,0,0,0,0,normal,0,normal
2024-06-16 03:00:00,38.0,47,998.7,0,normal,0,0.051073174948215894,0,0,0,0,normal,0,normal
2024-06-16 04:00:00,37.8,29,1000.5,0,normal,0,0.04708370956876029,0,0,0,0,normal,0,normal
2024-06-16 05:00:00,39.8,26,1000.0,0,normal,0,0.08076807625439703,0,0,0,0,normal,0,normal
2024-06-16 06:00:00,43.0,35,998.0,0,normal,0,0.03250316368716477,0,0,0,0,normal,0,normal
2024-06-16 07:00:00,42.8,20,998.9,0,normal,0,0.028643254436070298,0,0,0,0,normal,0,normal
2024-06-16 08:00:00,43.8,18,997.3,0,normal,0,0.04427870825540697,0,0,0,0,normal,0,normal
2024-06-16 09:00:00,44.2,26,995.8,0,normal,0,0.0295073907833332,0,0,0,0,normal,0,normal
2024-06-16 10:00:00,44.4,16,995.4,0,normal,0,0.026624242357554395,0,0,0,0,normal,0,normal
2024-06-16 11:00:00,44.1,16,995.0,0,normal,0,0.0245780757627313,0,0,0,0,normal,0,normal
2024-06-16 12:00:00,42.8,29,994.7,0,normal,0,0.015311713957567585,0,0,0,0,normal,0,normal
2024-06-16 13:00:00,42.2,17,995.2,0,normal,0,0.019242197934717375,0,0,0,0,normal,0,normal
2024-06-16 14:00:00,39.9,20,995.8,0,normal,0,0.0482891284099331,0,0,0,0,normal,0,normal
2024-06-16 15:00:00,38.1,22,996.4,0,normal,0,0.059800817512144444,0,0,0,0,normal,0,normal
2024-06-16 16:00:00,36.9,25,997.0,0,normal,0,0.06943409051358457,0,0,0,0,normal,0,normal
2024-06-16 17:00:00,37.1,26,997.2,0,normal,0,0.06972813149745066,0,0,0,0,normal,0,normal
2024-06-16 18:00:00,36.1,27,997.4,0,normal,0,0.06737951967237443,0,0,0,0,normal,0,normal
2024-06-16 19:00:00,35.4,28,997.3,0,normal,0,0.06701877650453475,0,0,0,0,normal,0,normal
2024-06-16 20:00:00,34.6,29,997.3,0,normal,0,0.06825659070470136,0,0,0,0,normal,0,normal
2024-06-16 21:00:00,33.7,30,997.5,0,normal,0,0.07190132620965112,0,0,0,0,normal,0,normal
2024-06-16 22:00:00,32.0,34,998.0,0,normal,0,0.07202562106616744,0,0,0,0,normal,0,normal
2024-06-16 23:00:00,31.8,38,998.0,0,normal,0,0.072486519692391,0,0,0,0,normal,0,normal
2024-06-17 00:00:00,29.7,46,998.5,0,normal,0,0.07434393531601635,0,0,0,0,normal,0,normal
2024-06-17 01:00:00,31.7,41,999.2,0,normal,0,0.0898767330505067,0,0,0,0,normal,0,normal
2024-06-17 02:00:00,34.0,37,999.8,0,normal,0,0.0906531920084247,0,0,0,0,normal,0,normal
2024-06-17 03:00:00,38.8,48,999.1,0,normal,0,0.04736393917720222,0,0,0,0,normal,0,normal
2024-06-17 04:00:00,38.5,30,1000.1,0,normal,0,0.05542496636716587,0,0,0,0,normal,0,normal
2024-06-17 05:00:00,40.4,27,999.8,0,normal,0,0.074989644359994,0,0,0,0,normal,0,normal
2024-06-17 06:00:00,42.2,29,998.7,0,normal,0,0.06143644529140474,0,0,0,0,normal,0,normal
2024-06-17 07:00:00,43.5,22,998.4,0,normal,0,0.05092856449444794,0,0,0,0,normal,0,normal
2024-06-17 08:00:00,44.1,19,997.4,0,normal,0,0.05058182460534444,0,0,0,0,normal,0,normal
2024-06-17 09:00:00,43.8,27,996.4,0,normal,0,0.0403683465471425,0,0,0,0,normal,0,normal
2024-06-17 10:00:00,44.6,16,995.9,0,normal,0,0.021991489527273145,0,0,0,0,normal,0,normal
2024-06-17 11:00:00,44.5,16,995.4,0,normal,0,0.0262621597018195,0,0,0,0,normal,0,normal
2024-06-17 12:00:00,42.6,30,994.8,0,normal,0,0.01100151588032966,0,0,0,0,normal,0,normal
2024-06-17 13:00:00,42.7,18,995.1,0,normal,0,0.014520641669368561,0,0,0,0,normal,0,normal
2024-06-17 14:00:00,40.9,20,995.7,0,normal,0,0.04268017358231618,0,0,0,0,normal,0,normal
2024-06-17 15:00:00,39.3,22,996.0,0,normal,0,0.05329771684972329,0,0,0,0,normal,0,normal
2024-06-17 16:00:00,38.1,25,996.7,0,normal,0,0.05850348505843106,0,0,0,0,normal,0,normal
2024-06-17 17:00:00,37.0,28,996.9,0,normal,0,0.07057712988826775,0,0,0,0,normal,0,normal
2024-06-17 18:00:00,36.2,29,997.1,0,normal,0,0.0726231534084148,0,0,0,0,normal,0,normal
2024-06-17 19:00:00,35.1,31,996.6,0,normal,0,0.0672125169156439,0,0,0,0,normal,0,normal
2024-06-17 20:00:00,34.2,33,996.7,0,normal,0,0.07423942830759184,0,0,0,0,normal,0,normal
2024-06-17 21:00:00,33.0,36,996.8,0,normal,0,0.07633638472680765,0,0,0,0,normal,0,normal
2024-06-17 22:00:00,32.1,39,996.9,0,normal,0,0.08037524827544024,0,0,0,0,normal,0,normal
2024-06-17 23:00:00,32.4,37,997.3,0,normal,0,0.06878795592606618,0,0,0,0,normal,0,normal
2024-06-18 00:00:00,31.4,41,997.7,0,normal,0,0.07622951240682518,0,0,0,0,normal,0,normal
2024-06-18 01:00:00,32.8,38,998.2,0,normal,0,0.08307845881869391,0,0,0,0,normal,0,normal
2024-06-18 02:00:00,34.7,35,998.7,0,normal,0,0.08610541365263807,0,0,0,0,normal,0,normal
2024-06-18 03:00:00,39.0,42,999.3,0,normal,0,0.05356087589949493,0,0,0,0,normal,0,normal
2024-06-18 04:00:00,38.6,30,997.7,0,normal,0,0.05985108522929078,0,0,0,0,normal,0,normal
2024-06-18 05:00:00,40.3,29,997.2,0,normal,0,0.07210749183726844,0,0,0,0,normal,0,normal
2024-06-18 06:00:00,40.6,34,996.7,0,normal,0,0.06536528086395399,0,0,0,0,normal,0,normal
2024-06-18 07:00:00,43.0,23,995.7,0,normal,0,0.04047618218437238,0,0,0,0,normal,0,normal
2024-06-18 08:00:00,43.7,21,994.8,0,normal,0,0.048407882739410046,0,0,0,0,normal,0,normal
2024-06-18 09:00:00,42.2,31,994.3,0,normal,0,0.03680319636802809,0,0,0,0,normal,0,normal
2024-06-18 10:00:00,44.1,18,993.2,0,normal,0,0.013183295989575905,0,0,0,0,normal,0,normal
2024-06-18 11:00:00,40.4,24,993.5,0,normal,0,0.022183489192286465,0,0,0,0,normal,0,normal
2024-06-18 12:00:00,41.6,32,991.5,0,normal,0,0.018918535841744133,0,0,0,0,normal,0,normal
2024-06-18 13:00:00,41.1,20,992.5,0,normal,0,0.01094172338416316,0,0,0,0,normal,0,normal
2024-06-18 14:00:00,39.2,23,993.3,0,normal,0,0.03415935574947132,0,0,0,0,normal,0,normal
2024-06-18 15:00:00,37.9,25,993.8,0,normal,0,0.045017181545951634,0,0,0,0,normal,0,normal
2024-06-18 16:00:00,36.6,27,994.5,0,normal,0,0.05221768324913317,0,0,0,0,normal,0,normal
2024-06-18 17:00:00,35.6,30,994.9,0,normal,0,0.05749149698895928,0,0,0,0,normal,0,normal
2024-06-18 18:00:00,34.7,34,995.0,0,normal,0,0.06071656566851996,0,0,0,0,normal,0,normal
2024-06-18 19:00:00,33.1,32,994.0,0,normal,0,0.049193205055994726,0,0,0,0,normal,0,normal
2024-06-18 20:00:00,32.7,34,994.0,0,normal,0,0.05535772590092847,0,0,0,0,normal,0,normal
2024-06-18 21:00:00,32.3,35,993.9,0,normal,0,0.05448676104988914,0,0,0,0,normal,0,normal
2024-06-18 22:00:00,31.3,38,994.0,0,normal,0,0.053613419931809514,0,0,0,0,normal,0,normal
2024-06-18 23:00:00,32.0,36,994.1,0,normal,0,0.03841482194446583,0,0,0,0,normal,0,normal
2024-06-19 00:00:00,31.4,38,994.4,0,normal,0,0.04876427429211483,0,0,0,0,normal,0,normal
2024-06-19 01:00:00,32.5,35,995.1,0,normal,0,0.058307450916665726,0,0,0,0,normal,0,normal
2024-06-19 02:00:00,35.1,32,995.4,0,normal,0,0.06078113685077202,0,0,0,0,normal,0,normal
2024-06-19 03:00:00,37.6,49,993.9,0,normal,0,0.016970593263271216,0,0,0,0,normal,0,normal
2024-06-19 04:00:00,38.7,32,995.4,0,normal,0,0.030219234362951042,0,0,0,0,normal,0,normal
2024-06-19 05:00:00,40.4,30,994.6,0,normal,0,0.05015298066109125,0,0,0,0,normal,0,normal
2024-06-19 06:00:00,40.4,43,993.5,0,normal,0,0.02219867350334892,0,0,0,0,normal,0,normal
2024-06-19 07:00:00,42.2,21,993.7,0,normal,0,0.0031432418976798937,0,0,0,0,normal,0,normal
2024-06-19 08:00:00,43.1,20,992.8,0,normal,0,0.025647833554046595,0,0,0,0,normal,0,normal
2024-06-19 09:00:00,42.0,39,991.2,0,normal,1,-0.014485803887112514,0,0,0,0,normal,1,isolation_forest_anomaly
2024-06-19 10:00:00,42.7,17,992.7,0,normal,1,-0.02789218413133432,0,0,0,0,normal,1,isolation_forest_anomaly
2024-06-19 11:00:00,42.3,18,992.2,0,normal,0,0.018395175746680037,0,0,0,0,normal,0,normal
2024-06-19 12:00:00,41.8,38,989.1,0,normal,1,-0.04970853564960187,0,0,0,0,normal,1,isolation_forest_anomaly
2024-06-19 13:00:00,40.5,20,992.1,0,normal,1,-0.04276389774290301,0,0,0,0,normal,1,isolation_forest_anomaly
2024-06-19 14:00:00,38.6,22,992.6,0,normal,0,0.016944531115300643,0,0,0,0,normal,0,normal
2024-06-19 15:00:00,37.5,27,993.2,0,normal,0,0.03834567089004565,0,0,0,0,normal,0,normal
2024-06-19 16:00:00,36.3,34,994.0,0,normal,0,0.04523303343122492,0,0,0,0,normal,0,normal
2024-06-19 17:00:00,34.8,40,994.9,0,normal,0,0.04800109907285516,0,0,0,0,normal,0,normal
2024-06-19 18:00:00,33.6,44,995.1,0,normal,0,0.07071319821705402,0,0,0,0,normal,0,normal
2024-06-19 19:00:00,32.7,47,994.8,0,normal,0,0.07675424364564887,0,0,0,0,normal,0,normal
2024-06-19 20:00:00,29.3,52,993.5,0,normal,0,0.04251458315778334,0,0,0,0,normal,0,normal
2024-06-19 21:00:00,29.1,52,993.8,0,normal,0,0.06775041226051609,0,0,0,0,normal,0,normal
2024-06-19 22:00:00,29.0,52,994.0,0,normal,0,0.058204561621415074,0,0,0,0,normal,0,normal
2024-06-19 23:00:00,28.6,53,994.3,0,normal,0,0.056747616460088524,0,0,0,0,normal,0,normal
2024-06-20 00:00:00,28.6,54,995.5,0,normal,0,0.06331985506257504,0,0,0,0,normal,0,normal
2024-06-20 01:00:00,25.8,75,996.8,0,normal,0,0.03581649785014762,0,0,0,0,normal,0,normal
2024-06-20 02:00:00,26.3,74,997.7,0,normal,0,0.09391961968149365,0,0,0,0,normal,0,normal
2024-06-20 03:00:00,28.4,70,997.4,0,normal,0,0.10677008141168093,0,0,0,0,normal,0,normal
2024-06-20 04:00:00,29.4,60,997.7,0,normal,0,0.10647465766398606,0,0,0,0,normal,0,normal
2024-06-20 05:00:00,31.7,51,997.8,0,normal,0,0.10514898993756766,0,0,0,0,normal,0,normal
2024-06-20 06:00:00,31.4,58,998.1,0,normal,0,0.10952281584044404,0,0,0,0,normal,0,normal
2024-06-20 07:00:00,35.6,39,997.2,0,normal,0,0.0775742717846521,0,0,0,0,normal,0,normal
2024-06-20 08:00:00,37.8,33,996.2,0,normal,0,0.08194895512903094,0,0,0,0,normal,0,normal
2024-06-20 09:00:00,35.6,46,997.2,0,normal,0,0.0835054190060659,0,0,0,0,normal,0,normal
2024-06-20 10:00:00,38.2,33,994.7,0,normal,0,0.05429954173792817,0,0,0,0,normal,0,normal
2024-06-20 11:00:00,38.1,32,994.0,0,normal,0,0.07909995557820643,0,0,0,0,normal,0,normal
2024-06-20 12:00:00,34.8,50,993.9,0,normal,0,0.04447951652792398,0,0,0,0,normal,0,normal
2024-06-20 13:00:00,34.5,47,995.4,0,normal,0,0.08014353882474379,0,0,0,0,normal,0,normal
2024-06-20 14:00:00,33.6,49,996.7,0,normal,0,0.09328968553230732,0,0,0,0,normal,0,normal
2024-06-20 15:00:00,32.8,52,997.2,0,normal,0,0.11028852605281775,0,0,0,0,normal,0,normal
2024-06-20 16:00:00,32.7,53,997.7,0,normal,0,0.11079363187529895,0,0,0,0,normal,0,normal
2024-06-20 17:00:00,29.5,68,999.0,0,normal,0,0.0763048590201349,0,0,0,0,normal,0,normal
2024-06-20 18:00:00,28.7,72,999.1,0,normal,0,0.105517790704307,0,0,0,0,normal,0,normal
2024-06-20 19:00:00,28.3,74,998.9,0,normal,0,0.11427739815511939,0,0,0,0,normal,0,normal
2024-06-20 20:00:00,27.7,77,998.7,0,normal,0,0.11543082978844632,0,0,0,0,normal,0,normal
2024-06-20 21:00:00,27.6,77,998.8,0,normal,0,0.11294473616018086,0,0,0,0,normal,0,normal
2024-06-20 22:00:00,28.7,60,998.5,0,normal,0,0.04910071018017248,0,0,0,0,normal,0,normal
2024-06-20 23:00:00,28.6,59,998.6,0,normal,0,0.0916830834696774,0,0,0,0,normal,0,normal
2024-06-21 00:00:00,28.4,60,999.3,0,normal,0,0.0993970836041031,0,0,0,0,normal,0,normal
2024-06-21 01:00:00,28.2,62,999.9,0,normal,0,0.10810625779116728,0,0,0,0,normal,0,normal
2024-06-21 02:00:00,28.8,62,1000.4,0,normal,0,0.11490453424588859,0,0,0,0,normal,0,normal
2024-06-21 03:00:00,28.0,69,1000.7,0,normal,0,0.11647071543703824,0,0,0,0,normal,0,normal
2024-06-21 04:00:00,30.0,51,1001.6,0,normal,0,0.10048722147328948,0,0,0,0,normal,0,normal
2024-06-21 05:00:00,31.3,47,1001.3,0,normal,0,0.1101558370224503,0,0,0,0,normal,0,normal
2024-06-21 06:00:00,31.4,58,1001.1,0,normal,0,0.10803585687370121,0,0,0,0,normal,0,normal
2024-06-21 07:00:00,34.8,38,1000.5,0,normal,0,0.09173079980256088,0,0,0,0,normal,0,normal
2024-06-21 08:00:00,34.0,45,999.9,0,normal,0,0.10727728000489534,0,0,0,0,normal,0,normal
2024-06-21 09:00:00,35.0,39,999.3,0,normal,0,0.11447104366664529,0,0,0,0,normal,0,normal
2024-06-21 10:00:00,36.0,39,997.9,0,normal,0,0.10831361462835515,0,0,0,0,normal,0,normal
2024-06-21 11:00:00,35.6,39,997.1,0,normal,0,0.10449052441799417,0,0,0,0,normal,0,normal
2024-06-21 12:00:00,35.2,38,997.2,0,normal,0,0.10459881580939262,0,0,0,0,normal,0,normal
2024-06-21 13:00:00,34.9,41,996.6,0,normal,0,0.09935980631171354,0,0,0,0,normal,0,normal
2024-06-21 14:00:00,33.2,45,997.0,0,normal,0,0.10670320221725804,0,0,0,0,normal,0,normal
2024-06-21 15:00:00,32.4,50,998.0,0,normal,0,0.1091867247460307,0,0,0,0,normal,0,normal
2024-06-21 16:00:00,31.6,54,999.3,0,normal,0,0.10327742236046317,0,0,0,0,normal,0,normal
2024-06-21 17:00:00,30.9,59,999.8,0,normal,0,0.11390634221956791,0,0,0,0,normal,0,normal
2024-06-21 18:00:00,27.8,69,999.7,0,normal,0,0.08954521759707973,0,0,0,0,normal,0,normal
2024-06-21 19:00:00,27.5,71,999.7,0,normal,0,0.10998498963028047,0,0,0,0,normal,0,normal
2024-06-21 20:00:00,27.0,73,999.6,0,normal,0,0.11388647155976284,0,0,0,0,normal,0,normal
2024-06-21 21:00:00,26.5,77,999.4,0,normal,0,0.11437092131395887,0,0,0,0,normal,0,normal
2024-06-21 22:00:00,26.3,79,999.3,0,normal,0,0.11190562356998146,0,0,0,0,normal,0,normal
2024-06-21 23:00:00,26.4,78,999.3,0,normal,0,0.10105747035045953,0,0,0,0,normal,0,normal
2024-06-22 00:00:00,26.4,79,999.4,0,normal,0,0.10332068627113272,0,0,0,0,normal,0,normal
2024-06-22 01:00:00,27.3,75,999.7,0,normal,0,0.11070539275850438,0,0,0,0,normal,0,normal
2024-06-22 02:00:00,29.3,65,1000.1,0,normal,0,0.10898858506854742,0,0,0,0,normal,0,normal
2024-06-22 03:00:00,32.4,48,998.4,0,normal,0,0.08339758928824426,0,0,0,0,normal,0,normal
2024-06-22 04:00:00,33.2,46,1000.2,0,normal,0,0.0980832170775241,0,0,0,0,normal,0,normal
2024-06-22 05:00:00,34.8,41,999.9,0,normal,0,0.10916895368092489,0,0,0,0,normal,0,normal
2024-06-22 06:00:00,37.6,33,998.8,0,normal,0,0.09635450646885396,0,0,0,0,normal,0,normal
2024-06-22 07:00:00,37.2,35,999.2,0,normal,0,0.1000121016613707,0,0,0,0,normal,0,normal
2024-06-22 08:00:00,37.9,33,998.7,0,normal,0,0.10265759837754623,0,0,0,0,normal,0,normal
2024-06-22 09:00:00,39.8,29,997.2,0,normal,0,0.0936667707946538,0,0,0,0,normal,0,normal
2024-06-22 10:00:00,38.1,30,996.7,0,normal,0,0.09409756602924757,0,0,0,0,normal,0,normal
2024-06-22 11:00:00,38.1,29,996.3,0,normal,0,0.09353431331773215,0,0,0,0,normal,0,normal
2024-06-22 12:00:00,40.4,27,997.8,0,normal,0,0.06572135944570912,0,0,0,0,normal,0,normal
2024-06-22 13:00:00,36.8,34,996.1,0,normal,0,0.06425496508821188,0,0,0,0,normal,0,normal
2024-06-22 14:00:00,34.2,38,997.1,0,normal,0,0.0877177000229385,0,0,0,0,normal,0,normal
2024-06-22 15:00:00,32.4,44,998.2,0,normal,0,0.0985477210994769,0,0,0,0,normal,0,normal
2024-06-22 16:00:00,31.3,47,999.3,0,normal,0,0.1037899864278809,0,0,0,0,normal,0,normal
2024-06-22 17:00:00,30.7,47,999.9,0,normal,0,0.10997028473087939,0,0,0,0,normal,0,normal
2024-06-22 18:00:00,29.9,51,1000.3,0,normal,0,0.10699447919474109,0,0,0,0,normal,0,normal
2024-06-22 19:00:00,29.3,58,999.7,0,normal,0,0.0989149714834004,0,0,0,0,normal,0,normal
2024-06-22 20:00:00,28.8,61,999.8,0,normal,0,0.11414499662464,0,0,0,0,normal,0,normal
2024-06-22 21:00:00,28.4,62,999.8,0,normal,0,0.11684852407634094,0,0,0,0,normal,0,normal
2024-06-22 22:00:00,28.3,61,999.8,0,normal,0,0.10539556369844544,0,0,0,0,normal,0,normal
2024-06-22 23:00:00,28.1,61,1000.1,0,normal,0,0.09662717502789575,0,0,0,0,normal,0,normal
2024-06-23 00:00:00,27.5,64,1000.1,0,normal,0,0.10471550910684535,0,0,0,0,normal,0,normal
2024-06-23 01:00:00,28.9,59,1000.4,0,normal,0,0.10767674459799342,0,0,0,0,normal,0,normal
2024-06-23 02:00:00,31.0,58,1001.0,0,normal,0,0.11419610858933632,0,0,0,0,normal,0,normal
2024-06-23 03:00:00,33.2,59,1001.0,0,normal,0,0.1105702225904196,0,0,0,0,normal,0,normal
2024-06-23 04:00:00,35.7,43,1000.7,0,normal,0,0.0924713813199986,0,0,0,0,normal,0,normal
2024-06-23 05:00:00,37.1,36,1000.5,0,normal,0,0.09798936250415208,0,0,0,0,normal,0,normal
2024-06-23 06:00:00,37.4,42,999.9,0,normal,0,0.09457802077440208,0,0,0,0,normal,0,normal
2024-06-23 07:00:00,39.3,30,999.8,0,normal,0,0.08976692167333916,0,0,0,0,normal,0,normal
2024-06-23 08:00:00,39.9,27,998.8,0,normal,0,0.09033123943990068,0,0,0,0,normal,0,normal
2024-06-23 09:00:00,40.6,31,997.0,0,normal,0,0.07544670911942253,0,0,0,0,normal,0,normal
2024-06-23 10:00:00,39.1,29,997.6,0,normal,0,0.08284738059509406,0,0,0,0,normal,0,normal
2024-06-23 11:00:00,38.9,28,996.6,0,normal,0,0.08764758385074206,0,0,0,0,normal,0,normal
2024-06-23 12:00:00,40.0,30,994.4,0,normal,0,0.0615696944167769,0,0,0,0,normal,0,normal
2024-06-23 13:00:00,37.9,34,995.7,0,normal,0,0.0715925174126556,0,0,0,0,normal,0,normal
2024-06-23 14:00:00,36.0,37,996.4,0,normal,0,0.08445244555677933,0,0,0,0,normal,0,normal
2024-06-23 15:00:00,34.6,35,997.1,0,normal,0,0.0875851831888837,0,0,0,0,normal,0,normal
2024-06-23 16:00:00,33.8,38,998.0,0,normal,0,0.09460653988219964,0,0,0,0,normal,0,normal
2024-06-23 17:00:00,32.3,42,998.5,0,normal,0,0.10124185127904078,0,0,0,0,normal,0,normal
2024-06-23 18:00:00,31.4,46,998.9,0,normal,0,0.10130525983619881,0,0,0,0,normal,0,normal
2024-06-23 19:00:00,30.8,48,998.8,0,normal,0,0.10593288559708597,0,0,0,0,normal,0,normal
2024-06-23 20:00:00,31.4,52,998.3,0,normal,0,0.09083416254755211,0,0,0,0,normal,0,normal
2024-06-23 21:00:00,30.7,55,998.0,0,normal,0,0.10011787951860152,0,0,0,0,normal,0,normal
2024-06-23 22:00:00,30.4,56,997.6,0,normal,0,0.10117881381656868,0,0,0,0,normal,0,normal
2024-06-23 23:00:00,30.1,59,997.9,0,normal,0,0.0917558500678069,0,0,0,0,normal,0,normal
2024-06-24 00:00:00,29.7,61,998.1,0,normal,0,0.09916924650925685,0,0,0,0,normal,0,normal
2024-06-24 01:00:00,30.4,61,998.8,0,normal,0,0.10626373828192448,0,0,0,0,normal,0,normal
2024-06-24 02:00:00,32.2,56,999.2,0,normal,0,0.10881895306770245,0,0,0,0,normal,0,normal
2024-06-24 03:00:00,33.8,60,999.1,0,normal,0,0.1054759795771163,0,0,0,0,normal,0,normal
2024-06-24 04:00:00,36.1,43,999.0,0,normal,0,0.08477159611006052,0,0,0,0,normal,0,normal
2024-06-24 05:00:00,37.8,37,998.9,0,normal,0,0.09021908440516363,0,0,0,0,normal,0,normal
2024-06-24 06:00:00,39.0,39,997.9,0,normal,0,0.08441290787008887,0,0,0,0,normal,0,normal
2024-06-24 07:00:00,40.3,30,997.8,0,normal,0,0.07931574553011883,0,0,0,0,normal,0,normal
2024-06-24 08:00:00,40.9,27,997.1,0,normal,0,0.07882755290198773,0,0,0,0,normal,0,normal
2024-06-24 09:00:00,41.0,31,995.0,0,normal,0,0.061523635847363645,0,0,0,0,normal,0,normal
2024-06-24 10:00:00,41.5,26,995.5,0,normal,0,0.06369925245619462,0,0,0,0,normal,0,normal
2024-06-24 11:00:00,40.8,27,994.5,0,normal,0,0.07041849553885199,0,0,0,0,normal,0,normal
2024-06-24 12:00:00,40.2,29,993.5,0,normal,0,0.06503468697542336,0,0,0,0,normal,0,normal
2024-06-24 13:00:00,35.4,47,994.8,0,normal,0,0.0297082950838935,0,0,0,0,normal,0,normal
2024-06-24 14:00:00,34.5,47,995.0,0,normal,0,0.08199309563446394,0,0,0,0,normal,0,normal
2024-06-24 15:00:00,33.8,49,995.7,0,normal,0,0.092108775675181,0,0,0,0,normal,0,normal
2024-06-24 16:00:00,33.7,49,996.5,0,normal,0,0.09149029628355221,0,0,0,0,normal,0,normal
2024-06-24 17:00:00,33.2,50,996.8,0,normal,0,0.09463214197328446,0,0,0,0,normal,0,normal
2024-06-24 18:00:00,32.6,51,997.3,0,normal,0,0.09643026257754395,0,0,0,0,normal,0,normal
2024-06-24 19:00:00,32.1,53,997.4,0,normal,0,0.0985547061671696,0,0,0,0,normal,0,normal
2024-06-24 20:00:00,31.7,56,997.5,0,normal,0,0.09976339337665246,0,0,0,0,normal,0,normal
2024-06-24 21:00:00,30.7,66,997.5,0,normal,0,0.09240876864002068,0,0,0,0,normal,0,normal
2024-06-24 22:00:00,30.4,68,997.3,0,normal,0,0.09758863538261231,0,0,0,0,normal,0,normal
2024-06-24 23:00:00,30.0,69,997.4,0,normal,0,0.09178095452345891,0,0,0,0,normal,0,normal
2024-06-25 00:00:00,29.7,71,997.4,0,normal,0,0.09203733178628942,0,0,0,0,normal,0,normal
2024-06-25 01:00:00,30.5,68,998.2,0,normal,0,0.10108698727117249,0,0,0,0,normal,0,normal
2024-06-25 02:00:00,32.1,62,998.7,0,normal,0,0.10741394516200314,0,0,0,0,normal,0,normal
2024-06-25 03:00:00,32.4,63,998.6,0,normal,0,0.11408660938430859,0,0,0,0,normal,0,normal
2024-06-25 04:00:00,35.0,50,998.8,0,normal,0,0.09658039619945463,0,0,0,0,normal,0,normal
2024-06-25 05:00:00,36.7,43,998.3,0,normal,0,0.09617463759026895,0,0,0,0,normal,0,normal
2024-06-25 06:00:00,37.8,41,997.2,0,normal,0,0.09585745088630893,0,0,0,0,normal,0,normal
2024-06-25 07:00:00,39.4,34,997.0,0,normal,0,0.08871271032139572,0,0,0,0,normal,0,normal
2024-06-25 08:00:00,39.7,34,995.5,0,normal,0,0.07810227531952635,0,0,0,0,normal,0,normal
2024-06-25 09:00:00,39.2,37,995.0,0,normal,0,0.0776906147074557,0,0,0,0,normal,0,normal
2024-06-25 10:00:00,39.9,30,994.3,0,normal,0,0.0706635425604642,0,0,0,0,normal,0,normal
2024-06-25 11:00:00,39.4,30,993.8,0,normal,0,0.07373890577879888,0,0,0,0,normal,0,normal
2024-06-25 12:00:00,39.8,36,992.8,0,normal,0,0.056753008218023815,0,0,0,0,normal,0,normal
2024-06-25 13:00:00,38.2,32,993.5,0,normal,0,0.056646757979854356,0,0,0,0,normal,0,normal
2024-06-25 14:00:00,36.7,36,993.9,0,normal,0,0.06497531166071985,0,0,0,0,normal,0,normal
2024-06-25 15:00:00,35.8,38,994.5,0,normal,0,0.07292828741015739,0,0,0,0,normal,0,normal
2024-06-25 16:00:00,35.3,41,995.5,0,normal,0,0.06540230125923241,0,0,0,0,normal,0,normal
2024-06-25 17:00:00,34.9,46,996.2,0,normal,0,0.07358566279272427,0,0,0,0,normal,0,normal
2024-06-25 18:00:00,33.1,51,996.8,0,normal,0,0.08284415279425361,0,0,0,0,normal,0,normal
2024-06-25 19:00:00,33.2,51,996.9,0,normal,0,0.09077466148314461,0,0,0,0,normal,0,normal
2024-06-25 20:00:00,32.7,51,996.7,0,normal,0,0.08772780223448429,0,0,0,0,normal,0,normal
2024-06-25 21:00:00,32.3,55,996.4,0,normal,0,0.08938360553975161,0,0,0,0,normal,0,normal
2024-06-25 22:00:00,31.8,60,996.5,0,normal,0,0.08729996718991417,0,0,0,0,normal,0,normal
2024-06-25 23:00:00,31.4,64,996.4,0,normal,0,0.08042097423133732,0,0,0,0,normal,0,normal
2024-06-26 00:00:00,31.0,66,996.8,0,normal,0,0.0903027567753028,0,0,0,0,normal,0,normal
2024-06-26 01:00:00,31.5,64,997.4,0,normal,0,0.0969777304841693,0,0,0,0,normal,0,normal
2024-06-26 02:00:00,32.9,59,998.1,0,normal,0,0.09893189275958691,0,0,0,0,normal,0,normal
2024-06-26 03:00:00,34.0,63,999.5,0,normal,0,0.10118361383653968,0,0,0,0,normal,0,normal
2024-06-26 04:00:00,34.6,55,998.8,0,normal,0,0.103500269622328,0,0,0,0,normal,0,normal
2024-06-26 05:00:00,37.0,44,998.7,0,normal,0,0.09244529927901851,0,0,0,0,normal,0,normal
2024-06-26 06:00:00,36.4,55,997.8,0,normal,0,0.08328407238059371,0,0,0,0,normal,0,normal
2024-06-26 07:00:00,37.1,43,998.7,0,normal,0,0.08922845757790715,0,0,0,0,normal,0,normal
2024-06-26 08:00:00,37.8,42,998.0,0,normal,0,0.10393724682183875,0,0,0,0,normal,0,normal
2024-06-26 09:00:00,37.8,49,995.8,0,normal,0,0.08251998569070834,0,0,0,0,normal,0,normal
2024-06-26 10:00:00,39.2,40,995.0,0,normal,0,0.07208702848368004,0,0,0,0,normal,0,normal
2024-06-26 11:00:00,39.2,39,994.3,0,normal,0,0.07904085530281896,0,0,0,0,normal,0,normal
2024-06-26 12:00:00,37.4,50,994.2,0,normal,0,0.06415983586739893,0,0,0,0,normal,0,normal
2024-06-26 13:00:00,37.8,41,994.2,0,normal,0,0.0597651746824735,0,0,0,0,normal,0,normal
2024-06-26 14:00:00,36.7,45,995.4,0,normal,0,0.0743801720529147,0,0,0,0,normal,0,normal
2024-06-26 15:00:00,34.8,53,997.8,0,normal,0,0.06317111794698005,0,0,0,0,normal,0,normal
2024-06-26 16:00:00,34.0,57,998.9,0,normal,0,0.0922754220341645,0,0,0,0,normal,0,normal
2024-06-26 17:00:00,32.8,62,999.9,0,normal,0,0.10513725904177057,0,0,0,0,normal,0,normal
2024-06-26 18:00:00,32.0,65,1000.3,0,normal,0,0.1091439626167201,0,0,0,0,normal,0,normal
2024-06-26 19:00:00,31.4,68,1000.1,0,normal,0,0.10751444720190623,0,0,0,0,normal,0,normal
2024-06-26 20:00:00,30.6,70,1000.0,0,normal,0,0.10830527188044942,0,0,0,0,normal,0,normal
2024-06-26 21:00:00,29.6,73,999.9,0,normal,0,0.10654856936601886,0,0,0,0,normal,0,normal
2024-06-26 22:00:00,29.0,76,999.7,0,normal,0,0.1101955365703734,0,0,0,0,normal,0,normal
2024-06-26 23:00:00,28.8,76,1000.1,0,normal,0,0.09839763151557851,0,0,0,0,normal,0,normal
2024-06-27 00:00:00,28.1,81,1000.6,0,normal,0,0.1020302097832192,0,0,0,0,normal,0,normal
2024-06-27 01:00:00,26.8,90,1002.3,0,normal,0,0.08227177042594663,0,0,0,0,normal,0,normal
2024-06-27 02:00:00,26.5,91,1002.2,0,normal,0,0.11069587668358255,0,0,0,0,normal,0,normal
2024-06-27 03:00:00,25.8,95,1002.6,0,normal,0,0.10371190688479498,0,0,0,0,normal,0,normal
2024-06-27 04:00:00,28.3,81,1002.8,0,normal,0,0.08891024091306804,0,0,0,0,normal,0,normal
2024-06-27 05:00:00,31.5,68,1002.8,0,normal,0,0.09892993046412679,0,0,0,0,normal,0,normal
2024-06-27 06:00:00,27.2,80,1002.5,0,normal,0,0.08530569615654049,0,0,0,0,normal,0,normal
2024-06-27 07:00:00,34.0,56,1001.4,0,normal,0,0.05298770144150655,0,0,0,0,normal,0,normal
2024-06-27 08:00:00,35.2,53,1000.7,0,normal,0,0.09991002832211915,0,0,0,0,normal,0,normal
2024-06-27 09:00:00,29.0,82,1001.0,0,normal,0,0.04164095410827223,0,0,0,0,normal,0,normal
2024-06-27 10:00:00,36.7,48,999.0,0,normal,1,-9.804315761263727e-05,0,0,0,0,normal,1,isolation_forest_anomaly
2024-06-27 11:00:00,34.8,53,998.0,0,normal,0,0.07885836835726989,0,0,0,0,normal,0,normal
2024-06-27 12:00:00,31.6,72,997.5,0,normal,0,0.08613582293614341,0,0,0,0,normal,0,normal
2024-06-27 13:00:00,33.6,55,997.9,0,normal,0,0.08092223798007292,0,0,0,0,normal,0,normal
2024-06-27 14:00:00,32.5,59,998.7,0,normal,0,0.11608433849519728,0,0,0,0,normal,0,normal
2024-06-27 15:00:00,31.6,63,999.8,0,normal,0,0.11937343781361714,0,0,0,0,normal,0,normal
2024-06-27 16:00:00,29.2,79,1001.6,0,normal,0,0.07393387145583424,0,0,0,0,normal,0,normal
2024-06-27 17:00:00,29.5,74,1002.6,0,normal,0,0.099000199603407,0,0,0,0,normal,0,normal
2024-06-27 18:00:00,29.8,71,1002.8,0,normal,0,0.10861208141132966,0,0,0,0,normal,0,normal
2024-06-27 19:00:00,29.5,72,1002.5,0,normal,0,0.10814681521905278,0,0,0,0,normal,0,normal
2024-06-27 20:00:00,29.1,74,1002.3,0,normal,0,0.11223222082270734,0,0,0,0,normal,0,normal
2024-06-27 21:00:00,29.1,74,1000.9,0,normal,0,0.09909297667106598,0,0,0,0,normal,0,normal
2024-06-27 22:00:00,28.7,76,1000.9,0,normal,0,0.10692827003070304,0,0,0,0,normal,0,normal
2024-06-27 23:00:00,28.4,78,1000.9,0,normal,0,0.09945778725498544,0,0,0,0,normal,0,normal
2024-06-28 00:00:00,28.1,80,1001.1,0,normal,0,0.10639015462848006,0,0,0,0,normal,0,normal
2024-06-28 01:00:00,28.6,78,1001.0,0,normal,0,0.10891258799095743,0,0,0,0,normal,0,normal
2024-06-28 02:00:00,29.5,70,1001.8,0,normal,0,0.11164212850355804,0,0,0,0,normal,0,normal
2024-06-28 03:00:00,32.0,63,1000.3,0,normal,0,0.10643684062840508,0,0,0,0,normal,0,normal
2024-06-28 04:00:00,32.5,60,1001.0,0,normal,0,0.11928471388338202,0,0,0,0,normal,0,normal
2024-06-28 05:00:00,34.0,54,1000.5,0,normal,0,0.114177311265582,0,0,0,0,normal,0,normal
2024-06-28 06:00:00,34.4,60,999.4,0,normal,0,0.11059065233518417,0,0,0,0,normal,0,normal
2024-06-28 07:00:00,36.2,46,999.1,0,normal,0,0.10375463761921672,0,0,0,0,normal,0,normal
2024-06-28 08:00:00,36.7,45,998.1,0,normal,0,0.10913384462261078,0,0,0,0,normal,0,normal
2024-06-28 09:00:00,38.6,47,997.1,0,normal,0,0.09410135058800995,0,0,0,0,normal,0,normal
2024-06-28 10:00:00,36.8,46,996.4,0,normal,0,0.09712071147794743,0,0,0,0,normal,0,normal
2024-06-28 11:00:00,36.8,46,995.7,0,normal,0,0.09812546029309888,0,0,0,0,normal,0,normal
2024-06-28 12:00:00,34.6,59,995.3,0,normal,0,0.08507304331377652,0,0,0,0,normal,0,normal
2024-06-28 13:00:00,34.9,51,995.8,0,normal,0,0.0921368933053941,0,0,0,0,normal,0,normal
2024-06-28 14:00:00,33.2,57,996.1,0,normal,0,0.10217994116624585,0,0,0,0,normal,0,normal
2024-06-28 15:00:00,32.3,62,997.0,0,normal,0,0.10760155888397843,0,0,0,0,normal,0,normal
2024-06-28 16:00:00,31.8,64,998.0,0,normal,0,0.11206108232096634,0,0,0,0,normal,0,normal
2024-06-28 17:00:00,30.3,71,999.2,0,normal,0,0.1056273655076248,0,0,0,0,normal,0,normal
2024-06-28 18:00:00,30.0,73,999.2,0,normal,0,0.11300322140897412,0,0,0,0,normal,0,normal
2024-06-28 19:00:00,29.6,75,999.0,0,normal,0,0.11025705181299583,0,0,0,0,normal,0,normal
2024-06-28 20:00:00,29.3,76,998.9,0,normal,0,0.10985387127179153,0,0,0,0,normal,0,normal
2024-06-28 21:00:00,29.0,78,998.4,0,normal,0,0.10884726409587375,0,0,0,0,normal,0,normal
2024-06-28 22:00:00,29.1,75,997.5,0,normal,0,0.09113821763654811,0,0,0,0,normal,0,normal
2024-06-28 23:00:00,28.7,77,997.6,0,normal,0,0.09213094097519353,0,0,0,0,normal,0,normal
2024-06-29 00:00:00,28.4,79,998.1,0,normal,0,0.09736162942684695,0,0,0,0,normal,0,normal
2024-06-29 01:00:00,29.0,77,998.5,0,normal,0,0.10144946446635633,0,0,0,0,normal,0,normal
2024-06-29 02:00:00,30.1,73,998.7,0,normal,0,0.10917119483864585,0,0,0,0,normal,0,normal
2024-06-29 03:00:00,31.0,75,998.2,0,normal,0,0.1106640420283177,0,0,0,0,normal,0,normal
2024-06-29 04:00:00,33.4,57,998.7,0,normal,0,0.0932028723797968,0,0,0,0,normal,0,normal
2024-06-29 05:00:00,34.4,55,998.7,0,normal,0,0.1072213677049666,0,0,0,0,normal,0,normal
2024-06-29 06:00:00,34.2,64,998.3,0,normal,0,0.10289669328539608,0,0,0,0,normal,0,normal
2024-06-29 07:00:00,36.8,47,998.0,0,normal,0,0.09073511109192411,0,0,0,0,normal,0,normal
2024-06-29 08:00:00,34.6,58,998.1,0,normal,0,0.0905880418978754,0,0,0,0,normal,0,normal
2024-06-29 09:00:00,36.6,54,995.9,0,normal,0,0.09243754766628282,0,0,0,0,normal,0,normal
2024-06-29 10:00:00,35.2,54,995.6,0,normal,0,0.10057019760094488,0,0,0,0,normal,0,normal
2024-06-29 11:00:00,35.3,54,995.0,0,normal,0,0.09644624628925236,0,0,0,0,normal,0,normal
2024-06-29 12:00:00,36.4,55,994.4,0,normal,0,0.0848301684526731,0,0,0,0,normal,0,normal
2024-06-29 13:00:00,34.4,55,995.0,0,normal,0,0.08515955962250155,0,0,0,0,normal,0,normal
2024-06-29 14:00:00,33.5,59,995.6,0,normal,0,0.09637993108167131,0,0,0,0,normal,0,normal
2024-06-29 15:00:00,32.1,65,996.4,0,normal,0,0.10549082303283025,0,0,0,0,normal,0,normal
2024-06-29 16:00:00,31.8,66,997.2,0,normal,0,0.1113902481780058,0,0,0,0,normal,0,normal
2024-06-29 17:00:00,31.3,69,997.9,0,normal,0,0.10916953232333021,0,0,0,0,normal,0,normal
2024-06-29 18:00:00,30.8,71,998.5,0,normal,0,0.10904083848735069,0,0,0,0,normal,0,normal
2024-06-29 19:00:00,30.2,74,998.2,0,normal,0,0.10769870066517312,0,0,0,0,normal,0,normal
2024-06-29 20:00:00,29.1,79,998.5,0,normal,0,0.10138722175323828,0,0,0,0,normal,0,normal
2024-06-29 21:00:00,28.7,81,998.0,0,normal,0,0.10508852498976395,0,0,0,0,normal,0,normal
2024-06-29 22:00:00,28.6,83,997.8,0,normal,0,0.10073370636343038,0,0,0,0,normal,0,normal
2024-06-29 23:00:00,28.5,79,998.1,0,normal,0,0.08335622990652858,0,0,0,0,normal,0,normal
2024-06-30 00:00:00,28.0,80,998.6,0,normal,0,0.10001132034845639,0,0,0,0,normal,0,normal
2024-06-30 01:00:00,28.0,80,999.1,0,normal,0,0.10801048362379323,0,0,0,0,normal,0,normal
2024-06-30 02:00:00,28.9,77,999.3,0,normal,0,0.1097995346127641,0,0,0,0,normal,0,normal
2024-06-30 03:00:00,28.2,80,999.2,0,normal,0,0.11422827129882807,0,0,0,0,normal,0,normal
2024-06-30 04:00:00,31.7,64,999.2,0,normal,0,0.09494443506878542,0,0,0,0,normal,0,normal
2024-06-30 05:00:00,33.8,56,998.8,0,normal,0,0.10246403277369476,0,0,0,0,normal,0,normal
2024-06-30 06:00:00,29.8,76,998.2,0,normal,0,0.07063753251008431,0,0,0,0,normal,0,normal
2024-06-30 07:00:00,36.3,50,997.6,0,normal,0,0.04357956244015704,0,0,0,0,normal,0,normal
2024-06-30 08:00:00,37.0,48,996.7,0,normal,0,0.08561176865556736,0,0,0,0,normal,0,normal
2024-06-30 09:00:00,32.6,72,996.6,0,normal,0,0.05679604408828148,0,0,0,0,normal,0,normal
2024-06-30 10:00:00,38.6,43,993.5,0,normal,1,-0.026455073364267778,0,0,0,0,normal,1,isolation_forest_anomaly
2024-06-30 11:00:00,38.3,43,992.7,0,normal,0,0.037369828353750134,0,0,0,0,normal,0,normal
2024-06-30 12:00:00,32.8,69,993.8,0,normal,0,0.004644718461510822,0,0,0,0,normal,0,normal
2024-06-30 13:00:00,37.0,45,992.4,0,normal,1,-0.012173630852226891,0,0,0,0,normal,1,isolation_forest_anomaly
2024-06-30 14:00:00,36.1,49,993.1,0,normal,0,0.059803736927932505,0,0,0,0,normal,0,normal
2024-06-30 15:00:00,31.1,72,995.2,0,normal,0,0.004310821900488926,0,0,0,0,normal,0,normal
2024-06-30 16:00:00,30.9,73,996.2,0,normal,0,0.06625679680904267,0,0,0,0,normal,0,normal
2024-06-30 17:00:00,30.7,74,996.9,0,normal,0,0.10075554872904025,0,0,0,0,normal,0,normal
2024-06-30 18:00:00,27.9,88,997.7,0,normal,0,0.07125846906979066,0,0,0,0,normal,0,normal
2024-06-30 19:00:00,28.3,86,996.7,0,normal,0,0.07647835896008653,0,0,0,0,normal,0,normal
2024-06-30 20:00:00,30.7,70,996.0,0,normal,0,0.029291657089475787,0,0,0,0,normal,0,normal
2024-06-30 21:00:00,29.0,76,996.3,0,normal,0,0.08072853620816467,0,0,0,0,normal,0,normal
2024-06-30 22:00:00,28.1,80,996.3,0,normal,0,0.08911184277734097,0,0,0,0,normal,0,normal
2024-06-30 23:00:00,27.0,87,996.9,0,normal,0,0.07600609707229367,0,0,0,0,normal,0,normal
2024-07-01 00:00:00,26.7,90,996.7,0,normal,0,0.09278706439119327,0,0,0,0,normal,0,normal
2024-07-01 01:00:00,26.9,88,997.3,0,normal,0,0.10387359885792158,0,0,0,0,normal,0,normal
2024-07-01 02:00:00,27.9,82,997.7,0,normal,0,0.10764638129723086,0,0,0,0,normal,0,normal
2024-07-01 03:00:00,32.6,79,995.3,0,normal,0,0.06202827171970349,0,0,0,0,normal,0,normal
2024-07-01 04:00:00,30.4,72,997.3,0,normal,0,0.0828395330529611,0,0,0,0,normal,0,normal
2024-07-01 05:00:00,31.6,67,996.9,0,normal,0,0.11089207312059679,0,0,0,0,normal,0,normal
2024-07-01 06:00:00,32.5,64,996.4,0,normal,0,0.11603536371760897,0,0,0,0,normal,0,normal
2024-07-01 07:00:00,34.4,57,995.1,0,normal,0,0.09571136720939899,0,0,0,0,normal,0,normal
2024-07-01 08:00:00,35.8,57,992.9,0,normal,0,0.05955103495830144,0,0,0,0,normal,0,normal
2024-07-01 09:00:00,32.2,74,993.4,0,normal,0,0.04882930123849866,0,0,0,0,normal,0,normal
2024-07-01 10:00:00,36.9,52,991.2,0,normal,1,-0.014504028640858535,0,0,0,0,normal,1,isolation_forest_anomaly
2024-07-01 11:00:00,36.9,51,990.5,0,normal,0,0.023641367118657164,0,0,0,0,normal,0,normal
2024-07-01 12:00:00,34.2,67,990.8,0,normal,0,0.01552366034958419,0,0,0,0,normal,0,normal
2024-07-01 13:00:00,30.0,81,992.5,0,normal,0,0.015914468987747843,0,0,0,0,normal,0,normal
2024-07-01 14:00:00,29.4,84,993.0,0,normal,0,0.05235771344501844,0,0,0,0,normal,0,normal
2024-07-01 15:00:00,29.1,85,993.5,0,normal,0,0.0748161513777259,0,0,0,0,normal,0,normal
2024-07-01 16:00:00,28.9,85,994.4,0,normal,0,0.07257315850964535,0,0,0,0,normal,0,normal
2024-07-01 17:00:00,28.8,83,994.8,0,normal,0,0.08185227711504739,0,0,0,0,normal,0,normal
2024-07-01 18:00:00,28.5,84,994.7,0,normal,0,0.08481936190104339,0,0,0,0,normal,0,normal
2024-07-01 19:00:00,28.2,84,994.5,0,normal,0,0.08218646364294813,0,0,0,0,normal,0,normal
2024-07-01 20:00:00,27.7,83,994.0,0,normal,0,0.07382964806532316,0,0,0,0,normal,0,normal
2024-07-01 21:00:00,27.4,84,993.8,0,normal,0,0.07408115745585314,0,0,0,0,normal,0,normal
2024-07-01 22:00:00,26.2,92,994.0,0,normal,0,0.0524852848736333,0,0,0,0,normal,0,normal
2024-07-01 23:00:00,26.3,93,994.0,0,normal,0,0.05284290695102428,0,0,0,0,normal,0,normal
2024-07-02 00:00:00,26.2,95,994.3,0,normal,0,0.062242577296559354,0,0,0,0,normal,0,normal
2024-07-02 01:00:00,26.3,94,994.6,0,normal,0,0.07269128601336311,0,0,0,0,normal,0,normal
2024-07-02 02:00:00,27.2,89,995.3,0,normal,0,0.07784879941783118,0,0,0,0,normal,0,normal
2024-07-02 03:00:00,30.6,78,992.9,0,normal,0,0.03663717169601477,0,0,0,0,normal,0,normal
2024-07-02 04:00:00,28.5,83,994.9,0,normal,0,0.06336092137884147,0,0,0,0,normal,0,normal
2024-07-02 05:00:00,30.5,74,994.9,0,normal,0,0.07450396040174856,0,0,0,0,normal,0,normal
2024-07-02 06:00:00,34.8,63,993.1,0,normal,0,0.0447272400490048,0,0,0,0,normal,0,normal
2024-07-02 07:00:00,33.6,64,993.9,0,normal,0,0.07437641326905436,0,0,0,0,normal,0,normal
2024-07-02 08:00:00,34.2,61,993.3,0,normal,0,0.07670094873518651,0,0,0,0,normal,0,normal
2024-07-02 09:00:00,36.4,59,991.7,0,normal,0,0.05278583709536372,0,0,0,0,normal,0,normal
2024-07-02 10:00:00,37.1,52,990.8,0,normal,0,0.0351008044454737,0,0,0,0,normal,0,normal
2024-07-02 11:00:00,36.2,55,990.8,0,normal,0,0.03698024836610614,0,0,0,0,normal,0,normal
2024-07-02 12:00:00,37.2,56,990.4,0,normal,0,0.024438916444362413,0,0,0,0,normal,0,normal
2024-07-02 13:00:00,32.1,73,991.8,0,normal,1,-0.0004303380462051809,0,0,0,0,normal,1,isolation_forest_anomaly
2024-07-02 14:00:00,30.2,80,992.5,0,normal,0,0.03898498981319204,0,0,0,0,normal,0,normal
2024-07-02 15:00:00,28.9,86,993.9,0,normal,0,0.061727694962070756,0,0,0,0,normal,0,normal
2024-07-02 16:00:00,27.8,87,994.9,0,normal,0,0.07615371162808654,0,0,0,0,normal,0,normal
2024-07-02 17:00:00,27.6,89,995.8,0,normal,0,0.0930198223136009,0,0,0,0,normal,0,normal
2024-07-02 18:00:00,26.6,95,996.2,0,normal,0,0.0846290298176654,0,0,0,0,normal,0,normal
2024-07-02 19:00:00,27.0,92,995.5,0,normal,0,0.07920663438621744,0,0,0,0,normal,0,normal
2024-07-02 20:00:00,26.6,94,994.9,0,normal,0,0.08208457809628911,0,0,0,0,normal,0,normal
2024-07-02 21:00:00,26.5,96,995.6,0,normal,0,0.0756252786210817,0,0,0,0,normal,0,normal
2024-07-02 22:00:00,26.4,95,995.0,0,normal,0,0.07537192842713114,0,0,0,0,normal,0,normal
2024-07-02 23:00:00,25.5,97,996.5,0,normal,0,0.05529877526569427,0,0,0,0,normal,0,normal
2024-07-03 00:00:00,25.4,95,996.6,0,normal,0,0.08459383226125883,0,0,0,0,normal,0,normal
2024-07-03 01:00:00,25.7,94,997.5,0,normal,0,0.10234933858001016,0,0,0,0,normal,0,normal
2024-07-03 02:00:00,26.5,90,997.7,0,normal,0,0.10921841244843644,0,0,0,0,normal,0,normal
2024-07-03 03:00:00,28.2,86,995.3,0,normal,0,0.07936879208303427,0,0,0,0,normal,0,normal
2024-07-03 04:00:00,29.3,82,997.8,0,normal,0,0.08576340994882226,0,0,0,0,normal,0,normal
2024-07-03 05:00:00,31.1,74,997.9,0,normal,0,0.10647653995171402,0,0,0,0,normal,0,normal
2024-07-03 06:00:00,32.0,75,995.7,0,normal,0,0.0967903647024771,0,0,0,0,normal,0,normal
2024-07-03 07:00:00,33.6,63,997.4,0,normal,0,0.08836883857732358,0,0,0,0,normal,0,normal
2024-07-03 08:00:00,34.9,65,994.9,0,normal,0,0.08031099317113627,0,0,0,0,normal,0,normal
2024-07-03 09:00:00,32.6,73,995.1,0,normal,0,0.09546574280788467,0,0,0,0,normal,0,normal
2024-07-03 10:00:00,35.6,63,993.7,0,normal,0,0.06063473832667793,0,0,0,0,normal,0,normal
2024-07-03 11:00:00,35.5,64,993.5,0,normal,0,0.08686120813863896,0,0,0,0,normal,0,normal
2024-07-03 12:00:00,33.4,71,993.6,0,normal,0,0.07478388709893985,0,0,0,0,normal,0,normal
2024-07-03 13:00:00,30.8,76,995.5,0,normal,0,0.08043157753956293,0,0,0,0,normal,0,normal
2024-07-03 14:00:00,29.5,80,996.8,0,normal,0,0.09837917267012869,0,0,0,0,normal,0,normal
2024-07-03 15:00:00,27.9,84,997.5,0,normal,0,0.1192198378717712,0,0,0,0,normal,0,normal
2024-07-03 16:00:00,26.7,91,999.6,0,normal,0,0.0937432503582854,0,0,0,0,normal,0,normal
2024-07-03 17:00:00,26.5,93,999.4,0,normal,0,0.11655260812586843,0,0,0,0,normal,0,normal
2024-07-03 18:00:00,26.6,92,1000.0,0,normal,0,0.11338064595048453,0,0,0,0,normal,0,normal
2024-07-03 19:00:00,26.1,94,1000.4,0,normal,0,0.11427627989619416,0,0,0,0,normal,0,normal
2024-07-03 20:00:00,26.0,94,1000.2,0,normal,0,0.12027943663857849,0,0,0,0,normal,0,normal
2024-07-03 21:00:00,25.9,94,999.6,0,normal,0,0.11441478127264942,0,0,0,0,normal,0,normal
2024-07-03 22:00:00,25.7,94,999.8,0,normal,0,0.1162063082384523,0,0,0,0,normal,0,normal
2024-07-03 23:00:00,25.6,93,999.5,0,normal,0,0.1104556729553346,0,0,0,0,normal,0,normal
2024-07-04 00:00:00,25.6,93,999.9,0,normal,0,0.1144494881439127,0,0,0,0,normal,0,normal
2024-07-04 01:00:00,25.8,93,1000.2,0,normal,0,0.11830397532991377,0,0,0,0,normal,0,normal
2024-07-04 02:00:00,26.1,92,1001.4,0,normal,0,0.11850577031846765,0,0,0,0,normal,0,normal
2024-07-04 03:00:00,27.4,92,1000.8,0,normal,0,0.11450126174042086,0,0,0,0,normal,0,normal
2024-07-04 04:00:00,27.6,84,1001.4,0,normal,0,0.11576877946967251,0,0,0,0,normal,0,normal
2024-07-04 05:00:00,28.4,81,1001.4,0,normal,0,0.12384959814602964,0,0,0,0,normal,0,normal
2024-07-04 06:00:00,28.4,85,1001.2,0,normal,0,0.1207470576002802,0,0,0,0,normal,0,normal
2024-07-04 07:00:00,30.5,71,1001.0,0,normal,0,0.10798197811460952,0,0,0,0,normal,0,normal
2024-07-04 08:00:00,32.4,63,1000.1,0,normal,0,0.1164593803676694,0,0,0,0,normal,0,normal
2024-07-04 09:00:00,31.3,70,998.8,0,normal,0,0.12512139716429932,0,0,0,0,normal,0,normal
2024-07-04 10:00:00,31.3,71,997.9,0,normal,0,0.12659037231878323,0,0,0,0,normal,0,normal
2024-07-04 11:00:00,31.9,68,997.3,0,normal,0,0.12314648400020894,0,0,0,0,normal,0,normal
2024-07-04 12:00:00,32.2,72,996.3,0,normal,0,0.11714650459977477,0,0,0,0,normal,0,normal
2024-07-04 13:00:00,31.0,74,997.1,0,normal,0,0.120621223837241,0,0,0,0,normal,0,normal
2024-07-04 14:00:00,29.2,84,997.7,0,normal,0,0.1177728239460919,0,0,0,0,normal,0,normal
2024-07-04 15:00:00,28.6,85,998.4,0,normal,0,0.12458431075360116,0,0,0,0,normal,0,normal
2024-07-04 16:00:00,28.2,87,999.3,0,normal,0,0.12244153007527009,0,0,0,0,normal,0,normal
2024-07-04 17:00:00,27.7,90,999.7,0,normal,0,0.12379935886802723,0,0,0,0,normal,0,normal
2024-07-04 18:00:00,27.7,88,999.6,0,normal,0,0.11584624854344933,0,0,0,0,normal,0,normal
2024-07-04 19:00:00,27.4,87,998.5,0,normal,0,0.10627369627321753,0,0,0,0,normal,0,normal
2024-07-04 20:00:00,27.2,87,998.0,0,normal,0,0.11435946973985556,0,0,0,0,normal,0,normal
2024-07-04 21:00:00,27.0,87,997.6,0,normal,0,0.11195979187520422,0,0,0,0,normal,0,normal
2024-07-04 22:00:00,26.7,89,997.6,0,normal,0,0.11238465699303662,0,0,0,0,normal,0,normal
2024-07-04 23:00:00,26.5,90,997.7,0,normal,0,0.10536157597622536,0,0,0,0,normal,0,normal
2024-07-05 00:00:00,26.4,90,998.0,0,normal,0,0.11056193896261213,0,0,0,0,normal,0,normal
2024-07-05 01:00:00,27.0,89,998.4,0,normal,0,0.11292946677414128,0,0,0,0,normal,0,normal
2024-07-05 02:00:00,28.2,85,998.4,0,normal,0,0.11273406164266903,0,0,0,0,normal,0,normal
2024-07-05 03:00:00,30.2,81,997.1,0,normal,0,0.10915020036063272,0,0,0,0,normal,0,normal
2024-07-05 04:00:00,29.8,78,998.3,0,normal,0,0.11486282210756799,0,0,0,0,normal,0,normal
2024-07-05 05:00:00,31.7,72,997.7,0,normal,0,0.11308930900907244,0,0,0,0,normal,0,normal
2024-07-05 06:00:00,32.6,72,996.1,0,normal,0,0.10612121635316807,0,0,0,0,normal,0,normal
2024-07-05 07:00:00,33.2,62,996.5,0,normal,0,0.10412016142295188,0,0,0,0,normal,0,normal
2024-07-05 08:00:00,33.2,64,995.9,0,normal,0,0.11008250624972249,0,0,0,0,normal,0,normal
2024-07-05 09:00:00,33.8,65,994.2,0,normal,0,0.0969176531680247,0,0,0,0,normal,0,normal
2024-07-05 10:00:00,32.8,62,994.4,0,normal,0,0.09529959734523724,0,0,0,0,normal,0,normal
2024-07-05 11:00:00,32.2,65,993.8,0,normal,0,0.09841878034848162,0,0,0,0,normal,0,normal
2024-07-05 12:00:00,34.2,62,992.0,0,normal,0,0.056077709023763744,0,0,0,0,normal,0,normal
2024-07-05 13:00:00,31.0,71,993.3,0,normal,0,0.060073073716482905,0,0,0,0,normal,0,normal
2024-07-05 14:00:00,30.1,74,994.1,0,normal,0,0.07879669965860864,0,0,0,0,normal,0,normal
2024-07-05 15:00:00,29.4,75,994.8,0,normal,0,0.0942008313859729,0,0,0,0,normal,0,normal
2024-07-05 16:00:00,28.8,77,995.6,0,normal,0,0.0972141369093052,0,0,0,0,normal,0,normal
2024-07-05 17:00:00,28.3,79,995.5,0,normal,0,0.10205269421120094,0,0,0,0,normal,0,normal
2024-07-05 18:00:00,27.8,81,995.0,0,normal,0,0.09397043708818353,0,0,0,0,normal,0,normal
2024-07-05 19:00:00,27.2,84,994.2,0,normal,0,0.08182768778483601,0,0,0,0,normal,0,normal
2024-07-05 20:00:00,26.9,85,994.0,0,normal,0,0.08028481504685037,0,0,0,0,normal,0,normal
2024-07-05 21:00:00,26.0,84,994.2,0,normal,0,0.06901228883120658,0,0,0,0,normal,0,normal
2024-07-05 22:00:00,25.7,86,994.4,0,normal,0,0.07158376419645668,0,0,0,0,normal,0,normal
2024-07-05 23:00:00,25.6,87,994.8,0,normal,0,0.0686790617659358,0,0,0,0,normal,0,normal
2024-07-06 00:00:00,25.8,87,995.7,0,normal,0,0.07141710234979409,0,0,0,0,normal,0,normal
2024-07-06 01:00:00,25.7,87,996.6,0,normal,0,0.08926357289588205,0,0,0,0,normal,0,normal
2024-07-06 02:00:00,25.5,92,995.9,0,normal,0,0.08475912234727545,0,0,0,0,normal,0,normal
2024-07-06 03:00:00,24.8,91,996.7,0,normal,0,0.09890885499320085,0,0,0,0,normal,0,normal
2024-07-06 04:00:00,28.0,80,996.0,0,normal,0,0.07529766897520118,0,0,0,0,normal,0,normal
2024-07-06 05:00:00,29.7,73,995.5,0,normal,0,0.09073230682612515,0,0,0,0,normal,0,normal
2024-07-06 06:00:00,27.4,76,994.0,0,normal,0,0.07896715014816419,0,0,0,0,normal,0,normal
2024-07-06 07:00:00,31.2,66,995.3,0,normal,0,0.06253628170297415,0,0,0,0,normal,0,normal
2024-07-06 08:00:00,31.8,64,994.7,0,normal,0,0.09641530588179126,0,0,0,0,normal,0,normal
2024-07-06 09:00:00,30.0,70,994.5,0,normal,0,0.09442202865714139,0,0,0,0,normal,0,normal
2024-07-06 10:00:00,32.4,63,993.6,0,normal,0,0.08371648539488796,0,0,0,0,normal,0,normal
2024-07-06 11:00:00,32.1,64,993.3,0,normal,0,0.09538561910678117,0,0,0,0,normal,0,normal
2024-07-06 12:00:00,30.0,74,993.5,0,normal,0,0.08209111323909624,0,0,0,0,normal,0,normal
2024-07-06 13:00:00,31.3,72,993.2,0,normal,0,0.079432440034293,0,0,0,0,normal,0,normal
2024-07-06 14:00:00,30.4,74,994.2,0,normal,0,0.07697324789974097,0,0,0,0,normal,0,normal
2024-07-06 15:00:00,30.0,74,995.2,0,normal,0,0.0879932376886372,0,0,0,0,normal,0,normal
2024-07-06 16:00:00,29.5,75,996.7,0,normal,0,0.09656317978924289,0,0,0,0,normal,0,normal
2024-07-06 17:00:00,28.0,80,997.9,0,normal,0,0.10663514980756028,0,0,0,0,normal,0,normal
2024-07-06 18:00:00,27.9,81,997.4,0,normal,0,0.11473817406844034,0,0,0,0,normal,0,normal
2024-07-06 19:00:00,27.5,83,997.1,0,normal,0,0.11282686743296289,0,0,0,0,normal,0,normal
2024-07-06 20:00:00,26.8,85,996.3,0,normal,0,0.1043172386676326,0,0,0,0,normal,0,normal
2024-07-06 21:00:00,26.2,88,996.3,0,normal,0,0.10431248032025753,0,0,0,0,normal,0,normal
2024-07-06 22:00:00,26.1,89,996.5,0,normal,0,0.10741433784109256,0,0,0,0,normal,0,normal
2024-07-06 23:00:00,25.7,91,996.3,0,normal,0,0.09222762069363893,0,0,0,0,normal,0,normal
2024-07-07 00:00:00,25.6,92,997.1,0,normal,0,0.10107909724151182,0,0,0,0,normal,0,normal
2024-07-07 01:00:00,26.1,90,997.6,0,normal,0,0.10755375059328598,0,0,0,0,normal,0,normal
2024-07-07 02:00:00,26.9,86,997.6,0,normal,0,0.11218308023015361,0,0,0,0,normal,0,normal
2024-07-07 03:00:00,27.4,86,999.3,0,normal,0,0.1112213094288953,0,0,0,0,normal,0,normal
2024-07-07 04:00:00,26.3,87,999.2,0,normal,0,0.1115214812304256,0,0,0,0,normal,0,normal
2024-07-07 05:00:00,26.9,84,999.2,0,normal,0,0.11199373200011586,0,0,0,0,normal,0,normal
2024-07-07 06:00:00,29.6,77,999.1,0,normal,0,0.11039208304891557,0,0,0,0,normal,0,normal
2024-07-07 07:00:00,29.6,75,999.1,0,normal,0,0.12159466707537425,0,0,0,0,normal,0,normal
2024-07-07 08:00:00,31.1,67,997.5,0,normal,0,0.11257671206224062,0,0,0,0,normal,0,normal
2024-07-07 09:00:00,32.4,70,997.5,0,normal,0,0.1244147891672911,0,0,0,0,normal,0,normal
2024-07-07 10:00:00,32.0,62,996.9,0,normal,0,0.12057460080281934,0,0,0,0,normal,0,normal
2024-07-07 11:00:00,32.0,62,996.6,0,normal,0,0.12439045210706784,0,0,0,0,normal,0,normal
2024-07-07 12:00:00,32.8,68,996.1,0,normal,0,0.11665400192610303,0,0,0,0,normal,0,normal
2024-07-07 13:00:00,31.3,68,996.9,0,normal,0,0.11781585064224942,0,0,0,0,normal,0,normal
2024-07-07 14:00:00,29.7,78,997.8,0,normal,0,0.11658328358686865,0,0,0,0,normal,0,normal
2024-07-07 15:00:00,28.9,84,998.9,0,normal,0,0.122175799805667,0,0,0,0,normal,0,normal
2024-07-07 16:00:00,28.7,83,999.8,0,normal,0,0.12227059221034203,0,0,0,0,normal,0,normal
2024-07-07 17:00:00,28.7,82,1000.5,0,normal,0,0.1171430279408634,0,0,0,0,normal,0,normal
2024-07-07 18:00:00,27.7,83,1000.7,0,normal,0,0.12217447497494349,0,0,0,0,normal,0,normal
2024-07-07 19:00:00,27.6,84,1001.1,0,normal,0,0.12289759700733799,0,0,0,0,normal,0,normal
2024-07-07 20:00:00,27.4,85,1001.3,0,normal,0,0.12410516437625307,0,0,0,0,normal,0,normal
2024-07-07 21:00:00,27.1,86,1001.0,0,normal,0,0.12499878857451152,0,0,0,0,normal,0,normal
2024-07-07 22:00:00,26.4,92,1000.9,0,normal,0,0.1145344209118726,0,0,0,0,normal,0,normal
2024-07-07 23:00:00,26.4,87,1001.7,0,normal,0,0.10099376451615005,0,0,0,0,normal,0,normal
2024-07-08 00:00:00,26.0,89,1001.6,0,normal,0,0.11883179036057895,0,0,0,0,normal,0,normal
2024-07-08 01:00:00,25.9,91,1002.1,0,normal,0,0.12584743937886944,0,0,0,0,normal,0,normal
2024-07-08 02:00:00,26.6,88,1002.4,0,normal,0,0.12633577319619704,0,0,0,0,normal,0,normal
2024-07-08 03:00:00,30.0,77,1001.6,0,normal,0,0.11288369938764548,0,0,0,0,normal,0,normal
2024-07-08 04:00:00,28.6,76,1002.5,0,normal,0,0.12461151832198791,0,0,0,0,normal,0,normal
2024-07-08 05:00:00,28.6,78,1002.7,0,normal,0,0.12427734488453623,0,0,0,0,normal,0,normal
2024-07-08 06:00:00,32.0,67,1002.4,0,normal,0,0.112643523627807,0,0,0,0,normal,0,normal
2024-07-08 07:00:00,29.4,74,1002.6,0,normal,0,0.11386463723046486,0,0,0,0,normal,0,normal
2024-07-08 08:00:00,30.8,69,1002.2,0,normal,0,0.12833970773240433,0,0,0,0,normal,0,normal
2024-07-08 09:00:00,33.2,66,1000.8,0,normal,0,0.12205138872217336,0,0,0,0,normal,0,normal
2024-07-08 10:00:00,32.2,64,1000.5,0,normal,0,0.1328327909214434,0,0,0,0,normal,0,normal
2024-07-08 11:00:00,32.1,64,999.9,0,normal,0,0.13061306249734023,0,0,0,0,normal,0,normal
2024-07-08 12:00:00,32.4,70,999.1,0,normal,0,0.12190768840160371,0,0,0,0,normal,0,normal
2024-07-08 13:00:00,31.3,72,999.2,0,normal,0,0.1267497669909301,0,0,0,0,normal,0,normal
2024-07-08 14:00:00,29.6,79,1000.4,0,normal,0,0.12188427934165563,0,0,0,0,normal,0,normal
2024-07-08 15:00:00,29.0,80,1001.0,0,normal,0,0.13057856402915147,0,0,0,0,normal,0,normal
2024-07-08 16:00:00,28.5,80,1001.7,0,normal,0,0.12504218826420455,0,0,0,0,normal,0,normal
2024-07-08 17:00:00,28.1,80,1002.6,0,normal,0,0.1210046789704845,0,0,0,0,normal,0,normal
2024-07-08 18:00:00,27.7,81,1002.9,0,normal,0,0.12489639413870907,0,0,0,0,normal,0,normal
2024-07-08 19:00:00,26.9,82,1003.1,0,normal,0,0.12366013059931746,0,0,0,0,normal,0,normal
2024-07-08 20:00:00,26.5,84,1002.8,0,normal,0,0.12463365161202528,0,0,0,0,normal,0,normal
2024-07-08 21:00:00,26.1,86,1002.9,0,normal,0,0.1276305973510426,0,0,0,0,normal,0,normal
2024-07-08 22:00:00,25.6,90,1003.1,0,normal,0,0.12254780586180136,0,0,0,0,normal,0,normal
2024-07-08 23:00:00,25.5,91,1003.4,0,normal,0,0.11661357274736683,0,0,0,0,normal,0,normal
2024-07-09 00:00:00,25.4,91,1003.6,0,normal,0,0.11793310873656804,0,0,0,0,normal,0,normal
2024-07-09 01:00:00,25.6,90,1004.2,0,normal,0,0.12230240058893327,0,0,0,0,normal,0,normal
2024-07-09 02:00:00,26.0,89,1004.5,0,normal,0,0.1251316184189752,0,0,0,0,normal,0,normal
2024-07-09 03:00:00,31.4,72,1002.6,0,normal,0,0.07473084538190589,0,0,0,0,normal,0,normal
2024-07-09 04:00:00,28.6,80,1004.2,0,normal,0,0.10295651371911163,0,0,0,0,normal,0,normal
2024-07-09 05:00:00,30.4,71,1004.0,0,normal,0,0.12133042980476116,0,0,0,0,normal,0,normal
2024-07-09 06:00:00,34.0,62,1002.7,0,normal,0,0.10890419229959242,0,0,0,0,normal,0,normal
2024-07-09 07:00:00,32.6,64,1003.1,0,normal,0,0.11912286255105536,0,0,0,0,normal,0,normal
2024-07-09 08:00:00,33.2,62,1002.4,0,normal,0,0.1269559071007123,0,0,0,0,normal,0,normal
2024-07-09 09:00:00,35.2,59,1000.7,0,normal,0,0.11698892062298799,0,0,0,0,normal,0,normal
2024-07-09 10:00:00,33.7,60,1001.0,0,normal,0,0.12424170221722408,0,0,0,0,normal,0,normal
2024-07-09 11:00:00,34.2,59,1000.0,0,normal,0,0.11813231175601807,0,0,0,0,normal,0,normal
2024-07-09 12:00:00,34.2,62,999.4,0,normal,0,0.12289265504386204,0,0,0,0,normal,0,normal
2024-07-09 13:00:00,32.8,74,999.0,0,normal,0,0.11703699430702214,0,0,0,0,normal,0,normal
2024-07-09 14:00:00,32.0,72,998.9,0,normal,0,0.11458039772224438,0,0,0,0,normal,0,normal
2024-07-09 15:00:00,31.2,74,999.5,0,normal,0,0.12262485751691748,0,0,0,0,normal,0,normal
2024-07-09 16:00:00,29.5,84,1001.1,0,normal,0,0.10582996899089525,0,0,0,0,normal,0,normal
2024-07-09 17:00:00,29.0,86,1001.8,0,normal,0,0.12114676734004454,0,0,0,0,normal,0,normal
2024-07-09 18:00:00,28.6,88,1002.2,0,normal,0,0.12472186953955722,0,0,0,0,normal,0,normal
2024-07-09 19:00:00,28.4,89,1002.4,0,normal,0,0.12430224919185567,0,0,0,0,normal,0,normal
2024-07-09 20:00:00,28.3,88,1002.5,0,normal,0,0.11949164681400354,0,0,0,0,normal,0,normal
2024-07-09 21:00:00,27.8,88,1002.7,0,normal,0,0.12395880422237698,0,0,0,0,normal,0,normal
2024-07-09 22:00:00,27.2,91,1002.2,0,normal,0,0.12238567575665188,0,0,0,0,normal,0,normal
2024-07-09 23:00:00,26.9,93,1002.3,0,normal,0,0.11362723256760421,0,0,0,0,normal,0,normal
2024-07-10 00:00:00,26.9,93,1002.3,0,normal,0,0.1167351474856389,0,0,0,0,normal,0,normal
2024-07-10 01:00:00,27.5,90,1003.2,0,normal,0,0.1186047755871863,0,0,0,0,normal,0,normal
2024-07-10 02:00:00,28.3,83,1003.8,0,normal,0,0.11983455903189688,0,0,0,0,normal,0,normal
2024-07-10 03:00:00,32.8,72,1002.9,0,normal,0,0.09981770577933152,0,0,0,0,normal,0,normal
2024-07-10 04:00:00,31.1,75,1003.9,0,normal,0,0.11646088869849597,0,0,0,0,normal,0,normal
2024-07-10 05:00:00,32.1,71,1003.7,0,normal,0,0.1203655256897303,0,0,0,0,normal,0,normal
2024-07-10 06:00:00,34.6,67,1002.1,0,normal,0,0.11309014873004769,0,0,0,0,normal,0,normal
2024-07-10 07:00:00,33.4,65,1003.0,0,normal,0,0.11762742685838906,0,0,0,0,normal,0,normal
2024-07-10 08:00:00,33.9,62,1002.4,0,normal,0,0.12783518949904088,0,0,0,0,normal,0,normal
2024-07-10 09:00:00,35.2,64,1000.0,0,normal,0,0.10553306651791383,0,0,0,0,normal,0,normal
2024-07-10 10:00:00,34.5,61,1000.4,0,normal,0,0.12076410429292772,0,0,0,0,normal,0,normal
2024-07-10 11:00:00,34.5,61,999.5,0,normal,0,0.1212993326025168,0,0,0,0,normal,0,normal
2024-07-10 12:00:00,35.6,61,998.1,0,normal,0,0.10260753744120105,0,0,0,0,normal,0,normal
2024-07-10 13:00:00,33.2,71,998.3,0,normal,0,0.11437266369331633,0,0,0,0,normal,0,normal
2024-07-10 14:00:00,32.1,75,998.6,0,normal,0,0.11799127922674396,0,0,0,0,normal,0,normal
2024-07-10 15:00:00,31.5,75,999.2,0,normal,0,0.12293163773221055,0,0,0,0,normal,0,normal
2024-07-10 16:00:00,30.4,83,1000.0,0,normal,0,0.11597192048638727,0,0,0,0,normal,0,normal
2024-07-10 17:00:00,30.0,82,1000.7,0,normal,0,0.11910196326990335,0,0,0,0,normal,0,normal
2024-07-10 18:00:00,29.1,87,1000.8,0,normal,0,0.11921618826996144,0,0,0,0,normal,0,normal
2024-07-10 19:00:00,28.6,90,1000.6,0,normal,0,0.1192450558375297,0,0,0,0,normal,0,normal
2024-07-10 20:00:00,28.3,92,1000.3,0,normal,0,0.1193475040598298,0,0,0,0,normal,0,normal
2024-07-10 21:00:00,28.4,91,999.6,0,normal,0,0.11470830442232866,0,0,0,0,normal,0,normal
2024-07-10 22:00:00,27.7,94,999.4,0,normal,0,0.10914813230827625,0,0,0,0,normal,0,normal
2024-07-10 23:00:00,27.6,94,999.6,0,normal,0,0.10688718095344518,0,0,0,0,normal,0,normal
2024-07-11 00:00:00,27.4,95,999.7,0,normal,0,0.10695339457984654,0,0,0,0,normal,0,normal
2024-07-11 01:00:00,27.9,94,999.9,0,normal,0,0.11054755964593532,0,0,0,0,normal,0,normal
2024-07-11 02:00:00,29.2,90,999.6,0,normal,0,0.10843935662717136,0,0,0,0,normal,0,normal
2024-07-11 03:00:00,32.8,79,998.9,0,normal,0,0.09320489563364986,0,0,0,0,normal,0,normal
2024-07-11 04:00:00,31.8,73,999.1,0,normal,0,0.11083396794684408,0,0,0,0,normal,0,normal
2024-07-11 05:00:00,33.0,68,999.1,0,normal,0,0.11495289476982368,0,0,0,0,normal,0,normal
2024-07-11 06:00:00,34.6,70,998.3,0,normal,0,0.10813420025087095,0,0,0,0,normal,0,normal
2024-07-11 07:00:00,34.6,61,998.5,0,normal,0,0.10715951816438629,0,0,0,0,normal,0,normal
2024-07-11 08:00:00,35.5,57,997.1,0,normal,0,0.10610976444234316,0,0,0,0,normal,0,normal
2024-07-11 09:00:00,36.0,60,996.0,0,normal,0,0.10330332978721768,0,0,0,0,normal,0,normal
2024-07-11 10:00:00,35.7,55,995.1,0,normal,0,0.095031464493458,0,0,0,0,normal,0,normal
2024-07-11 11:00:00,35.3,56,994.4,0,normal,0,0.09364478944419685,0,0,0,0,normal,0,normal
2024-07-11 12:00:00,36.4,52,993.1,0,normal,0,0.06871914342826951,0,0,0,0,normal,0,normal
2024-07-11 13:00:00,33.2,67,994.3,0,normal,0,0.06118396110318647,0,0,0,0,normal,0,normal
2024-07-11 14:00:00,31.7,78,994.4,0,normal,0,0.07596221150297061,0,0,0,0,normal,0,normal
2024-07-11 15:00:00,31.0,79,994.6,0,normal,0,0.09287590824859138,0,0,0,0,normal,0,normal
2024-07-11 16:00:00,30.3,83,994.9,0,normal,0,0.09290804164178751,0,0,0,0,normal,0,normal
2024-07-11 17:00:00,30.3,81,995.6,0,normal,0,0.08924464219981687,0,0,0,0,normal,0,normal
2024-07-11 18:00:00,29.3,86,996.2,0,normal,0,0.0918740840895001,0,0,0,0,normal,0,normal
2024-07-11 19:00:00,29.0,86,996.4,0,normal,0,0.10311330235189897,0,0,0,0,normal,0,normal
2024-07-11 20:00:00,28.6,88,996.1,0,normal,0,0.09818275634187507,0,0,0,0,normal,0,normal
2024-07-11 21:00:00,28.3,89,996.0,0,normal,0,0.1016482158919515,0,0,0,0,normal,0,normal
2024-07-11 22:00:00,28.6,86,995.3,0,normal,0,0.08234353358336838,0,0,0,0,normal,0,normal
2024-07-11 23:00:00,27.3,83,994.6,0,normal,0,0.059621712915201575,0,0,0,0,normal,0,normal
2024-07-12 00:00:00,27.2,83,994.2,0,normal,0,0.07099139942291038,0,0,0,0,normal,0,normal
2024-07-12 01:00:00,27.5,84,995.1,0,normal,0,0.07389380033387144,0,0,0,0,normal,0,normal
2024-07-12 02:00:00,26.4,89,996.8,0,normal,0,0.07436850031271486,0,0,0,0,normal,0,normal
2024-07-12 03:00:00,30.2,58,995.9,0,normal,0,0.029276008803115927,0,0,0,0,normal,0,normal
2024-07-12 04:00:00,27.6,84,997.2,0,normal,0,0.044093434822640776,0,0,0,0,normal,0,normal
2024-07-12 05:00:00,29.3,76,997.6,0,normal,0,0.09924371776559016,0,0,0,0,normal,0,normal
2024-07-12 06:00:00,27.8,80,997.0,0,normal,0,0.1094323345800089,0,0,0,0,normal,0,normal
2024-07-12 07:00:00,32.2,65,996.4,0,normal,0,0.07891206587388233,0,0,0,0,normal,0,normal
2024-07-12 08:00:00,33.1,63,995.7,0,normal,0,0.10373914267614526,0,0,0,0,normal,0,normal
2024-07-12 09:00:00,27.6,72,997.5,0,normal,0,0.07177522225688959,0,0,0,0,normal,0,normal
2024-07-12 10:00:00,35.4,56,993.0,0,normal,1,-0.016860811230935746,0,0,0,0,normal,1,isolation_forest_anomaly
2024-07-12 11:00:00,35.2,57,992.6,0,normal,0,0.05475786434481689,0,0,0,0,normal,0,normal
2024-07-12 12:00:00,28.6,78,993.3,0,normal,0,0.010981946347621174,0,0,0,0,normal,0,normal
2024-07-12 13:00:00,33.8,67,992.9,0,normal,0,0.023733037796511147,0,0,0,0,normal,0,normal
2024-07-12 14:00:00,29.1,78,994.8,0,normal,0,0.045243545530393614,0,0,0,0,normal,0,normal
2024-07-12 15:00:00,28.4,80,995.2,0,normal,0,0.09021045504495367,0,0,0,0,normal,0,normal
2024-07-12 16:00:00,28.1,80,995.7,0,normal,0,0.09822969991591324,0,0,0,0,normal,0,normal
2024-07-12 17:00:00,27.6,83,996.5,0,normal,0,0.1055301784652452,0,0,0,0,normal,0,normal
2024-07-12 18:00:00,27.8,85,996.9,0,normal,0,0.10508636046514591,0,0,0,0,normal,0,normal
2024-07-12 19:00:00,26.1,89,997.0,0,normal,0,0.10125648413305188,0,0,0,0,normal,0,normal
2024-07-12 20:00:00,25.8,91,996.6,0,normal,0,0.10680889902786866,0,0,0,0,normal,0,normal
2024-07-12 21:00:00,25.0,93,998.3,0,normal,0,0.09135511690843212,0,0,0,0,normal,0,normal
2024-07-12 22:00:00,24.9,91,997.1,0,normal,0,0.09312299131947566,0,0,0,0,normal,0,normal
2024-07-12 23:00:00,24.7,95,997.5,0,normal,0,0.08658583411917309,0,0,0,0,normal,0,normal
2024-07-13 00:00:00,24.3,96,999.1,0,normal,0,0.08050306663023976,0,0,0,0,normal,0,normal
2024-07-13 01:00:00,24.3,96,998.0,0,normal,0,0.09103615716984453,0,0,0,0,normal,0,normal
2024-07-13 02:00:00,25.0,94,999.2,0,normal,0,0.09987360816279134,0,0,0,0,normal,0,normal
2024-07-13 03:00:00,28.2,83,999.3,0,normal,0,0.0943184119917273,0,0,0,0,normal,0,normal
2024-07-13 04:00:00,26.5,84,999.1,0,normal,0,0.11288320622741765,0,0,0,0,normal,0,normal
2024-07-13 05:00:00,27.6,75,999.1,0,normal,0,0.11108445960398794,0,0,0,0,normal,0,normal
2024-07-13 06:00:00,31.2,66,997.9,0,normal,0,0.10567866681446653,0,0,0,0,normal,0,normal
2024-07-13 07:00:00,31.2,62,998.4,0,normal,0,0.11960851980945736,0,0,0,0,normal,0,normal
2024-07-13 08:00:00,32.1,59,997.9,0,normal,0,0.12540297924505694,0,0,0,0,normal,0,normal
2024-07-13 09:00:00,33.8,54,996.3,0,normal,0,0.11079233336662153,0,0,0,0,normal,0,normal
2024-07-13 10:00:00,33.9,55,995.3,0,normal,0,0.11103233498155779,0,0,0,0,normal,0,normal
2024-07-13 11:00:00,33.8,55,994.5,0,normal,0,0.09224344153089409,0,0,0,0,normal,0,normal
2024-07-13 12:00:00,32.0,67,993.0,0,normal,0,0.07053183623242432,0,0,0,0,normal,0,normal
2024-07-13 13:00:00,32.4,71,994.3,0,normal,0,0.08041254245293356,0,0,0,0,normal,0,normal
2024-07-13 14:00:00,30.8,74,995.0,0,normal,0,0.09557117492989048,0,0,0,0,normal,0,normal
2024-07-13 15:00:00,30.0,70,996.0,0,normal,0,0.09428432690722238,0,0,0,0,normal,0,normal
2024-07-13 16:00:00,28.4,78,996.7,0,normal,0,0.10495151600235036,0,0,0,0,normal,0,normal
2024-07-13 17:00:00,27.7,81,997.3,0,normal,0,0.11586331603930528,0,0,0,0,normal,0,normal
2024-07-13 18:00:00,27.1,85,997.6,0,normal,0,0.11443598659543841,0,0,0,0,normal,0,normal
2024-07-13 19:00:00,27.5,82,997.5,0,normal,0,0.10566921618517733,0,0,0,0,normal,0,normal
2024-07-13 20:00:00,27.3,84,996.7,0,normal,0,0.10759043257907225,0,0,0,0,normal,0,normal
2024-07-13 21:00:00,26.4,90,996.6,0,normal,0,0.10463301043772777,0,0,0,0,normal,0,normal
2024-07-13 22:00:00,26.0,93,996.5,0,normal,0,0.10166742538287821,0,0,0,0,normal,0,normal
2024-07-13 23:00:00,26.2,90,996.7,0,normal,0,0.09122624076756469,0,0,0,0,normal,0,normal
2024-07-14 00:00:00,26.3,89,996.9,0,normal,0,0.09721653769624766,0,0,0,0,normal,0,normal
2024-07-14 01:00:00,26.6,89,997.1,0,normal,0,0.10733238116508675,0,0,0,0,normal,0,normal
2024-07-14 02:00:00,28.5,82,997.5,0,normal,0,0.10137514115743418,0,0,0,0,normal,0,normal
2024-07-14 03:00:00,31.5,69,997.5,0,normal,0,0.09818409798448696,0,0,0,0,normal,0,normal
2024-07-14 04:00:00,31.7,63,997.8,0,normal,0,0.11125264687619357,0,0,0,0,normal,0,normal
2024-07-14 05:00:00,32.7,59,997.8,0,normal,0,0.1128744859985647,0,0,0,0,normal,0,normal
2024-07-14 06:00:00,34.6,60,997.0,0,normal,0,0.10378359796655168,0,0,0,0,normal,0,normal
2024-07-14 07:00:00,34.1,53,998.0,0,normal,0,0.10608365460607405,0,0,0,0,normal,0,normal
2024-07-14 08:00:00,34.5,53,997.2,0,normal,0,0.11382237409782164,0,0,0,0,normal,0,normal
2024-07-14 09:00:00,34.2,64,995.6,0,normal,0,0.09287495415078423,0,0,0,0,normal,0,normal
2024-07-14 10:00:00,34.7,53,995.3,0,normal,0,0.0919555044339817,0,0,0,0,normal,0,normal
2024-07-14 11:00:00,34.5,53,994.8,0,normal,0,0.09992874838613874,0,0,0,0,normal,0,normal
2024-07-14 12:00:00,33.2,67,992.6,0,normal,0,0.057577036030450945,0,0,0,0,normal,0,normal
2024-07-14 13:00:00,32.5,67,994.6,0,normal,0,0.06820525535616445,0,0,0,0,normal,0,normal
2024-07-14 14:00:00,30.5,79,995.3,0,normal,0,0.08481839488953452,0,0,0,0,normal,0,normal
2024-07-14 15:00:00,29.6,81,996.1,0,normal,0,0.10788900171485077,0,0,0,0,normal,0,normal
2024-07-14 16:00:00,29.1,84,997.1,0,normal,0,0.11341622393277762,0,0,0,0,normal,0,normal
2024-07-14 17:00:00,29.1,80,998.6,0,normal,0,0.10057988586609146,0,0,0,0,normal,0,normal
2024-07-14 18:00:00,28.4,85,998.8,0,normal,0,0.11510011113677326,0,0,0,0,normal,0,normal
2024-07-14 19:00:00,27.9,86,998.8,0,normal,0,0.12190704711870676,0,0,0,0,normal,0,normal
2024-07-14 20:00:00,27.5,87,998.6,0,normal,0,0.12250773809796534,0,0,0,0,normal,0,normal
2024-07-14 21:00:00,27.3,88,998.7,0,normal,0,0.1191372581474191,0,0,0,0,normal,0,normal
2024-07-14 22:00:00,27.3,87,998.5,0,normal,0,0.11371861642301667,0,0,0,0,normal,0,normal
2024-07-14 23:00:00,27.1,87,998.9,0,normal,0,0.1078493065202526,0,0,0,0,normal,0,normal
2024-07-15 00:00:00,27.2,86,999.7,0,normal,0,0.10601516243138076,0,0,0,0,normal,0,normal
2024-07-15 01:00:00,27.7,83,1000.7,0,normal,0,0.11275260598892356,0,0,0,0,normal,0,normal
2024-07-15 02:00:00,28.5,80,1001.0,0,normal,0,0.12469971032602317,0,0,0,0,normal,0,normal
2024-07-15 03:00:00,29.6,76,1000.8,0,normal,0,0.12537780319555514,0,0,0,0,normal,0,normal
2024-07-15 04:00:00,31.3,69,1000.9,0,normal,0,0.12174396411064092,0,0,0,0,normal,0,normal
2024-07-15 05:00:00,32.7,64,1001.0,0,normal,0,0.12273079203144072,0,0,0,0,normal,0,normal
2024-07-15 06:00:00,34.0,65,1000.5,0,normal,0,0.12169525384085084,0,0,0,0,normal,0,normal
2024-07-15 07:00:00,34.7,55,1000.5,0,normal,0,0.11294179554839368,0,0,0,0,normal,0,normal
2024-07-15 08:00:00,35.2,55,999.8,0,normal,0,0.1169120700511958,0,0,0,0,normal,0,normal
2024-07-15 09:00:00,35.4,69,999.1,0,normal,0,0.1006083055735515,0,0,0,0,normal,0,normal
2024-07-15 10:00:00,35.3,55,998.2,0,normal,0,0.0909367231499818,0,0,0,0,normal,0,normal
2024-07-15 11:00:00,35.1,56,997.8,0,normal,0,0.11299855275844745,0,0,0,0,normal,0,normal
2024-07-15 12:00:00,35.6,57,996.9,0,normal,0,0.1054600221402065,0,0,0,0,normal,0,normal
2024-07-15 13:00:00,33.6,67,997.6,0,normal,0,0.11145469319991597,0,0,0,0,normal,0,normal
2024-07-15 14:00:00,31.8,78,998.0,0,normal,0,0.11058511395077447,0,0,0,0,normal,0,normal
2024-07-15 15:00:00,31.0,79,998.5,0,normal,0,0.1224154600550037,0,0,0,0,normal,0,normal
2024-07-15 16:00:00,30.5,82,999.3,0,normal,0,0.11937502754753176,0,0,0,0,normal,0,normal
2024-07-15 17:00:00,30.0,84,999.8,0,normal,0,0.12117561308659569,0,0,0,0,normal,0,normal
2024-07-15 18:00:00,29.3,82,1000.9,0,normal,0,0.11053974152051332,0,0,0,0,normal,0,normal
2024-07-15 19:00:00,29.1,82,1000.9,0,normal,0,0.11996012097720787,0,0,0,0,normal,0,normal
2024-07-15 20:00:00,28.9,83,1000.6,0,normal,0,0.11983734739461749,0,0,0,0,normal,0,normal
2024-07-15 21:00:00,28.6,85,1000.6,0,normal,0,0.12225216058962818,0,0,0,0,normal,0,normal
2024-07-15 22:00:00,28.4,85,1000.7,0,normal,0,0.1181386113794517,0,0,0,0,normal,0,normal
2024-07-15 23:00:00,28.2,86,1001.0,0,normal,0,0.10792818214880978,0,0,0,0,normal,0,normal
2024-07-16 00:00:00,28.0,86,1001.9,0,normal,0,0.10918584958213412,0,0,0,0,normal,0,normal
2024-07-16 01:00:00,28.6,86,1002.6,0,normal,0,0.11448153218830737,0,0,0,0,normal,0,normal
2024-07-16 02:00:00,29.9,82,1003.1,0,normal,0,0.11836771119972089,0,0,0,0,normal,0,normal
2024-07-16 03:00:00,32.6,76,1002.0,0,normal,0,0.11267107942405641,0,0,0,0,normal,0,normal
2024-07-16 04:00:00,32.7,68,1001.9,0,normal,0,0.11522307165384676,0,0,0,0,normal,0,normal
2024-07-16 05:00:00,33.8,63,1001.7,0,normal,0,0.11835424928200139,0,0,0,0,normal,0,normal
2024-07-16 06:00:00,35.2,64,1001.1,0,normal,0,0.11398336765402167,0,0,0,0,normal,0,normal
2024-07-16 07:00:00,35.4,59,1000.9,0,normal,0,0.11210898819800602,0,0,0,0,normal,0,normal
2024-07-16 08:00:00,35.7,58,1000.4,0,normal,0,0.10978735318188138,0,0,0,0,normal,0,normal
2024-07-16 09:00:00,36.6,59,999.3,0,normal,0,0.10785615569810642,0,0,0,0,normal,0,normal
2024-07-16 10:00:00,34.9,59,999.2,0,normal,0,0.1103996040093147,0,0,0,0,normal,0,normal
2024-07-16 11:00:00,34.8,59,998.4,0,normal,0,0.11338170112890622,0,0,0,0,normal,0,normal
2024-07-16 12:00:00,36.8,56,998.0,0,normal,0,0.10216594899855558,0,0,0,0,normal,0,normal
2024-07-16 13:00:00,33.6,64,997.5,0,normal,0,0.10534891023360932,0,0,0,0,normal,0,normal
2024-07-16 14:00:00,32.6,68,998.0,0,normal,0,0.1160348608579942,0,0,0,0,normal,0,normal
2024-07-16 15:00:00,31.8,71,998.5,0,normal,0,0.12350179280748197,0,0,0,0,normal,0,normal
2024-07-16 16:00:00,31.0,75,999.3,0,normal,0,0.1185401666160909,0,0,0,0,normal,0,normal
2024-07-16 17:00:00,30.5,79,1000.1,0,normal,0,0.11807637657780867,0,0,0,0,normal,0,normal
2024-07-16 18:00:00,30.2,81,1000.6,0,normal,0,0.11650075766805407,0,0,0,0,normal,0,normal
2024-07-16 19:00:00,29.3,82,1000.5,0,normal,0,0.11940431457311118,0,0,0,0,normal,0,normal
2024-07-16 20:00:00,29.1,82,1000.1,0,normal,0,0.1202211922555102,0,0,0,0,normal,0,normal
2024-07-16 21:00:00,29.0,83,999.9,0,normal,0,0.11866371147031357,0,0,0,0,normal,0,normal
2024-07-16 22:00:00,28.8,84,999.9,0,normal,0,0.11407537515697119,0,0,0,0,normal,0,normal
2024-07-16 23:00:00,28.7,83,1000.4,0,normal,0,0.10305907885331261,0,0,0,0,normal,0,normal
2024-07-17 00:00:00,28.0,82,1001.4,0,normal,0,0.10543047164291425,0,0,0,0,normal,0,normal
2024-07-17 01:00:00,27.1,86,1002.3,0,normal,0,0.10995716937809868,0,0,0,0,normal,0,normal
2024-07-17 02:00:00,27.8,84,1002.9,0,normal,0,0.12370786673910006,0,0,0,0,normal,0,normal
2024-07-17 03:00:00,31.8,78,1001.9,0,normal,0,0.1096102107891142,0,0,0,0,normal,0,normal
2024-07-17 04:00:00,29.9,75,1003.6,0,normal,0,0.11337879303255499,0,0,0,0,normal,0,normal
2024-07-17 05:00:00,30.9,73,1002.9,0,normal,0,0.12455731568608291,0,0,0,0,normal,0,normal
2024-07-17 06:00:00,32.0,72,1002.2,0,normal,0,0.12621821033721609,0,0,0,0,normal,0,normal
2024-07-17 07:00:00,33.5,68,1001.9,0,normal,0,0.1244172382869323,0,0,0,0,normal,0,normal
2024-07-17 08:00:00,34.4,65,1000.8,0,normal,0,0.12116308737412362,0,0,0,0,normal,0,normal
2024-07-17 09:00:00,32.4,68,999.6,0,normal,0,0.12233036305142914,0,0,0,0,normal,0,normal
2024-07-17 10:00:00,35.2,60,998.3,0,normal,0,0.10604101677577527,0,0,0,0,normal,0,normal
2024-07-17 11:00:00,35.2,59,997.2,0,normal,0,0.11696827235695528,0,0,0,0,normal,0,normal
2024-07-17 12:00:00,32.4,68,997.2,0,normal,0,0.11110712104416293,0,0,0,0,normal,0,normal
2024-07-17 13:00:00,34.4,63,996.6,0,normal,0,0.1003440922962473,0,0,0,0,normal,0,normal
2024-07-17 14:00:00,32.8,69,997.0,0,normal,0,0.11429332211510546,0,0,0,0,normal,0,normal
2024-07-17 15:00:00,31.0,76,998.5,0,normal,0,0.11161527192114096,0,0,0,0,normal,0,normal
2024-07-17 16:00:00,30.5,79,999.5,0,normal,0,0.11633959838113245,0,0,0,0,normal,0,normal
2024-07-17 17:00:00,30.1,79,1000.2,0,normal,0,0.11850585552177118,0,0,0,0,normal,0,normal
2024-07-17 18:00:00,29.8,81,1000.5,0,normal,0,0.11867256829463835,0,0,0,0,normal,0,normal
2024-07-17 19:00:00,29.3,83,1000.5,0,normal,0,0.12053354006322248,0,0,0,0,normal,0,normal
2024-07-17 20:00:00,28.4,86,1000.3,0,normal,0,0.11914816944005835,0,0,0,0,normal,0,normal
2024-07-17 21:00:00,28.1,86,999.5,0,normal,0,0.11943340772250266,0,0,0,0,normal,0,normal
2024-07-17 22:00:00,27.7,87,999.4,0,normal,0,0.11869833534289315,0,0,0,0,normal,0,normal
2024-07-17 23:00:00,27.5,88,999.8,0,normal,0,0.11122167897007029,0,0,0,0,normal,0,normal
2024-07-18 00:00:00,27.2,90,999.7,0,normal,0,0.11566689655266682,0,0,0,0,normal,0,normal
2024-07-18 01:00:00,27.3,87,1000.5,0,normal,0,0.11743636129299762,0,0,0,0,normal,0,normal
2024-07-18 02:00:00,28.2,83,1000.8,0,normal,0,0.12093471374605308,0,0,0,0,normal,0,normal
2024-07-18 03:00:00,31.4,74,999.2,0,normal,0,0.10828327476441707,0,0,0,0,normal,0,normal
2024-07-18 04:00:00,30.8,72,1000.6,0,normal,0,0.11972019893740471,0,0,0,0,normal,0,normal
2024-07-18 05:00:00,31.8,69,1000.8,0,normal,0,0.12323363967506468,0,0,0,0,normal,0,normal
2024-07-18 06:00:00,34.8,66,999.7,0,normal,0,0.11379516879995677,0,0,0,0,normal,0,normal
2024-07-18 07:00:00,34.0,61,999.4,0,normal,0,0.12021155807109207,0,0,0,0,normal,0,normal
2024-07-18 08:00:00,34.7,60,998.4,0,normal,0,0.11932131357274928,0,0,0,0,normal,0,normal
2024-07-18 09:00:00,35.2,64,996.8,0,normal,0,0.10888309511881733,0,0,0,0,normal,0,normal
2024-07-18 10:00:00,35.3,58,996.2,0,normal,0,0.10570199719752327,0,0,0,0,normal,0,normal
2024-07-18 11:00:00,35.3,59,995.1,0,normal,0,0.09895115134378896,0,0,0,0,normal,0,normal
2024-07-18 12:00:00,36.0,59,994.3,0,normal,0,0.08445988640303276,0,0,0,0,normal,0,normal
2024-07-18 13:00:00,34.3,65,994.3,0,normal,0,0.08739091461831844,0,0,0,0,normal,0,normal
2024-07-18 14:00:00,33.6,66,995.0,0,normal,0,0.09542152065840376,0,0,0,0,normal,0,normal
2024-07-18 15:00:00,31.9,75,995.8,0,normal,0,0.09389367344777433,0,0,0,0,normal,0,normal
2024-07-18 16:00:00,30.7,80,997.4,0,normal,0,0.09926206050188602,0,0,0,0,normal,0,normal
2024-07-18 17:00:00,30.3,82,998.0,0,normal,0,0.11361375718159139,0,0,0,0,normal,0,normal
2024-07-18 18:00:00,30.1,82,998.3,0,normal,0,0.11109592769279264,0,0,0,0,normal,0,normal
2024-07-18 19:00:00,30.2,80,998.6,0,normal,0,0.10371954141318862,0,0,0,0,normal,0,normal
2024-07-18 20:00:00,29.8,80,998.4,0,normal,0,0.10987810919693197,0,0,0,0,normal,0,normal
2024-07-18 21:00:00,28.8,86,997.9,0,normal,0,0.10549422271685754,0,0,0,0,normal,0,normal
2024-07-18 22:00:00,28.3,89,997.8,0,normal,0,0.10983562613505204,0,0,0,0,normal,0,normal
2024-07-18 23:00:00,27.9,90,997.5,0,normal,0,0.09837778706887429,0,0,0,0,normal,0,normal
2024-07-19 00:00:00,27.5,90,997.8,0,normal,0,0.10517124725560889,0,0,0,0,normal,0,normal
2024-07-19 01:00:00,27.6,88,998.5,0,normal,0,0.11057325448250849,0,0,0,0,normal,0,normal
2024-07-19 02:00:00,27.8,83,998.8,0,normal,0,0.11441979135255598,0,0,0,0,normal,0,normal
2024-07-19 03:00:00,31.0,80,997.3,0,normal,0,0.10671192606872126,0,0,0,0,normal,0,normal
2024-07-19 04:00:00,30.9,73,998.6,0,normal,0,0.11142837040216391,0,0,0,0,normal,0,normal
2024-07-19 05:00:00,32.2,69,998.5,0,normal,0,0.11804614424774912,0,0,0,0,normal,0,normal
2024-07-19 06:00:00,34.8,66,996.8,0,normal,0,0.1031146359341873,0,0,0,0,normal,0,normal
2024-07-19 07:00:00,34.8,59,996.9,0,normal,0,0.10780052927521327,0,0,0,0,normal,0,normal
2024-07-19 08:00:00,35.4,56,996.1,0,normal,0,0.10167072429578955,0,0,0,0,normal,0,normal
2024-07-19 09:00:00,32.4,72,996.2,0,normal,0,0.08945537520293301,0,0,0,0,normal,0,normal
2024-07-19 10:00:00,36.0,52,994.4,0,normal,0,0.04514879893636781,0,0,0,0,normal,0,normal
2024-07-19 11:00:00,36.0,51,993.6,0,normal,0,0.08006303428156708,0,0,0,0,normal,0,normal
2024-07-19 12:00:00,35.2,63,993.6,0,normal,0,0.06669030708740326,0,0,0,0,normal,0,normal
2024-07-19 13:00:00,34.3,60,993.5,0,normal,0,0.07607419819479327,0,0,0,0,normal,0,normal
2024-07-19 14:00:00,33.1,65,994.2,0,normal,0,0.08553624204289012,0,0,0,0,normal,0,normal
2024-07-19 15:00:00,32.3,66,995.0,0,normal,0,0.09682749731343876,0,0,0,0,normal,0,normal
2024-07-19 16:00:00,31.9,67,996.2,0,normal,0,0.09426556637931599,0,0,0,0,normal,0,normal
2024-07-19 17:00:00,30.8,72,998.1,0,normal,0,0.09294131472837958,0,0,0,0,normal,0,normal
2024-07-19 18:00:00,29.9,77,998.4,0,normal,0,0.11054055871797747,0,0,0,0,normal,0,normal
2024-07-19 19:00:00,29.3,80,998.3,0,normal,0,0.1167658043156562,0,0,0,0,normal,0,normal
2024-07-19 20:00:00,29.0,82,998.3,0,normal,0,0.11774474097024201,0,0,0,0,normal,0,normal
2024-07-19 21:00:00,27.9,86,998.7,0,normal,0,0.11174896809836937,0,0,0,0,normal,0,normal
2024-07-19 22:00:00,27.5,87,998.3,0,normal,0,0.11392805843250103,0,0,0,0,normal,0,normal
2024-07-19 23:00:00,27.2,87,998.6,0,normal,0,0.10860034650222267,0,0,0,0,normal,0,normal
2024-07-20 00:00:00,27.0,87,999.0,0,normal,0,0.1096766572014713,0,0,0,0,normal,0,normal
2024-07-20 01:00:00,27.2,86,999.6,0,normal,0,0.11549688187786372,0,0,0,0,normal,0,normal
2024-07-20 02:00:00,28.2,82,999.8,0,normal,0,0.11946640729168956,0,0,0,0,normal,0,normal
2024-07-20 03:00:00,30.8,66,999.3,0,normal,0,0.10221088776316423,0,0,0,0,normal,0,normal
2024-07-20 04:00:00,30.4,76,1000.1,0,normal,0,0.11640335942441132,0,0,0,0,normal,0,normal
2024-07-20 05:00:00,32.3,69,1000.1,0,normal,0,0.12092086023530274,0,0,0,0,normal,0,normal
2024-07-20 06:00:00,33.8,74,998.8,0,normal,0,0.11233206946583246,0,0,0,0,normal,0,normal
2024-07-20 07:00:00,34.3,60,999.2,0,normal,0,0.10459043102447135,0,0,0,0,normal,0,normal
2024-07-20 08:00:00,34.9,58,998.5,0,normal,0,0.11791131715074021,0,0,0,0,normal,0,normal
2024-07-20 09:00:00,35.6,68,997.1,0,normal,0,0.10241382219767636,0,0,0,0,normal,0,normal
2024-07-20 10:00:00,36.1,53,995.6,0,normal,0,0.07782764688116084,0,0,0,0,normal,0,normal
2024-07-20 11:00:00,36.1,53,995.2,0,normal,0,0.09478922603520445,0,0,0,0,normal,0,normal
2024-07-20 12:00:00,35.4,63,994.9,0,normal,0,0.08628003537939805,0,0,0,0,normal,0,normal
2024-07-20 13:00:00,34.8,61,994.8,0,normal,0,0.0927425864584695,0,0,0,0,normal,0,normal
2024-07-20 14:00:00,32.6,69,996.4,0,normal,0,0.09235448047154055,0,0,0,0,normal,0,normal
2024-07-20 15:00:00,31.9,70,997.5,0,normal,0,0.10933093331547222,0,0,0,0,normal,0,normal
2024-07-20 16:00:00,31.4,73,998.3,0,normal,0,0.1150166430115162,0,0,0,0,normal,0,normal
2024-07-20 17:00:00,31.0,74,999.0,0,normal,0,0.11785891033838819,0,0,0,0,normal,0,normal
2024-07-20 18:00:00,30.7,74,999.1,0,normal,0,0.11307743142801119,0,0,0,0,normal,0,normal
2024-07-20 19:00:00,30.4,75,999.1,0,normal,0,0.11101049605976726,0,0,0,0,normal,0,normal
2024-07-20 20:00:00,30.0,77,998.9,0,normal,0,0.11293970167937684,0,0,0,0,normal,0,normal
2024-07-20 21:00:00,27.1,87,1000.1,0,normal,0,0.0787522797902952,0,0,0,0,normal,0,normal
2024-07-20 22:00:00,26.5,90,999.6,0,normal,0,0.1082488449679932,0,0,0,0,normal,0,normal
2024-07-20 23:00:00,26.5,91,999.4,0,normal,0,0.11431109037251524,0,0,0,0,normal,0,normal
2024-07-21 00:00:00,28.1,83,999.1,0,normal,0,0.09043357626899678,0,0,0,0,normal,0,normal
2024-07-21 01:00:00,28.2,82,999.2,0,normal,0,0.11529160503601116,0,0,0,0,normal,0,normal
2024-07-21 02:00:00,,78,999.3,1,missing_temperature,0,,1,0,0,1,missing_temperature,1,missing_temperature
2024-07-21 03:00:00,,77,998.1,1,missing_temperature,0,,1,0,0,1,missing_temperature,1,missing_temperature
2024-07-21 04:00:00,,68,999.5,1,missing_temperature,0,,1,0,0,1,missing_temperature,1,missing_temperature
2024-07-21 05:00:00,,59,999.2,1,missing_temperature,0,,1,0,0,1,missing_temperature,1,missing_temperature
2024-07-21 06:00:00,,64,998.6,1,missing_temperature,0,,1,0,0,1,missing_temperature,1,missing_temperature
2024-07-21 07:00:00,35.8,55,998.5,0,normal,0,,0,0,0,0,normal,0,normal
2024-07-21 08:00:00,36.1,54,997.6,0,normal,0,,0,0,0,0,normal,0,normal
2024-07-21 09:00:00,37.0,60,996.8,0,normal,0,0.10359588743438197,0,0,0,0,normal,0,normal
2024-07-21 10:00:00,36.7,54,995.5,0,normal,0,0.09157980623132866,0,0,0,0,normal,0,normal
2024-07-21 11:00:00,35.5,57,995.3,0,normal,0,0.09720629962446764,0,0,0,0,normal,0,normal
2024-07-21 12:00:00,36.2,60,995.3,0,normal,0,0.0922359352317968,0,0,0,0,normal,0,normal
2024-07-21 13:00:00,33.8,64,995.3,0,normal,0,0.09426061301490574,0,0,0,0,normal,0,normal
2024-07-21 14:00:00,32.8,67,995.9,0,normal,0,0.10420078637519292,0,0,0,0,normal,0,normal
2024-07-21 15:00:00,31.7,72,997.0,0,normal,0,0.11100573862149221,0,0,0,0,normal,0,normal
2024-07-21 16:00:00,31.4,73,998.1,0,normal,0,0.11287746862506004,0,0,0,0,normal,0,normal
2024-07-21 17:00:00,31.1,74,998.9,0,normal,0,0.11287805015573871,0,0,0,0,normal,0,normal
2024-07-21 18:00:00,30.7,77,999.0,0,normal,0,0.11355773760698995,0,0,0,0,normal,0,normal
2024-07-21 19:00:00,30.3,79,999.2,0,normal,0,0.11330075660917993,0,0,0,0,normal,0,normal
2024-07-21 20:00:00,29.9,82,998.1,0,normal,0,0.10329941949858873,0,0,0,0,normal,0,normal
2024-07-21 21:00:00,29.6,82,997.9,0,normal,0,0.11090206631936689,0,0,0,0,normal,0,normal
2024-07-21 22:00:00,28.1,87,998.5,0,normal,0,0.09895568991080633,0,0,0,0,normal,0,normal
2024-07-21 23:00:00,27.4,91,998.9,0,normal,0,0.09845736002680988,0,0,0,0,normal,0,normal
2024-07-22 00:00:00,27.1,91,998.7,0,normal,0,0.10905987990124782,0,0,0,0,normal,0,normal
2024-07-22 01:00:00,27.1,88,999.6,0,normal,0,0.11404005329209732,0,0,0,0,normal,0,normal
2024-07-22 02:00:00,27.2,85,1000.1,0,normal,0,0.11821708998314095,0,0,0,0,normal,0,normal
2024-07-22 03:00:00,31.4,83,999.0,0,normal,0,0.09890227332708135,0,0,0,0,normal,0,normal
2024-07-22 04:00:00,28.0,83,1001.2,0,normal,0,0.09660268714979237,0,0,0,0,normal,0,normal
2024-07-22 05:00:00,29.6,78,1000.8,0,normal,0,0.12180038178957603,0,0,0,0,normal,0,normal
2024-07-22 06:00:00,31.8,76,999.3,0,normal,0,0.11876155978491709,0,0,0,0,normal,0,normal
2024-07-22 07:00:00,33.0,67,999.4,0,normal,0,0.11537944848253984,0,0,0,0,normal,0,normal
2024-07-22 08:00:00,34.0,63,998.4,0,normal,0,0.12415746803843924,0,0,0,0,normal,0,normal
2024-07-22 09:00:00,34.8,70,997.2,0,normal,0,0.11526384881261198,0,0,0,0,normal,0,normal
2024-07-22 10:00:00,34.7,62,996.6,0,normal,0,0.10835620209161362,0,0,0,0,normal,0,normal
2024-07-22 11:00:00,34.4,66,995.5,0,normal,0,0.10776799935395781,0,0,0,0,normal,0,normal
2024-07-22 12:00:00,33.8,68,995.2,0,normal,0,0.11049071925770104,0,0,0,0,normal,0,normal
2024-07-22 13:00:00,33.4,70,995.0,0,normal,0,0.10444612498631961,0,0,0,0,normal,0,normal
2024-07-22 14:00:00,31.9,75,995.4,0,normal,0,0.10138916787403246,0,0,0,0,normal,0,normal
2024-07-22 15:00:00,30.9,79,996.4,0,normal,0,0.10969214886837836,0,0,0,0,normal,0,normal
2024-07-22 16:00:00,30.8,78,997.9,0,normal,0,0.10391037151410404,0,0,0,0,normal,0,normal
2024-07-22 17:00:00,30.6,78,998.8,0,normal,0,0.10618035003681531,0,0,0,0,normal,0,normal
2024-07-22 18:00:00,30.2,80,999.4,0,normal,0,0.11322143964851727,0,0,0,0,normal,0,normal
2024-07-22 19:00:00,29.9,81,999.2,0,normal,0,0.11515282578852604,0,0,0,0,normal,0,normal
2024-07-22 20:00:00,29.4,83,999.3,0,normal,0,0.11684343275764081,0,0,0,0,normal,0,normal
2024-07-22 21:00:00,27.9,85,998.5,0,normal,0,0.11095201586786685,0,0,0,0,normal,0,normal
2024-07-22 22:00:00,27.7,86,998.4,0,normal,0,0.1160943471018972,0,0,0,0,normal,0,normal
2024-07-22 23:00:00,25.4,97,999.7,0,normal,0,0.04945868368801093,0,0,0,0,normal,0,normal
2024-07-23 00:00:00,26.0,95,998.7,0,normal,0,0.08330870954197228,0,0,0,0,normal,0,normal
2024-07-23 01:00:00,26.4,93,999.1,0,normal,0,0.11589058215344128,0,0,0,0,normal,0,normal
2024-07-23 02:00:00,27.0,90,999.4,0,normal,0,0.11954948112567948,0,0,0,0,normal,0,normal
2024-07-23 03:00:00,30.8,77,999.1,0,normal,0,0.09490367204627037,0,0,0,0,normal,0,normal
2024-07-23 04:00:00,30.1,77,999.2,0,normal,0,0.12150387886526737,0,0,0,0,normal,0,normal
2024-07-23 05:00:00,31.7,71,999.0,0,normal,0,0.11756099675846543,0,0,0,0,normal,0,normal
2024-07-23 06:00:00,31.8,78,998.6,0,normal,0,0.1190501788498573,0,0,0,0,normal,0,normal
2024-07-23 07:00:00,33.8,62,997.4,0,normal,0,0.09725713375619915,0,0,0,0,normal,0,normal
2024-07-23 08:00:00,34.3,61,996.4,0,normal,0,0.11192987707863294,0,0,0,0,normal,0,normal
2024-07-23 09:00:00,33.6,72,995.8,0,normal,0,0.10412225319507107,0,0,0,0,normal,0,normal
2024-07-23 10:00:00,35.1,58,994.2,0,normal,0,0.06990467963749541,0,0,0,0,normal,0,normal
2024-07-23 11:00:00,34.9,58,993.5,0,normal,0,0.09243175996763309,0,0,0,0,normal,0,normal
2024-07-23 12:00:00,33.8,70,993.7,0,normal,0,0.07731863914776155,0,0,0,0,normal,0,normal
2024-07-23 13:00:00,33.9,65,993.2,0,normal,0,0.07491348735927106,0,0,0,0,normal,0,normal
2024-07-23 14:00:00,31.8,72,993.7,0,normal,0,0.08030760726730912,0,0,0,0,normal,0,normal
2024-07-23 15:00:00,31.0,76,994.4,0,normal,0,0.08538724402022152,0,0,0,0,normal,0,normal
2024-07-23 16:00:00,30.7,77,995.2,0,normal,0,0.09296252824448908,0,0,0,0,normal,0,normal
2024-07-23 17:00:00,29.5,85,996.9,0,normal,0,0.08101291087704865,0,0,0,0,normal,0,normal
2024-07-23 18:00:00,29.3,84,996.8,0,normal,0,0.10426217232953588,0,0,0,0,normal,0,normal
2024-07-23 19:00:00,29.0,84,996.4,0,normal,0,0.10341327395619443,0,0,0,0,normal,0,normal
2024-07-23 20:00:00,28.8,83,996.3,0,normal,0,0.10087009888596199,0,0,0,0,normal,0,normal
2024-07-23 21:00:00,28.5,85,996.0,0,normal,0,0.09942289201676235,0,0,0,0,normal,0,normal
2024-07-23 22:00:00,28.0,87,995.3,0,normal,0,0.08786858170641043,0,0,0,0,normal,0,normal
2024-07-23 23:00:00,27.5,90,995.3,0,normal,0,0.0803735867183829,0,0,0,0,normal,0,normal
2024-07-24 00:00:00,26.9,90,995.5,0,normal,0,0.08515910014833539,0,0,0,0,normal,0,normal
2024-07-24 01:00:00,26.7,92,995.8,0,normal,0,0.09381147628068187,0,0,0,0,normal,0,normal
2024-07-24 02:00:00,27.4,89,995.9,0,normal,0,0.09194809013974214,0,0,0,0,normal,0,normal
2024-07-24 03:00:00,31.4,79,994.5,0,normal,0,0.059607742391392715,0,0,0,0,normal,0,normal
2024-07-24 04:00:00,29.2,79,996.0,0,normal,0,0.08343649121031327,0,0,0,0,normal,0,normal
2024-07-24 05:00:00,30.5,75,995.7,0,normal,0,0.09598364538140564,0,0,0,0,normal,0,normal
2024-07-24 06:00:00,33.6,74,993.7,0,normal,0,0.07143502971448323,0,0,0,0,normal,0,normal
2024-07-24 07:00:00,32.2,68,994.7,0,normal,0,0.07964639584711763,0,0,0,0,normal,0,normal
2024-07-24 08:00:00,32.4,67,993.1,0,normal,0,0.08079658573211002,0,0,0,0,normal,0,normal
2024-07-24 09:00:00,34.4,71,991.7,0,normal,0,0.05447127784157596,0,0,0,0,normal,0,normal
2024-07-24 10:00:00,33.5,63,991.0,0,normal,0,0.04702260577347034,0,0,0,0,normal,0,normal
2024-07-24 11:00:00,33.8,62,990.3,0,normal,0,0.04917963830393557,0,0,0,0,normal,0,normal
2024-07-24 12:00:00,34.4,70,990.4,0,normal,0,0.037950222363849095,0,0,0,0,normal,0,normal
2024-07-24 13:00:00,31.8,74,991.2,0,normal,0,0.042354266802795915,0,0,0,0,normal,0,normal
2024-07-24 14:00:00,30.5,77,991.6,0,normal,0,0.055071454647559526,0,0,0,0,normal,0,normal
2024-07-24 15:00:00,30.1,78,992.6,0,normal,0,0.05894342286513987,0,0,0,0,normal,0,normal
2024-07-24 16:00:00,29.7,82,993.6,0,normal,0,0.06460712934726515,0,0,0,0,normal,0,normal
2024-07-24 17:00:00,29.2,86,993.9,0,normal,0,0.07428640791091984,0,0,0,0,normal,0,normal
2024-07-24 18:00:00,28.7,88,994.1,0,normal,0,0.07736939729968617,0,0,0,0,normal,0,normal
2024-07-24 19:00:00,28.5,89,994.0,0,normal,0,0.07507090137532252,0,0,0,0,normal,0,normal
2024-07-24 20:00:00,28.2,89,993.7,0,normal,0,0.06403393787458095,0,0,0,0,normal,0,normal
2024-07-24 21:00:00,27.9,88,993.6,0,normal,0,0.06311782876842564,0,0,0,0,normal,0,normal
2024-07-24 22:00:00,27.4,90,993.3,0,normal,0,0.06286732424262742,0,0,0,0,normal,0,normal
2024-07-24 23:00:00,27.2,87,993.5,0,normal,0,0.0515897010925534,0,0,0,0,normal,0,normal
2024-07-25 00:00:00,27.1,89,993.8,0,normal,0,0.06173627297999612,0,0,0,0,normal,0,normal
2024-07-25 01:00:00,27.4,90,994.1,0,normal,0,0.06820954245292038,0,0,0,0,normal,0,normal
2024-07-25 02:00:00,28.3,87,994.4,0,normal,0,0.07448934489128212,0,0,0,0,normal,0,normal
2024-07-25 03:00:00,29.6,80,994.1,0,normal,0,0.07881210844551317,0,0,0,0,normal,0,normal
2024-07-25 04:00:00,30.1,77,994.5,0,normal,0,0.0894905750085227,0,0,0,0,normal,0,normal
2024-07-25 05:00:00,31.3,72,994.4,0,normal,0,0.08727954213943462,0,0,0,0,normal,0,normal
2024-07-25 06:00:00,32.8,73,993.7,0,normal,0,0.08515829948905246,0,0,0,0,normal,0,normal
2024-07-25 07:00:00,33.3,65,993.9,0,normal,0,0.08152911619219194,0,0,0,0,normal,0,normal
2024-07-25 08:00:00,34.0,62,993.0,0,normal,0,0.07474019363230056,0,0,0,0,normal,0,normal
2024-07-25 09:00:00,34.4,70,991.9,0,normal,0,0.05926086501687544,0,0,0,0,normal,0,normal
2024-07-25 10:00:00,34.5,65,990.9,0,normal,0,0.03958777140376396,0,0,0,0,normal,0,normal
2024-07-25 11:00:00,34.4,65,990.5,0,normal,0,0.04249993491743287,0,0,0,0,normal,0,normal
2024-07-25 12:00:00,34.8,68,989.8,0,normal,0,0.03170198327497614,0,0,0,0,normal,0,normal
2024-07-25 13:00:00,33.4,72,990.4,0,normal,0,0.037891976674668926,0,0,0,0,normal,0,normal
2024-07-25 14:00:00,31.7,78,990.9,0,normal,0,0.042360455867854974,0,0,0,0,normal,0,normal
2024-07-25 15:00:00,29.8,88,992.3,0,normal,0,0.03511710089678288,0,0,0,0,normal,0,normal
2024-07-25 16:00:00,29.4,89,993.4,0,normal,0,0.046871640441168316,0,0,0,0,normal,0,normal
2024-07-25 17:00:00,29.0,90,993.8,0,normal,0,0.06735011925875978,0,0,0,0,normal,0,normal
2024-07-25 18:00:00,28.8,91,994.2,0,normal,0,0.0684552303221625,0,0,0,0,normal,0,normal
2024-07-25 19:00:00,28.6,90,994.3,0,normal,0,0.06732472334060874,0,0,0,0,normal,0,normal
2024-07-25 20:00:00,28.4,87,994.3,0,normal,0,0.06640957772831996,0,0,0,0,normal,0,normal
2024-07-25 21:00:00,27.7,90,994.5,0,normal,0,0.07743633640128261,0,0,0,0,normal,0,normal
2024-07-25 22:00:00,26.5,93,994.8,0,normal,0,0.06924405618396123,0,0,0,0,normal,0,normal
2024-07-25 23:00:00,26.4,92,994.8,0,normal,0,0.07220579484601464,0,0,0,0,normal,0,normal
2024-07-26 00:00:00,26.4,92,995.3,0,normal,0,0.07650836337271943,0,0,0,0,normal,0,normal
2024-07-26 01:00:00,26.7,92,996.0,0,normal,0,0.08625621898235292,0,0,0,0,normal,0,normal
2024-07-26 02:00:00,27.4,89,996.4,0,normal,0,0.10000840859855586,0,0,0,0,normal,0,normal
2024-07-26 03:00:00,31.2,81,994.2,0,normal,0,0.059736788616823355,0,0,0,0,normal,0,normal
2024-07-26 04:00:00,29.6,81,996.6,0,normal,0,0.07733205278718486,0,0,0,0,normal,0,normal
2024-07-26 05:00:00,31.4,75,996.6,0,normal,0,0.09798902984694069,0,0,0,0,normal,0,normal
2024-07-26 06:00:00,33.6,72,994.2,0,normal,0,0.07744750798272154,0,0,0,0,normal,0,normal
2024-07-26 07:00:00,34.0,66,995.3,0,normal,0,0.08909922955891075,0,0,0,0,normal,0,normal
2024-07-26 08:00:00,34.2,66,994.6,0,normal,0,0.09452274533440808,0,0,0,0,normal,0,normal
2024-07-26 09:00:00,35.8,65,993.0,0,normal,0,0.06853801383883867,0,0,0,0,normal,0,normal
2024-07-26 10:00:00,34.3,66,992.8,0,normal,0,0.06552566575731855,0,0,0,0,normal,0,normal
2024-07-26 11:00:00,34.7,62,992.4,0,normal,0,0.06553215089085945,0,0,0,0,normal,0,normal
2024-07-26 12:00:00,30.0,97,992.6,0,normal,1,-0.0297723169004398,0,0,0,0,normal,1,isolation_forest_anomaly
2024-07-26 13:00:00,33.9,73,992.5,0,normal,1,-0.024346410910650707,0,0,0,0,normal,1,isolation_forest_anomaly
2024-07-26 14:00:00,32.2,74,993.1,0,normal,0,0.05219907648390126,0,0,0,0,normal,0,normal
2024-07-26 15:00:00,31.5,75,993.8,0,normal,0,0.07667580490095144,0,0,0,0,normal,0,normal
2024-07-26 16:00:00,29.0,88,995.4,0,normal,0,0.05524857426094981,0,0,0,0,normal,0,normal
2024-07-26 17:00:00,28.9,88,996.1,0,normal,0,0.08756532409050644,0,0,0,0,normal,0,normal
2024-07-26 18:00:00,28.7,87,996.3,0,normal,0,0.09543434659414812,0,0,0,0,normal,0,normal
2024-07-26 19:00:00,28.6,87,996.4,0,normal,0,0.0998199595063109,0,0,0,0,normal,0,normal
2024-07-26 20:00:00,28.5,86,996.4,0,normal,0,0.09997963789196379,0,0,0,0,normal,0,normal
2024-07-26 21:00:00,27.6,92,996.3,0,normal,0,0.09388055703800785,0,0,0,0,normal,0,normal
2024-07-26 22:00:00,27.4,93,996.4,0,normal,0,0.09953019282667364,0,0,0,0,normal,0,normal
2024-07-26 23:00:00,27.2,94,996.2,0,normal,0,0.08497908743971438,0,0,0,0,normal,0,normal
2024-07-27 00:00:00,27.0,93,996.6,0,normal,0,0.09246360430205991,0,0,0,0,normal,0,normal
2024-07-27 01:00:00,27.1,93,997.4,0,normal,0,0.10065346879486164,0,0,0,0,normal,0,normal
2024-07-27 02:00:00,29.0,85,997.7,0,normal,0,0.10040780881829275,0,0,0,0,normal,0,normal
2024-07-27 03:00:00,30.6,86,997.3,0,normal,0,0.10681705868917912,0,0,0,0,normal,0,normal
2024-07-27 04:00:00,31.3,75,998.1,0,normal,0,0.10226502328546361,0,0,0,0,normal,0,normal
2024-07-27 05:00:00,32.6,71,998.1,0,normal,0,0.11445976409590009,0,0,0,0,normal,0,normal
2024-07-27 06:00:00,33.4,70,998.0,0,normal,0,0.11673016726611812,0,0,0,0,normal,0,normal
2024-07-27 07:00:00,34.4,67,997.3,0,normal,0,0.1125075494191975,0,0,0,0,normal,0,normal
2024-07-27 08:00:00,34.6,66,996.7,0,normal,0,0.11479206899058858,0,0,0,0,normal,0,normal
2024-07-27 09:00:00,33.8,75,996.4,0,normal,0,0.10863944195594832,0,0,0,0,normal,0,normal
2024-07-27 10:00:00,34.7,66,996.1,0,normal,0,0.09646772515304647,0,0,0,0,normal,0,normal
2024-07-27 11:00:00,34.4,67,996.0,0,normal,0,0.11191454700589926,0,0,0,0,normal,0,normal
2024-07-27 12:00:00,34.0,74,994.7,0,normal,0,0.09008472853607424,0,0,0,0,normal,0,normal
2024-07-27 13:00:00,32.1,75,996.5,0,normal,0,0.09740441180766862,0,0,0,0,normal,0,normal
2024-07-27 14:00:00,31.2,77,997.1,0,normal,0,0.11367808662370343,0,0,0,0,normal,0,normal
2024-07-27 15:00:00,30.7,80,997.6,0,normal,0,0.12301160707053754,0,0,0,0,normal,0,normal
2024-07-27 16:00:00,30.3,83,998.1,0,normal,0,0.12002921882782264,0,0,0,0,normal,0,normal
2024-07-27 17:00:00,30.0,86,998.2,0,normal,0,0.11710712121053474,0,0,0,0,normal,0,normal
2024-07-27 18:00:00,29.7,86,998.3,0,normal,0,0.11323956494944004,0,0,0,0,normal,0,normal
2024-07-27 19:00:00,29.4,87,998.3,0,normal,0,0.11049010038302615,0,0,0,0,normal,0,normal
2024-07-27 20:00:00,29.1,87,998.4,0,normal,0,0.1121590329105131,0,0,0,0,normal,0,normal
2024-07-27 21:00:00,28.7,89,998.0,0,normal,0,0.1122453453495394,0,0,0,0,normal,0,normal
2024-07-27 22:00:00,28.8,90,997.4,0,normal,0,0.10685165040567202,0,0,0,0,normal,0,normal
2024-07-27 23:00:00,28.6,91,997.5,0,normal,0,0.09571247295025215,0,0,0,0,normal,0,normal
2024-07-28 00:00:00,28.3,92,1014.5231210271317,1,pressure_spike,1,-0.07668615207518659,0,0,0,0,normal,1,isolation_forest_anomaly
2024-07-28 01:00:00,28.8,91,998.6,0,normal,1,-0.07024779788386104,0,0,0,0,normal,1,isolation_forest_anomaly
2024-07-28 02:00:00,30.0,88,999.0,0,normal,0,0.031816669501860906,0,0,0,0,normal,0,normal
2024-07-28 03:00:00,32.0,79,998.2,0,normal,0,0.10227607180375187,0,0,0,0,normal,0,normal
2024-07-28 04:00:00,32.3,72,999.7,0,normal,0,0.11062704995329437,0,0,0,0,normal,0,normal
2024-07-28 05:00:00,33.4,67,999.6,0,normal,0,0.1166532372031221,0,0,0,0,normal,0,normal
2024-07-28 06:00:00,33.8,70,998.1,0,normal,0,0.10860412889801507,0,0,0,0,normal,0,normal
2024-07-28 07:00:00,35.1,60,998.6,0,normal,0,0.10207974565610056,0,0,0,0,normal,0,normal
2024-07-28 08:00:00,33.9,65,997.7,0,normal,0,0.11422575503588589,0,0,0,0,normal,0,normal
2024-07-28 09:00:00,35.8,68,996.3,0,normal,0,0.10060267538377476,0,0,0,0,normal,0,normal
2024-07-28 10:00:00,34.3,65,996.3,0,normal,0,0.10852845656777321,0,0,0,0,normal,0,normal
2024-07-28 11:00:00,33.6,67,995.9,0,normal,0,0.11313182463499244,0,0,0,0,normal,0,normal
2024-07-28 12:00:00,36.2,64,993.7,0,normal,0,0.062206469084506166,0,0,0,0,normal,0,normal
2024-07-28 13:00:00,33.0,73,995.2,0,normal,0,0.0764036343830018,0,0,0,0,normal,0,normal
2024-07-28 14:00:00,31.9,75,995.3,0,normal,0,0.09849314790260943,0,0,0,0,normal,0,normal
2024-07-28 15:00:00,31.3,76,995.6,0,normal,0,0.10659602630778836,0,0,0,0,normal,0,normal
2024-07-28 16:00:00,31.0,78,996.3,0,normal,0,0.1051562480280519,0,0,0,0,normal,0,normal
2024-07-28 17:00:00,30.7,81,996.9,0,normal,0,0.10747130157337054,0,0,0,0,normal,0,normal
2024-07-28 18:00:00,30.6,81,997.3,0,normal,0,0.10409247707335278,0,0,0,0,normal,0,normal
2024-07-28 19:00:00,30.6,79,997.8,0,normal,0,0.09592852451839085,0,0,0,0,normal,0,normal
2024-07-28 20:00:00,30.3,78,997.5,0,normal,0,0.10310718326622886,0,0,0,0,normal,0,normal
2024-07-28 21:00:00,29.9,80,997.3,0,normal,0,0.10832214367612536,0,0,0,0,normal,0,normal
2024-07-28 22:00:00,29.6,82,997.1,0,normal,0,0.10374539740380778,0,0,0,0,normal,0,normal
2024-07-28 23:00:00,29.2,85,997.4,0,normal,0,0.09241476461092973,0,0,0,0,normal,0,normal
2024-07-29 00:00:00,29.0,86,997.6,0,normal,0,0.09826718197795947,0,0,0,0,normal,0,normal
2024-07-29 01:00:00,29.4,86,998.4,0,normal,0,0.10271065428939596,0,0,0,0,normal,0,normal
2024-07-29 02:00:00,30.4,84,999.1,0,normal,0,0.10771770606906417,0,0,0,0,normal,0,normal
2024-07-29 03:00:00,29.6,84,999.7,0,normal,0,0.1153785489327504,0,0,0,0,normal,0,normal
2024-07-29 04:00:00,31.4,65,999.5,0,normal,0,0.09751034944232806,0,0,0,0,normal,0,normal
2024-07-29 05:00:00,33.2,59,999.0,0,normal,0,0.11220614273441565,0,0,0,0,normal,0,normal
2024-07-29 06:00:00,32.8,73,997.9,0,normal,0,0.09774986363671151,0,0,0,0,normal,0,normal
2024-07-29 07:00:00,35.0,55,998.4,0,normal,0,0.09085159223838418,0,0,0,0,normal,0,normal
2024-07-29 08:00:00,35.6,53,997.6,0,normal,0,0.10705912859830669,0,0,0,0,normal,0,normal
2024-07-29 09:00:00,35.9,52,996.7,0,normal,0,0.10899750755754811,0,0,0,0,normal,0,normal
2024-07-29 10:00:00,34.8,63,995.5,0,normal,0,0.09196909067923281,0,0,0,0,normal,0,normal
2024-07-29 11:00:00,34.6,63,994.9,0,normal,0,0.10417357299355129,0,0,0,0,normal,0,normal
2024-07-29 12:00:00,35.4,60,994.4,0,normal,0,0.09047570020093115,0,0,0,0,normal,0,normal
2024-07-29 13:00:00,33.4,72,994.9,0,normal,0,0.08857056011922515,0,0,0,0,normal,0,normal
2024-07-29 14:00:00,31.9,76,995.5,0,normal,0,0.09785689639921047,0,0,0,0,normal,0,normal
2024-07-29 15:00:00,30.9,79,996.5,0,normal,0,0.11203973144930657,0,0,0,0,normal,0,normal
2024-07-29 16:00:00,30.4,80,997.5,0,normal,0,0.11289155879192325,0,0,0,0,normal,0,normal
2024-07-29 17:00:00,30.0,81,998.2,0,normal,0,0.11596182763713525,0,0,0,0,normal,0,normal
2024-07-29 18:00:00,29.7,82,998.5,0,normal,0,0.11481772232909726,0,0,0,0,normal,0,normal
2024-07-29 19:00:00,29.3,84,998.2,0,normal,0,0.11408840060954872,0,0,0,0,normal,0,normal
2024-07-29 20:00:00,29.6,81,998.4,0,normal,0,0.10449468045986005,0,0,0,0,normal,0,normal
2024-07-29 21:00:00,29.4,83,997.8,0,normal,0,0.11051297940518273,0,0,0,0,normal,0,normal
2024-07-29 22:00:00,29.1,83,998.0,0,normal,0,0.10673491770238336,0,0,0,0,normal,0,normal
2024-07-29 23:00:00,27.8,87,998.6,0,normal,0,0.09021008760130245,0,0,0,0,normal,0,normal
2024-07-30 00:00:00,27.5,88,999.3,0,normal,0,0.10858423019043001,0,0,0,0,normal,0,normal
2024-07-30 01:00:00,27.6,88,999.9,0,normal,0,0.11844373281659543,0,0,0,0,normal,0,normal
2024-07-30 02:00:00,28.3,87,1000.9,0,normal,0,0.11786704674258502,0,0,0,0,normal,0,normal
2024-07-30 03:00:00,33.0,74,999.5,0,normal,0,0.08721533339958848,0,0,0,0,normal,0,normal
2024-07-30 04:00:00,31.1,78,1001.7,0,normal,0,0.10166274729122088,0,0,0,0,normal,0,normal
2024-07-30 05:00:00,31.4,77,1001.6,0,normal,0,0.1208311960184093,0,0,0,0,normal,0,normal
2024-07-30 06:00:00,35.8,65,999.4,0,normal,0,0.0775035512881998,0,0,0,0,normal,0,normal
2024-07-30 07:00:00,34.6,65,999.9,0,normal,0,0.10864896937699087,0,0,0,0,normal,0,normal
2024-07-30 08:00:00,35.2,62,999.2,0,normal,0,0.11282514409783967,0,0,0,0,normal,0,normal
2024-07-30 09:00:00,36.0,67,997.8,0,normal,0,0.10751090767980437,0,0,0,0,normal,0,normal
2024-07-30 10:00:00,34.6,63,998.0,0,normal,0,0.11229145097778909,0,0,0,0,normal,0,normal
2024-07-30 11:00:00,36.0,59,996.6,0,normal,0,0.10155244994870682,0,0,0,0,normal,0,normal
2024-07-30 12:00:00,31.4,86,997.4,0,normal,0,0.05655030530425115,0,0,0,0,normal,0,normal
2024-07-30 13:00:00,30.1,84,997.4,0,normal,0,0.0958616222244546,0,0,0,0,normal,0,normal
2024-07-30 14:00:00,29.3,86,998.5,0,normal,0,0.11570182609551583,0,0,0,0,normal,0,normal
2024-07-30 15:00:00,29.0,89,998.2,0,normal,0,0.12114322607950684,0,0,0,0,normal,0,normal
2024-07-30 16:00:00,29.4,90,998.4,0,normal,0,0.11185093315747124,0,0,0,0,normal,0,normal
2024-07-30 17:00:00,29.1,92,998.3,0,normal,0,0.10887485899728233,0,0,0,0,normal,0,normal
2024-07-30 18:00:00,29.0,94,998.5,0,normal,0,0.10363603666384624,0,0,0,0,normal,0,normal
2024-07-30 19:00:00,28.8,94,998.5,0,normal,0,0.10354278381216536,0,0,0,0,normal,0,normal
2024-07-30 20:00:00,28.7,94,998.1,0,normal,0,0.10054518684250441,0,0,0,0,normal,0,normal
2024-07-30 21:00:00,27.9,96,998.5,0,normal,0,0.10414486517008753,0,0,0,0,normal,0,normal
2024-07-30 22:00:00,27.2,97,999.1,0,normal,0,0.10150434723963736,0,0,0,0,normal,0,normal
2024-07-30 23:00:00,27.0,97,1000.4,0,normal,0,0.08570026919440232,0,0,0,0,normal,0,normal
2024-07-31 00:00:00,26.9,96,1000.1,0,normal,0,0.10215243762983528,0,0,0,0,normal,0,normal
2024-07-31 01:00:00,26.6,96,1001.3,0,normal,0,0.11109127575423244,0,0,0,0,normal,0,normal
2024-07-31 02:00:00,26.6,96,1000.8,0,normal,0,0.11317508498464945,0,0,0,0,normal,0,normal
2024-07-31 03:00:00,32.0,78,998.8,0,normal,0,0.047296812699496205,0,0,0,0,normal,0,normal
2024-07-31 04:00:00,28.7,86,1000.0,0,normal,0,0.09590224584862556,0,0,0,0,normal,0,normal
2024-07-31 05:00:00,30.5,78,1000.3,0,normal,0,0.11491185185438213,0,0,0,0,normal,0,normal
2024-07-31 06:00:00,32.4,82,997.4,0,normal,0,0.08575915448954685,0,0,0,0,normal,0,normal
2024-07-31 07:00:00,32.9,70,999.6,0,normal,0,0.08071608816622644,0,0,0,0,normal,0,normal
2024-07-31 08:00:00,33.5,69,998.8,0,normal,0,0.1216908676777837,0,0,0,0,normal,0,normal
2024-07-31 09:00:00,35.4,65,996.0,0,normal,0,0.08225068268105656,0,0,0,0,normal,0,normal
2024-07-31 10:00:00,35.9,61,995.8,0,normal,0,0.10071945910027852,0,0,0,0,normal,0,normal
2024-07-31 11:00:00,35.4,63,995.4,0,normal,0,0.1019459027107229,0,0,0,0,normal,0,normal
2024-07-31 12:00:00,32.2,85,993.5,0,normal,0,0.032907634674477715,0,0,0,0,normal,0,normal
2024-07-31 13:00:00,27.5,92,996.9,0,normal,0,0.019230846737111673,0,0,0,0,normal,0,normal
2024-07-31 14:00:00,29.3,87,996.3,0,normal,0,0.07076177107290355,0,0,0,0,normal,0,normal
2024-07-31 15:00:00,27.5,90,996.1,0,normal,0,0.10347941062531008,0,0,0,0,normal,0,normal
2024-07-31 16:00:00,27.1,91,998.0,0,normal,0,0.10257418893179648,0,0,0,0,normal,0,normal
2024-07-31 17:00:00,26.2,96,998.9,0,normal,0,0.09259471815427367,0,0,0,0,normal,0,normal
2024-07-31 18:00:00,26.5,94,997.8,0,normal,0,0.09394151158658498,0,0,0,0,normal,0,normal
2024-07-31 19:00:00,26.9,91,997.6,0,normal,0,0.1009247813731794,0,0,0,0,normal,0,normal
2024-07-31 20:00:00,26.6,90,997.3,0,normal,0,0.11233939692552214,0,0,0,0,normal,0,normal
2024-07-31 21:00:00,25.8,93,997.8,0,normal,0,0.1110093209788256,0,0,0,0,normal,0,normal
2024-07-31 22:00:00,25.4,95,997.3,0,normal,0,0.10578680658937295,0,0,0,0,normal,0,normal
2024-07-31 23:00:00,25.6,94,997.7,0,normal,0,0.09926316902675342,0,0,0,0,normal,0,normal
2024-08-01 00:00:00,25.6,95,998.1,0,normal,0,0.10336443598349415,0,0,0,0,normal,0,normal
2024-08-01 01:00:00,25.9,94,998.4,0,normal,0,0.10742607717727126,0,0,0,0,normal,0,normal
2024-08-01 02:00:00,26.3,92,999.2,0,normal,0,0.11201308776435215,0,0,0,0,normal,0,normal
2024-08-01 03:00:00,27.0,87,999.4,0,normal,0,0.11482132736558442,0,0,0,0,normal,0,normal
2024-08-01 04:00:00,26.8,93,999.6,0,normal,0,0.1070496452228416,0,0,0,0,normal,0,normal
2024-08-01 05:00:00,26.8,94,999.9,0,normal,0,0.10502864628693681,0,0,0,0,normal,0,normal
2024-08-01 06:00:00,28.4,85,1000.0,0,normal,0,0.10319598632599303,0,0,0,0,normal,0,normal
2024-08-01 07:00:00,26.8,91,999.9,0,normal,0,0.09694196240387698,0,0,0,0,normal,0,normal
2024-08-01 08:00:00,26.7,92,999.7,0,normal,0,0.10691262954841596,0,0,0,0,normal,0,normal
2024-08-01 09:00:00,29.8,78,998.6,0,normal,0,0.08207703701150199,0,0,0,0,normal,0,normal
2024-08-01 10:00:00,27.5,87,997.9,0,normal,0,0.10131486264596007,0,0,0,0,normal,0,normal
2024-08-01 11:00:00,27.6,90,997.4,0,normal,0,0.10933854161142564,0,0,0,0,normal,0,normal
2024-08-01 12:00:00,32.0,72,996.8,0,normal,0,0.0578996992599895,0,0,0,0,normal,0,normal
2024-08-01 13:00:00,27.2,92,997.1,0,normal,0,0.06426236963751153,0,0,0,0,normal,0,normal
2024-08-01 14:00:00,26.8,93,997.7,0,normal,0,0.09370707850419013,0,0,0,0,normal,0,normal
2024-08-01 15:00:00,26.6,95,998.2,0,normal,0,0.11017066688694716,0,0,0,0,normal,0,normal
2024-08-01 16:00:00,26.9,92,999.5,0,normal,0,0.09872514808052624,0,0,0,0,normal,0,normal
2024-08-01 17:00:00,26.8,91,999.5,0,normal,0,0.11913158901096771,0,0,0,0,normal,0,normal
2024-08-01 18:00:00,26.6,93,999.6,0,normal,0,0.11511199443827713,0,0,0,0,normal,0,normal
2024-08-01 19:00:00,26.5,92,999.6,0,normal,0,0.11832281485815227,0,0,0,0,normal,0,normal
2024-08-01 20:00:00,26.4,91,999.1,0,normal,0,0.1167665713055217,0,0,0,0,normal,0,normal
2024-08-01 21:00:00,25.7,96,998.0,0,normal,0,0.10032757928175073,0,0,0,0,normal,0,normal
2024-08-01 22:00:00,25.5,97,997.8,0,normal,0,0.10403155712583861,0,0,0,0,normal,0,normal
2024-08-01 23:00:00,25.4,97,997.7,0,normal,0,0.0932602996309192,0,0,0,0,normal,0,normal
2024-08-02 00:00:00,25.5,96,998.0,0,normal,0,0.09494051909695128,0,0,0,0,normal,0,normal
2024-08-02 01:00:00,26.0,94,998.4,0,normal,0,0.10355287418040532,0,0,0,0,normal,0,normal
2024-08-02 02:00:00,27.3,89,998.6,0,normal,0,0.10876808831463003,0,0,0,0,normal,0,normal
2024-08-02 03:00:00,30.6,84,997.7,0,normal,0,0.09463950999730969,0,0,0,0,normal,0,normal
2024-08-02 04:00:00,30.3,76,998.5,0,normal,0,0.10877263611465288,0,0,0,0,normal,0,normal
2024-08-02 05:00:00,31.1,74,998.5,0,normal,0,0.11548101065393845,0,0,0,0,normal,0,normal
2024-08-02 06:00:00,33.0,70,997.7,0,normal,0,0.11382458987412125,0,0,0,0,normal,0,normal
2024-08-02 07:00:00,33.2,65,996.6,0,normal,0,0.10877057574825255,0,0,0,0,normal,0,normal
2024-08-02 08:00:00,33.7,64,996.0,0,normal,0,0.10611628948087143,0,0,0,0,normal,0,normal
2024-08-02 09:00:00,35.2,62,995.1,0,normal,0,0.09478413225131521,0,0,0,0,normal,0,normal
2024-08-02 10:00:00,33.8,64,994.4,0,normal,0,0.0799150587492164,0,0,0,0,normal,0,normal
2024-08-02 11:00:00,32.8,68,994.5,0,normal,0,0.08903327436851627,0,0,0,0,normal,0,normal
2024-08-02 12:00:00,35.2,63,994.4,0,normal,0,0.0633011920274737,0,0,0,0,normal,0,normal
2024-08-02 13:00:00,30.2,82,995.5,0,normal,0,0.051461682578699874,0,0,0,0,normal,0,normal
2024-08-02 14:00:00,29.4,86,996.7,0,normal,0,0.09047340829689232,0,0,0,0,normal,0,normal
2024-08-02 15:00:00,29.1,87,997.5,0,normal,0,0.11442344279405531,0,0,0,0,normal,0,normal
2024-08-02 16:00:00,28.8,86,998.4,0,normal,0,0.11214590762809123,0,0,0,0,normal,0,normal
2024-08-02 17:00:00,28.6,87,998.7,0,normal,0,0.11649235563627824,0,0,0,0,normal,0,normal
2024-08-02 18:00:00,27.6,88,999.3,0,normal,0,0.11404504429140028,0,0,0,0,normal,0,normal
2024-08-02 19:00:00,27.4,88,999.3,0,normal,0,0.11847760937657265,0,0,0,0,normal,0,normal
2024-08-02 20:00:00,27.3,90,999.2,0,normal,0,0.11753741168858,0,0,0,0,normal,0,normal
2024-08-02 21:00:00,27.1,90,998.9,0,normal,0,0.1173823771779175,0,0,0,0,normal,0,normal
2024-08-02 22:00:00,27.0,89,998.6,0,normal,0,0.11322109337820929,0,0,0,0,normal,0,normal
2024-08-02 23:00:00,27.4,83,998.0,0,normal,0,0.08362678951645058,0,0,0,0,normal,0,normal
2024-08-03 00:00:00,27.1,84,998.7,0,normal,0,0.0973644527224703,0,0,0,0,normal,0,normal
2024-08-03 01:00:00,27.2,85,999.3,0,normal,0,0.1093983906122582,0,0,0,0,normal,0,normal
2024-08-03 02:00:00,28.1,83,999.6,0,normal,0,0.11526880233128978,0,0,0,0,normal,0,normal
2024-08-03 03:00:00,31.4,76,998.8,0,normal,0,0.1090635325564921,0,0,0,0,normal,0,normal
2024-08-03 04:00:00,30.5,77,999.6,0,normal,0,0.11744102390305239,0,0,0,0,normal,0,normal
2024-08-03 05:00:00,31.5,73,999.8,0,normal,0,0.12026973031642679,0,0,0,0,normal,0,normal
2024-08-03 06:00:00,32.8,69,999.0,0,normal,0,0.11994734523102807,0,0,0,0,normal,0,normal
2024-08-03 07:00:00,33.1,65,999.3,0,normal,0,0.11775497094354898,0,0,0,0,normal,0,normal
2024-08-03 08:00:00,33.5,63,998.7,0,normal,0,0.12214018573246954,0,0,0,0,normal,0,normal
2024-08-03 09:00:00,34.8,60,998.0,0,normal,0,0.11580443934283347,0,0,0,0,normal,0,normal
2024-08-03 10:00:00,31.9,71,997.5,0,normal,0,0.11056872851563587,0,0,0,0,normal,0,normal
2024-08-03 11:00:00,31.0,75,997.5,0,normal,0,0.11972104558409713,0,0,0,0,normal,0,normal
2024-08-03 12:00:00,35.0,59,996.8,0,normal,0,0.0638042407179022,0,0,0,0,normal,0,normal
2024-08-03 13:00:00,30.7,78,998.1,0,normal,0,0.0839903479028915,0,0,0,0,normal,0,normal
2024-08-03 14:00:00,28.8,83,999.5,0,normal,0,0.10279056537278064,0,0,0,0,normal,0,normal
2024-08-03 15:00:00,28.7,84,1000.5,0,normal,0,0.12496324031001865,0,0,0,0,normal,0,normal
2024-08-03 16:00:00,28.6,84,1001.3,0,normal,0,0.12061771676921523,0,0,0,0,normal,0,normal
2024-08-03 17:00:00,28.4,84,1001.8,0,normal,0,0.1219228388248143,0,0,0,0,normal,0,normal
2024-08-03 18:00:00,28.1,85,1002.1,0,normal,0,0.12413214996598226,0,0,0,0,normal,0,normal
2024-08-03 19:00:00,27.8,87,1002.1,0,normal,0,0.1267510860847051,0,0,0,0,normal,0,normal
2024-08-03 20:00:00,27.5,87,1001.6,0,normal,0,0.12440292182589796,0,0,0,0,normal,0,normal
2024-08-03 21:00:00,27.3,88,1001.5,0,normal,0,0.1256072583942921,0,0,0,0,normal,0,normal
2024-08-03 22:00:00,27.3,88,1001.5,0,normal,0,0.12197700937368766,0,0,0,0,normal,0,normal
2024-08-03 23:00:00,27.2,88,1001.4,0,normal,0,0.1133438552758162,0,0,0,0,normal,0,normal
2024-08-04 00:00:00,27.0,88,1001.3,0,normal,0,0.11301549355271201,0,0,0,0,normal,0,normal
2024-08-04 01:00:00,27.2,88,1002.4,0,normal,0,0.11371989828009144,0,0,0,0,normal,0,normal
2024-08-04 02:00:00,28.2,85,1002.9,0,normal,0,0.12170620686319866,0,0,0,0,normal,0,normal
2024-08-04 03:00:00,31.8,71,1001.5,0,normal,0,0.10262585565388765,0,0,0,0,normal,0,normal
2024-08-04 04:00:00,30.5,77,1003.5,0,normal,0,0.10576661168790352,0,0,0,0,normal,0,normal
2024-08-04 05:00:00,31.6,68,1003.0,0,normal,0,0.11958643937247265,0,0,0,0,normal,0,normal
2024-08-04 06:00:00,33.0,66,1002.0,0,normal,0,0.12449132995439133,0,0,0,0,normal,0,normal
2024-08-04 07:00:00,33.2,61,1002.2,0,normal,0,0.12214104061734526,0,0,0,0,normal,0,normal
2024-08-04 08:00:00,33.7,60,1001.1,0,normal,0,0.12219299862722105,0,0,0,0,normal,0,normal
2024-08-04 09:00:00,35.6,56,999.8,0,normal,0,0.11001132695162175,0,0,0,0,normal,0,normal
2024-08-04 10:00:00,13.80444188724192,61,998.8,1,temp_drop,1,-0.09381002902069235,0,0,0,0,normal,1,isolation_forest_anomaly
2024-08-04 11:00:00,33.0,62,998.6,0,normal,1,-0.06191749924613166,0,0,0,0,normal,1,isolation_forest_anomaly
2024-08-04 12:00:00,34.2,58,998.4,0,normal,0,0.03530271455196665,0,0,0,0,normal,0,normal
2024-08-04 13:00:00,31.3,74,999.2,0,normal,0,0.10745578462845407,0,0,0,0,normal,0,normal
2024-08-04 14:00:00,30.0,84,999.7,0,normal,0,0.1106261939676475,0,0,0,0,normal,0,normal
2024-08-04 15:00:00,29.2,81,1001.5,0,normal,0,0.11026285946134079,0,0,0,0,normal,0,normal
2024-08-04 16:00:00,28.9,82,1002.2,0,normal,0,0.12471492891984987,0,0,0,0,normal,0,normal
2024-08-04 17:00:00,28.2,86,1002.4,0,normal,0,0.1261800917895355,0,0,0,0,normal,0,normal
2024-08-04 18:00:00,28.2,86,1002.3,0,normal,0,0.12407030215399034,0,0,0,0,normal,0,normal
2024-08-04 19:00:00,28.1,86,1002.3,0,normal,0,0.1206628197080657,0,0,0,0,normal,0,normal
2024-08-04 20:00:00,27.5,87,1001.7,0,normal,0,0.1250799389622954,0,0,0,0,normal,0,normal
2024-08-04 21:00:00,27.2,89,1001.7,0,normal,0,0.1273958282542939,0,0,0,0,normal,0,normal
2024-08-04 22:00:00,27.0,90,1001.4,0,normal,0,0.12392705764785089,0,0,0,0,normal,0,normal
2024-08-04 23:00:00,27.4,88,1001.5,0,normal,0,0.10789625849466139,0,0,0,0,normal,0,normal
2024-08-05 00:00:00,27.1,89,1001.8,0,normal,0,0.11667557350770108,0,0,0,0,normal,0,normal
2024-08-05 01:00:00,27.4,89,1002.1,0,normal,0,0.12143691467379869,0,0,0,0,normal,0,normal
2024-08-05 02:00:00,28.4,86,1002.5,0,normal,0,0.12391932982828974,0,0,0,0,normal,0,normal
2024-08-05 03:00:00,29.4,79,1002.3,0,normal,0,0.12342184650762122,0,0,0,0,normal,0,normal
2024-08-05 04:00:00,31.3,69,1003.0,0,normal,0,0.11741403560530583,0,0,0,0,normal,0,normal
2024-08-05 05:00:00,31.6,67,1003.0,0,normal,0,0.12478497470612282,0,0,0,0,normal,0,normal
2024-08-05 06:00:00,33.4,64,1002.5,0,normal,0,0.12350631123692907,0,0,0,0,normal,0,normal
2024-08-05 07:00:00,33.3,62,1002.0,0,normal,0,0.12278252356271513,0,0,0,0,normal,0,normal
2024-08-05 08:00:00,33.7,62,1001.1,0,normal,0,0.12032688532071911,0,0,0,0,normal,0,normal
2024-08-05 09:00:00,33.4,66,1000.3,0,normal,0,0.12300616434214878,0,0,0,0,normal,0,normal
2024-08-05 10:00:00,33.8,64,999.2,0,normal,0,0.12165793982299328,0,0,0,0,normal,0,normal
2024-08-05 11:00:00,33.5,66,998.4,0,normal,0,0.11742409999287517,0,0,0,0,normal,0,normal
2024-08-05 12:00:00,34.2,62,998.0,0,normal,0,0.11401203305780172,0,0,0,0,normal,0,normal
2024-08-05 13:00:00,31.4,74,998.4,0,normal,0,0.11097853654778672,0,0,0,0,normal,0,normal
2024-08-05 14:00:00,30.3,79,998.7,0,normal,0,0.11770136606915421,0,0,0,0,normal,0,normal
2024-08-05 15:00:00,29.6,83,999.3,0,normal,0,0.12458552431998487,0,0,0,0,normal,0,normal
2024-08-05 16:00:00,29.2,84,1000.1,0,normal,0,0.12318176812776199,0,0,0,0,normal,0,normal
2024-08-05 17:00:00,28.9,82,1000.8,0,normal,0,0.1192927806245418,0,0,0,0,normal,0,normal
2024-08-05 18:00:00,28.8,78,1001.4,0,normal,0,0.1137218449071839,0,0,0,0,normal,0,normal
2024-08-05 19:00:00,28.7,79,1001.4,0,normal,0,0.11842352442811421,0,0,0,0,normal,0,normal
2024-08-05 20:00:00,28.3,80,1000.9,0,normal,0,0.11785535853456641,0,0,0,0,normal,0,normal
2024-08-05 21:00:00,27.9,82,1000.6,0,normal,0,0.12059448943005574,0,0,0,0,normal,0,normal
2024-08-05 22:00:00,27.6,83,1000.3,0,normal,0,0.11787730525629397,0,0,0,0,normal,0,normal
2024-08-05 23:00:00,27.3,85,999.6,0,normal,0,0.10520389692727489,0,0,0,0,normal,0,normal
2024-08-06 00:00:00,27.1,86,999.9,0,normal,0,0.11233144458033639,0,0,0,0,normal,0,normal
2024-08-06 01:00:00,27.2,87,1000.1,0,normal,0,0.11898925923050124,0,0,0,0,normal,0,normal
2024-08-06 02:00:00,28.1,82,1000.2,0,normal,0,0.11576509868821094,0,0,0,0,normal,0,normal
2024-08-06 03:00:00,31.0,76,999.6,0,normal,0,0.1146572873489407,0,0,0,0,normal,0,normal
2024-08-06 04:00:00,30.3,73,1000.4,0,normal,0,0.12020174276103729,0,0,0,0,normal,0,normal
2024-08-06 05:00:00,31.3,68,1000.1,0,normal,0,0.12218494018565895,0,0,0,0,normal,0,normal
2024-08-06 06:00:00,32.6,67,998.6,0,normal,0,0.11704876619203886,0,0,0,0,normal,0,normal
2024-08-06 07:00:00,32.9,63,999.2,0,normal,0,0.11633315074124373,0,0,0,0,normal,0,normal
2024-08-06 08:00:00,33.5,60,998.1,0,normal,0,0.12037999440752128,0,0,0,0,normal,0,normal
2024-08-06 09:00:00,35.2,56,996.9,0,normal,0,0.10579281033170712,0,0,0,0,normal,0,normal
2024-08-06 10:00:00,33.7,60,996.0,0,normal,0,0.10197956938708252,0,0,0,0,normal,0,normal
2024-08-06 11:00:00,33.8,59,995.6,0,normal,0,0.10620965789053272,0,0,0,0,normal,0,normal
2024-08-06 12:00:00,33.4,66,995.6,0,normal,0,0.0985824168892846,0,0,0,0,normal,0,normal
2024-08-06 13:00:00,31.6,70,996.3,0,normal,0,0.10705580342971532,0,0,0,0,normal,0,normal
2024-08-06 14:00:00,30.6,73,997.6,0,normal,0,0.10963838288881012,0,0,0,0,normal,0,normal
2024-08-06 15:00:00,29.3,80,998.7,0,normal,0,0.11632219803792909,0,0,0,0,normal,0,normal
2024-08-06 16:00:00,28.6,82,999.7,0,normal,0,0.11991488737148548,0,0,0,0,normal,0,normal
2024-08-06 17:00:00,28.3,83,1000.0,0,normal,0,0.12419737926164875,0,0,0,0,normal,0,normal
2024-08-06 18:00:00,28.0,83,1000.2,0,normal,0,0.12112466102272301,0,0,0,0,normal,0,normal
2024-08-06 19:00:00,27.6,83,1000.1,0,normal,0,0.11967437905205563,0,0,0,0,normal,0,normal
2024-08-06 20:00:00,27.3,85,999.7,0,normal,0,0.12050803328044563,0,0,0,0,normal,0,normal
2024-08-06 21:00:00,26.9,86,999.4,0,normal,0,0.12178241004163715,0,0,0,0,normal,0,normal
2024-08-06 22:00:00,26.7,87,999.4,0,normal,0,0.11853907751900794,0,0,0,0,normal,0,normal
2024-08-06 23:00:00,26.4,89,999.6,0,normal,0,0.11263448639494028,0,0,0,0,normal,0,normal
2024-08-07 00:00:00,25.8,90,999.4,0,normal,0,0.10994546535265781,0,0,0,0,normal,0,normal
2024-08-07 01:00:00,26.2,89,999.4,0,normal,0,0.11650223590480169,0,0,0,0,normal,0,normal
2024-08-07 02:00:00,27.2,85,1000.4,0,normal,0,0.11500822080133627,0,0,0,0,normal,0,normal
2024-08-07 03:00:00,28.4,88,1000.2,0,normal,0,0.11904392949485798,0,0,0,0,normal,0,normal
2024-08-07 04:00:00,28.2,82,1001.4,0,normal,0,0.11762705144623659,0,0,0,0,normal,0,normal
2024-08-07 05:00:00,30.2,75,1000.7,0,normal,0,0.12073218363953003,0,0,0,0,normal,0,normal
2024-08-07 06:00:00,31.3,72,1000.6,0,normal,0,0.12605515984876398,0,0,0,0,normal,0,normal
2024-08-07 07:00:00,32.1,69,1000.1,0,normal,0,0.1253481605093617,0,0,0,0,normal,0,normal
2024-08-07 08:00:00,32.8,66,999.6,0,normal,0,0.12666904521783895,0,0,0,0,normal,0,normal
2024-08-07 09:00:00,32.6,68,999.2,0,normal,0,0.12827549975486913,0,0,0,0,normal,0,normal
2024-08-07 10:00:00,31.8,67,998.7,0,normal,0,0.12433352810188825,0,0,0,0,normal,0,normal
2024-08-07 11:00:00,31.7,66,998.5,0,normal,0,0.12573875776385007,0,0,0,0,normal,0,normal
2024-08-07 12:00:00,32.6,67,998.4,0,normal,0,0.1161674917140591,0,0,0,0,normal,0,normal
2024-08-07 13:00:00,30.1,74,999.0,0,normal,0,0.1184031904787049,0,0,0,0,normal,0,normal
2024-08-07 14:00:00,29.4,76,999.6,0,normal,0,0.12497812433197075,0,0,0,0,normal,0,normal
2024-08-07 15:00:00,27.6,88,1001.7,0,normal,0,0.09113809270793671,0,0,0,0,normal,0,normal
2024-08-07 16:00:00,27.1,88,1002.7,0,normal,0,0.11705326291341406,0,0,0,0,normal,0,normal
2024-08-07 17:00:00,26.8,88,1002.8,0,normal,0,0.12858200211719994,0,0,0,0,normal,0,normal
2024-08-07 18:00:00,26.6,88,1003.1,0,normal,0,0.1244765587291366,0,0,0,0,normal,0,normal
2024-08-07 19:00:00,26.4,88,1003.1,0,normal,0,0.12632767276040868,0,0,0,0,normal,0,normal
2024-08-07 20:00:00,25.8,92,1002.0,0,normal,0,0.11675067664292416,0,0,0,0,normal,0,normal
2024-08-07 21:00:00,25.7,93,1001.6,0,normal,0,0.12560615219782134,0,0,0,0,normal,0,normal
2024-08-07 22:00:00,25.5,94,1001.4,0,normal,0,0.12225052425528654,0,0,0,0,normal,0,normal
2024-08-07 23:00:00,25.3,95,1001.5,0,normal,0,0.1156515313947642,0,0,0,0,normal,0,normal
2024-08-08 00:00:00,25.2,96,1001.7,0,normal,0,0.11728888111121316,0,0,0,0,normal,0,normal
2024-08-08 01:00:00,25.4,94,1002.7,0,normal,0,0.11811705186065341,0,0,0,0,normal,0,normal
2024-08-08 02:00:00,26.4,89,1003.1,0,normal,0,0.12149914389593586,0,0,0,0,normal,0,normal
2024-08-08 03:00:00,27.6,82,1003.6,0,normal,0,0.12357169209624719,0,0,0,0,normal,0,normal
2024-08-08 04:00:00,29.0,76,1003.8,0,normal,0,0.1255056427199736,0,0,0,0,normal,0,normal
2024-08-08 05:00:00,30.3,71,1003.7,0,normal,0,0.12852063104000794,0,0,0,0,normal,0,normal
2024-08-08 06:00:00,31.8,71,1002.5,0,normal,0,0.12410576525518002,0,0,0,0,normal,0,normal
2024-08-08 07:00:00,32.4,61,1002.7,0,normal,0,0.12309208132207894,0,0,0,0,normal,0,normal
2024-08-08 08:00:00,32.6,63,1001.9,0,normal,0,0.12536782270907043,0,0,0,0,normal,0,normal
2024-08-08 09:00:00,33.6,66,1001.1,0,normal,0,0.12692229794052673,0,0,0,0,normal,0,normal
2024-08-08 10:00:00,31.6,67,1000.6,0,normal,0,0.12507037688671313,0,0,0,0,normal,0,normal
2024-08-08 11:00:00,32.8,63,999.5,0,normal,0,0.12140808733723246,0,0,0,0,normal,0,normal
2024-08-08 12:00:00,34.0,66,999.5,0,normal,0,0.12078115014523633,0,0,0,0,normal,0,normal
2024-08-08 13:00:00,31.2,72,1000.0,0,normal,0,0.11649592623745025,0,0,0,0,normal,0,normal
2024-08-08 14:00:00,30.1,77,1000.6,0,normal,0,0.12200061878071905,0,0,0,0,normal,0,normal
2024-08-08 15:00:00,29.4,80,1001.5,0,normal,0,0.13025245830026277,0,0,0,0,normal,0,normal
2024-08-08 16:00:00,27.8,83,1003.6,0,normal,0,0.09952142930512425,0,0,0,0,normal,0,normal
2024-08-08 17:00:00,27.6,85,1003.9,0,normal,0,0.12445053771086567,0,0,0,0,normal,0,normal
2024-08-08 18:00:00,27.4,87,1004.2,0,normal,0,0.12584164615667287,0,0,0,0,normal,0,normal
2024-08-08 19:00:00,27.3,88,1004.0,0,normal,0,0.12525001508516054,0,0,0,0,normal,0,normal
2024-08-08 20:00:00,27.0,89,1003.7,0,normal,0,0.12786900939483847,0,0,0,0,normal,0,normal
2024-08-08 21:00:00,27.0,86,1003.0,0,normal,0,0.12030288287992341,0,0,0,0,normal,0,normal
2024-08-08 22:00:00,26.6,88,1003.1,0,normal,0,0.12389295732634276,0,0,0,0,normal,0,normal
2024-08-08 23:00:00,26.3,90,1003.2,0,normal,0,0.11852571834725945,0,0,0,0,normal,0,normal
2024-08-09 00:00:00,26.1,92,1003.4,0,normal,0,0.12032500955708048,0,0,0,0,normal,0,normal
2024-08-09 01:00:00,26.3,91,1004.2,0,normal,0,0.12387449890573504,0,0,0,0,normal,0,normal
2024-08-09 02:00:00,27.3,86,1004.5,0,normal,0,0.1239978846145991,0,0,0,0,normal,0,normal
2024-08-09 03:00:00,30.2,81,1003.7,0,normal,0,0.11665503294129254,0,0,0,0,normal,0,normal
2024-08-09 04:00:00,29.9,74,1004.7,0,normal,0,0.12399429686958924,0,0,0,0,normal,0,normal
2024-08-09 05:00:00,30.9,69,1004.5,0,normal,0,0.12626033103299628,0,0,0,0,normal,0,normal
2024-08-09 06:00:00,33.4,66,1003.4,0,normal,0,0.12015638703590326,0,0,0,0,normal,0,normal
2024-08-09 07:00:00,31.6,66,1003.2,0,normal,0,0.12186561478314412,0,0,0,0,normal,0,normal
2024-08-09 08:00:00,32.5,64,1002.6,0,normal,0,0.12696498561003494,0,0,0,0,normal,0,normal
2024-08-09 09:00:00,34.0,64,1001.2,0,normal,0,0.12297621159642008,0,0,0,0,normal,0,normal
2024-08-09 10:00:00,32.9,63,1001.0,0,normal,0,0.12451952227404095,0,0,0,0,normal,0,normal
2024-08-09 11:00:00,32.6,64,1000.2,0,normal,0,0.12350154140652692,0,0,0,0,normal,0,normal
2024-08-09 12:00:00,34.2,64,999.6,0,normal,0,0.11811666912482371,0,0,0,0,normal,0,normal
2024-08-09 13:00:00,30.7,75,1001.0,0,normal,0,0.10771089503294512,0,0,0,0,normal,0,normal
2024-08-09 14:00:00,29.5,80,1001.6,0,normal,0,0.1219001243604047,0,0,0,0,normal,0,normal
2024-08-09 15:00:00,28.9,83,1002.7,0,normal,0,0.1295059415889684,0,0,0,0,normal,0,normal
2024-08-09 16:00:00,28.8,84,1003.3,0,normal,0,0.1282312941658334,0,0,0,0,normal,0,normal
2024-08-09 17:00:00,28.6,83,1004.1,0,normal,0,0.11819598071178661,0,0,0,0,normal,0,normal
2024-08-09 18:00:00,28.2,83,1004.4,0,normal,0,0.12335033836469356,0,0,0,0,normal,0,normal
2024-08-09 19:00:00,27.3,86,1004.4,0,normal,0,0.12216375313192851,0,0,0,0,normal,0,normal
2024-08-09 20:00:00,26.5,89,1004.2,0,normal,0,0.12472690763624061,0,0,0,0,normal,0,normal
2024-08-09 21:00:00,26.3,90,1003.7,0,normal,0,0.12809080226145741,0,0,0,0,normal,0,normal
2024-08-09 22:00:00,26.6,88,1002.8,0,normal,0,0.11339472503127418,0,0,0,0,normal,0,normal
2024-08-09 23:00:00,26.4,89,1003.2,0,normal,0,0.11700461190626599,0,0,0,0,normal,0,normal
2024-08-10 00:00:00,26.1,91,1003.3,0,normal,0,0.1193693467912067,0,0,0,0,normal,0,normal
2024-08-10 01:00:00,26.3,91,1003.4,0,normal,0,0.12467336277339347,0,0,0,0,normal,0,normal
2024-08-10 02:00:00,27.4,85,1003.5,0,normal,0,0.12043453509542662,0,0,0,0,normal,0,normal
2024-08-10 03:00:00,28.2,86,1002.7,0,normal,0,0.12173343576453893,0,0,0,0,normal,0,normal
2024-08-10 04:00:00,30.5,72,1003.5,0,normal,0,0.11099361429539073,0,0,0,0,normal,0,normal
2024-08-10 05:00:00,30.9,71,1003.5,0,normal,0,0.12473121565111023,0,0,0,0,normal,0,normal
2024-08-10 06:00:00,32.0,72,1002.5,0,normal,0,0.11914086335473262,0,0,0,0,normal,0,normal
2024-08-10 07:00:00,32.7,65,1002.6,0,normal,0,0.12287553308043714,0,0,0,0,normal,0,normal
2024-08-10 08:00:00,33.4,63,1001.6,0,normal,0,0.12743651972436187,0,0,0,0,normal,0,normal
2024-08-10 09:00:00,33.0,73,1000.0,0,normal,0,0.11139566989786387,0,0,0,0,normal,0,normal
2024-08-10 10:00:00,33.5,62,999.2,0,normal,0,0.11087218326216525,0,0,0,0,normal,0,normal
2024-08-10 11:00:00,32.8,65,998.6,0,normal,0,0.12305612383366032,0,0,0,0,normal,0,normal
2024-08-10 12:00:00,33.2,73,998.4,0,normal,0,0.11662586871020131,0,0,0,0,normal,0,normal
2024-08-10 13:00:00,31.7,70,998.7,0,normal,0,0.11490790672415946,0,0,0,0,normal,0,normal
2024-08-10 14:00:00,29.5,79,1000.4,0,normal,0,0.10447109418606065,0,0,0,0,normal,0,normal
2024-08-10 15:00:00,29.0,80,1000.9,0,normal,0,0.12686039683136047,0,0,0,0,normal,0,normal
2024-08-10 16:00:00,28.5,82,1001.9,0,normal,0,0.1267299031235783,0,0,0,0,normal,0,normal
2024-08-10 17:00:00,27.8,84,1002.0,0,normal,0,0.12859211072732973,0,0,0,0,normal,0,normal
2024-08-10 18:00:00,27.5,85,1002.1,0,normal,0,0.12695652089874043,0,0,0,0,normal,0,normal
2024-08-10 19:00:00,27.1,86,1001.6,0,normal,0,0.12620182375206462,0,0,0,0,normal,0,normal
2024-08-10 20:00:00,26.8,89,1001.0,0,normal,0,0.12375108929860384,0,0,0,0,normal,0,normal
2024-08-10 21:00:00,26.0,92,1001.1,0,normal,0,0.12204979243109731,0,0,0,0,normal,0,normal
2024-08-10 22:00:00,25.7,94,1000.8,0,normal,0,0.11937412554892413,0,0,0,0,normal,0,normal
2024-08-10 23:00:00,26.0,93,1001.1,0,normal,0,0.1093616874563813,0,0,0,0,normal,0,normal
2024-08-11 00:00:00,25.9,94,1000.7,0,normal,0,0.11204235643376609,0,0,0,0,normal,0,normal
2024-08-11 01:00:00,25.6,95,1001.5,0,normal,0,0.1193125201611932,0,0,0,0,normal,0,normal
2024-08-11 02:00:00,26.4,90,1002.0,0,normal,0,0.1225730495559591,0,0,0,0,normal,0,normal
2024-08-11 03:00:00,28.0,90,1000.3,0,normal,0,0.10930374541231402,0,0,0,0,normal,0,normal
2024-08-11 04:00:00,29.5,76,1001.9,0,normal,0,0.1016734939236742,0,0,0,0,normal,0,normal
2024-08-11 05:00:00,29.7,76,1002.1,0,normal,0,0.12577295535979266,0,0,0,0,normal,0,normal
2024-08-11 06:00:00,24.6,100,1002.2,0,normal,0,0.039979959453826486,0,0,0,0,normal,0,normal
2024-08-11 07:00:00,31.3,71,1001.1,0,normal,0,0.021624632865518467,0,0,0,0,normal,0,normal
2024-08-11 08:00:00,31.8,68,1000.7,0,normal,0,0.09966136762116534,0,0,0,0,normal,0,normal
2024-08-11 09:00:00,24.6,100,1002.2,0,normal,0,0.009532388103531741,0,0,0,0,normal,0,normal
2024-08-11 10:00:00,31.2,72,998.2,0,normal,1,-0.024425093372347106,0,0,0,0,normal,1,isolation_forest_anomaly
2024-08-11 11:00:00,31.2,71,997.5,0,normal,0,0.08170020743927248,0,0,0,0,normal,0,normal
2024-08-11 12:00:00,25.4,88,999.0,0,normal,0,0.05631498928370654,0,0,0,0,normal,0,normal
2024-08-11 13:00:00,27.3,88,999.6,0,normal,0,0.09620145973910194,0,0,0,0,normal,0,normal
2024-08-11 14:00:00,27.0,90,999.3,0,normal,0,0.11583346516606613,0,0,0,0,normal,0,normal
2024-08-11 15:00:00,27.0,88,1000.8,0,normal,0,0.11199263682055355,0,0,0,0,normal,0,normal
2024-08-11 16:00:00,26.7,89,1001.5,0,normal,0,0.12221132174828131,0,0,0,0,normal,0,normal
2024-08-11 17:00:00,26.7,89,1002.0,0,normal,0,0.12667183982101615,0,0,0,0,normal,0,normal
2024-08-11 18:00:00,26.5,90,1002.2,0,normal,0,0.12561429267401242,0,0,0,0,normal,0,normal
2024-08-11 19:00:00,26.4,91,1002.0,0,normal,0,0.12706335352025155,0,0,0,0,normal,0,normal
2024-08-11 20:00:00,26.1,89,1001.7,0,normal,0,0.12399503621751407,0,0,0,0,normal,0,normal
2024-08-11 21:00:00,26.2,89,1001.5,0,normal,0,0.12566603434197082,0,0,0,0,normal,0,normal
2024-08-11 22:00:00,26.4,88,1001.5,0,normal,0,0.12125972464777146,0,0,0,0,normal,0,normal
2024-08-11 23:00:00,25.2,94,1002.1,0,normal,0,0.09452616166205902,0,0,0,0,normal,0,normal
2024-08-12 00:00:00,25.3,94,1002.0,0,normal,0,0.11684508825367984,0,0,0,0,normal,0,normal
2024-08-12 01:00:00,25.4,95,1002.8,0,normal,0,0.12131496852825419,0,0,0,0,normal,0,normal
2024-08-12 02:00:00,26.2,92,1003.3,0,normal,0,0.12265473212759948,0,0,0,0,normal,0,normal
2024-08-12 03:00:00,27.5,85,1003.2,0,normal,0,0.12206797933179364,0,0,0,0,normal,0,normal
2024-08-12 04:00:00,29.1,77,1003.7,0,normal,0,0.12049641554214646,0,0,0,0,normal,0,normal
2024-08-12 05:00:00,30.3,71,1003.6,0,normal,0,0.12811908979016828,0,0,0,0,normal,0,normal
2024-08-12 06:00:00,31.5,67,1003.5,0,normal,0,0.12568542449376158,0,0,0,0,normal,0,normal
2024-08-12 07:00:00,32.2,65,1002.8,0,normal,0,0.128013173628635,0,0,0,0,normal,0,normal
2024-08-12 08:00:00,32.9,64,1001.8,0,normal,0,0.12813784954777985,0,0,0,0,normal,0,normal
2024-08-12 09:00:00,33.0,64,1001.1,0,normal,0,0.1268196530134098,0,0,0,0,normal,0,normal
2024-08-12 10:00:00,33.0,65,999.9,0,normal,0,0.1187587103385267,0,0,0,0,normal,0,normal
2024-08-12 11:00:00,31.4,68,999.7,0,normal,0,0.1250630972788701,0,0,0,0,normal,0,normal
2024-08-12 12:00:00,30.3,75,999.7,0,normal,0,0.12166240531814038,0,0,0,0,normal,0,normal
2024-08-12 13:00:00,29.7,79,1000.2,0,normal,0,0.12555772389517772,0,0,0,0,normal,0,normal
2024-08-12 14:00:00,28.8,84,1000.9,0,normal,0,0.12633360280354533,0,0,0,0,normal,0,normal
2024-08-12 15:00:00,28.3,87,1001.8,0,normal,0,0.13014819420139917,0,0,0,0,normal,0,normal
2024-08-12 16:00:00,28.4,84,1002.6,0,normal,0,0.12042050025544349,0,0,0,0,normal,0,normal
2024-08-12 17:00:00,27.9,86,1002.9,0,normal,0,0.12729653611713537,0,0,0,0,normal,0,normal
2024-08-12 18:00:00,27.6,86,1003.3,0,normal,0,0.12786664583745405,0,0,0,0,normal,0,normal
2024-08-12 19:00:00,27.2,87,1003.6,0,normal,0,0.12636866486531972,0,0,0,0,normal,0,normal
2024-08-12 20:00:00,26.8,89,1003.6,0,normal,0,0.1296493021898375,0,0,0,0,normal,0,normal
2024-08-12 21:00:00,26.4,91,1003.2,0,normal,0,0.128380751694385,0,0,0,0,normal,0,normal
2024-08-12 22:00:00,26.2,92,1003.2,0,normal,0,0.1282397991678848,0,0,0,0,normal,0,normal
2024-08-12 23:00:00,26.1,93,1003.2,0,normal,0,0.11688627723681672,0,0,0,0,normal,0,normal
2024-08-13 00:00:00,26.0,93,1003.6,0,normal,0,0.12012137552242047,0,0,0,0,normal,0,normal
2024-08-13 01:00:00,26.3,92,1004.2,0,normal,0,0.12296790076272557,0,0,0,0,normal,0,normal
2024-08-13 02:00:00,27.3,87,1004.3,0,normal,0,0.1225456458064918,0,0,0,0,normal,0,normal
2024-08-13 03:00:00,28.6,88,1004.3,0,normal,0,0.12349189655393167,0,0,0,0,normal,0,normal
2024-08-13 04:00:00,29.9,76,1005.0,0,normal,0,0.11422145454849836,0,0,0,0,normal,0,normal
2024-08-13 05:00:00,30.7,72,1005.0,0,normal,0,0.12519506215017462,0,0,0,0,normal,0,normal
2024-08-13 06:00:00,30.0,82,1005.0,0,normal,0,0.10978275956336181,0,0,0,0,normal,0,normal
2024-08-13 07:00:00,32.2,64,1003.7,0,normal,0,0.10482043885915743,0,0,0,0,normal,0,normal
2024-08-13 08:00:00,32.8,65,1002.8,0,normal,0,0.12424325640818268,0,0,0,0,normal,0,normal
2024-08-13 09:00:00,32.2,72,1002.7,0,normal,0,0.12436875771273376,0,0,0,0,normal,0,normal
2024-08-13 10:00:00,32.9,65,1000.8,0,normal,0,0.10972031453459102,0,0,0,0,normal,0,normal
2024-08-13 11:00:00,32.4,65,1000.6,0,normal,0,0.12665351076625564,0,0,0,0,normal,0,normal
2024-08-13 12:00:00,33.0,70,1000.9,0,normal,0,0.11556865340373207,0,0,0,0,normal,0,normal
2024-08-13 13:00:00,30.8,75,1001.0,0,normal,0,0.12023284745843438,0,0,0,0,normal,0,normal
2024-08-13 14:00:00,29.5,81,1001.3,0,normal,0,0.12589213895784157,0,0,0,0,normal,0,normal
2024-08-13 15:00:00,28.8,84,1002.2,0,normal,0,0.130409738470391,0,0,0,0,normal,0,normal
2024-08-13 16:00:00,28.4,86,1003.0,0,normal,0,0.12957785669728972,0,0,0,0,normal,0,normal
2024-08-13 17:00:00,27.7,90,1004.2,0,normal,0,0.11898606083021324,0,0,0,0,normal,0,normal
2024-08-13 18:00:00,27.5,90,1004.5,0,normal,0,0.12382543875661883,0,0,0,0,normal,0,normal
2024-08-13 19:00:00,27.4,90,1004.5,0,normal,0,0.12298957786913961,0,0,0,0,normal,0,normal
2024-08-13 20:00:00,27.3,90,1004.4,0,normal,0,0.12247857091712094,0,0,0,0,normal,0,normal
2024-08-13 21:00:00,27.2,90,1004.2,0,normal,0,0.12347117036086819,0,0,0,0,normal,0,normal
2024-08-13 22:00:00,27.0,92,1003.9,0,normal,0,0.11994825700591982,0,0,0,0,normal,0,normal
2024-08-13 23:00:00,27.0,90,1003.2,0,normal,0,0.10629598142963931,0,0,0,0,normal,0,normal
2024-08-14 00:00:00,26.6,90,1003.5,0,normal,0,0.119529161040699,0,0,0,0,normal,0,normal
2024-08-14 01:00:00,26.6,91,1004.2,0,normal,0,0.12449288670642267,0,0,0,0,normal,0,normal
2024-08-14 02:00:00,27.6,88,1004.8,0,normal,0,0.12336221661723384,0,0,0,0,normal,0,normal
2024-08-14 03:00:00,29.0,83,1005.2,0,normal,0,0.12444519584029878,0,0,0,0,normal,0,normal
2024-08-14 04:00:00,30.4,76,1005.1,0,normal,0,0.12249860110179783,0,0,0,0,normal,0,normal
2024-08-14 05:00:00,32.1,70,1004.6,0,normal,0,0.12419764910589487,0,0,0,0,normal,0,normal
2024-08-14 06:00:00,32.8,68,1004.1,0,normal,0,0.12573759325534872,0,0,0,0,normal,0,normal
2024-08-14 07:00:00,33.2,65,1003.9,0,normal,0,0.1232139425068986,0,0,0,0,normal,0,normal
2024-08-14 08:00:00,33.7,62,1002.8,0,normal,0,0.12307142855368602,0,0,0,0,normal,0,normal
2024-08-14 09:00:00,34.8,62,1002.2,0,normal,0,0.12199467036667733,0,0,0,0,normal,0,normal
2024-08-14 10:00:00,33.6,61,1000.9,0,normal,0,0.11542611295188948,0,0,0,0,normal,0,normal
2024-08-14 11:00:00,33.1,62,1000.9,0,normal,0,0.12214181895230297,0,0,0,0,normal,0,normal
2024-08-14 12:00:00,28.6,92,1001.2,0,normal,0,0.05582739778673734,0,0,0,0,normal,0,normal
2024-08-14 13:00:00,31.1,75,1000.5,0,normal,0,0.07259472299832093,0,0,0,0,normal,0,normal
2024-08-14 14:00:00,29.9,83,1001.8,0,normal,0,0.11486039010726423,0,0,0,0,normal,0,normal
2024-08-14 15:00:00,29.0,85,1003.1,0,normal,0,0.12194586962806775,0,0,0,0,normal,0,normal
2024-08-14 16:00:00,28.7,87,1004.0,0,normal,0,0.12569283365804224,0,0,0,0,normal,0,normal
2024-08-14 17:00:00,28.6,87,1003.7,0,normal,0,0.11959039633384966,0,0,0,0,normal,0,normal
2024-08-14 18:00:00,28.3,86,1004.3,0,normal,0,0.11746908521595695,0,0,0,0,normal,0,normal
2024-08-14 19:00:00,28.1,87,1004.4,0,normal,0,0.12155276277515975,0,0,0,0,normal,0,normal
2024-08-14 20:00:00,27.9,90,1003.0,0,normal,0,0.10866357196333282,0,0,0,0,normal,0,normal
2024-08-14 21:00:00,27.3,94,1002.8,0,normal,0,0.11821229324284072,0,0,0,0,normal,0,normal
2024-08-14 22:00:00,27.0,95,1002.6,0,normal,0,0.12053933327670768,0,0,0,0,normal,0,normal
2024-08-14 23:00:00,26.9,96,1002.9,0,normal,0,0.1124546217748969,0,0,0,0,normal,0,normal
2024-08-15 00:00:00,26.9,95,1003.3,0,normal,0,0.11453869371262332,0,0,0,0,normal,0,normal
2024-08-15 01:00:00,27.0,92,1004.1,0,normal,0,0.11764217135134836,0,0,0,0,normal,0,normal
2024-08-15 02:00:00,27.2,91,1004.6,0,normal,0,0.1239186353937442,0,0,0,0,normal,0,normal
2024-08-15 03:00:00,28.8,90,1004.1,0,normal,0,0.11758459876880267,0,0,0,0,normal,0,normal
2024-08-15 04:00:00,28.0,87,1004.9,0,normal,0,0.12019355393231457,0,0,0,0,normal,0,normal
2024-08-15 05:00:00,29.4,81,1004.7,0,normal,0,0.12460422438107266,0,0,0,0,normal,0,normal
2024-08-15 06:00:00,29.8,81,1004.0,0,normal,0,0.12570013010854303,0,0,0,0,normal,0,normal
2024-08-15 07:00:00,31.6,72,1003.5,0,normal,0,0.12224109587300813,0,0,0,0,normal,0,normal
2024-08-15 08:00:00,31.9,70,1002.5,0,normal,0,0.12811241070952967,0,0,0,0,normal,0,normal
2024-08-15 09:00:00,32.0,75,1001.6,0,normal,0,0.12309426383469396,0,0,0,0,normal,0,normal
2024-08-15 10:00:00,31.7,72,1000.4,0,normal,0,0.11967248213241777,0,0,0,0,normal,0,normal
2024-08-15 11:00:00,32.9,64,999.6,0,normal,0,0.11339259660322581,0,0,0,0,normal,0,normal
2024-08-15 12:00:00,31.8,76,998.5,0,normal,0,0.11174224041127928,0,0,0,0,normal,0,normal
2024-08-15 13:00:00,31.8,72,999.3,0,normal,0,0.12065889547797631,0,0,0,0,normal,0,normal
2024-08-15 14:00:00,30.3,80,999.9,0,normal,0,0.12167462436141696,0,0,0,0,normal,0,normal
2024-08-15 15:00:00,29.7,84,1000.1,0,normal,0,0.12466306762578455,0,0,0,0,normal,0,normal
2024-08-15 16:00:00,27.2,95,1001.5,0,normal,0,0.08790600441239083,0,0,0,0,normal,0,normal
2024-08-15 17:00:00,27.3,94,1002.2,0,normal,0,0.112031808399699,0,0,0,0,normal,0,normal
2024-08-15 18:00:00,27.0,95,1002.3,0,normal,0,0.11978923037575506,0,0,0,0,normal,0,normal
2024-08-15 19:00:00,26.8,96,1002.3,0,normal,0,0.11998333911715697,0,0,0,0,normal,0,normal
2024-08-15 20:00:00,26.5,97,1002.2,0,normal,0,0.12015059250775656,0,0,0,0,normal,0,normal
2024-08-15 21:00:00,26.8,95,1001.5,0,normal,0,0.11019849911733831,0,0,0,0,normal,0,normal
2024-08-15 22:00:00,26.9,94,1001.4,0,normal,0,0.11914733832808072,0,0,0,0,normal,0,normal
2024-08-15 23:00:00,26.5,93,1001.7,0,normal,0,0.11432590019924788,0,0,0,0,normal,0,normal
2024-08-16 00:00:00,26.0,92,1001.5,0,normal,0,0.11503731052459348,0,0,0,0,normal,0,normal
2024-08-16 01:00:00,26.0,91,1002.1,0,normal,0,0.12626442178619163,0,0,0,0,normal,0,normal
2024-08-16 02:00:00,27.6,83,1002.4,0,normal,0,0.11768233539492073,0,0,0,0,normal,0,normal
2024-08-16 03:00:00,31.0,81,1001.8,0,normal,0,0.11425637937551053,0,0,0,0,normal,0,normal
2024-08-16 04:00:00,30.3,75,1003.7,0,normal,0,0.11168618584407253,0,0,0,0,normal,0,normal
2024-08-16 05:00:00,31.3,71,1003.6,0,normal,0,0.1272932097255925,0,0,0,0,normal,0,normal
2024-08-16 06:00:00,32.2,75,1002.2,0,normal,0,0.11665474720571023,0,0,0,0,normal,0,normal
2024-08-16 07:00:00,33.6,61,1001.1,0,normal,0,0.10672688275770242,0,0,0,0,normal,0,normal
2024-08-16 08:00:00,33.8,64,1000.3,0,normal,0,0.12117765943839592,0,0,0,0,normal,0,normal
2024-08-16 09:00:00,33.8,68,999.6,0,normal,0,0.12114733303818881,0,0,0,0,normal,0,normal
2024-08-16 10:00:00,34.0,63,998.2,0,normal,0,0.10981788724231578,0,0,0,0,normal,0,normal
2024-08-16 11:00:00,28.8,86,999.5,0,normal,0,0.06653373421374026,0,0,0,0,normal,0,normal
2024-08-16 12:00:00,34.0,69,997.8,0,normal,0,0.052249048842728296,0,0,0,0,normal,0,normal
2024-08-16 13:00:00,28.5,86,999.9,0,normal,0,0.06106635782786052,0,0,0,0,normal,0,normal
2024-08-16 14:00:00,27.8,88,1000.9,0,normal,0,0.10396233935578497,0,0,0,0,normal,0,normal
2024-08-16 15:00:00,27.3,90,1001.9,0,normal,0,0.12712022867600176,0,0,0,0,normal,0,normal
2024-08-16 16:00:00,27.1,90,1002.4,0,normal,0,0.12768007283965432,0,0,0,0,normal,0,normal
2024-08-16 17:00:00,27.2,91,1003.8,0,normal,0,0.11323814873107263,0,0,0,0,normal,0,normal
2024-08-16 18:00:00,27.0,91,1003.8,0,normal,0,0.12233638112494405,0,0,0,0,normal,0,normal
2024-08-16 19:00:00,27.1,91,1003.6,0,normal,0,0.12371896852556258,0,0,0,0,normal,0,normal
2024-08-16 20:00:00,27.0,92,1003.8,0,normal,0,0.12289219100653276,0,0,0,0,normal,0,normal
2024-08-16 21:00:00,26.8,93,1003.3,0,normal,0,0.12410686018433176,0,0,0,0,normal,0,normal
2024-08-16 22:00:00,26.3,93,1003.0,0,normal,0,0.12410367800186256,0,0,0,0,normal,0,normal
2024-08-16 23:00:00,26.2,94,1003.4,0,normal,0,0.11611303838741299,0,0,0,0,normal,0,normal
2024-08-17 00:00:00,25.6,96,1004.2,0,normal,0,0.11227161909873329,0,0,0,0,normal,0,normal
2024-08-17 01:00:00,25.6,95,1004.6,0,normal,0,0.12308544163142349,0,0,0,0,normal,0,normal
2024-08-17 02:00:00,25.6,93,1005.7,0,normal,0,0.11670025003941642,0,0,0,0,normal,0,normal
2024-08-17 03:00:00,29.2,88,1004.0,0,normal,0,0.09603652873529345,0,0,0,0,normal,0,normal
2024-08-17 04:00:00,27.1,87,1006.1,0,normal,0,0.09965716037569494,0,0,0,0,normal,0,normal
2024-08-17 05:00:00,28.4,82,1006.1,0,normal,0,0.12357465866869027,0,0,0,0,normal,0,normal
2024-08-17 06:00:00,32.2,75,1004.4,0,normal,0,0.10595548176232195,0,0,0,0,normal,0,normal
2024-08-17 07:00:00,31.2,72,1005.2,0,normal,0,0.11981652671553522,0,0,0,0,normal,0,normal
2024-08-17 08:00:00,31.9,71,1004.4,0,normal,0,0.1260466492718204,0,0,0,0,normal,0,normal
2024-08-17 09:00:00,34.0,65,1003.0,0,normal,0,0.11757056032911689,0,0,0,0,normal,0,normal
2024-08-17 10:00:00,31.1,73,1002.2,0,normal,0,0.1095698664011282,0,0,0,0,normal,0,normal
2024-08-17 11:00:00,31.4,72,1001.9,0,normal,0,0.12689034155696355,0,0,0,0,normal,0,normal
2024-08-17 12:00:00,29.2,83,1002.6,0,normal,0,0.11650471324683409,0,0,0,0,normal,0,normal
2024-08-17 13:00:00,29.4,81,1002.9,0,normal,0,0.12475215683770796,0,0,0,0,normal,0,normal
2024-08-17 14:00:00,27.1,90,1003.9,0,normal,0,0.1148233628611191,0,0,0,0,normal,0,normal
2024-08-17 15:00:00,26.8,93,1004.6,0,normal,0,0.1227550546483609,0,0,0,0,normal,0,normal
2024-08-17 16:00:00,26.8,94,1005.2,0,normal,0,0.11734598244955452,0,0,0,0,normal,0,normal
2024-08-17 17:00:00,26.6,96,1005.6,0,normal,0,0.11497036494186746,0,0,0,0,normal,0,normal
2024-08-17 18:00:00,26.5,96,1005.6,0,normal,0,0.11494590480085604,0,0,0,0,normal,0,normal
2024-08-17 19:00:00,26.0,98,1004.9,0,normal,0,0.10651098165556899,0,0,0,0,normal,0,normal
2024-08-17 20:00:00,25.9,98,1004.6,0,normal,0,0.11208392276077211,0,0,0,0,normal,0,normal
2024-08-17 21:00:00,25.9,98,1004.3,0,normal,0,0.11055744747461571,0,0,0,0,normal,0,normal
2024-08-17 22:00:00,25.8,98,1004.1,0,normal,0,0.10978088149910681,0,0,0,0,normal,0,normal
2024-08-17 23:00:00,25.7,99,1004.4,0,normal,0,0.10260879829821518,0,0,0,0,normal,0,normal
2024-08-18 00:00:00,25.7,99,1004.6,0,normal,0,0.10270279943780813,0,0,0,0,normal,0,normal
2024-08-18 01:00:00,26.1,99,1005.0,0,normal,0,0.10171094809603626,0,0,0,0,normal,0,normal
2024-08-18 02:00:00,27.2,94,1005.4,0,normal,0,0.10559786635094814,0,0,0,0,normal,0,normal
2024-08-18 03:00:00,30.0,82,1004.4,0,normal,0,0.10051958562771285,0,0,0,0,normal,0,normal
2024-08-18 04:00:00,29.7,83,1006.2,0,normal,0,0.11429037935457337,0,0,0,0,normal,0,normal
2024-08-18 05:00:00,31.1,75,1006.3,0,normal,0,0.11792204888471985,0,0,0,0,normal,0,normal
2024-08-18 06:00:00,32.2,68,1004.9,0,normal,0,0.11847987529911186,0,0,0,0,normal,0,normal
2024-08-18 07:00:00,32.3,68,1005.5,0,normal,0,0.12260314337753392,0,0,0,0,normal,0,normal
2024-08-18 08:00:00,32.8,66,1004.7,0,normal,0,0.12242263433983386,0,0,0,0,normal,0,normal
2024-08-18 09:00:00,32.4,69,1003.8,0,normal,0,0.12536557040375873,0,0,0,0,normal,0,normal
2024-08-18 10:00:00,32.8,71,1001.8,0,normal,0,0.10972445883171061,0,0,0,0,normal,0,normal
2024-08-18 11:00:00,30.0,79,1002.4,0,normal,0,0.11525487119609007,0,0,0,0,normal,0,normal
2024-08-18 12:00:00,29.6,80,1002.2,0,normal,0,0.12359625750592168,0,0,0,0,normal,0,normal
2024-08-18 13:00:00,28.9,85,1002.9,0,normal,0,0.12309404004490165,0,0,0,0,normal,0,normal
2024-08-18 14:00:00,27.9,90,1003.3,0,normal,0,0.12456084207738516,0,0,0,0,normal,0,normal
2024-08-18 15:00:00,27.3,91,1004.1,0,normal,0,0.12784933097946272,0,0,0,0,normal,0,normal
2024-08-18 16:00:00,26.9,93,1004.6,0,normal,0,0.12384275361059255,0,0,0,0,normal,0,normal
2024-08-18 17:00:00,26.6,94,1004.7,0,normal,0,0.1218123151686118,0,0,0,0,normal,0,normal
2024-08-18 18:00:00,26.5,93,1004.9,0,normal,0,0.11911027400839691,0,0,0,0,normal,0,normal
2024-08-18 19:00:00,26.4,94,1005.3,0,normal,0,0.11747247141672729,0,0,0,0,normal,0,normal
2024-08-18 20:00:00,26.9,93,1004.5,0,normal,0,0.11026273252546503,0,0,0,0,normal,0,normal
2024-08-18 21:00:00,26.9,93,1004.0,0,normal,0,0.12123042498772718,0,0,0,0,normal,0,normal
2024-08-18 22:00:00,25.7,95,1004.2,0,normal,0,0.1129252063719779,0,0,0,0,normal,0,normal
2024-08-18 23:00:00,25.6,95,1004.1,0,normal,0,0.11423772473284055,0,0,0,0,normal,0,normal
2024-08-19 00:00:00,25.6,95,1004.4,0,normal,0,0.11796036066215904,0,0,0,0,normal,0,normal
2024-08-19 01:00:00,25.4,96,1004.4,0,normal,0,0.11823576139964054,0,0,0,0,normal,0,normal
2024-08-19 02:00:00,25.9,93,1004.6,0,normal,0,0.12070772256999018,0,0,0,0,normal,0,normal
2024-08-19 03:00:00,25.8,96,1004.8,0,normal,0,0.11940941005298178,0,0,0,0,normal,0,normal
2024-08-19 04:00:00,28.8,79,1004.8,0,normal,0,0.08988096676107776,0,0,0,0,normal,0,normal
2024-08-19 05:00:00,29.7,78,1005.2,0,normal,0,0.12038347046284537,0,0,0,0,normal,0,normal
2024-08-19 06:00:00,27.2,94,1004.5,0,normal,0,0.08474011594357139,0,0,0,0,normal,0,normal
2024-08-19 07:00:00,31.6,72,1003.7,0,normal,0,0.07585970356456917,0,0,0,0,normal,0,normal
2024-08-19 08:00:00,31.9,70,1002.6,0,normal,0,0.11592537984552909,0,0,0,0,normal,0,normal
2024-08-19 09:00:00,30.4,84,1001.8,0,normal,0,0.10920031952521675,0,0,0,0,normal,0,normal
2024-08-19 10:00:00,30.7,76,1001.1,0,normal,0,0.11428599998643202,0,0,0,0,normal,0,normal
2024-08-19 11:00:00,26.9,91,1001.7,0,normal,0,0.09458508184882525,0,0,0,0,normal,0,normal
2024-08-19 12:00:00,29.8,78,1000.4,0,normal,0,0.0847700909656725,0,0,0,0,normal,0,normal
2024-08-19 13:00:00,29.8,81,1000.3,0,normal,0,0.12278054069894373,0,0,0,0,normal,0,normal
2024-08-19 14:00:00,28.8,85,1001.0,0,normal,0,0.12478557021012676,0,0,0,0,normal,0,normal
2024-08-19 15:00:00,28.0,89,1001.8,0,normal,0,0.13076719753697608,0,0,0,0,normal,0,normal
2024-08-19 16:00:00,27.4,92,1002.5,0,normal,0,0.12665825165360522,0,0,0,0,normal,0,normal
2024-08-19 17:00:00,26.3,95,1003.2,0,normal,0,0.11955748950108924,0,0,0,0,normal,0,normal
2024-08-19 18:00:00,26.3,96,1003.5,0,normal,0,0.11926295756462085,0,0,0,0,normal,0,normal
2024-08-19 19:00:00,26.1,97,1003.4,0,normal,0,0.11754233601588432,0,0,0,0,normal,0,normal
2024-08-19 20:00:00,25.9,97,1003.0,0,normal,0,0.1158900393770344,0,0,0,0,normal,0,normal
2024-08-19 21:00:00,25.4,98,1002.8,0,normal,0,0.11777344580843507,0,0,0,0,normal,0,normal
2024-08-19 22:00:00,24.5,98,1002.7,0,normal,0,0.10668143238935657,0,0,0,0,normal,0,normal
2024-08-19 23:00:00,24.8,97,1002.1,0,normal,0,0.09669343138268821,0,0,0,0,normal,0,normal
2024-08-20 00:00:00,24.7,98,1002.7,0,normal,0,0.10753672566372913,0,0,0,0,normal,0,normal
2024-08-20 01:00:00,25.0,96,1003.3,0,normal,0,0.1130524915781781,0,0,0,0,normal,0,normal
2024-08-20 02:00:00,25.5,93,1003.7,0,normal,0,0.12145339085479334,0,0,0,0,normal,0,normal
2024-08-20 03:00:00,25.2,93,1004.8,0,normal,0,0.11922788762547926,0,0,0,0,normal,0,normal
2024-08-20 04:00:00,25.9,88,1005.0,0,normal,0,0.11524368182914296,0,0,0,0,normal,0,normal
2024-08-20 05:00:00,27.6,82,1005.0,0,normal,0,0.1203778308202551,0,0,0,0,normal,0,normal
2024-08-20 06:00:00,42.0,76,1003.8,1,multivariate_inconsistency,1,-0.010927973702284155,0,0,0,0,normal,1,isolation_forest_anomaly
2024-08-20 07:00:00,30.4,71,1004.1,0,normal,0,0.014228829776762542,0,0,0,0,normal,0,normal
2024-08-20 08:00:00,32.3,69,1002.9,0,normal,0,0.08452131418121733,0,0,0,0,normal,0,normal
2024-08-20 09:00:00,31.2,78,1002.1,0,normal,0,0.12119581384232231,0,0,0,0,normal,0,normal
2024-08-20 10:00:00,30.8,72,1001.5,0,normal,0,0.1254727458636577,0,0,0,0,normal,0,normal
2024-08-20 11:00:00,29.3,79,1001.6,0,normal,0,0.12393473041212105,0,0,0,0,normal,0,normal
2024-08-20 12:00:00,33.0,76,1000.0,0,normal,0,0.09180297752984606,0,0,0,0,normal,0,normal
2024-08-20 13:00:00,28.8,82,1001.9,0,normal,0,0.10518265042077807,0,0,0,0,normal,0,normal
2024-08-20 14:00:00,28.4,84,1002.8,0,normal,0,0.12134179663035849,0,0,0,0,normal,0,normal
2024-08-20 15:00:00,27.5,91,1003.9,0,normal,0,0.12121742220484105,0,0,0,0,normal,0,normal
2024-08-20 16:00:00,26.9,92,1004.9,0,normal,0,0.12101380249416616,0,0,0,0,normal,0,normal
2024-08-20 17:00:00,26.1,94,1005.4,0,normal,0,0.11935108377833903,0,0,0,0,normal,0,normal
2024-08-20 18:00:00,26.2,95,1006.2,0,normal,0,0.11258659876422361,0,0,0,0,normal,0,normal
2024-08-20 19:00:00,25.7,95,1006.3,0,normal,0,0.11517915387417266,0,0,0,0,normal,0,normal
2024-08-20 20:00:00,25.2,97,1005.9,0,normal,0,0.11289384549489251,0,0,0,0,normal,0,normal
2024-08-20 21:00:00,24.7,98,1006.0,0,normal,0,0.11453045403687218,0,0,0,0,normal,0,normal
2024-08-20 22:00:00,24.6,98,1005.4,0,normal,0,0.10557449877067371,0,0,0,0,normal,0,normal
2024-08-20 23:00:00,25.3,97,1004.4,0,normal,0,0.08400956846627916,0,0,0,0,normal,0,normal
2024-08-21 00:00:00,25.2,97,1005.1,0,normal,0,0.11005922479443636,0,0,0,0,normal,0,normal
2024-08-21 01:00:00,25.3,95,1006.3,0,normal,0,0.10844418880219514,0,0,0,0,normal,0,normal
2024-08-21 02:00:00,25.7,93,1007.2,0,normal,0,0.11442421493624055,0,0,0,0,normal,0,normal
2024-08-21 03:00:00,29.4,82,1005.2,0,normal,0,0.08646487291788568,0,0,0,0,normal,0,normal
2024-08-21 04:00:00,28.0,84,1007.2,0,normal,0,0.10311088337488206,0,0,0,0,normal,0,normal
2024-08-21 05:00:00,29.4,80,1006.9,0,normal,0,0.11935131598553367,0,0,0,0,normal,0,normal
2024-08-21 06:00:00,33.0,76,1000.0,0,normal,0,0.03779616500795041,0,0,0,0,normal,0,normal
2024-08-21 07:00:00,31.0,74,1005.9,0,normal,0,0.05761569186677051,0,0,0,0,normal,0,normal
2024-08-21 08:00:00,31.9,71,1004.9,0,normal,0,0.10912793839105511,0,0,0,0,normal,0,normal
2024-08-21 09:00:00,31.6,74,1002.8,0,normal,0,0.11436034361454295,0,0,0,0,normal,0,normal
2024-08-21 10:00:00,30.8,74,1003.2,0,normal,0,0.12493337034410457,0,0,0,0,normal,0,normal
2024-08-21 11:00:00,30.9,74,1002.4,0,normal,0,0.12120412629163413,0,0,0,0,normal,0,normal
2024-08-21 12:00:00,32.0,71,1000.9,0,normal,0,0.11333498951455506,0,0,0,0,normal,0,normal
2024-08-21 13:00:00,30.3,80,1001.7,0,normal,0,0.12058365410258925,0,0,0,0,normal,0,normal
2024-08-21 14:00:00,30.2,77,1001.9,0,normal,0,0.12335215416377898,0,0,0,0,normal,0,normal
2024-08-21 15:00:00,29.4,82,1003.0,0,normal,0,0.12511337148434215,0,0,0,0,normal,0,normal
2024-08-21 16:00:00,28.6,87,1003.9,0,normal,0,0.12322186342130809,0,0,0,0,normal,0,normal
2024-08-21 17:00:00,28.0,90,1004.3,0,normal,0,0.12500903156886628,0,0,0,0,normal,0,normal
2024-08-21 18:00:00,27.7,89,1004.3,0,normal,0,0.12317835172809649,0,0,0,0,normal,0,normal
2024-08-21 19:00:00,26.7,93,1004.7,0,normal,0,0.11652383119342141,0,0,0,0,normal,0,normal
2024-08-21 20:00:00,26.5,93,1004.4,0,normal,0,0.12584945203071002,0,0,0,0,normal,0,normal
2024-08-21 21:00:00,26.5,93,1004.3,0,normal,0,0.12385077797528482,0,0,0,0,normal,0,normal
2024-08-21 22:00:00,26.1,93,1004.3,0,normal,0,0.12152771844895793,0,0,0,0,normal,0,normal
2024-08-21 23:00:00,25.5,96,1004.1,0,normal,0,0.10937088470701084,0,0,0,0,normal,0,normal
2024-08-22 00:00:00,25.5,95,1004.3,0,normal,0,0.11835033814169804,0,0,0,0,normal,0,normal
2024-08-22 01:00:00,25.6,95,1004.7,0,normal,0,0.1236886376141143,0,0,0,0,normal,0,normal
2024-08-22 02:00:00,26.7,92,1004.8,0,normal,0,0.12226529547226556,0,0,0,0,normal,0,normal
2024-08-22 03:00:00,30.2,84,1003.6,0,normal,0,0.10465722850536474,0,0,0,0,normal,0,normal
2024-08-22 04:00:00,29.6,80,1005.0,0,normal,0,0.1192188974943505,0,0,0,0,normal,0,normal
2024-08-22 05:00:00,31.6,64,1004.8,0,normal,0,0.10901339451302683,0,0,0,0,normal,0,normal
2024-08-22 06:00:00,33.0,64,1003.6,0,normal,0,0.12034926990229189,0,0,0,0,normal,0,normal
2024-08-22 07:00:00,32.5,60,1004.0,0,normal,0,0.11979747520594142,0,0,0,0,normal,0,normal
2024-08-22 08:00:00,32.6,60,1003.3,0,normal,0,0.12482987169776849,0,0,0,0,normal,0,normal
2024-08-22 09:00:00,32.8,69,1001.3,0,normal,0,0.10928368911781955,0,0,0,0,normal,0,normal
2024-08-22 10:00:00,33.1,61,1000.8,0,normal,0,0.11935892942420195,0,0,0,0,normal,0,normal
2024-08-22 11:00:00,32.9,62,999.9,0,normal,0,0.12308818585481052,0,0,0,0,normal,0,normal
2024-08-22 12:00:00,33.6,62,999.1,0,normal,0,0.12006710475623839,0,0,0,0,normal,0,normal
2024-08-22 13:00:00,31.4,73,1000.0,0,normal,0,0.1168224521532718,0,0,0,0,normal,0,normal
2024-08-22 14:00:00,30.0,80,1001.0,0,normal,0,0.12014461081732808,0,0,0,0,normal,0,normal
2024-08-22 15:00:00,29.3,82,1001.9,0,normal,0,0.12872120982968732,0,0,0,0,normal,0,normal
2024-08-22 16:00:00,28.6,86,1002.8,0,normal,0,0.12682460790786898,0,0,0,0,normal,0,normal
2024-08-22 17:00:00,28.2,88,1003.3,0,normal,0,0.1284341955839574,0,0,0,0,normal,0,normal
2024-08-22 18:00:00,28.0,5,1003.8,1,humidity_drop,1,-0.0840128380706392,0,0,0,0,normal,1,isolation_forest_anomaly
2024-08-22 19:00:00,26.9,89,1004.1,0,normal,1,-0.11604506417209037,0,0,0,0,normal,1,isolation_forest_anomaly
2024-08-22 20:00:00,26.7,89,1003.7,0,normal,0,0.021853770724175825,0,0,0,0,normal,0,normal
2024-08-22 21:00:00,26.3,90,1003.6,0,normal,0,0.12835866803962792,0,0,0,0,normal,0,normal
2024-08-22 22:00:00,25.4,92,1003.8,0,normal,0,0.12321782211086357,0,0,0,0,normal,0,normal
2024-08-22 23:00:00,25.0,95,1004.5,0,normal,0,0.10804824716671074,0,0,0,0,normal,0,normal
2024-08-23 00:00:00,24.8,97,1004.8,0,normal,0,0.11194101571615594,0,0,0,0,normal,0,normal
2024-08-23 01:00:00,25.4,94,1005.1,0,normal,0,0.11639269408393155,0,0,0,0,normal,0,normal
2024-08-23 02:00:00,26.3,90,1005.2,0,normal,0,0.12175430865103709,0,0,0,0,normal,0,normal
2024-08-23 03:00:00,26.4,84,1005.0,0,normal,0,0.1203867912313415,0,0,0,0,normal,0,normal
2024-08-23 04:00:00,29.1,77,1005.7,0,normal,0,0.11887850844616066,0,0,0,0,normal,0,normal
2024-08-23 05:00:00,29.7,74,1005.9,0,normal,0,0.1280356706715849,0,0,0,0,normal,0,normal
2024-08-23 06:00:00,32.4,67,1004.8,0,normal,0,0.11983741894460453,0,0,0,0,normal,0,normal
2024-08-23 07:00:00,30.5,71,1005.5,0,normal,0,0.11740577728805673,0,0,0,0,normal,0,normal
2024-08-23 08:00:00,31.0,69,1004.8,0,normal,0,0.12868292934398878,0,0,0,0,normal,0,normal
2024-08-23 09:00:00,33.0,69,1002.9,0,normal,0,0.11613377938579938,0,0,0,0,normal,0,normal
2024-08-23 10:00:00,32.0,65,1003.1,0,normal,0,0.12338005992493817,0,0,0,0,normal,0,normal
2024-08-23 11:00:00,32.6,64,1001.5,0,normal,0,0.11550122754544295,0,0,0,0,normal,0,normal
2024-08-23 12:00:00,32.0,74,1000.9,0,normal,0,0.11848258861868671,0,0,0,0,normal,0,normal
2024-08-23 13:00:00,30.5,77,1000.9,0,normal,0,0.12495101320744267,0,0,0,0,normal,0,normal
2024-08-23 14:00:00,29.1,82,1001.5,0,normal,0,0.1274005046590288,0,0,0,0,normal,0,normal
2024-08-23 15:00:00,28.5,86,1002.8,0,normal,0,0.126792457061213,0,0,0,0,normal,0,normal
2024-08-23 16:00:00,27.2,90,1004.6,0,normal,0,0.10578948210556183,0,0,0,0,normal,0,normal
2024-08-23 17:00:00,27.0,90,1004.9,0,normal,0,0.12580064778757988,0,0,0,0,normal,0,normal
2024-08-23 18:00:00,26.8,91,1005.1,0,normal,0,0.12344931149732064,0,0,0,0,normal,0,normal
2024-08-23 19:00:00,26.7,92,1005.3,0,normal,0,0.12251503872454339,0,0,0,0,normal,0,normal
2024-08-23 20:00:00,26.6,92,1005.3,0,normal,0,0.12277282865120254,0,0,0,0,normal,0,normal
2024-08-23 21:00:00,26.5,90,1004.6,0,normal,0,0.12075441162519834,0,0,0,0,normal,0,normal
2024-08-23 22:00:00,25.6,92,1005.0,0,normal,0,0.11823291430778016,0,0,0,0,normal,0,normal
2024-08-23 23:00:00,24.2,97,1005.3,0,normal,0,0.09155738358977578,0,0,0,0,normal,0,normal
2024-08-24 00:00:00,24.2,96,1005.8,0,normal,0,0.11348803063238988,0,0,0,0,normal,0,normal
2024-08-24 01:00:00,24.2,95,1006.5,0,normal,0,0.11338181570949013,0,0,0,0,normal,0,normal
2024-08-24 02:00:00,25.0,93,1006.3,0,normal,0,0.11726373865772943,0,0,0,0,normal,0,normal
2024-08-24 03:00:00,26.4,78,1006.0,0,normal,0,0.102289741280577,0,0,0,0,normal,0,normal
2024-08-24 04:00:00,28.3,82,1006.8,0,normal,0,0.1172477759945757,0,0,0,0,normal,0,normal
2024-08-24 05:00:00,29.9,77,1006.7,0,normal,0,0.12585137004111524,0,0,0,0,normal,0,normal
2024-08-24 06:00:00,31.8,76,1004.8,0,normal,0,0.11449560336308878,0,0,0,0,normal,0,normal
2024-08-24 07:00:00,32.4,67,1005.0,0,normal,0,0.11964432407902287,0,0,0,0,normal,0,normal
2024-08-24 08:00:00,32.9,65,1004.0,0,normal,0,0.12613063555634507,0,0,0,0,normal,0,normal
2024-08-24 09:00:00,30.2,80,1002.6,0,normal,0,0.09857181808335347,0,0,0,0,normal,0,normal
2024-08-24 10:00:00,32.3,67,1001.9,0,normal,0,0.11025711979033753,0,0,0,0,normal,0,normal
2024-08-24 11:00:00,32.2,66,1001.1,0,normal,0,0.12616085727621795,0,0,0,0,normal,0,normal
2024-08-24 12:00:00,27.4,76,1002.0,0,normal,0,0.1009901234166754,0,0,0,0,normal,0,normal
2024-08-24 13:00:00,31.2,76,1000.8,0,normal,0,0.09811303099975904,0,0,0,0,normal,0,normal
2024-08-24 14:00:00,29.6,82,1001.6,0,normal,0,0.1238228564914815,0,0,0,0,normal,0,normal
2024-08-24 15:00:00,28.7,89,1002.4,0,normal,0,0.12620321744046492,0,0,0,0,normal,0,normal
2024-08-24 16:00:00,28.2,90,1002.9,0,normal,0,0.12791577804637488,0,0,0,0,normal,0,normal
2024-08-24 17:00:00,26.2,97,1004.1,0,normal,0,0.09821357317112905,0,0,0,0,normal,0,normal
2024-08-24 18:00:00,26.0,98,1004.1,0,normal,0,0.10801931615344063,0,0,0,0,normal,0,normal
2024-08-24 19:00:00,25.8,98,1003.9,0,normal,0,0.1094508584878317,0,0,0,0,normal,0,normal
2024-08-24 20:00:00,25.8,98,1003.8,0,normal,0,0.11095053831459112,0,0,0,0,normal,0,normal
2024-08-24 21:00:00,25.7,98,1003.5,0,normal,0,0.1123877008630983,0,0,0,0,normal,0,normal
2024-08-24 22:00:00,26.1,96,1002.9,0,normal,0,0.10145926268606764,0,0,0,0,normal,0,normal
2024-08-24 23:00:00,26.1,94,1003.5,0,normal,0,0.10904133209156563,0,0,0,0,normal,0,normal
2024-08-25 00:00:00,26.1,94,1003.3,0,normal,0,0.11416627171739419,0,0,0,0,normal,0,normal
2024-08-25 01:00:00,26.2,93,1004.0,0,normal,0,0.12333427186388174,0,0,0,0,normal,0,normal
2024-08-25 02:00:00,26.9,92,1004.5,0,normal,0,0.12470667577059141,0,0,0,0,normal,0,normal
2024-08-25 03:00:00,28.0,92,1003.8,0,normal,0,0.11566373626280146,0,0,0,0,normal,0,normal
2024-08-25 04:00:00,30.1,73,1004.2,0,normal,0,0.0953762686505048,0,0,0,0,normal,0,normal
2024-08-25 05:00:00,31.2,69,1003.8,0,normal,0,0.11978547265446671,0,0,0,0,normal,0,normal
2024-08-25 06:00:00,32.6,72,1002.9,0,normal,0,0.12285177719123724,0,0,0,0,normal,0,normal
2024-08-25 07:00:00,32.6,66,1003.1,0,normal,0,0.12212967202614916,0,0,0,0,normal,0,normal
2024-08-25 08:00:00,33.0,63,1002.4,0,normal,0,0.12533011828676494,0,0,0,0,normal,0,normal
2024-08-25 09:00:00,34.6,64,1001.1,0,normal,0,0.12170478522348355,0,0,0,0,normal,0,normal
2024-08-25 10:00:00,32.9,63,1000.4,0,normal,0,0.12044051688510082,0,0,0,0,normal,0,normal
2024-08-25 11:00:00,32.8,63,999.5,0,normal,0,0.12345734008600456,0,0,0,0,normal,0,normal
2024-08-25 12:00:00,35.4,62,998.9,0,normal,0,0.09978242267547155,0,0,0,0,normal,0,normal
2024-08-25 13:00:00,31.1,77,998.6,0,normal,0,0.09558559499774355,0,0,0,0,normal,0,normal
2024-08-25 14:00:00,31.1,70,999.3,0,normal,0,0.10587338042892902,0,0,0,0,normal,0,normal
2024-08-25 15:00:00,29.0,82,1000.2,0,normal,0,0.11428336898971031,0,0,0,0,normal,0,normal
2024-08-25 16:00:00,28.3,86,1000.8,0,normal,0,0.12236389639209788,0,0,0,0,normal,0,normal
2024-08-25 17:00:00,27.8,89,1001.1,0,normal,0,0.12804388549135431,0,0,0,0,normal,0,normal
2024-08-25 18:00:00,27.6,89,1001.5,0,normal,0,0.12565779661445048,0,0,0,0,normal,0,normal
2024-08-25 19:00:00,27.5,88,1001.7,0,normal,0,0.12343378200252991,0,0,0,0,normal,0,normal
2024-08-25 20:00:00,27.3,89,1001.5,0,normal,0,0.12613569684189785,0,0,0,0,normal,0,normal
2024-08-25 21:00:00,27.1,90,1001.4,0,normal,0,0.126191293817622,0,0,0,0,normal,0,normal
2024-08-25 22:00:00,26.9,91,1001.5,0,normal,0,0.12403270999029875,0,0,0,0,normal,0,normal
2024-08-25 23:00:00,26.8,92,1001.5,0,normal,0,0.11671453663112097,0,0,0,0,normal,0,normal
2024-08-26 00:00:00,26.6,93,1001.8,0,normal,0,0.11968003337890842,0,0,0,0,normal,0,normal
2024-08-26 01:00:00,24.9,96,1003.3,0,normal,0,0.0956687389581955,0,0,0,0,normal,0,normal
2024-08-26 02:00:00,25.2,94,1004.0,0,normal,0,0.11928018467402013,0,0,0,0,normal,0,normal
2024-08-26 03:00:00,30.2,77,1002.6,0,normal,0,0.07445675489188297,0,0,0,0,normal,0,normal
2024-08-26 04:00:00,27.7,81,1004.7,0,normal,0,0.09827494065694248,0,0,0,0,normal,0,normal
2024-08-26 05:00:00,29.2,78,1004.9,0,normal,0,0.12694232731982985,0,0,0,0,normal,0,normal
2024-08-26 06:00:00,32.6,69,1002.8,0,normal,0,0.1080231064236537,0,0,0,0,normal,0,normal
2024-08-26 07:00:00,31.6,70,1003.6,0,normal,0,0.12191915944207404,0,0,0,0,normal,0,normal
2024-08-26 08:00:00,31.9,68,1002.8,0,normal,0,0.12675119970157628,0,0,0,0,normal,0,normal
2024-08-26 09:00:00,34.2,58,1000.9,0,normal,0,0.10834069243535893,0,0,0,0,normal,0,normal
2024-08-26 10:00:00,32.3,66,1000.6,0,normal,0,0.12137353083642893,0,0,0,0,normal,0,normal
2024-08-26 11:00:00,31.9,67,1000.2,0,normal,0,0.12817429265908914,0,0,0,0,normal,0,normal
2024-08-26 12:00:00,35.0,60,998.9,0,normal,0,0.09255847244956455,0,0,0,0,normal,0,normal
2024-08-26 13:00:00,29.9,80,1000.8,0,normal,0,0.07568918543152586,0,0,0,0,normal,0,normal
2024-08-26 14:00:00,28.7,83,1001.7,0,normal,0,0.10858500496328821,0,0,0,0,normal,0,normal
2024-08-26 15:00:00,27.9,83,1002.6,0,normal,0,0.1286743075358288,0,0,0,0,normal,0,normal
2024-08-26 16:00:00,27.6,83,1003.3,0,normal,0,0.1256621049043843,0,0,0,0,normal,0,normal
2024-08-26 17:00:00,27.3,84,1003.6,0,normal,0,0.12800685418145819,0,0,0,0,normal,0,normal
2024-08-26 18:00:00,27.2,85,1003.8,0,normal,0,0.12533839252917484,0,0,0,0,normal,0,normal
2024-08-26 19:00:00,27.0,87,1003.8,0,normal,0,0.12595798792504204,0,0,0,0,normal,0,normal
2024-08-26 20:00:00,26.9,87,1003.7,0,normal,0,0.1268454048515429,0,0,0,0,normal,0,normal
2024-08-26 21:00:00,26.9,85,1003.6,0,normal,0,0.12416355066691143,0,0,0,0,normal,0,normal
2024-08-26 22:00:00,26.9,83,1003.2,0,normal,0,0.11890703032990019,0,0,0,0,normal,0,normal
2024-08-26 23:00:00,26.7,83,1003.4,0,normal,0,0.11300037014781406,0,0,0,0,normal,0,normal
2024-08-27 00:00:00,26.5,83,1003.9,0,normal,0,0.11540862291793785,0,0,0,0,normal,0,normal
2024-08-27 01:00:00,26.6,83,1004.5,0,normal,0,0.1204627797308026,0,0,0,0,normal,0,normal
2024-08-27 02:00:00,27.3,82,1005.2,0,normal,0,0.12181489336084372,0,0,0,0,normal,0,normal
2024-08-27 03:00:00,26.4,87,1005.1,0,normal,0,0.11918948773073124,0,0,0,0,normal,0,normal
2024-08-27 04:00:00,29.7,72,1005.8,0,normal,0,0.10734665052703468,0,0,0,0,normal,0,normal
2024-08-27 05:00:00,31.0,66,1006.1,0,normal,0,0.12096571063567013,0,0,0,0,normal,0,normal
2024-08-27 06:00:00,31.4,72,1004.7,0,normal,0,0.11534044031308938,0,0,0,0,normal,0,normal
2024-08-27 07:00:00,31.8,64,1004.9,0,normal,0,0.11987739241226258,0,0,0,0,normal,0,normal
2024-08-27 08:00:00,31.9,66,1004.4,0,normal,0,0.12597575644097914,0,0,0,0,normal,0,normal
2024-08-27 09:00:00,33.4,66,1002.4,0,normal,0,0.1174763314554011,0,0,0,0,normal,0,normal
2024-08-27 10:00:00,28.7,79,1003.8,0,normal,0,0.09523993431070837,0,0,0,0,normal,0,normal
2024-08-27 11:00:00,29.0,80,1003.1,0,normal,0,0.12018928241537513,0,0,0,0,normal,0,normal
2024-08-27 12:00:00,27.4,84,1002.3,0,normal,0,0.11613653789006362,0,0,0,0,normal,0,normal
2024-08-27 13:00:00,28.6,79,1003.6,0,normal,0,0.10796896942003192,0,0,0,0,normal,0,normal
2024-08-27 14:00:00,27.9,82,1004.5,0,normal,0,0.12249887190761483,0,0,0,0,normal,0,normal
2024-08-27 15:00:00,27.4,84,1005.3,0,normal,0,0.12909332564967757,0,0,0,0,normal,0,normal
2024-08-27 16:00:00,27.3,84,1006.2,0,normal,0,0.12221127105881002,0,0,0,0,normal,0,normal
2024-08-27 17:00:00,27.0,85,1006.7,0,normal,0,0.12228408092915255,0,0,0,0,normal,0,normal
2024-08-27 18:00:00,26.6,87,1006.9,0,normal,0,0.12393639275826951,0,0,0,0,normal,0,normal
2024-08-28 00:00:00,25.1,96,1005.0,0,normal,0,0.08127378207297697,0,0,0,0,normal,0,normal
2024-08-28 03:00:00,27.0,90,1005.1,0,normal,0,0.11461637817753934,0,0,0,0,normal,0,normal
2024-08-28 06:00:00,31.8,72,1004.5,0,normal,0,0.08572048803541504,0,0,0,0,normal,0,normal
2024-08-28 09:00:00,33.2,64,1002.0,0,normal,0,0.09974919749701056,0,0,0,0,normal,0,normal
2024-08-28 12:00:00,31.8,72,1000.6,0,normal,0,0.11141195275980509,0,0,0,0,normal,0,normal
2024-08-28 18:00:00,27.1,91,1003.1,0,normal,0,0.05678552401858028,0,0,0,0,normal,0,normal
2024-08-29 00:00:00,25.4,99,1002.7,0,normal,0,0.0602665284615988,0,0,0,0,normal,0,normal
2024-08-29 03:00:00,25.0,96,1004.2,0,normal,0,0.10447763565338614,0,0,0,0,normal,0,normal
2024-08-29 06:00:00,31.4,72,1004.3,0,normal,0,0.06289149620622392,0,0,0,0,normal,0,normal
2024-08-29 09:00:00,26.4,87,1004.1,0,normal,0,0.0889347239489301,0,0,0,0,normal,0,normal
2024-08-29 12:00:00,26.0,90,1003.1,0,normal,0,0.10660507008729508,0,0,0,0,normal,0,normal
2024-08-29 18:00:00,26.8,95,1004.5,0,normal,0,0.11083550924243124,0,0,0,0,normal,0,normal
2024-08-30 00:00:00,24.3,99,1003.8,0,normal,0,0.0825241819789625,0,0,0,0,normal,0,normal
2024-08-30 03:00:00,28.0,85,1005.9,0,normal,0,0.08914157365885672,0,0,0,0,normal,0,normal
2024-08-30 06:00:00,32.4,70,1006.0,0,normal,0,0.09002797269329832,0,0,0,0,normal,0,normal
2024-08-30 09:00:00,33.2,62,1004.6,0,normal,0,0.11018943954981625,0,0,0,0,normal,0,normal
2024-08-30 12:00:00,33.8,60,1003.4,0,normal,0,0.11562616437978507,0,0,0,0,normal,0,normal
2024-08-30 18:00:00,27.1,94,1005.6,0,normal,0,0.012461764181426527,0,0,0,0,normal,0,normal
2024-08-31 00:00:00,26.1,98,1004.7,0,normal,0,0.04544281037808029,0,0,0,0,normal,0,normal
2024-08-31 03:00:00,29.8,80,1005.5,0,normal,0,0.09823116267534204,0,0,0,0,normal,0,normal
2024-08-31 06:00:00,33.0,63,1004.8,0,normal,0,0.09315020263954826,0,0,0,0,normal,0,normal
2024-08-31 09:00:00,33.6,64,1003.4,0,normal,0,0.1224707856456792,0,0,0,0,normal,0,normal
2024-08-31 12:00:00,33.8,62,1001.7,0,normal,0,0.10990771375108366,0,0,0,0,normal,0,normal
2024-08-31 18:00:00,27.7,93,1004.4,0,normal,0,0.015881225440182833,0,0,0,0,normal,0,normal
2024-09-01 00:00:00,26.0,97,1004.0,0,normal,0,0.041673355596772266,0,0,0,0,normal,0,normal
2024-09-01 03:00:00,30.0,85,1004.9,0,normal,0,0.09325975945915665,0,0,0,0,normal,0,normal
2024-09-01 06:00:00,32.0,72,1004.7,0,normal,0,0.10022246695699888,0,0,0,0,normal,0,normal
2024-09-01 09:00:00,32.8,69,1002.9,0,normal,0,0.11367240332795087,0,0,0,0,normal,0,normal
2024-09-01 12:00:00,33.4,62,1001.2,0,normal,0,0.09848674073567265,0,0,0,0,normal,0,normal
2024-09-01 18:00:00,27.3,94,1004.0,0,normal,0,0.008950696722313967,0,0,0,0,normal,0,normal
2024-09-02 00:00:00,25.3,97,1003.9,0,normal,0,0.04118648383450674,0,0,0,0,normal,0,normal
2024-09-02 03:00:00,28.0,89,1006.3,0,normal,0,0.09841153987044465,0,0,0,0,normal,0,normal
2024-09-02 06:00:00,30.4,80,1006.8,0,normal,0,0.10206728186174108,0,0,0,0,normal,0,normal
2024-09-02 09:00:00,32.6,70,1004.3,0,normal,0,0.10181765647667035,0,0,0,0,normal,0,normal
2024-09-02 12:00:00,31.4,75,1002.4,0,normal,0,0.10020388066258568,0,0,0,0,normal,0,normal
2024-09-02 18:00:00,25.5,96,1005.0,0,normal,0,0.02983443633299071,0,0,0,0,normal,0,normal
2024-09-03 00:00:00,24.3,97,1004.4,0,normal,0,0.060130734046472956,0,0,0,0,normal,0,normal
2024-09-03 03:00:00,30.0,78,1006.9,0,normal,0,0.06726909112997065,0,0,0,0,normal,0,normal
2024-09-03 06:00:00,33.4,67,1006.3,0,normal,0,0.08828669071972983,0,0,0,0,normal,0,normal
2024-09-03 09:00:00,26.0,95,1005.2,0,normal,0,0.04493920070017421,0,0,0,0,normal,0,normal
2024-09-03 12:00:00,25.4,96,1006.4,0,normal,0,0.06088949515091324,0,0,0,0,normal,0,normal
2024-09-03 23:00:00,25.3,90,1004.9,0,normal,0,0.09286069018463189,0,0,0,0,normal,0,normal
2024-09-04 00:00:00,25.1,93,1005.1,0,normal,0,0.10974183400068022,0,0,0,0,normal,0,normal
2024-09-04 01:00:00,25.1,92,1005.2,0,normal,0,0.12317641976274302,0,0,0,0,normal,0,normal
2024-09-04 02:00:00,25.8,89,1005.4,0,normal,0,0.12355607324913087,0,0,0,0,normal,0,normal
2024-09-04 03:00:00,26.6,92,1005.4,0,normal,0,0.11964311140349598,0,0,0,0,normal,0,normal
2024-09-04 04:00:00,26.1,85,1006.0,0,normal,0,0.11511680733166602,0,0,0,0,normal,0,normal
2024-09-04 05:00:00,26.7,82,1006.0,0,normal,0,0.117930417169825,0,0,0,0,normal,0,normal
2024-09-04 06:00:00,30.0,76,1005.2,0,normal,0,0.11187543733192745,0,0,0,0,normal,0,normal
2024-09-04 07:00:00,29.2,74,1004.8,0,normal,0,0.12153841425797801,0,0,0,0,normal,0,normal
2024-09-04 08:00:00,30.4,70,1003.6,0,normal,0,0.1218410473581692,0,0,0,0,normal,0,normal
2024-09-04 09:00:00,31.7,65,1001.9,0,normal,0,0.1120572302433746,0,0,0,0,normal,0,normal
2024-09-04 10:00:00,31.3,67,1000.8,0,normal,0,0.11601527842693671,0,0,0,0,normal,0,normal
2024-09-04 11:00:00,30.1,72,1000.3,0,normal,0,0.11741678536690997,0,0,0,0,normal,0,normal
2024-09-04 12:00:00,30.8,74,1000.4,0,normal,0,0.11321833463811137,0,0,0,0,normal,0,normal
2024-09-04 13:00:00,28.9,83,999.4,0,normal,0,0.10255704440549623,0,0,0,0,normal,0,normal
2024-09-04 14:00:00,2.5249026756578985,86,1000.6,1,temp_drop,1,-0.12788728932442384,0,0,0,0,normal,1,isolation_forest_anomaly
2024-09-04 15:00:00,26.4,89,1001.2,0,normal,1,-0.12425879381660099,0,0,0,0,normal,1,isolation_forest_anomaly
2024-09-04 16:00:00,25.9,91,1001.6,0,normal,0,0.018804322281820607,0,0,0,0,normal,0,normal
2024-09-04 17:00:00,25.4,93,1001.8,0,normal,0,0.11387287002567947,0,0,0,0,normal,0,normal
2024-09-04 18:00:00,25.5,93,1001.9,0,normal,0,0.10871715366288259,0,0,0,0,normal,0,normal
2024-09-04 19:00:00,24.8,98,1002.2,0,normal,0,0.09758246296237644,0,0,0,0,normal,0,normal
2024-09-04 20:00:00,24.4,99,1001.8,0,normal,0,0.09674106055646875,0,0,0,0,normal,0,normal
2024-09-04 21:00:00,24.3,99,1001.7,0,normal,0,0.09766073920215507,0,0,0,0,normal,0,normal
2024-09-04 22:00:00,24.0,97,1001.9,0,normal,0,0.09185148689538514,0,0,0,0,normal,0,normal
2024-09-04 23:00:00,24.0,97,1001.7,0,normal,0,0.09825226184863456,0,0,0,0,normal,0,normal
2024-09-05 00:00:00,23.8,98,1001.9,0,normal,0,0.0957375020736363,0,0,0,0,normal,0,normal
2024-09-05 01:00:00,24.0,98,1002.3,0,normal,0,0.10271915517856911,0,0,0,0,normal,0,normal
2024-09-05 02:00:00,24.8,94,1002.7,0,normal,0,0.10678014225271609,0,0,0,0,normal,0,normal
2024-09-05 03:00:00,27.4,89,1002.3,0,normal,0,0.10405647495187748,0,0,0,0,normal,0,normal
2024-09-05 04:00:00,27.3,82,1003.5,0,normal,0,0.11119951981560561,0,0,0,0,normal,0,normal
2024-09-05 05:00:00,28.2,79,1003.3,0,normal,0,0.12019376531654435,0,0,0,0,normal,0,normal
2024-09-05 06:00:00,29.6,76,1002.6,0,normal,0,0.1179273032624858,0,0,0,0,normal,0,normal
2024-09-05 07:00:00,30.4,70,1002.7,0,normal,0,0.1216225577535609,0,0,0,0,normal,0,normal
2024-09-05 08:00:00,31.2,67,1001.8,0,normal,0,0.12211498403118254,0,0,0,0,normal,0,normal
2024-09-05 09:00:00,33.0,64,1000.1,0,normal,0,0.11046832066156304,0,0,0,0,normal,0,normal
2024-09-05 10:00:00,31.5,64,999.1,0,normal,0,0.10735540113849934,0,0,0,0,normal,0,normal
2024-09-05 11:00:00,30.9,67,998.7,0,normal,0,0.11187363846403064,0,0,0,0,normal,0,normal
2024-09-05 12:00:00,31.4,71,998.3,0,normal,0,0.10260077482617658,0,0,0,0,normal,0,normal
2024-09-05 13:00:00,28.3,78,998.9,0,normal,0,0.09867971818179921,0,0,0,0,normal,0,normal
2024-09-05 14:00:00,27.5,83,999.7,0,normal,0,0.10785569444182719,0,0,0,0,normal,0,normal
2024-09-05 15:00:00,26.4,90,1000.8,0,normal,0,0.10511387412605322,0,0,0,0,normal,0,normal
2024-09-05 16:00:00,25.9,93,1001.5,0,normal,0,0.1099496005424595,0,0,0,0,normal,0,normal
2024-09-05 17:00:00,25.6,94,1002.1,0,normal,0,0.11047519875981188,0,0,0,0,normal,0,normal
2024-09-05 18:00:00,25.4,95,1002.7,0,normal,0,0.10667263263845705,0,0,0,0,normal,0,normal
2024-09-05 19:00:00,25.2,96,1002.8,0,normal,0,0.11283896758756157,0,0,0,0,normal,0,normal
2024-09-05 20:00:00,25.8,92,1001.8,0,normal,0,0.08605029330624747,0,0,0,0,normal,0,normal
2024-09-05 21:00:00,25.5,94,1001.6,0,normal,0,0.11207333992976698,0,0,0,0,normal,0,normal
2024-09-05 22:00:00,24.8,96,1002.1,0,normal,0,0.107095394548464,0,0,0,0,normal,0,normal
2024-09-05 23:00:00,23.6,97,1003.0,0,normal,0,0.08248068483685278,0,0,0,0,normal,0,normal
2024-09-06 00:00:00,23.9,97,1003.3,0,normal,0,0.1030170016794561,0,0,0,0,normal,0,normal
2024-09-06 01:00:00,24.6,93,1003.5,0,normal,0,0.110927735161515,0,0,0,0,normal,0,normal
2024-09-06 02:00:00,25.4,90,1004.2,0,normal,0,0.1180697609723192,0,0,0,0,normal,0,normal
2024-09-06 03:00:00,29.4,80,1003.8,0,normal,0,0.10615784741458817,0,0,0,0,normal,0,normal
2024-09-06 04:00:00,28.4,80,1005.6,0,normal,0,0.1093466162989844,0,0,0,0,normal,0,normal
2024-09-06 05:00:00,29.0,77,1005.9,0,normal,0,0.12318050827952581,0,0,0,0,normal,0,normal
2024-09-06 06:00:00,31.8,76,1004.2,0,normal,0,0.10732028431857732,0,0,0,0,normal,0,normal
2024-09-06 07:00:00,31.5,67,1004.7,0,normal,0,0.11503224478239787,0,0,0,0,normal,0,normal
2024-09-06 08:00:00,32.2,64,1003.8,0,normal,0,0.12247959069314068,0,0,0,0,normal,0,normal
2024-09-06 09:00:00,32.8,68,1002.1,0,normal,0,0.1111269169420489,0,0,0,0,normal,0,normal
2024-09-06 10:00:00,30.2,70,1001.5,0,normal,0,0.11304694498316487,0,0,0,0,normal,0,normal
2024-09-06 11:00:00,30.4,71,1001.1,0,normal,0,0.12149461036074821,0,0,0,0,normal,0,normal
2024-09-06 12:00:00,31.8,72,1000.9,0,normal,0,0.10949040720930536,0,0,0,0,normal,0,normal
2024-09-06 13:00:00,26.8,86,1002.7,0,normal,0,0.0788779510846257,0,0,0,0,normal,0,normal
2024-09-06 14:00:00,26.4,89,1003.1,0,normal,0,0.10950466905683887,0,0,0,0,normal,0,normal
2024-09-06 15:00:00,25.8,94,1003.9,0,normal,0,0.11761773327598213,0,0,0,0,normal,0,normal
2024-09-06 16:00:00,26.7,91,1005.1,0,normal,0,0.0974175334544991,0,0,0,0,normal,0,normal
2024-09-06 17:00:00,26.2,92,1005.6,0,normal,0,0.11702996387271397,0,0,0,0,normal,0,normal
2024-09-06 18:00:00,25.8,93,1005.8,0,normal,0,0.1213129224171533,0,0,0,0,normal,0,normal
2024-09-06 19:00:00,25.6,94,1005.8,0,normal,0,0.11866372256694002,0,0,0,0,normal,0,normal
2024-09-06 20:00:00,25.2,95,1005.6,0,normal,0,0.11840769967933817,0,0,0,0,normal,0,normal
2024-09-06 21:00:00,25.1,95,1004.5,0,normal,0,0.10785397191795731,0,0,0,0,normal,0,normal
2024-09-06 22:00:00,24.8,97,1004.4,0,normal,0,0.111241323258636,0,0,0,0,normal,0,normal
2024-09-06 23:00:00,24.6,97,1004.7,0,normal,0,0.1092248911600121,0,0,0,0,normal,0,normal
2024-09-07 00:00:00,24.5,98,1005.0,0,normal,0,0.10664092880493642,0,0,0,0,normal,0,normal
2024-09-07 01:00:00,24.6,98,1005.5,0,normal,0,0.11172533112457911,0,0,0,0,normal,0,normal
2024-09-07 02:00:00,23.3,98,1005.8,0,normal,0,0.09954362519788884,0,0,0,0,normal,0,normal
2024-09-07 03:00:00,26.6,94,1005.9,0,normal,0,0.09856517992479374,0,0,0,0,normal,0,normal
2024-09-07 04:00:00,27.0,83,1006.9,0,normal,0,0.1041309902535778,0,0,0,0,normal,0,normal
2024-09-07 05:00:00,28.7,77,1006.8,0,normal,0,0.12248925868401173,0,0,0,0,normal,0,normal
2024-09-07 06:00:00,30.2,78,1005.8,0,normal,0,0.11899532294042836,0,0,0,0,normal,0,normal
2024-09-07 07:00:00,30.6,72,1005.6,0,normal,0,0.12352194404814443,0,0,0,0,normal,0,normal
2024-09-07 08:00:00,29.6,74,1004.5,0,normal,0,0.12049607537036405,0,0,0,0,normal,0,normal
2024-09-07 09:00:00,31.4,71,1003.2,0,normal,0,0.1167866743087258,0,0,0,0,normal,0,normal
2024-09-07 10:00:00,30.4,71,1002.4,0,normal,0,0.11893227087205882,0,0,0,0,normal,0,normal
2024-09-07 11:00:00,30.3,71,1002.5,0,normal,0,0.1199144186883242,0,0,0,0,normal,0,normal
2024-09-07 12:00:00,31.0,75,1002.3,0,normal,0,0.11184814551669958,0,0,0,0,normal,0,normal
2024-09-07 13:00:00,28.8,81,1002.6,0,normal,0,0.1181346048368293,0,0,0,0,normal,0,normal
2024-09-07 14:00:00,28.6,78,1003.0,0,normal,0,0.12223516576897947,0,0,0,0,normal,0,normal
2024-09-07 15:00:00,28.2,80,1003.6,0,normal,0,0.12544506440443087,0,0,0,0,normal,0,normal
2024-09-07 16:00:00,27.5,84,1003.9,0,normal,0,0.125015960243065,0,0,0,0,normal,0,normal
2024-09-07 17:00:00,26.9,87,1004.4,0,normal,0,0.12716595635849615,0,0,0,0,normal,0,normal
2024-09-07 18:00:00,25.2,97,1005.2,0,normal,0,0.0857848752077845,0,0,0,0,normal,0,normal
2024-09-07 19:00:00,25.1,96,1005.3,0,normal,0,0.10877246887660247,0,0,0,0,normal,0,normal
2024-09-07 20:00:00,25.4,95,1005.4,0,normal,0,0.10911935668636491,0,0,0,0,normal,0,normal
2024-09-07 21:00:00,25.3,95,1005.4,0,normal,0,0.11833722589014439,0,0,0,0,normal,0,normal
2024-09-07 22:00:00,25.0,97,1005.4,0,normal,0,0.11124474518511479,0,0,0,0,normal,0,normal
2024-09-07 23:00:00,24.6,99,1005.1,0,normal,0,0.10153211198198331,0,0,0,0,normal,0,normal
2024-09-08 00:00:00,24.7,99,1005.3,0,normal,0,0.10049020389685404,0,0,0,0,normal,0,normal
2024-09-08 01:00:00,24.4,100,1005.6,0,normal,0,0.0994785881804593,0,0,0,0,normal,0,normal
2024-09-08 02:00:00,25.4,96,1005.9,0,normal,0,0.09937807158706741,0,0,0,0,normal,0,normal
2024-09-08 03:00:00,28.4,89,1005.3,0,normal,0,0.10433531213513847,0,0,0,0,normal,0,normal
2024-09-08 04:00:00,28.4,82,1006.7,0,normal,0,0.114081316050409,0,0,0,0,normal,0,normal
2024-09-08 05:00:00,29.7,78,1006.8,0,normal,0,0.12364411610863679,0,0,0,0,normal,0,normal
2024-09-08 06:00:00,32.0,75,1005.1,0,normal,0,0.11008245608343703,0,0,0,0,normal,0,normal
2024-09-08 07:00:00,31.5,68,1005.6,0,normal,0,0.11636874842267331,0,0,0,0,normal,0,normal
2024-09-08 08:00:00,31.4,68,1004.7,0,normal,0,0.12255281820755692,0,0,0,0,normal,0,normal
2024-09-08 09:00:00,32.3,63,1002.6,0,normal,0,0.10781341851808202,0,0,0,0,normal,0,normal
2024-09-08 10:00:00,32.5,62,1001.9,0,normal,0,0.12227268673520958,0,0,0,0,normal,0,normal
2024-09-08 11:00:00,32.1,63,1001.6,0,normal,0,0.116502941221163,0,0,0,0,normal,0,normal
2024-09-08 12:00:00,32.0,75,982.7313019546516,1,pressure_drop,1,-0.10556661281573543,0,0,0,0,normal,1,isolation_forest_anomaly
2024-09-08 13:00:00,29.6,80,1001.1,0,normal,1,-0.08497687847946589,0,0,0,0,normal,1,isolation_forest_anomaly
2024-09-08 14:00:00,27.3,89,1002.2,0,normal,0,0.013599772374318586,0,0,0,0,normal,0,normal
2024-09-08 15:00:00,27.0,91,1002.7,0,normal,0,0.11988438566628068,0,0,0,0,normal,0,normal
2024-09-08 16:00:00,26.5,94,1003.3,0,normal,0,0.11575362729009192,0,0,0,0,normal,0,normal
2024-09-08 17:00:00,26.2,95,1003.1,0,normal,0,0.11201021331154248,0,0,0,0,normal,0,normal
2024-09-08 18:00:00,26.0,95,1003.4,0,normal,0,0.11067257006980386,0,0,0,0,normal,0,normal
2024-09-08 19:00:00,25.7,96,1003.5,0,normal,0,0.11141572846866049,0,0,0,0,normal,0,normal
2024-09-08 20:00:00,25.5,96,1003.3,0,normal,0,0.11346137814729479,0,0,0,0,normal,0,normal
2024-09-08 21:00:00,25.7,96,1003.0,0,normal,0,0.10987521634421693,0,0,0,0,normal,0,normal
2024-09-08 22:00:00,26.1,93,1002.7,0,normal,0,0.101677374997378,0,0,0,0,normal,0,normal
2024-09-08 23:00:00,26.1,92,1002.4,0,normal,0,0.1068722985830674,0,0,0,0,normal,0,normal
2024-09-09 00:00:00,25.3,96,1002.3,0,normal,0,0.10422539961034799,0,0,0,0,normal,0,normal
2024-09-09 01:00:00,25.4,95,1002.6,0,normal,0,0.11695041886015045,0,0,0,0,normal,0,normal
2024-09-09 02:00:00,26.8,89,1003.1,0,normal,0,0.11116539615699633,0,0,0,0,normal,0,normal
2024-09-09 03:00:00,29.0,86,1003.0,0,normal,0,0.11624686709376503,0,0,0,0,normal,0,normal
2024-09-09 04:00:00,30.1,76,1003.9,0,normal,0,0.11227236826346837,0,0,0,0,normal,0,normal
2024-09-09 05:00:00,31.5,68,1003.8,0,normal,0,0.11878648832673944,0,0,0,0,normal,0,normal
2024-09-09 06:00:00,32.6,72,1002.7,0,normal,0,0.11436627582271486,0,0,0,0,normal,0,normal
2024-09-09 07:00:00,32.7,65,1002.7,0,normal,0,0.11285175602361314,0,0,0,0,normal,0,normal
2024-09-09 08:00:00,33.0,64,1001.9,0,normal,0,0.11726556466573745,0,0,0,0,normal,0,normal
2024-09-09 09:00:00,30.2,80,1000.0,0,normal,0,0.07663336879737559,0,0,0,0,normal,0,normal
2024-09-09 10:00:00,31.8,68,999.7,0,normal,0,0.09778432314562158,0,0,0,0,normal,0,normal
2024-09-09 11:00:00,32.0,66,999.1,0,normal,0,0.11223203642092838,0,0,0,0,normal,0,normal
2024-09-09 12:00:00,32.4,70,998.3,0,normal,0,0.10096834368187735,0,0,0,0,normal,0,normal
2024-09-09 13:00:00,30.0,79,998.7,0,normal,0,0.09935813186292952,0,0,0,0,normal,0,normal
2024-09-09 14:00:00,28.9,84,999.4,0,normal,0,0.10554341303166992,0,0,0,0,normal,0,normal
2024-09-09 15:00:00,28.7,85,1000.4,0,normal,0,0.11358523934037401,0,0,0,0,normal,0,normal
2024-09-09 16:00:00,27.9,89,1001.0,0,normal,0,0.11296187782795558,0,0,0,0,normal,0,normal
2024-09-09 17:00:00,27.3,92,1001.3,0,normal,0,0.11416999671845912,0,0,0,0,normal,0,normal
2024-09-09 18:00:00,26.9,94,1001.2,0,normal,0,0.1071073037025958,0,0,0,0,normal,0,normal
2024-09-09 19:00:00,27.1,91,1001.3,0,normal,0,0.1025361019774918,0,0,0,0,normal,0,normal
2024-09-09 20:00:00,26.7,93,1000.9,0,normal,0,0.10567294063211374,0,0,0,0,normal,0,normal
2024-09-09 21:00:00,26.5,94,1000.6,0,normal,0,0.1055506448162053,0,0,0,0,normal,0,normal
2024-09-09 22:00:00,26.6,92,1000.3,0,normal,0,0.09407029143609719,0,0,0,0,normal,0,normal
2024-09-09 23:00:00,26.3,93,1000.5,0,normal,0,0.09658015683702603,0,0,0,0,normal,0,normal
2024-09-10 00:00:00,25.9,95,1000.9,0,normal,0,0.09767792677674897,0,0,0,0,normal,0,normal
2024-09-10 01:00:00,24.8,97,1002.1,0,normal,0,0.08833219224557709,0,0,0,0,normal,0,normal
2024-09-10 02:00:00,25.4,92,1002.9,0,normal,0,0.10564780713869659,0,0,0,0,normal,0,normal
2024-09-10 03:00:00,25.2,90,1003.7,0,normal,0,0.1122463963322125,0,0,0,0,normal,0,normal
2024-09-10 04:00:00,27.3,85,1004.3,0,normal,0,0.1167536923801129,0,0,0,0,normal,0,normal
2024-09-10 05:00:00,29.3,77,1004.3,0,normal,0,0.11825273775236356,0,0,0,0,normal,0,normal
2024-09-10 06:00:00,29.0,82,1002.5,0,normal,0,0.10443025975322867,0,0,0,0,normal,0,normal
2024-09-10 07:00:00,31.0,73,1002.9,0,normal,0,0.1099699603315556,0,0,0,0,normal,0,normal
2024-09-10 08:00:00,31.1,74,1002.2,0,normal,0,0.11990708200992728,0,0,0,0,normal,0,normal
2024-09-10 09:00:00,31.4,76,1000.9,0,normal,0,0.11139809772545861,0,0,0,0,normal,0,normal
2024-09-10 10:00:00,26.9,86,1001.0,0,normal,0,0.09069145451006261,0,0,0,0,normal,0,normal
2024-09-10 11:00:00,29.5,78,1000.2,0,normal,0,0.09046628822973746,0,0,0,0,normal,0,normal
2024-09-10 12:00:00,30.2,83,1000.1,0,normal,0,0.10666811698565076,0,0,0,0,normal,0,normal
2024-09-10 13:00:00,28.6,86,999.7,0,normal,0,0.10570709228124625,0,0,0,0,normal,0,normal
2024-09-10 14:00:00,28.1,84,1000.3,0,normal,0,0.11035571060106791,0,0,0,0,normal,0,normal
2024-09-10 15:00:00,27.5,88,1001.3,0,normal,0,0.11625109432170722,0,0,0,0,normal,0,normal
2024-09-10 16:00:00,27.0,88,1002.7,0,normal,0,0.11252568295702609,0,0,0,0,normal,0,normal
2024-09-10 17:00:00,26.6,89,1002.9,0,normal,0,0.11962261725457135,0,0,0,0,normal,0,normal
2024-09-10 18:00:00,26.3,89,1002.8,0,normal,0,0.11699441509666858,0,0,0,0,normal,0,normal
2024-09-10 19:00:00,25.9,91,1002.2,0,normal,0,0.11487706465244218,0,0,0,0,normal,0,normal
2024-09-10 20:00:00,25.8,90,1002.1,0,normal,0,0.11602586442329005,0,0,0,0,normal,0,normal
2024-09-10 21:00:00,24.9,97,1000.9,0,normal,0,0.0767278111221989,0,0,0,0,normal,0,normal
2024-09-10 22:00:00,24.9,98,1001.1,0,normal,0,0.09624897705143581,0,0,0,0,normal,0,normal
2024-09-10 23:00:00,24.9,98,1001.2,0,normal,0,0.09025392582384972,0,0,0,0,normal,0,normal
2024-09-11 00:00:00,24.8,98,1001.6,0,normal,0,0.09216958724665747,0,0,0,0,normal,0,normal
2024-09-11 01:00:00,25.0,98,1002.3,0,normal,0,0.09933428721808946,0,0,0,0,normal,0,normal
2024-09-11 02:00:00,26.4,93,1002.5,0,normal,0,0.10311752076601288,0,0,0,0,normal,0,normal
2024-09-11 03:00:00,29.2,80,1002.8,0,normal,0,0.09795049903355779,0,0,0,0,normal,0,normal
2024-09-11 04:00:00,29.5,77,1003.3,0,normal,0,0.12157927413355663,0,0,0,0,normal,0,normal
2024-09-11 05:00:00,31.2,68,1003.3,0,normal,0,0.11731336556522937,0,0,0,0,normal,0,normal
2024-09-11 06:00:00,31.6,72,1002.7,0,normal,0,0.117931430938363,0,0,0,0,normal,0,normal
2024-09-11 07:00:00,33.1,58,1002.2,0,normal,0,0.10760732208463608,0,0,0,0,normal,0,normal
2024-09-11 08:00:00,33.4,56,1001.4,0,normal,0,0.11637071258424964,0,0,0,0,normal,0,normal
2024-09-11 09:00:00,33.8,65,1000.0,0,normal,0,0.10221652933366021,0,0,0,0,normal,0,normal
2024-09-11 10:00:00,32.8,58,999.9,0,normal,0,0.10889093575856817,0,0,0,0,normal,0,normal
2024-09-11 11:00:00,32.4,61,1000.0,0,normal,0,0.11398323903782487,0,0,0,0,normal,0,normal
2024-09-11 12:00:00,33.4,68,998.9,0,normal,0,0.10403204248458581,0,0,0,0,normal,0,normal
2024-09-11 13:00:00,30.1,69,999.4,0,normal,0,0.10305135444643648,0,0,0,0,normal,0,normal
2024-09-11 14:00:00,28.9,73,1000.2,0,normal,0,0.10729455572648466,0,0,0,0,normal,0,normal
2024-09-11 15:00:00,28.5,75,1000.8,0,normal,0,0.119872283359656,0,0,0,0,normal,0,normal
2024-09-11 16:00:00,27.9,80,1001.1,0,normal,0,0.11725248218194406,0,0,0,0,normal,0,normal
2024-09-11 17:00:00,26.7,87,1001.5,0,normal,0,0.11402078380675373,0,0,0,0,normal,0,normal
2024-09-11 18:00:00,26.2,90,1001.2,0,normal,0,0.10874774251059266,0,0,0,0,normal,0,normal
2024-09-11 19:00:00,25.9,91,1001.1,0,normal,0,0.11512224043216024,0,0,0,0,normal,0,normal
2024-09-11 20:00:00,25.7,91,1000.8,0,normal,0,0.10738924107533082,0,0,0,0,normal,0,normal
2024-09-11 21:00:00,25.1,94,1000.5,0,normal,0,0.1057126055535208,0,0,0,0,normal,0,normal
2024-09-11 22:00:00,25.7,87,998.5,0,normal,0,0.04500861411990775,0,0,0,0,normal,0,normal
2024-09-11 23:00:00,25.4,89,998.7,0,normal,0,0.07777198432595817,0,0,0,0,normal,0,normal
2024-09-12 00:00:00,25.2,89,999.1,0,normal,0,0.0882667028454075,0,0,0,0,normal,0,normal
2024-09-12 01:00:00,25.1,91,999.8,0,normal,0,0.09592143482792698,0,0,0,0,normal,0,normal
2024-09-12 02:00:00,26.4,86,1000.2,0,normal,0,0.09916581115162743,0,0,0,0,normal,0,normal
2024-09-12 03:00:00,28.8,82,1000.0,0,normal,0,0.10323588970325259,0,0,0,0,normal,0,normal
2024-09-12 04:00:00,30.3,73,1000.4,0,normal,0,0.10333610872400573,0,0,0,0,normal,0,normal
2024-09-12 05:00:00,31.4,68,1000.4,0,normal,0,0.10928069238196636,0,0,0,0,normal,0,normal
2024-09-12 06:00:00,32.0,65,1000.2,0,normal,0,0.10981226049089937,0,0,0,0,normal,0,normal
2024-09-12 07:00:00,32.4,62,1000.1,0,normal,0,0.1061743276523876,0,0,0,0,normal,0,normal
2024-09-12 08:00:00,33.5,59,999.4,0,normal,0,0.10888206023478159,0,0,0,0,normal,0,normal
2024-09-12 09:00:00,32.6,73,999.2,0,normal,0,0.0954562522826723,0,0,0,0,normal,0,normal
2024-09-12 10:00:00,33.4,58,998.2,0,normal,0,0.08782960911399612,0,0,0,0,normal,0,normal
2024-09-12 11:00:00,33.1,58,997.9,0,normal,0,0.10284202605081466,0,0,0,0,normal,0,normal
2024-09-12 12:00:00,30.6,74,999.5,0,normal,0,0.08190613766989929,0,0,0,0,normal,0,normal
2024-09-12 13:00:00,28.6,79,1000.0,0,normal,0,0.1006168502894591,0,0,0,0,normal,0,normal
2024-09-12 14:00:00,27.5,84,1000.5,0,normal,0,0.11442413351921149,0,0,0,0,normal,0,normal
2024-09-12 15:00:00,26.9,87,1001.0,0,normal,0,0.12111279816871767,0,0,0,0,normal,0,normal
2024-09-12 16:00:00,26.4,90,1001.5,0,normal,0,0.1192478916093272,0,0,0,0,normal,0,normal
2024-09-12 17:00:00,25.9,92,1001.5,0,normal,0,0.11534944343735964,0,0,0,0,normal,0,normal
2024-09-12 18:00:00,25.5,93,1001.6,0,normal,0,0.11006392582282948,0,0,0,0,normal,0,normal
2024-09-12 19:00:00,24.9,94,1001.2,0,normal,0,0.10512925314347549,0,0,0,0,normal,0,normal
2024-09-12 20:00:00,24.5,95,1000.9,0,normal,0,0.10561900111070688,0,0,0,0,normal,0,normal
2024-09-12 21:00:00,24.2,96,1000.5,0,normal,0,0.09930902922211238,0,0,0,0,normal,0,normal
2024-09-12 22:00:00,24.3,95,1000.1,0,normal,0,0.08791965407422686,0,0,0,0,normal,0,normal
2024-09-12 23:00:00,23.5,100,999.7,0,normal,0,0.06545931240193831,0,0,0,0,normal,0,normal
2024-09-13 00:00:00,23.8,99,999.6,0,normal,0,0.06499453155859158,0,0,0,0,normal,0,normal
2024-09-13 01:00:00,24.2,96,999.4,0,normal,0,0.07516179913375409,0,0,0,0,normal,0,normal
2024-09-13 02:00:00,24.9,93,1000.0,0,normal,0,0.0914108372348365,0,0,0,0,normal,0,normal
2024-09-13 03:00:00,27.2,78,1000.0,0,normal,0,0.07699896901131748,0,0,0,0,normal,0,normal
2024-09-13 04:00:00,27.0,83,1001.0,0,normal,0,0.10043572431738296,0,0,0,0,normal,0,normal
2024-09-13 05:00:00,27.9,79,1000.4,0,normal,0,0.10640383533714587,0,0,0,0,normal,0,normal
2024-09-13 06:00:00,30.2,66,1000.1,0,normal,0,0.09901265653726982,0,0,0,0,normal,0,normal
2024-09-13 07:00:00,28.7,77,1000.4,0,normal,0,0.09621822418058568,0,0,0,0,normal,0,normal
2024-09-13 08:00:00,28.6,78,1000.2,0,normal,0,0.1101242686265077,0,0,0,0,normal,0,normal
2024-09-13 09:00:00,31.0,66,998.5,0,normal,0,0.0915105908904928,0,0,0,0,normal,0,normal
2024-09-13 10:00:00,31.4,65,998.1,0,normal,0,0.10609609429962114,0,0,0,0,normal,0,normal
2024-09-13 11:00:00,30.6,67,998.2,0,normal,0,0.10323064356714745,0,0,0,0,normal,0,normal
2024-09-13 12:00:00,30.2,73,998.2,0,normal,0,0.10342079957759243,0,0,0,0,normal,0,normal
2024-09-13 13:00:00,28.7,80,998.6,0,normal,0,0.10294132548220397,0,0,0,0,normal,0,normal
2024-09-13 14:00:00,27.0,83,1000.6,0,normal,0,0.08518387774563102,0,0,0,0,normal,0,normal
2024-09-13 15:00:00,26.5,85,1001.5,0,normal,0,0.11342256690150992,0,0,0,0,normal,0,normal
2024-09-13 16:00:00,26.0,88,1002.1,0,normal,0,0.12123941561870383,0,0,0,0,normal,0,normal
2024-09-13 17:00:00,25.4,91,1002.2,0,normal,0,0.11777302479179719,0,0,0,0,normal,0,normal
2024-09-13 18:00:00,24.6,93,1002.3,0,normal,0,0.10872618618443469,0,0,0,0,normal,0,normal
2024-09-13 19:00:00,24.8,95,1001.5,0,normal,0,0.10130658301808132,0,0,0,0,normal,0,normal
2024-09-13 20:00:00,24.4,94,1001.2,0,normal,0,0.10336176402053554,0,0,0,0,normal,0,normal
2024-09-13 21:00:00,24.1,94,1001.4,0,normal,0,0.10925089852295639,0,0,0,0,normal,0,normal
2024-09-13 22:00:00,23.9,93,1001.3,0,normal,0,0.10285903432630533,0,0,0,0,normal,0,normal
2024-09-13 23:00:00,23.5,93,1001.6,0,normal,0,0.09913687422977768,0,0,0,0,normal,0,normal
2024-09-14 00:00:00,23.3,94,1001.8,0,normal,0,0.10438705429690798,0,0,0,0,normal,0,normal
2024-09-14 01:00:00,23.2,94,1002.3,0,normal,0,0.11015486290259202,0,0,0,0,normal,0,normal
2024-09-14 02:00:00,24.0,91,1002.7,0,normal,0,0.11134125087135927,0,0,0,0,normal,0,normal
2024-09-14 03:00:00,25.0,87,1003.0,0,normal,0,0.11409559278595727,0,0,0,0,normal,0,normal
2024-09-14 04:00:00,27.5,78,1002.9,0,normal,0,0.1145807827687556,0,0,0,0,normal,0,normal
2024-09-14 05:00:00,29.0,71,1003.0,0,normal,0,0.11653567514738111,0,0,0,0,normal,0,normal
2024-09-14 06:00:00,30.6,68,1002.1,0,normal,0,0.1192773697721114,0,0,0,0,normal,0,normal
2024-09-14 07:00:00,31.2,62,1002.1,0,normal,0,0.1189600157202843,0,0,0,0,normal,0,normal
2024-09-14 08:00:00,32.0,59,1001.4,0,normal,0,0.12094504803023465,0,0,0,0,normal,0,normal
2024-09-14 09:00:00,32.4,57,1000.6,0,normal,0,0.12305074298407398,0,0,0,0,normal,0,normal
2024-09-14 10:00:00,30.9,66,1000.2,0,normal,0,0.1112371481606077,0,0,0,0,normal,0,normal
2024-09-14 11:00:00,30.4,69,1000.3,0,normal,0,0.1175876208523729,0,0,0,0,normal,0,normal
2024-09-14 12:00:00,31.6,70,999.6,0,normal,0,0.1053095996398446,0,0,0,0,normal,0,normal
2024-09-14 13:00:00,28.3,78,1001.1,0,normal,0,0.10070173357325263,0,0,0,0,normal,0,normal
2024-09-14 14:00:00,27.2,82,1001.8,0,normal,0,0.11630631308273948,0,0,0,0,normal,0,normal
2024-09-14 15:00:00,24.8,94,1003.2,0,normal,0,0.08914932809358439,0,0,0,0,normal,0,normal
2024-09-14 16:00:00,24.1,97,1003.5,0,normal,0,0.08719935547329838,0,0,0,0,normal,0,normal
2024-09-14 17:00:00,24.1,97,1003.7,0,normal,0,0.1047888063510391,0,0,0,0,normal,0,normal
2024-09-14 18:00:00,23.9,98,1003.7,0,normal,0,0.09785381628410428,0,0,0,0,normal,0,normal
2024-09-14 19:00:00,23.7,98,1003.6,0,normal,0,0.10040505210578049,0,0,0,0,normal,0,normal
2024-09-14 20:00:00,24.5,96,1002.9,0,normal,0,0.08928429512100478,0,0,0,0,normal,0,normal
2024-09-14 21:00:00,24.1,97,1002.5,0,normal,0,0.10769673302541005,0,0,0,0,normal,0,normal
2024-09-14 22:00:00,24.0,98,1002.5,0,normal,0,0.10565661817833444,0,0,0,0,normal,0,normal
2024-09-14 23:00:00,23.7,99,1002.6,0,normal,0,0.09440712085580621,0,0,0,0,normal,0,normal
2024-09-15 00:00:00,23.6,99,1002.8,0,normal,0,0.09229718841153861,0,0,0,0,normal,0,normal
2024-09-15 01:00:00,23.8,99,1002.7,0,normal,0,0.0903880756193321,0,0,0,0,normal,0,normal
2024-09-15 02:00:00,25.1,94,1003.1,0,normal,0,0.09639916599785425,0,0,0,0,normal,0,normal
2024-09-15 03:00:00,28.6,82,1002.5,0,normal,0,0.09357246196014068,0,0,0,0,normal,0,normal
2024-09-15 04:00:00,28.6,77,1003.7,0,normal,0,0.11544793355319044,0,0,0,0,normal,0,normal
2024-09-15 05:00:00,29.7,72,1003.9,0,normal,0,0.12275069222354007,0,0,0,0,normal,0,normal
2024-09-15 06:00:00,32.0,63,1002.7,0,normal,0,0.11400244098696322,0,0,0,0,normal,0,normal
2024-09-15 07:00:00,31.4,61,1003.5,0,normal,0,0.11756603375781505,0,0,0,0,normal,0,normal
2024-09-15 08:00:00,32.1,58,1002.7,0,normal,0,0.12185497585705352,0,0,0,0,normal,0,normal
2024-09-15 09:00:00,33.8,52,1001.2,0,normal,0,0.11038499714461997,0,0,0,0,normal,0,normal
2024-09-15 10:00:00,32.0,58,1001.3,0,normal,0,0.11259087148664476,0,0,0,0,normal,0,normal
2024-09-15 11:00:00,32.2,54,1000.8,0,normal,0,0.11474844333866852,0,0,0,0,normal,0,normal
2024-09-15 12:00:00,32.0,58,1000.6,0,normal,0,0.10764764061609033,0,0,0,0,normal,0,normal
2024-09-15 13:00:00,28.7,73,1001.3,0,normal,0,0.09892428858794666,0,0,0,0,normal,0,normal
2024-09-15 14:00:00,27.8,75,1002.0,0,normal,0,0.12000819615402775,0,0,0,0,normal,0,normal
2024-09-15 15:00:00,26.5,83,1002.6,0,normal,0,0.11977566029291126,0,0,0,0,normal,0,normal
2024-09-15 16:00:00,25.5,90,1003.4,0,normal,0,0.11287005860196153,0,0,0,0,normal,0,normal
2024-09-15 17:00:00,24.9,94,1003.9,0,normal,0,0.11281076157785563,0,0,0,0,normal,0,normal
2024-09-15 18:00:00,24.3,97,1003.8,0,normal,0,0.10612842648482812,0,0,0,0,normal,0,normal
2024-09-15 19:00:00,23.8,98,1003.7,0,normal,0,0.1087440064138891,0,0,0,0,normal,0,normal
2024-09-15 20:00:00,23.5,98,1003.4,0,normal,0,0.10483776915437998,0,0,0,0,normal,0,normal
2024-09-15 21:00:00,23.1,98,1003.0,0,normal,0,0.1030084298832391,0,0,0,0,normal,0,normal
2024-09-15 22:00:00,23.0,98,1003.0,0,normal,0,0.10161423205413239,0,0,0,0,normal,0,normal
2024-09-15 23:00:00,22.7,98,1003.2,0,normal,0,0.09337897393063038,0,0,0,0,normal,0,normal
2024-09-16 00:00:00,22.5,98,1003.6,0,normal,0,0.09736122178393358,0,0,0,0,normal,0,normal
2024-09-16 01:00:00,22.5,98,1004.2,0,normal,0,0.10118091368376936,0,0,0,0,normal,0,normal
2024-09-16 02:00:00,24.7,93,1004.5,0,normal,0,0.10264152724479503,0,0,0,0,normal,0,normal
2024-09-16 03:00:00,28.6,83,1004.4,0,normal,0,0.09870925071552589,0,0,0,0,normal,0,normal
2024-09-16 04:00:00,29.0,71,1005.4,0,normal,0,0.10534104534537092,0,0,0,0,normal,0,normal
2024-09-16 05:00:00,30.6,62,1005.7,0,normal,0,0.1176482806872593,0,0,0,0,normal,0,normal
2024-09-16 06:00:00,32.4,64,1004.6,0,normal,0,0.11816964864035828,0,0,0,0,normal,0,normal
2024-09-16 07:00:00,33.0,50,1004.8,0,normal,0,0.10636522360067718,0,0,0,0,normal,0,normal
2024-09-16 08:00:00,33.5,48,1004.1,0,normal,0,0.11615783457195855,0,0,0,0,normal,0,normal
2024-09-16 09:00:00,33.8,46,1003.3,0,normal,0,0.11707653129467221,0,0,0,0,normal,0,normal
2024-09-16 10:00:00,33.8,45,1002.9,0,normal,0,0.1097133964665713,0,0,0,0,normal,0,normal
2024-09-16 11:00:00,33.3,47,1002.6,0,normal,0,0.10549261950999511,0,0,0,0,normal,0,normal
2024-09-16 12:00:00,33.4,54,1002.5,0,normal,0,0.10109485315118727,0,0,0,0,normal,0,normal
2024-09-16 13:00:00,29.1,69,1003.2,0,normal,0,0.09139479771981468,0,0,0,0,normal,0,normal
2024-09-16 14:00:00,27.9,71,1003.8,0,normal,0,0.11990856730025018,0,0,0,0,normal,0,normal
2024-09-16 15:00:00,27.1,75,1004.5,0,normal,0,0.1256553061299518,0,0,0,0,normal,0,normal
2024-09-16 16:00:00,26.1,82,1005.1,0,normal,0,0.12174173291431456,0,0,0,0,normal,0,normal
2024-09-16 17:00:00,25.6,84,1005.4,0,normal,0,0.12761110395016484,0,0,0,0,normal,0,normal
2024-09-16 18:00:00,25.4,84,1005.4,0,normal,0,0.12533179239818049,0,0,0,0,normal,0,normal
2024-09-16 19:00:00,25.3,85,1005.2,0,normal,0,0.122344231347219,0,0,0,0,normal,0,normal
2024-09-16 20:00:00,24.5,88,1005.2,0,normal,0,0.12256867653348202,0,0,0,0,normal,0,normal
2024-09-16 21:00:00,24.4,88,1005.0,0,normal,0,0.1256811768563214,0,0,0,0,normal,0,normal
2024-09-16 22:00:00,24.1,83,1005.0,0,normal,0,0.10829732314310092,0,0,0,0,normal,0,normal
2024-09-16 23:00:00,24.0,83,1005.4,0,normal,0,0.10866621557822709,0,0,0,0,normal,0,normal
2024-09-17 00:00:00,24.0,82,1005.6,0,normal,0,0.11268197949158082,0,0,0,0,normal,0,normal
2024-09-17 01:00:00,23.9,82,1006.0,0,normal,0,0.1172044704496168,0,0,0,0,normal,0,normal
2024-09-17 02:00:00,25.0,82,1006.7,0,normal,0,0.1150669902207026,0,0,0,0,normal,0,normal
2024-09-17 03:00:00,28.6,85,1006.3,0,normal,0,0.10809838554087342,0,0,0,0,normal,0,normal
2024-09-17 04:00:00,29.7,63,1007.1,0,normal,0,0.08594402980502536,0,0,0,0,normal,0,normal
2024-09-17 05:00:00,31.2,57,1007.1,0,normal,0,0.1124412299394067,0,0,0,0,normal,0,normal
2024-09-17 06:00:00,32.2,54,1006.8,0,normal,0,0.11647858265236927,0,0,0,0,normal,0,normal
2024-09-17 07:00:00,32.9,53,1006.4,0,normal,0,0.11634108868921322,0,0,0,0,normal,0,normal
2024-09-17 08:00:00,33.5,52,1005.3,0,normal,0,0.11622185448204686,0,0,0,0,normal,0,normal
2024-09-17 09:00:00,33.7,52,1004.3,0,normal,0,0.11658087657811733,0,0,0,0,normal,0,normal
2024-09-17 10:00:00,33.4,53,1003.8,0,normal,0,0.11476105016831922,0,0,0,0,normal,0,normal
2024-09-17 11:00:00,32.8,55,1003.7,0,normal,0,0.11742670577468406,0,0,0,0,normal,0,normal
2024-09-17 12:00:00,32.8,54,1003.3,0,normal,0,0.11317951847501218,0,0,0,0,normal,0,normal
2024-09-17 13:00:00,30.8,67,1004.6,0,normal,0,0.10027366651107339,0,0,0,0,normal,0,normal
2024-09-17 14:00:00,29.4,76,1005.0,0,normal,0,0.113570974218895,0,0,0,0,normal,0,normal
2024-09-17 15:00:00,29.1,74,1005.7,0,normal,0,0.12393491342972934,0,0,0,0,normal,0,normal
2024-09-17 16:00:00,27.3,83,1006.1,0,normal,0,0.1140735804360074,0,0,0,0,normal,0,normal
2024-09-17 17:00:00,26.5,87,1005.9,0,normal,0,0.11843018279250789,0,0,0,0,normal,0,normal
2024-09-17 18:00:00,25.8,90,1005.4,0,normal,0,0.1194170679853585,0,0,0,0,normal,0,normal
2024-09-17 19:00:00,25.2,93,1005.3,0,normal,0,0.12172923547043879,0,0,0,0,normal,0,normal
2024-09-17 20:00:00,24.9,95,1005.2,0,normal,0,0.1195511207307024,0,0,0,0,normal,0,normal
2024-09-17 21:00:00,24.4,97,1004.6,0,normal,0,0.1124393715961235,0,0,0,0,normal,0,normal
2024-09-17 22:00:00,24.8,95,1004.2,0,normal,0,0.10539643927425807,0,0,0,0,normal,0,normal
2024-09-17 23:00:00,23.5,95,1005.2,0,normal,0,0.09014318904864244,0,0,0,0,normal,0,normal
2024-09-18 00:00:00,23.2,97,1005.2,0,normal,0,0.1060040081625786,0,0,0,0,normal,0,normal
2024-09-18 01:00:00,23.1,97,1005.6,0,normal,0,0.11423800847280308,0,0,0,0,normal,0,normal
2024-09-18 02:00:00,24.8,91,1006.1,0,normal,0,0.11105139633331162,0,0,0,0,normal,0,normal
2024-09-18 03:00:00,27.0,84,1005.9,0,normal,0,0.11715968296021467,0,0,0,0,normal,0,normal
2024-09-18 04:00:00,29.8,68,1006.1,0,normal,0,0.10508069718555757,0,0,0,0,normal,0,normal
2024-09-18 05:00:00,31.5,61,1006.2,0,normal,0,0.11640745975849187,0,0,0,0,normal,0,normal
2024-09-18 06:00:00,30.8,72,1006.6,0,normal,0,0.11017660587283062,0,0,0,0,normal,0,normal
2024-09-18 07:00:00,33.5,54,1005.6,0,normal,0,0.09782945585376618,0,0,0,0,normal,0,normal
2024-09-18 08:00:00,33.2,54,1005.1,0,normal,0,0.11825037280863226,0,0,0,0,normal,0,normal
2024-09-18 09:00:00,33.8,48,1004.3,0,normal,0,0.115708884323737,0,0,0,0,normal,0,normal
2024-09-18 10:00:00,31.7,58,1004.0,0,normal,0,0.10877708384812362,0,0,0,0,normal,0,normal
2024-09-18 11:00:00,31.6,57,1003.7,0,normal,0,0.12429006229958084,0,0,0,0,normal,0,normal
2024-09-18 12:00:00,31.6,65,1003.5,0,normal,0,0.11360125123020359,0,0,0,0,normal,0,normal
2024-09-18 13:00:00,28.9,74,1003.8,0,normal,0,0.11567966982682332,0,0,0,0,normal,0,normal
2024-09-18 14:00:00,27.7,79,1004.3,0,normal,0,0.12453563095760756,0,0,0,0,normal,0,normal
2024-09-18 15:00:00,27.1,80,1004.8,0,normal,0,0.12956620996318347,0,0,0,0,normal,0,normal
2024-09-18 16:00:00,26.4,84,1005.1,0,normal,0,0.12620816724475387,0,0,0,0,normal,0,normal
2024-09-18 17:00:00,26.0,86,1005.3,0,normal,0,0.12920879643168676,0,0,0,0,normal,0,normal
2024-09-18 18:00:00,26.2,86,1005.3,0,normal,0,0.12202475211344554,0,0,0,0,normal,0,normal
2024-09-18 19:00:00,26.3,85,1004.6,0,normal,0,0.11645658423080202,0,0,0,0,normal,0,normal
2024-09-18 20:00:00,26.4,85,1004.3,0,normal,0,0.12235913049556674,0,0,0,0,normal,0,normal
2024-09-18 21:00:00,26.1,89,1004.0,0,normal,0,0.11961883500418463,0,0,0,0,normal,0,normal
2024-09-18 22:00:00,26.1,89,1004.0,0,normal,0,0.1193468871987789,0,0,0,0,normal,0,normal
2024-09-18 23:00:00,25.8,91,1004.3,0,normal,0,0.11369933728141468,0,0,0,0,normal,0,normal
2024-09-19 00:00:00,25.8,90,1005.3,0,normal,0,0.10954922043278115,0,0,0,0,normal,0,normal
2024-09-19 01:00:00,25.7,90,1006.2,0,normal,0,0.11481613304536342,0,0,0,0,normal,0,normal
2024-09-19 02:00:00,26.0,88,1006.9,0,normal,0,0.11902654414998654,0,0,0,0,normal,0,normal
2024-09-19 03:00:00,27.6,86,1007.2,0,normal,0,0.12292823955696652,0,0,0,0,normal,0,normal
2024-09-19 04:00:00,27.0,83,1008.5,0,normal,0,0.1169837934329434,0,0,0,0,normal,0,normal
2024-09-19 05:00:00,27.8,71,1008.8,0,normal,0,0.1114937006967967,0,0,0,0,normal,0,normal
2024-09-19 06:00:00,28.2,83,1007.8,0,normal,0,0.10385476589394771,0,0,0,0,normal,0,normal
2024-09-19 07:00:00,28.4,70,1008.5,0,normal,0,0.10586664832264397,0,0,0,0,normal,0,normal
2024-09-19 08:00:00,27.6,76,1007.7,0,normal,0,0.11394593177199397,0,0,0,0,normal,0,normal
2024-09-19 09:00:00,32.4,54,1005.9,0,normal,0,0.06411308009647027,0,0,0,0,normal,0,normal
2024-09-19 10:00:00,29.0,64,1005.3,0,normal,0,0.10497608312224249,0,0,0,0,normal,0,normal
2024-09-19 11:00:00,28.8,69,1005.2,0,normal,0,0.12472802801830346,0,0,0,0,normal,0,normal
2024-09-19 12:00:00,32.2,51,1004.6,0,normal,0,0.0786384269092199,0,0,0,0,normal,0,normal
2024-09-19 13:00:00,26.7,79,1004.9,0,normal,0,0.058909913833934235,0,0,0,0,normal,0,normal
2024-09-19 14:00:00,25.8,83,1005.1,0,normal,0,0.09965907333612484,0,0,0,0,normal,0,normal
2024-09-19 15:00:00,25.1,79,1005.1,0,normal,0,0.12137633560637023,0,0,0,0,normal,0,normal
2024-09-19 16:00:00,24.5,80,1005.4,0,normal,0,0.1230543688669698,0,0,0,0,normal,0,normal
2024-09-19 17:00:00,24.2,79,1005.4,0,normal,0,0.1197777280409974,0,0,0,0,normal,0,normal
2024-09-19 18:00:00,23.9,80,1005.4,0,normal,0,0.11141756767908989,0,0,0,0,normal,0,normal
2024-09-19 19:00:00,23.6,82,1005.2,0,normal,0,0.11946462614896841,0,0,0,0,normal,0,normal
2024-09-19 20:00:00,23.2,84,1004.9,0,normal,0,0.12151892797752933,0,0,0,0,normal,0,normal
2024-09-19 21:00:00,22.6,91,1004.4,0,normal,0,0.10669583355908913,0,0,0,0,normal,0,normal
2024-09-19 22:00:00,22.4,91,1004.4,0,normal,0,0.11451221371331077,0,0,0,0,normal,0,normal
2024-09-19 23:00:00,22.3,92,1004.7,0,normal,0,0.10508349114883597,0,0,0,0,normal,0,normal
2024-09-20 00:00:00,21.9,93,1005.2,0,normal,0,0.11004436640810605,0,0,0,0,normal,0,normal
2024-09-20 01:00:00,21.7,94,1005.8,0,normal,0,0.11463896519156663,0,0,0,0,normal,0,normal
2024-09-20 02:00:00,24.2,86,1005.9,0,normal,0,0.10942131650229481,0,0,0,0,normal,0,normal
2024-09-20 03:00:00,26.8,77,1006.0,0,normal,0,0.11592795348147861,0,0,0,0,normal,0,normal
2024-09-20 04:00:00,28.4,71,1007.1,0,normal,0,0.11631764302482822,0,0,0,0,normal,0,normal
2024-09-20 05:00:00,30.1,63,1007.2,0,normal,0,0.12115078446381122,0,0,0,0,normal,0,normal
2024-09-20 06:00:00,32.4,60,1006.2,0,normal,0,0.1175206459175478,0,0,0,0,normal,0,normal
2024-09-20 07:00:00,32.3,53,1006.3,0,normal,0,0.1184602915100702,0,0,0,0,normal,0,normal
2024-09-20 08:00:00,32.8,52,1005.5,0,normal,0,0.1187083013897236,0,0,0,0,normal,0,normal
2024-09-20 09:00:00,34.4,50,1003.9,0,normal,0,0.1099961010433908,0,0,0,0,normal,0,normal
2024-09-20 10:00:00,32.9,52,1003.8,0,normal,0,0.11050787772572246,0,0,0,0,normal,0,normal
2024-09-20 11:00:00,32.6,52,1003.5,0,normal,0,0.11379822033688453,0,0,0,0,normal,0,normal
2024-09-20 12:00:00,33.4,50,1003.0,0,normal,0,0.10388181793334555,0,0,0,0,normal,0,normal
2024-09-20 13:00:00,29.4,73,1003.1,0,normal,0,0.07596355320049458,0,0,0,0,normal,0,normal
2024-09-20 14:00:00,28.6,76,1003.7,0,normal,0,0.11290963049298886,0,0,0,0,normal,0,normal
2024-09-20 15:00:00,28.1,77,1004.4,0,normal,0,0.12714876073386666,0,0,0,0,normal,0,normal
2024-09-20 16:00:00,27.4,79,1004.7,0,normal,0,0.12619468518942506,0,0,0,0,normal,0,normal
2024-09-20 17:00:00,26.9,80,1005.4,0,normal,0,0.12553984891455,0,0,0,0,normal,0,normal
2024-09-20 18:00:00,25.3,90,1005.4,0,normal,0,0.10483078448907435,0,0,0,0,normal,0,normal
2024-09-20 19:00:00,24.9,91,1005.6,0,normal,0,0.11549584943086999,0,0,0,0,normal,0,normal
2024-09-20 20:00:00,24.4,93,1005.7,0,normal,0,0.1211392646913656,0,0,0,0,normal,0,normal
2024-09-20 21:00:00,24.2,94,1005.8,0,normal,0,0.12189476183659914,0,0,0,0,normal,0,normal
2024-09-20 22:00:00,23.6,93,1005.4,0,normal,0,0.1132727944264072,0,0,0,0,normal,0,normal
2024-09-20 23:00:00,23.8,92,1005.7,0,normal,0,0.11107806493081668,0,0,0,0,normal,0,normal
2024-09-21 00:00:00,23.7,92,1006.0,0,normal,0,0.11633118739630488,0,0,0,0,normal,0,normal
2024-09-21 01:00:00,23.1,95,1006.7,0,normal,0,0.1166469784445705,0,0,0,0,normal,0,normal
2024-09-21 02:00:00,25.2,88,1007.3,0,normal,0,0.1108467613796712,0,0,0,0,normal,0,normal
2024-09-21 03:00:00,29.2,78,1006.9,0,normal,0,0.10446890809647763,0,0,0,0,normal,0,normal
2024-09-21 04:00:00,30.0,67,1008.2,0,normal,0,0.10555914336712119,0,0,0,0,normal,0,normal
2024-09-21 05:00:00,31.3,61,1008.3,0,normal,0,0.119150300340366,0,0,0,0,normal,0,normal
2024-09-21 06:00:00,34.0,52,1007.0,0,normal,0,0.1009232160667915,0,0,0,0,normal,0,normal
2024-09-21 07:00:00,33.1,54,1007.4,0,normal,0,0.10618738128893268,0,0,0,0,normal,0,normal
2024-09-21 08:00:00,33.8,52,1006.3,0,normal,0,0.11192525161144706,0,0,0,0,normal,0,normal
2024-09-21 09:00:00,34.2,55,1005.0,0,normal,0,0.11202223624121205,0,0,0,0,normal,0,normal
2024-09-21 10:00:00,34.3,47,1004.3,0,normal,0,0.1075925561124626,0,0,0,0,normal,0,normal
2024-09-21 11:00:00,34.2,46,1004.1,0,normal,0,0.10395865906911894,0,0,0,0,normal,0,normal
2024-09-21 12:00:00,33.8,55,1004.0,0,normal,0,0.09443882203664644,0,0,0,0,normal,0,normal
2024-09-21 13:00:00,30.8,64,1004.7,0,normal,0,0.10671066923367717,0,0,0,0,normal,0,normal
2024-09-21 14:00:00,30.2,65,1005.3,0,normal,0,0.11698679718143967,0,0,0,0,normal,0,normal
2024-09-21 15:00:00,29.0,71,1005.6,0,normal,0,0.11981703390564202,0,0,0,0,normal,0,normal
2024-09-21 16:00:00,27.9,79,1005.9,0,normal,0,0.11648542066171508,0,0,0,0,normal,0,normal
2024-09-21 17:00:00,28.5,73,1006.0,0,normal,0,0.10555862751012152,0,0,0,0,normal,0,normal
2024-09-21 18:00:00,27.1,82,1006.3,0,normal,0,0.10817399531251581,0,0,0,0,normal,0,normal
2024-09-21 19:00:00,26.8,83,1006.3,0,normal,0,0.12042097481329023,0,0,0,0,normal,0,normal
2024-09-21 20:00:00,26.7,82,1006.1,0,normal,0,0.12034027389168112,0,0,0,0,normal,0,normal
2024-09-21 21:00:00,26.2,85,1005.8,0,normal,0,0.12229549582874938,0,0,0,0,normal,0,normal
2024-09-21 22:00:00,26.2,84,1005.6,0,normal,0,0.12125975341147127,0,0,0,0,normal,0,normal
2024-09-21 23:00:00,25.9,83,1005.8,0,normal,0,0.1129663741943393,0,0,0,0,normal,0,normal
2024-09-22 00:00:00,26.0,82,1006.1,0,normal,0,0.11489321963442845,0,0,0,0,normal,0,normal
2024-09-22 01:00:00,24.9,91,1006.5,0,normal,0,0.10021119784285704,0,0,0,0,normal,0,normal
2024-09-22 02:00:00,26.8,81,1007.0,0,normal,0,0.10923389110849002,0,0,0,0,normal,0,normal
2024-09-22 03:00:00,29.6,81,1006.7,0,normal,0,0.11429339672869765,0,0,0,0,normal,0,normal
2024-09-22 04:00:00,31.5,62,1007.4,0,normal,0,0.09562232221243033,0,0,0,0,normal,0,normal
2024-09-22 05:00:00,32.9,56,1007.6,0,normal,0,0.10938779323842768,0,0,0,0,normal,0,normal
2024-09-22 06:00:00,33.8,60,1006.5,0,normal,0,0.10846201802827843,0,0,0,0,normal,0,normal
2024-09-22 07:00:00,34.5,50,1006.4,0,normal,0,0.1034531150975907,0,0,0,0,normal,0,normal
2024-09-22 08:00:00,34.8,48,1005.4,0,normal,0,0.10913405942594429,0,0,0,0,normal,0,normal
2024-09-22 09:00:00,34.4,58,1003.9,0,normal,0,0.09678534605388883,0,0,0,0,normal,0,normal
2024-09-22 10:00:00,34.9,50,1003.1,0,normal,0,0.10110899706322707,0,0,0,0,normal,0,normal
2024-09-22 11:00:00,34.4,52,1003.1,0,normal,0,0.10583446538725677,0,0,0,0,normal,0,normal
2024-09-22 12:00:00,34.6,56,1002.8,0,normal,0,0.09908328138222533,0,0,0,0,normal,0,normal
2024-09-22 13:00:00,31.6,66,1003.4,0,normal,0,0.10360929553271908,0,0,0,0,normal,0,normal
2024-09-22 14:00:00,30.7,69,1004.0,0,normal,0,0.11606542251334068,0,0,0,0,normal,0,normal
2024-09-22 15:00:00,29.8,70,1004.6,0,normal,0,0.12141454542399799,0,0,0,0,normal,0,normal
2024-09-22 16:00:00,29.0,74,1005.3,0,normal,0,0.11838061788399923,0,0,0,0,normal,0,normal
2024-09-22 17:00:00,28.6,76,1005.6,0,normal,0,0.12055403537782067,0,0,0,0,normal,0,normal
2024-09-22 18:00:00,28.4,76,1005.6,0,normal,0,0.11305508903546296,0,0,0,0,normal,0,normal
2024-09-22 19:00:00,27.9,79,1005.6,0,normal,0,0.11230083624021131,0,0,0,0,normal,0,normal
2024-09-22 20:00:00,27.8,79,1005.3,0,normal,0,0.11840224796529703,0,0,0,0,normal,0,normal
2024-09-22 21:00:00,27.3,82,1005.1,0,normal,0,0.11899238530835982,0,0,0,0,normal,0,normal
2024-09-22 22:00:00,26.6,86,1005.0,0,normal,0,0.11587237651064147,0,0,0,0,normal,0,normal
2024-09-22 23:00:00,26.1,88,1005.2,0,normal,0,0.11292052572133476,0,0,0,0,normal,0,normal
2024-09-23 00:00:00,25.6,90,1005.0,0,normal,0,0.11420008485912331,0,0,0,0,normal,0,normal
2024-09-23 01:00:00,25.7,89,1005.5,0,normal,0,0.12326405816881075,0,0,0,0,normal,0,normal
2024-09-23 02:00:00,27.6,81,1006.0,0,normal,0,0.11612939747443873,0,0,0,0,normal,0,normal
2024-09-23 03:00:00,30.4,76,1006.3,0,normal,0,0.11663278588042997,0,0,0,0,normal,0,normal
2024-09-23 04:00:00,32.2,62,1006.4,0,normal,0,0.10724718758438206,0,0,0,0,normal,0,normal
2024-09-23 05:00:00,33.5,55,1006.9,0,normal,0,0.10691507967200442,0,0,0,0,normal,0,normal
2024-09-23 06:00:00,35.0,59,1006.0,0,normal,0,0.09884773179092476,0,0,0,0,normal,0,normal
2024-09-23 07:00:00,35.4,50,1005.9,0,normal,0,0.09646116517353376,0,0,0,0,normal,0,normal
2024-09-23 08:00:00,36.0,47,1005.0,0,normal,0,0.09517624272047659,0,0,0,0,normal,0,normal
2024-09-23 09:00:00,35.4,56,1004.0,0,normal,0,0.08506332034067754,0,0,0,0,normal,0,normal
2024-09-23 10:00:00,36.3,46,1003.2,0,normal,0,0.08626324855056172,0,0,0,0,normal,0,normal
2024-09-23 11:00:00,35.8,47,1002.9,0,normal,0,0.08713931684230708,0,0,0,0,normal,0,normal
2024-09-23 12:00:00,33.4,66,1002.9,0,normal,0,0.07040155112914892,0,0,0,0,normal,0,normal
2024-09-23 13:00:00,32.2,63,1002.2,0,normal,0,0.10817371927681141,0,0,0,0,normal,0,normal
2024-09-23 14:00:00,31.3,66,1002.4,0,normal,0,0.11473040420630659,0,0,0,0,normal,0,normal
2024-09-23 15:00:00,30.4,70,1003.1,0,normal,0,0.11585395625288808,0,0,0,0,normal,0,normal
2024-09-23 16:00:00,29.4,74,1003.6,0,normal,0,0.11763636483005174,0,0,0,0,normal,0,normal
2024-09-23 17:00:00,28.4,79,1003.6,0,normal,0,0.11809674453988173,0,0,0,0,normal,0,normal
2024-09-23 18:00:00,27.8,81,1003.7,0,normal,0,0.11641383128073213,0,0,0,0,normal,0,normal
2024-09-23 19:00:00,27.2,84,1003.8,0,normal,0,0.12201788802839364,0,0,0,0,normal,0,normal
2024-09-23 20:00:00,26.7,83,1004.0,0,normal,0,0.12249964358564425,0,0,0,0,normal,0,normal
2024-09-23 21:00:00,26.3,84,1003.8,0,normal,0,0.12278547770726889,0,0,0,0,normal,0,normal
2024-09-23 22:00:00,26.2,84,1004.1,0,normal,0,0.11981945479510525,0,0,0,0,normal,0,normal
2024-09-23 23:00:00,26.2,84,1004.4,0,normal,0,0.1107683244408515,0,0,0,0,normal,0,normal
2024-09-24 00:00:00,26.1,84,1004.5,0,normal,0,0.1101367734421338,0,0,0,0,normal,0,normal
2024-09-24 01:00:00,26.1,83,1004.4,0,normal,0,0.11553602365964505,0,0,0,0,normal,0,normal
2024-09-24 02:00:00,27.7,77,1004.7,0,normal,0,0.11845629546860637,0,0,0,0,normal,0,normal
2024-09-24 03:00:00,30.6,80,1005.1,0,normal,0,0.11023059595209922,0,0,0,0,normal,0,normal
2024-09-24 04:00:00,32.0,60,1005.1,0,normal,0,0.09344769163680239,0,0,0,0,normal,0,normal
2024-09-24 05:00:00,33.6,53,1005.3,0,normal,0,0.10261660483731883,0,0,0,0,normal,0,normal
2024-09-24 06:00:00,35.0,58,1004.6,0,normal,0,0.09857795054818352,0,0,0,0,normal,0,normal
2024-09-24 07:00:00,35.5,48,1004.7,0,normal,0,0.09502123934927947,0,0,0,0,normal,0,normal
2024-09-24 08:00:00,36.0,47,1003.7,0,normal,0,0.09347460734298102,0,0,0,0,normal,0,normal
2024-09-24 09:00:00,36.4,55,1002.1,0,normal,0,0.07299550710248132,0,0,0,0,normal,0,normal
2024-09-24 10:00:00,36.1,47,1002.0,0,normal,0,0.085760579490677,0,0,0,0,normal,0,normal
2024-09-24 11:00:00,35.8,48,1001.1,0,normal,0,0.08328849296098634,0,0,0,0,normal,0,normal
2024-09-24 12:00:00,33.8,64,1001.1,0,normal,0,0.08119231628071932,0,0,0,0,normal,0,normal
2024-09-24 13:00:00,32.9,60,1000.5,0,normal,0,0.10528876536433268,0,0,0,0,normal,0,normal
2024-09-24 14:00:00,31.5,68,1000.8,0,normal,0,0.10934924638867283,0,0,0,0,normal,0,normal
2024-09-24 15:00:00,30.9,68,1001.3,0,normal,0,0.11458258539885846,0,0,0,0,normal,0,normal
2024-09-24 16:00:00,30.1,70,1002.5,0,normal,0,0.10447404315800007,0,0,0,0,normal,0,normal
2024-09-24 17:00:00,29.4,70,1002.9,0,normal,0,0.11017291159060405,0,0,0,0,normal,0,normal
2024-09-24 18:00:00,28.9,72,1003.3,0,normal,0,0.11004030393294845,0,0,0,0,normal,0,normal
2024-09-24 19:00:00,28.5,73,1003.6,0,normal,0,0.11310734219495716,0,0,0,0,normal,0,normal
2024-09-24 20:00:00,28.2,73,1003.7,0,normal,0,0.10926980889714721,0,0,0,0,normal,0,normal
2024-09-24 21:00:00,27.2,85,1003.4,0,normal,0,0.08800672599402193,0,0,0,0,normal,0,normal
2024-09-24 22:00:00,26.9,87,1003.3,0,normal,0,0.10982656784492262,0,0,0,0,normal,0,normal
2024-09-24 23:00:00,26.8,87,1003.7,0,normal,0,0.11277670140283158,0,0,0,0,normal,0,normal
2024-09-25 00:00:00,26.7,88,1004.0,0,normal,0,0.11146420454072609,0,0,0,0,normal,0,normal
2024-09-25 01:00:00,26.6,89,1004.7,0,normal,0,0.11926056103954907,0,0,0,0,normal,0,normal
2024-09-25 02:00:00,27.8,84,1004.6,0,normal,0,0.11823149400689514,0,0,0,0,normal,0,normal
2024-09-25 03:00:00,30.2,85,1005.3,0,normal,0,0.11380508102741393,0,0,0,0,normal,0,normal
2024-09-25 04:00:00,31.8,66,1005.5,0,normal,0,0.09713919437717983,0,0,0,0,normal,0,normal
2024-09-25 05:00:00,32.7,62,1005.9,0,normal,0,0.11407938316403837,0,0,0,0,normal,0,normal
2024-09-25 06:00:00,34.0,69,1005.2,0,normal,0,0.10855920486108356,0,0,0,0,normal,0,normal
2024-09-25 07:00:00,34.5,57,1004.8,0,normal,0,0.10227437065661732,0,0,0,0,normal,0,normal
2024-09-25 08:00:00,34.9,55,1003.8,0,normal,0,0.10890258416877019,0,0,0,0,normal,0,normal
2024-09-25 09:00:00,36.0,56,1002.4,0,normal,0,0.09264344225067422,0,0,0,0,normal,0,normal
2024-09-25 10:00:00,34.9,54,1002.1,0,normal,0,0.10144383014907798,0,0,0,0,normal,0,normal
2024-09-25 11:00:00,34.1,56,1001.7,0,normal,0,0.10421628433548774,0,0,0,0,normal,0,normal
2024-09-25 12:00:00,33.8,65,1001.1,0,normal,0,0.11024477744003991,0,0,0,0,normal,0,normal
2024-09-25 13:00:00,31.7,65,1001.6,0,normal,0,0.1123262552806008,0,0,0,0,normal,0,normal
2024-09-25 14:00:00,30.8,70,1002.2,0,normal,0,0.11671725103019398,0,0,0,0,normal,0,normal
2024-09-25 15:00:00,30.2,73,1003.1,0,normal,0,0.11832091693915053,0,0,0,0,normal,0,normal
2024-09-25 16:00:00,29.8,75,1004.0,0,normal,0,0.11671789688750694,0,0,0,0,normal,0,normal
2024-09-25 17:00:00,29.2,76,1005.4,0,normal,0,0.10981602302177212,0,0,0,0,normal,0,normal
2024-09-25 18:00:00,28.5,79,1005.4,0,normal,0,0.11442741636553266,0,0,0,0,normal,0,normal
2024-09-25 19:00:00,27.7,82,1005.7,0,normal,0,0.11835516408971525,0,0,0,0,normal,0,normal
2024-09-25 20:00:00,27.2,83,1005.9,0,normal,0,0.12611730319738462,0,0,0,0,normal,0,normal
2024-09-25 21:00:00,26.7,86,1005.5,0,normal,0,0.12153309730658918,0,0,0,0,normal,0,normal
2024-09-25 22:00:00,26.7,85,1004.8,0,normal,0,0.11519373430283236,0,0,0,0,normal,0,normal
2024-09-25 23:00:00,26.0,90,1004.9,0,normal,0,0.10510029121959458,0,0,0,0,normal,0,normal
2024-09-26 00:00:00,25.8,90,1005.6,0,normal,0,0.11663528063760303,0,0,0,0,normal,0,normal
2024-09-26 01:00:00,25.5,93,1006.1,0,normal,0,0.12147493254442587,0,0,0,0,normal,0,normal
2024-09-26 02:00:00,25.9,90,1006.4,0,normal,0,0.12178089544180637,0,0,0,0,normal,0,normal
2024-09-26 03:00:00,27.0,89,1006.7,0,normal,0,0.12404811309736219,0,0,0,0,normal,0,normal
2024-09-26 04:00:00,28.3,78,1006.9,0,normal,0,0.11540179294879044,0,0,0,0,normal,0,normal
2024-09-26 05:00:00,29.1,74,1007.2,0,normal,0,0.12310225842699529,0,0,0,0,normal,0,normal
2024-09-26 06:00:00,28.4,82,1006.8,0,normal,0,0.11419793903973252,0,0,0,0,normal,0,normal
2024-09-26 07:00:00,30.5,66,1006.2,0,normal,0,0.10770741782746057,0,0,0,0,normal,0,normal
2024-09-26 08:00:00,30.6,67,1004.6,0,normal,0,0.11761200665120403,0,0,0,0,normal,0,normal
2024-09-26 09:00:00,30.2,73,1003.5,0,normal,0,0.11541612298436144,0,0,0,0,normal,0,normal
2024-09-26 10:00:00,30.5,66,1002.6,0,normal,0,0.1132735492129418,0,0,0,0,normal,0,normal
2024-09-26 11:00:00,30.6,65,1001.9,0,normal,0,0.11972796794710838,0,0,0,0,normal,0,normal
2024-09-26 12:00:00,29.4,78,1001.8,0,normal,0,0.11359448544981465,0,0,0,0,normal,0,normal
2024-09-26 13:00:00,28.3,74,1002.4,0,normal,0,0.11725608179188574,0,0,0,0,normal,0,normal
2024-09-26 14:00:00,27.5,78,1003.2,0,normal,0,0.12286762182569683,0,0,0,0,normal,0,normal
2024-09-26 15:00:00,27.0,82,1004.2,0,normal,0,0.12424060223524153,0,0,0,0,normal,0,normal
2024-09-26 16:00:00,26.8,82,1005.0,0,normal,0,0.1256027795565136,0,0,0,0,normal,0,normal
2024-09-26 17:00:00,26.6,83,1005.7,0,normal,0,0.12034706908374515,0,0,0,0,normal,0,normal
2024-09-26 18:00:00,26.3,84,1005.8,0,normal,0,0.1240055213284238,0,0,0,0,normal,0,normal
2024-09-26 19:00:00,26.0,86,1005.7,0,normal,0,0.12516334551011793,0,0,0,0,normal,0,normal
2024-09-26 20:00:00,25.6,89,1005.4,0,normal,0,0.12354589154259948,0,0,0,0,normal,0,normal
2024-09-26 21:00:00,25.3,90,1004.6,0,normal,0,0.12145070709652678,0,0,0,0,normal,0,normal
2024-09-26 22:00:00,24.9,93,1003.6,0,normal,0,0.10921702492756563,0,0,0,0,normal,0,normal
2024-09-26 23:00:00,24.4,92,1003.9,0,normal,0,0.11194108616999943,0,0,0,0,normal,0,normal
2024-09-27 00:00:00,24.3,91,1004.2,0,normal,0,0.11666095402698462,0,0,0,0,normal,0,normal
2024-09-27 01:00:00,23.6,94,1005.0,0,normal,0,0.11450592655507713,0,0,0,0,normal,0,normal
2024-09-27 02:00:00,23.4,96,1004.7,0,normal,0,0.11337094345455784,0,0,0,0,normal,0,normal
2024-09-27 03:00:00,28.4,78,1005.0,0,normal,0,0.07607753887284097,0,0,0,0,normal,0,normal
2024-09-27 04:00:00,28.2,74,1005.2,0,normal,0,0.11441409284204174,0,0,0,0,normal,0,normal
2024-09-27 05:00:00,30.2,67,1005.1,0,normal,0,0.12280971609765012,0,0,0,0,normal,0,normal
2024-09-27 06:00:00,32.4,67,1004.6,0,normal,0,0.11860093675585326,0,0,0,0,normal,0,normal
2024-09-27 07:00:00,32.4,56,1004.1,0,normal,0,0.11708369627251258,0,0,0,0,normal,0,normal
2024-09-27 08:00:00,32.9,55,1003.0,0,normal,0,0.11842393716895738,0,0,0,0,normal,0,normal
2024-09-27 09:00:00,26.0,90,1004.7,0,normal,0,0.012222661606419383,0,0,0,0,normal,0,normal
2024-09-27 10:00:00,32.9,54,1001.6,0,normal,1,-0.018368629781005508,0,0,0,0,normal,1,isolation_forest_anomaly
2024-09-27 11:00:00,32.6,55,1001.4,0,normal,0,0.07658573282397024,0,0,0,0,normal,0,normal
2024-09-27 12:00:00,28.0,73,1001.0,0,normal,0,0.08270180255228976,0,0,0,0,normal,0,normal
2024-09-27 13:00:00,29.4,71,1001.6,1,temp_frozen,0,0.10857044460093862,0,1,0,1,temp_frozen,1,temp_frozen
2024-09-27 14:00:00,29.4,80,1003.2,1,temp_frozen,0,0.10586732970553908,0,1,0,1,temp_frozen,1,temp_frozen
2024-09-27 15:00:00,29.4,82,1004.2,1,temp_frozen,0,0.11116647396239732,0,1,0,1,temp_frozen,1,temp_frozen
2024-09-27 16:00:00,29.4,84,1005.0,1,temp_frozen,0,0.11048344921082986,0,1,0,1,temp_frozen,1,temp_frozen
2024-09-27 17:00:00,29.4,86,1005.5,1,temp_frozen,0,0.10878398890635277,0,1,0,1,temp_frozen,1,temp_frozen
2024-09-27 18:00:00,25.6,88,1005.6,0,normal,0,0.09085728319687009,0,0,0,0,normal,0,normal
2024-09-27 19:00:00,25.7,86,1005.0,0,normal,0,0.10909879932256039,0,0,0,0,normal,0,normal
2024-09-27 20:00:00,25.2,90,1004.7,0,normal,0,0.11994382077227461,0,0,0,0,normal,0,normal
2024-09-27 21:00:00,24.8,92,1003.8,0,normal,0,0.11493378105766683,0,0,0,0,normal,0,normal
2024-09-27 22:00:00,24.3,95,1003.5,0,normal,0,0.114987431758175,0,0,0,0,normal,0,normal
2024-09-27 23:00:00,24.4,95,1003.4,0,normal,0,0.11052766370566913,0,0,0,0,normal,0,normal
2024-09-28 00:00:00,24.3,95,1004.5,0,normal,0,0.10399145807724353,0,0,0,0,normal,0,normal
2024-09-28 01:00:00,23.3,97,1006.8,0,normal,0,0.0752479571312542,0,0,0,0,normal,0,normal
2024-09-28 02:00:00,22.4,94,1006.5,0,normal,0,0.10044607394858873,0,0,0,0,normal,0,normal
2024-09-28 03:00:00,25.6,93,1006.5,0,normal,0,0.1028749132668701,0,0,0,0,normal,0,normal
2024-09-28 04:00:00,25.6,83,1007.4,0,normal,0,0.11069469474280702,0,0,0,0,normal,0,normal
2024-09-28 05:00:00,29.9,66,1006.8,0,normal,0,0.09402362273731646,0,0,0,0,normal,0,normal
2024-09-28 06:00:00,30.4,72,1007.7,0,normal,0,0.10668326903882619,0,0,0,0,normal,0,normal
2024-09-28 07:00:00,31.9,56,1005.8,0,normal,0,0.09501356653615362,0,0,0,0,normal,0,normal
2024-09-28 08:00:00,32.9,51,1004.7,0,normal,0,0.11216673772492136,0,0,0,0,normal,0,normal
2024-09-28 09:00:00,30.4,69,1008.4,0,normal,0,0.0564397744942049,0,0,0,0,normal,0,normal
2024-09-28 10:00:00,32.8,49,1003.8,0,normal,0,0.03885795829512789,0,0,0,0,normal,0,normal
2024-09-28 11:00:00,32.5,50,1003.5,0,normal,0,0.09653042180583193,0,0,0,0,normal,0,normal
2024-09-28 12:00:00,30.0,79,1003.5,0,normal,0,0.05985204983338105,0,0,0,0,normal,0,normal
2024-09-28 13:00:00,28.5,71,1004.3,0,normal,0,0.09733237816568496,0,0,0,0,normal,0,normal
2024-09-28 14:00:00,28.3,71,1005.2,0,normal,0,0.12194636665566883,0,0,0,0,normal,0,normal
2024-09-28 15:00:00,26.2,77,1007.2,0,normal,0,0.09624235317089475,0,0,0,0,normal,0,normal
2024-09-28 16:00:00,25.7,77,1008.3,0,normal,0,0.10564580911008353,0,0,0,0,normal,0,normal
2024-09-28 17:00:00,25.5,77,1008.8,0,normal,0,0.10896083961432207,0,0,0,0,normal,0,normal
2024-09-28 18:00:00,25.2,78,1009.2,0,normal,0,0.10826576121554937,0,0,0,0,normal,0,normal
2024-09-28 19:00:00,25.2,78,1009.5,0,normal,0,0.10952157645143101,0,0,0,0,normal,0,normal
2024-09-28 20:00:00,24.4,87,1008.7,0,normal,0,0.0964693812302197,0,0,0,0,normal,0,normal
2024-09-28 21:00:00,23.8,90,1008.5,0,normal,0,0.10899519922481754,0,0,0,0,normal,0,normal
2024-09-28 22:00:00,23.7,91,1008.8,0,normal,0,0.1136845325734519,0,0,0,0,normal,0,normal
2024-09-28 23:00:00,23.5,93,1009.3,0,normal,0,0.10023686197370463,0,0,0,0,normal,0,normal
2024-09-29 00:00:00,23.4,95,1009.7,0,normal,0,0.09917228846955894,0,0,0,0,normal,0,normal
2024-09-29 01:00:00,23.1,97,1009.3,0,normal,0,0.0994950186822603,0,0,0,0,normal,0,normal
2024-09-29 02:00:00,24.5,91,1009.6,0,normal,0,0.10378140817950471,0,0,0,0,normal,0,normal
2024-09-29 03:00:00,36.0,94,1010.3,1,multivariate_inconsistency,1,-0.006277326752237022,0,0,0,0,normal,1,isolation_forest_anomaly
2024-09-29 04:00:00,28.2,76,1010.6,0,normal,0,0.0013899858595944892,0,0,0,0,normal,0,normal
2024-09-29 05:00:00,29.9,68,1010.4,0,normal,0,0.0933878917284689,0,0,0,0,normal,0,normal
2024-09-29 06:00:00,30.7,63,1010.2,0,normal,0,0.11335352224898576,0,0,0,0,normal,0,normal
2024-09-29 07:00:00,31.7,58,1009.5,0,normal,0,0.11412173164898193,0,0,0,0,normal,0,normal
2024-09-29 08:00:00,32.5,54,1008.4,0,normal,0,0.11243731475717167,0,0,0,0,normal,0,normal
2024-09-29 09:00:00,33.0,51,1007.5,0,normal,0,0.11463407762367878,0,0,0,0,normal,0,normal
2024-09-29 10:00:00,33.2,49,1006.7,0,normal,0,0.11154893651686676,0,0,0,0,normal,0,normal
2024-09-29 11:00:00,32.4,50,1006.3,0,normal,0,0.10812163016069071,0,0,0,0,normal,0,normal
2024-09-29 12:00:00,32.4,61,1006.4,0,normal,0,0.10551104324114796,0,0,0,0,normal,0,normal
2024-09-29 13:00:00,28.4,68,1006.4,0,normal,0,0.10331473318780016,0,0,0,0,normal,0,normal
2024-09-29 14:00:00,27.5,72,1007.3,0,normal,0,0.11551911438798285,0,0,0,0,normal,0,normal
2024-09-29 15:00:00,26.2,78,1008.5,0,normal,0,0.11198051872061154,0,0,0,0,normal,0,normal
2024-09-29 16:00:00,25.9,80,1009.5,0,normal,0,0.10960967457582055,0,0,0,0,normal,0,normal
2024-09-29 17:00:00,25.9,78,1009.6,0,normal,0,0.10933660415563551,0,0,0,0,normal,0,normal
2024-09-29 18:00:00,25.3,81,1009.5,0,normal,0,0.109460851425832,0,0,0,0,normal,0,normal
2024-09-29 19:00:00,24.7,83,1009.3,0,normal,0,0.11697727442832828,0,0,0,0,normal,0,normal
2024-09-29 20:00:00,24.5,84,1009.1,0,normal,0,0.11623953611416055,0,0,0,0,normal,0,normal
2024-09-29 21:00:00,22.8,90,1008.7,0,normal,0,0.1003086470229364,0,0,0,0,normal,0,normal
2024-09-29 22:00:00,22.4,92,1008.4,0,normal,0,0.10762036467044456,0,0,0,0,normal,0,normal
2024-09-29 23:00:00,22.3,92,1008.6,0,normal,0,0.10530261162059501,0,0,0,0,normal,0,normal
2024-09-30 00:00:00,22.0,93,1008.6,0,normal,0,0.10059414448017351,0,0,0,0,normal,0,normal
2024-09-30 01:00:00,22.1,93,1008.9,0,normal,0,0.10811809149471224,0,0,0,0,normal,0,normal
2024-09-30 02:00:00,24.5,84,1009.3,0,normal,0,0.10345583426536398,0,0,0,0,normal,0,normal
2024-09-30 03:00:00,27.0,80,1009.1,0,normal,0,0.11129094564013076,0,0,0,0,normal,0,normal
2024-09-30 04:00:00,29.1,66,1009.5,0,normal,0,0.10710887012070841,0,0,0,0,normal,0,normal
2024-09-30 05:00:00,30.6,61,1009.3,0,normal,0,0.11829751932465493,0,0,0,0,normal,0,normal
2024-09-30 06:00:00,32.0,53,1008.8,0,normal,0,0.11181207841719348,0,0,0,0,normal,0,normal
2024-09-30 07:00:00,33.3,51,1007.9,0,normal,0,0.1069454118420925,0,0,0,0,normal,0,normal
2024-09-30 08:00:00,33.9,47,1006.9,0,normal,0,0.11071472972267193,0,0,0,0,normal,0,normal
2024-09-30 09:00:00,33.2,53,1006.3,0,normal,0,0.10786936181302881,0,0,0,0,normal,0,normal
2024-09-30 10:00:00,33.7,48,1005.1,0,normal,0,0.1077296396187048,0,0,0,0,normal,0,normal
2024-09-30 11:00:00,33.2,49,1005.0,0,normal,0,0.11084935343156216,0,0,0,0,normal,0,normal
2024-09-30 12:00:00,31.6,60,1005.4,0,normal,0,0.10595474682194933,0,0,0,0,normal,0,normal
2024-09-30 13:00:00,30.2,62,1005.2,0,normal,0,0.11646397295858552,0,0,0,0,normal,0,normal
2024-09-30 14:00:00,28.9,67,1005.4,0,normal,0,0.11856742296215422,0,0,0,0,normal,0,normal
2024-09-30 15:00:00,28.0,72,1005.6,0,normal,0,0.12427426060989044,0,0,0,0,normal,0,normal
2024-09-30 16:00:00,27.0,77,1005.5,0,normal,0,0.11760417788878214,0,0,0,0,normal,0,normal
2024-09-30 17:00:00,26.1,79,1006.2,0,normal,0,0.12245314430811766,0,0,0,0,normal,0,normal
2024-09-30 18:00:00,25.4,84,1005.8,0,normal,0,0.1177735870546937,0,0,0,0,normal,0,normal
2024-09-30 19:00:00,24.7,88,1005.5,0,normal,0,0.1211174359662951,0,0,0,0,normal,0,normal
2024-09-30 20:00:00,24.2,90,1005.3,0,normal,0,0.12438929072747645,0,0,0,0,normal,0,normal
2024-09-30 21:00:00,23.9,92,1004.9,0,normal,0,0.12217772131966714,0,0,0,0,normal,0,normal
2024-09-30 22:00:00,23.4,93,1004.9,0,normal,0,0.11988734061990658,0,0,0,0,normal,0,normal
2024-09-30 23:00:00,23.2,94,1005.1,0,normal,0,0.11060994085716436,0,0,0,0,normal,0,normal
2024-10-01 00:00:00,23.0,96,1005.3,0,normal,0,0.10320702920823921,0,0,0,0,normal,0,normal
2024-10-01 01:00:00,22.6,97,1005.6,0,normal,0,0.10784547465421201,0,0,0,0,normal,0,normal
2024-10-01 02:00:00,24.5,90,1006.0,0,normal,0,0.10551537593827282,0,0,0,0,normal,0,normal
2024-10-01 03:00:00,28.4,80,1005.5,0,normal,0,0.09608494335518447,0,0,0,0,normal,0,normal
2024-10-01 04:00:00,29.5,69,1006.1,0,normal,0,0.10465027184445214,0,0,0,0,normal,0,normal
2024-10-01 05:00:00,31.2,62,1006.1,0,normal,0,0.11328700160158717,0,0,0,0,normal,0,normal
2024-10-01 06:00:00,32.6,57,1005.4,0,normal,0,0.11509839842344394,0,0,0,0,normal,0,normal
2024-10-01 07:00:00,33.5,52,1004.7,0,normal,0,0.11072672791740834,0,0,0,0,normal,0,normal
2024-10-01 08:00:00,34.5,49,1003.8,0,normal,0,0.1090034480369732,0,0,0,0,normal,0,normal
2024-10-01 09:00:00,34.8,50,1002.6,0,normal,0,0.09969591593173371,0,0,0,0,normal,0,normal
2024-10-01 10:00:00,34.6,49,1002.4,0,normal,0,0.09378455139326408,0,0,0,0,normal,0,normal
2024-10-01 11:00:00,34.4,48,1002.1,0,normal,0,0.08796988000116418,0,0,0,0,normal,0,normal
2024-10-01 12:00:00,33.2,54,1002.1,0,normal,0,0.09438708521075051,0,0,0,0,normal,0,normal
2024-10-01 13:00:00,29.8,67,1002.5,0,normal,0,0.08746544433397374,0,0,0,0,normal,0,normal
2024-10-01 14:00:00,28.8,72,1003.1,0,normal,0,0.10572756107323128,0,0,0,0,normal,0,normal
2024-10-01 15:00:00,27.8,77,1003.7,0,normal,0,0.11687412738138342,0,0,0,0,normal,0,normal
2024-10-01 16:00:00,27.0,81,1004.1,0,normal,0,0.1151139025805678,0,0,0,0,normal,0,normal
2024-10-01 17:00:00,26.3,83,1004.3,0,normal,0,0.11810759553144506,0,0,0,0,normal,0,normal
2024-10-01 18:00:00,25.8,85,1004.3,0,normal,0,0.11422079045343364,0,0,0,0,normal,0,normal
2024-10-01 19:00:00,25.4,86,1004.3,0,normal,0,0.11174455190400162,0,0,0,0,normal,0,normal
2024-10-01 20:00:00,24.7,88,1004.3,0,normal,0,0.11294062144209716,0,0,0,0,normal,0,normal
2024-10-01 21:00:00,24.0,91,1004.3,0,normal,0,0.11347027523903108,0,0,0,0,normal,0,normal
2024-10-01 22:00:00,23.4,93,1004.4,0,normal,0,0.10996352350624661,0,0,0,0,normal,0,normal
2024-10-01 23:00:00,23.2,95,1004.3,0,normal,0,0.09980663259583394,0,0,0,0,normal,0,normal
2024-10-02 00:00:00,23.1,94,1004.7,0,normal,0,0.10147180287897645,0,0,0,0,normal,0,normal
2024-10-02 01:00:00,22.7,94,1005.1,0,normal,0,0.10910287827386711,0,0,0,0,normal,0,normal
2024-10-02 02:00:00,24.8,87,1005.7,0,normal,0,0.10812636258949154,0,0,0,0,normal,0,normal
2024-10-02 03:00:00,29.0,72,1006.0,0,normal,0,0.09150448558116064,0,0,0,0,normal,0,normal
2024-10-02 04:00:00,30.2,65,1006.1,0,normal,0,0.11046853090185443,0,0,0,0,normal,0,normal
2024-10-02 05:00:00,31.9,58,1006.0,0,normal,0,0.11072771136139398,0,0,0,0,normal,0,normal
2024-10-02 06:00:00,33.0,56,1005.5,0,normal,0,0.11138251956735068,0,0,0,0,normal,0,normal
2024-10-02 07:00:00,34.3,47,1004.5,0,normal,0,0.10154846358444813,0,0,0,0,normal,0,normal
2024-10-02 08:00:00,35.2,41,1003.4,0,normal,0,0.09281105041669818,0,0,0,0,normal,0,normal
2024-10-02 09:00:00,35.6,41,1002.2,0,normal,0,0.08519182201518005,0,0,0,0,normal,0,normal
2024-10-02 10:00:00,35.7,40,1001.5,0,normal,0,0.07325932182780259,0,0,0,0,normal,0,normal
2024-10-02 11:00:00,35.2,41,1001.3,0,normal,0,0.06851116818340597,0,0,0,0,normal,0,normal
2024-10-02 12:00:00,35.0,41,1001.2,0,normal,0,0.06559503391286242,0,0,0,0,normal,0,normal
2024-10-02 13:00:00,29.8,64,1001.5,0,normal,0,0.046544531682293055,0,0,0,0,normal,0,normal
2024-10-02 14:00:00,28.7,68,1002.1,0,normal,0,0.09087152737329951,0,0,0,0,normal,0,normal
2024-10-02 15:00:00,27.5,68,1003.4,0,normal,0,0.1019501828744736,0,0,0,0,normal,0,normal
2024-10-02 16:00:00,26.8,73,1003.7,0,normal,0,0.11299201948856397,0,0,0,0,normal,0,normal
2024-10-02 17:00:00,26.0,76,1003.9,0,normal,0,0.11321378396131238,0,0,0,0,normal,0,normal
2024-10-02 18:00:00,25.4,79,1003.9,0,normal,0,0.11126626306644322,0,0,0,0,normal,0,normal
2024-10-02 19:00:00,25.0,81,1003.9,0,normal,0,0.10899432378163137,0,0,0,0,normal,0,normal
2024-10-02 20:00:00,24.0,85,1003.3,0,normal,0,0.10425330222345347,0,0,0,0,normal,0,normal
2024-10-02 21:00:00,23.7,87,1002.9,0,normal,0,0.1086861294889776,0,0,0,0,normal,0,normal
2024-10-02 22:00:00,23.5,88,1002.9,0,normal,0,0.11106948096730301,0,0,0,0,normal,0,normal
2024-10-02 23:00:00,23.3,89,1003.1,0,normal,0,0.10280299517683983,0,0,0,0,normal,0,normal
2024-10-03 00:00:00,23.1,89,1003.5,0,normal,0,0.10352072656124545,0,0,0,0,normal,0,normal
2024-10-03 01:00:00,22.4,92,1004.2,0,normal,0,0.10503500928873316,0,0,0,0,normal,0,normal
2024-10-03 02:00:00,24.2,86,1004.8,0,normal,0,0.10925189482059022,0,0,0,0,normal,0,normal
2024-10-03 03:00:00,28.0,85,1004.6,0,normal,0,0.10140616230959631,0,0,0,0,normal,0,normal
2024-10-03 04:00:00,30.5,62,1005.4,0,normal,0,0.07489427002292953,0,0,0,0,normal,0,normal
2024-10-03 05:00:00,32.4,52,1005.4,0,normal,0,0.09564478073185878,0,0,0,0,normal,0,normal
2024-10-03 06:00:00,33.4,52,1004.0,0,normal,0,0.0997141055577721,0,0,0,0,normal,0,normal
2024-10-03 07:00:00,34.4,43,1004.3,0,normal,0,0.0918564638257029,0,0,0,0,normal,0,normal
2024-10-03 08:00:00,35.0,40,1003.4,0,normal,0,0.09383220675757237,0,0,0,0,normal,0,normal
2024-10-03 09:00:00,35.8,49,1001.8,0,normal,0,0.0713150558916596,0,0,0,0,normal,0,normal
2024-10-03 10:00:00,35.4,35,1002.0,0,normal,0,0.05620895202566617,0,0,0,0,normal,0,normal
2024-10-03 11:00:00,35.4,35,1000.9,0,normal,0,0.05716620541332379,0,0,0,0,normal,0,normal
2024-10-03 12:00:00,36.0,46,1000.2,0,normal,0,0.052146018937250016,0,0,0,0,normal,0,normal
2024-10-03 13:00:00,31.2,54,1001.4,0,normal,0,0.05689629629045867,0,0,0,0,normal,0,normal
2024-10-03 14:00:00,30.6,55,1002.3,0,normal,0,0.08257018773365049,0,0,0,0,normal,0,normal
2024-10-03 15:00:00,29.5,58,1003.2,0,normal,0,0.09599850856287956,0,0,0,0,normal,0,normal
2024-10-03 16:00:00,27.4,70,1003.6,0,normal,0,0.09450211728738989,0,0,0,0,normal,0,normal
2024-10-03 17:00:00,26.5,74,1003.7,0,normal,0,0.1084922404092592,0,0,0,0,normal,0,normal
2024-10-03 18:00:00,25.1,81,1003.8,0,normal,0,0.10441771822496648,0,0,0,0,normal,0,normal
2024-10-03 19:00:00,24.8,80,1003.8,0,normal,0,0.11045321828444599,0,0,0,0,normal,0,normal
2024-10-03 20:00:00,24.8,78,1003.7,0,normal,0,0.10605796531686312,0,0,0,0,normal,0,normal
2024-10-03 21:00:00,23.9,85,1003.3,0,normal,0,0.10201598748900731,0,0,0,0,normal,0,normal
2024-10-03 22:00:00,23.4,85,1003.3,0,normal,0,0.1088258610534465,0,0,0,0,normal,0,normal
2024-10-03 23:00:00,23.0,87,1003.6,0,normal,0,0.10178449853290378,0,0,0,0,normal,0,normal
2024-10-04 00:00:00,22.7,87,1004.3,0,normal,0,0.10583214560821125,0,0,0,0,normal,0,normal
2024-10-04 01:00:00,22.5,85,1005.2,0,normal,0,0.10465026222746199,0,0,0,0,normal,0,normal
2024-10-04 02:00:00,24.2,79,1005.2,0,normal,0,0.11223384357007526,0,0,0,0,normal,0,normal
2024-10-04 03:00:00,27.8,80,1005.4,0,normal,0,0.1067652161275523,0,0,0,0,normal,0,normal
2024-10-04 04:00:00,30.3,58,1005.9,0,normal,0,0.08359633918634879,0,0,0,0,normal,0,normal
2024-10-04 05:00:00,32.5,49,1006.1,0,normal,0,0.09674760930132764,0,0,0,0,normal,0,normal
2024-10-04 06:00:00,31.6,61,1005.7,0,normal,0,0.0956153810186019,0,0,0,0,normal,0,normal
2024-10-04 07:00:00,34.9,39,1005.5,0,normal,0,0.06829763305834585,0,0,0,0,normal,0,normal
2024-10-04 08:00:00,35.4,37,1004.7,0,normal,0,0.08667405403233236,0,0,0,0,normal,0,normal
2024-10-04 09:00:00,34.4,56,1003.4,0,normal,0,0.05896102288058791,0,0,0,0,normal,0,normal
2024-10-04 10:00:00,35.6,35,1003.2,0,normal,0,0.05035434709109354,0,0,0,0,normal,0,normal
2024-10-04 11:00:00,35.1,36,1003.1,0,normal,0,0.06826119317073309,0,0,0,0,normal,0,normal
2024-10-04 12:00:00,34.0,53,1002.7,0,normal,0,0.06467279307463236,0,0,0,0,normal,0,normal
2024-10-04 13:00:00,30.2,52,1003.4,0,normal,0,0.08468836107994854,0,0,0,0,normal,0,normal
2024-10-04 14:00:00,28.5,57,1004.1,0,normal,0,0.09880992351401746,0,0,0,0,normal,0,normal
2024-10-04 15:00:00,27.8,57,1004.8,0,normal,0,0.11297852730915026,0,0,0,0,normal,0,normal
2024-10-04 16:00:00,27.1,61,1005.1,0,normal,0,0.11008127810321389,0,0,0,0,normal,0,normal
2024-10-04 17:00:00,26.8,63,1005.4,0,normal,0,0.10722196888232227,0,0,0,0,normal,0,normal
2024-10-04 18:00:00,25.4,69,1005.3,0,normal,0,0.09998656469056838,0,0,0,0,normal,0,normal
2024-10-04 19:00:00,24.9,72,1005.5,0,normal,0,0.10644087058183949,0,0,0,0,normal,0,normal
2024-10-04 20:00:00,24.3,75,1005.5,0,normal,0,0.11308339244559634,0,0,0,0,normal,0,normal
2024-10-04 21:00:00,24.1,75,1005.5,0,normal,0,0.11396713050554347,0,0,0,0,normal,0,normal
2024-10-04 22:00:00,23.3,77,1005.5,0,normal,0,0.10683271775625242,0,0,0,0,normal,0,normal
2024-10-04 23:00:00,23.1,78,1005.8,0,normal,0,0.10477497233136557,0,0,0,0,normal,0,normal
2024-10-05 00:00:00,22.8,79,1006.6,0,normal,0,0.10375974502513668,0,0,0,0,normal,0,normal
2024-10-05 01:00:00,22.7,82,1007.4,0,normal,0,0.10540028736909807,0,0,0,0,normal,0,normal
2024-10-05 02:00:00,24.5,77,1008.0,0,normal,0,0.11398619434920138,0,0,0,0,normal,0,normal
2024-10-05 03:00:00,27.0,80,1007.7,0,normal,0,0.10817779874642086,0,0,0,0,normal,0,normal
2024-10-05 04:00:00,30.0,61,1008.5,0,normal,0,0.09107860740207102,0,0,0,0,normal,0,normal
2024-10-05 05:00:00,32.3,50,1008.4,0,normal,0,0.0963645812702626,0,0,0,0,normal,0,normal
2024-10-05 06:00:00,32.0,66,1007.8,0,normal,0,0.09051800095017337,0,0,0,0,normal,0,normal
2024-10-05 07:00:00,34.7,41,1007.4,0,normal,0,0.06593640577689236,0,0,0,0,normal,0,normal
2024-10-05 08:00:00,35.2,39,1005.6,0,normal,0,0.07802759044824309,0,0,0,0,normal,0,normal
2024-10-05 09:00:00,34.8,51,1005.4,0,normal,0,0.08136076157984612,0,0,0,0,normal,0,normal
2024-10-05 10:00:00,33.3,41,1004.8,0,normal,0,0.08976255520732268,0,0,0,0,normal,0,normal
2024-10-05 11:00:00,33.4,39,1005.1,0,normal,0,0.09595337270971904,0,0,0,0,normal,0,normal
2024-10-05 12:00:00,34.6,52,1004.7,0,normal,0,0.08008012888311988,0,0,0,0,normal,0,normal
2024-10-05 13:00:00,29.9,53,1006.6,0,normal,0,0.07107618889671913,0,0,0,0,normal,0,normal
2024-10-05 14:00:00,28.3,56,1007.8,0,normal,0,0.08807357510160257,0,0,0,0,normal,0,normal
2024-10-05 15:00:00,27.0,62,1008.4,0,normal,0,0.10805621504536661,0,0,0,0,normal,0,normal
2024-10-05 16:00:00,26.0,69,1008.6,0,normal,0,0.11071803551494053,0,0,0,0,normal,0,normal
2024-10-05 17:00:00,24.9,73,1008.7,0,normal,0,0.11341136248778055,0,0,0,0,normal,0,normal
2024-10-05 18:00:00,24.5,78,1008.8,0,normal,0,0.112828717425626,0,0,0,0,normal,0,normal
2024-10-05 19:00:00,24.0,80,1008.7,0,normal,0,0.11611056156299243,0,0,0,0,normal,0,normal
2024-10-05 20:00:00,24.1,79,1008.4,0,normal,0,0.1120728967789606,0,0,0,0,normal,0,normal
2024-10-05 21:00:00,23.7,79,1008.6,0,normal,0,0.10966562982508304,0,0,0,0,normal,0,normal
2024-10-05 22:00:00,23.1,83,1009.0,0,normal,0,0.10930687171371178,0,0,0,0,normal,0,normal
2024-10-05 23:00:00,23.2,72,1009.3,0,normal,0,0.07531640942462348,0,0,0,0,normal,0,normal
2024-10-06 00:00:00,22.7,74,1009.4,0,normal,0,0.09724886262573973,0,0,0,0,normal,0,normal
2024-10-06 01:00:00,22.9,73,1009.9,0,normal,0,0.10571923708498132,0,0,0,0,normal,0,normal
2024-10-06 02:00:00,24.4,68,1010.6,0,normal,0,0.10613472578016653,0,0,0,0,normal,0,normal
2024-10-06 03:00:00,25.4,66,1011.8,0,normal,0,0.10231877371548326,0,0,0,0,normal,0,normal
2024-10-06 04:00:00,29.8,54,1012.0,0,normal,0,0.08604663366127924,0,0,0,0,normal,0,normal
2024-10-06 05:00:00,32.1,43,1012.0,0,normal,0,0.0782687475260847,0,0,0,0,normal,0,normal
2024-10-06 06:00:00,31.6,48,1012.2,0,normal,0,0.08893858868726079,0,0,0,0,normal,0,normal
2024-10-06 07:00:00,34.6,33,1011.1,0,normal,0,0.06743033308290886,0,0,0,0,normal,0,normal
2024-10-06 08:00:00,35.1,30,1010.0,0,normal,0,0.06854053784326641,0,0,0,0,normal,0,normal
2024-10-06 09:00:00,33.4,41,1010.4,0,normal,0,0.07178441973256328,0,0,0,0,normal,0,normal
2024-10-06 10:00:00,33.4,39,1009.4,0,normal,0,0.09371625832024727,0,0,0,0,normal,0,normal
2024-10-06 11:00:00,33.0,39,1009.1,0,normal,0,0.0893957506637893,0,0,0,0,normal,0,normal
2024-10-06 12:00:00,33.8,39,1009.2,0,normal,0,0.07632521333590886,0,0,0,0,normal,0,normal
2024-10-06 13:00:00,29.3,52,1009.6,0,normal,0,0.0780732642187753,0,0,0,0,normal,0,normal
2024-10-06 14:00:00,27.1,63,1010.4,0,normal,0,0.09127941679933593,0,0,0,0,normal,0,normal
2024-10-06 15:00:00,25.9,70,1011.0,0,normal,0,0.11313540634269231,0,0,0,0,normal,0,normal
2024-10-06 16:00:00,25.1,74,1011.4,0,normal,0,0.11144338982234397,0,0,0,0,normal,0,normal
2024-10-06 17:00:00,24.6,77,1011.7,0,normal,0,0.11461658687671239,0,0,0,0,normal,0,normal
2024-10-06 18:00:00,24.0,81,1011.8,0,normal,0,0.11327521820636083,0,0,0,0,normal,0,normal
2024-10-06 19:00:00,23.0,81,1011.9,0,normal,0,0.11293739634058753,0,0,0,0,normal,0,normal
2024-10-06 20:00:00,22.6,82,1011.9,0,normal,0,0.11349547850690578,0,0,0,0,normal,0,normal
2024-10-06 21:00:00,22.2,83,1012.0,0,normal,0,0.1107215734344224,0,0,0,0,normal,0,normal
2024-10-06 22:00:00,21.8,85,1012.1,0,normal,0,0.10905126561587825,0,0,0,0,normal,0,normal
2024-10-06 23:00:00,21.3,87,1012.2,0,normal,0,0.1021257511577246,0,0,0,0,normal,0,normal
2024-10-07 00:00:00,20.9,89,1012.5,0,normal,0,0.10278683070100308,0,0,0,0,normal,0,normal
2024-10-07 01:00:00,20.4,92,1013.0,0,normal,0,0.10630116560312414,0,0,0,0,normal,0,normal
2024-10-07 02:00:00,22.1,83,1013.6,0,normal,0,0.0988967346714334,0,0,0,0,normal,0,normal
2024-10-07 03:00:00,26.6,72,1014.3,0,normal,0,0.0935811445000646,0,0,0,0,normal,0,normal
2024-10-07 04:00:00,27.7,62,1014.8,0,normal,0,0.09723142691540643,0,0,0,0,normal,0,normal
2024-10-07 05:00:00,30.3,50,1014.6,0,normal,0,0.09355969747744186,0,0,0,0,normal,0,normal
2024-10-07 06:00:00,30.8,51,1014.0,0,normal,0,0.09906150448875645,0,0,0,0,normal,0,normal
2024-10-07 07:00:00,32.7,40,1013.3,0,normal,0,0.09293829620997168,0,0,0,0,normal,0,normal
2024-10-07 08:00:00,33.3,37,1012.3,0,normal,0,0.09458140763469214,0,0,0,0,normal,0,normal
2024-10-07 09:00:00,33.4,45,1011.2,0,normal,0,0.08916792894032449,0,0,0,0,normal,0,normal
2024-10-07 10:00:00,33.7,35,1010.2,0,normal,0,0.07687953597039665,0,0,0,0,normal,0,normal
2024-10-07 11:00:00,33.0,35,1010.2,0,normal,0,0.08437065123824766,0,0,0,0,normal,0,normal
2024-10-07 12:00:00,33.6,44,1010.2,0,normal,0,0.0736871159941413,0,0,0,0,normal,0,normal
2024-10-07 13:00:00,28.1,53,1010.6,0,normal,0,0.07704049698737758,0,0,0,0,normal,0,normal
2024-10-07 14:00:00,27.2,58,1011.3,0,normal,0,0.10053671767022482,0,0,0,0,normal,0,normal
2024-10-07 15:00:00,26.4,63,1012.2,0,normal,0,0.10852447691267902,0,0,0,0,normal,0,normal
2024-10-07 16:00:00,25.7,65,1012.6,0,normal,0,0.10710612414280501,0,0,0,0,normal,0,normal
2024-10-07 17:00:00,24.8,70,1012.9,0,normal,0,0.10262357847668324,0,0,0,0,normal,0,normal
2024-10-07 18:00:00,24.0,74,1012.8,0,normal,0,0.10347457974669538,0,0,0,0,normal,0,normal
2024-10-07 19:00:00,23.2,79,1012.6,0,normal,0,0.11024922676654714,0,0,0,0,normal,0,normal
2024-10-07 20:00:00,22.6,77,1012.4,0,normal,0,0.11235843598417028,0,0,0,0,normal,0,normal
2024-10-07 21:00:00,22.5,77,1011.8,0,normal,0,0.10418330563465583,0,0,0,0,normal,0,normal
2024-10-07 22:00:00,22.2,79,1011.5,0,normal,0,0.10346037297623312,0,0,0,0,normal,0,normal
2024-10-07 23:00:00,22.3,78,1011.8,0,normal,0,0.09038510918036718,0,0,0,0,normal,0,normal
2024-10-08 00:00:00,22.5,78,1012.2,0,normal,0,0.09507085881772537,0,0,0,0,normal,0,normal
2024-10-08 01:00:00,21.8,81,1012.6,0,normal,0,0.10291477835561968,0,0,0,0,normal,0,normal
2024-10-08 02:00:00,22.7,78,1013.2,0,normal,0,0.10507697725620158,0,0,0,0,normal,0,normal
2024-10-08 03:00:00,25.8,72,1013.9,0,normal,0,0.10278824029443456,0,0,0,0,normal,0,normal
2024-10-08 04:00:00,28.4,59,1014.7,0,normal,0,0.09116424958555203,0,0,0,0,normal,0,normal
2024-10-08 05:00:00,30.3,51,1014.7,0,normal,0,0.09938413840622295,0,0,0,0,normal,0,normal
2024-10-08 06:00:00,32.0,46,1014.2,0,normal,0,0.09904463713524864,0,0,0,0,normal,0,normal
2024-10-08 07:00:00,32.5,39,1013.4,0,normal,0,0.09481911579189717,0,0,0,0,normal,0,normal
2024-10-08 08:00:00,33.1,36,1012.4,0,normal,0,0.09367272386239328,0,0,0,0,normal,0,normal
2024-10-08 09:00:00,33.2,35,1011.3,0,normal,0,0.08604294627489911,0,0,0,0,normal,0,normal
2024-10-08 10:00:00,32.8,35,1010.7,0,normal,0,0.08439100807428124,0,0,0,0,normal,0,normal
2024-10-08 11:00:00,32.5,34,1010.6,0,normal,0,0.08505620797458041,0,0,0,0,normal,0,normal
2024-10-08 12:00:00,33.4,40,1010.3,0,normal,0,0.08303426312370377,0,0,0,0,normal,0,normal
2024-10-08 13:00:00,26.2,61,1011.3,0,normal,0,0.04487145558656225,0,0,0,0,normal,0,normal
2024-10-08 14:00:00,25.7,64,1011.3,0,normal,0,0.09249171341586726,0,0,0,0,normal,0,normal
2024-10-08 15:00:00,25.1,68,1011.3,0,normal,0,0.11133358802916965,0,0,0,0,normal,0,normal
2024-10-08 16:00:00,24.9,64,1011.8,0,normal,0,0.10740291283695586,0,0,0,0,normal,0,normal
2024-10-08 17:00:00,24.4,67,1011.9,0,normal,0,0.10610479849855364,0,0,0,0,normal,0,normal
2024-10-08 18:00:00,24.1,71,1011.6,0,normal,0,0.10332411324363455,0,0,0,0,normal,0,normal
2024-10-08 19:00:00,23.4,75,1011.5,0,normal,0,0.11098718881661168,0,0,0,0,normal,0,normal
2024-10-08 20:00:00,22.6,79,1011.1,0,normal,0,0.11300694831286667,0,0,0,0,normal,0,normal
2024-10-08 21:00:00,22.0,85,1010.5,0,normal,0,0.10728968562442776,0,0,0,0,normal,0,normal
2024-10-08 22:00:00,21.5,88,1010.3,0,normal,0,0.1084290306844109,0,0,0,0,normal,0,normal
2024-10-08 23:00:00,21.0,91,1010.0,0,normal,0,0.10098790426027637,0,0,0,0,normal,0,normal
2024-10-09 00:00:00,20.6,93,1010.2,0,normal,0,0.10475489133170396,0,0,0,0,normal,0,normal
2024-10-09 01:00:00,20.2,96,1010.7,0,normal,0,0.10288195277305856,0,0,0,0,normal,0,normal
2024-10-09 02:00:00,22.2,86,1011.4,0,normal,0,0.0961236507322038,0,0,0,0,normal,0,normal
2024-10-09 03:00:00,25.8,73,1011.8,0,normal,0,0.10126622925248852,0,0,0,0,normal,0,normal
2024-10-09 04:00:00,27.3,66,1012.1,0,normal,0,0.10941037279837679,0,0,0,0,normal,0,normal
2024-10-09 05:00:00,29.7,53,1011.9,0,normal,0,0.10276436495116736,0,0,0,0,normal,0,normal
2024-10-09 06:00:00,31.8,37,1011.1,0,normal,0,0.0851074921697964,0,0,0,0,normal,0,normal
2024-10-09 07:00:00,33.2,34,1010.2,0,normal,0,0.0905344032144117,0,0,0,0,normal,0,normal
2024-10-09 08:00:00,33.8,30,1009.2,0,normal,0,0.09026759951175461,0,0,0,0,normal,0,normal
2024-10-09 09:00:00,33.8,35,1008.6,0,normal,0,0.08410621310374083,0,0,0,0,normal,0,normal
2024-10-09 10:00:00,33.7,29,1007.8,0,normal,0,0.07565364659733409,0,0,0,0,normal,0,normal
2024-10-09 11:00:00,33.0,30,1007.6,0,normal,0,0.08298552971422518,0,0,0,0,normal,0,normal
2024-10-09 12:00:00,30.4,46,1007.8,0,normal,0,0.07503979604322247,0,0,0,0,normal,0,normal
2024-10-09 13:00:00,28.8,41,1007.8,0,normal,0,0.09016129989083854,0,0,0,0,normal,0,normal
2024-10-09 14:00:00,27.8,44,1008.4,0,normal,0,0.09778558928881487,0,0,0,0,normal,0,normal
2024-10-09 15:00:00,27.0,47,1009.0,0,normal,0,0.09297352389015756,0,0,0,0,normal,0,normal
2024-10-09 16:00:00,26.2,51,1009.4,0,normal,0,0.09009890648386404,0,0,0,0,normal,0,normal
2024-10-09 17:00:00,24.5,58,1010.3,0,normal,0,0.09209646251014669,0,0,0,0,normal,0,normal
2024-10-09 18:00:00,23.6,61,1010.3,0,normal,0,0.10300994329035912,0,0,0,0,normal,0,normal
2024-10-09 19:00:00,22.8,64,1010.2,0,normal,0,0.1067596954720269,0,0,0,0,normal,0,normal
2024-10-09 20:00:00,22.0,67,1010.1,0,normal,0,0.10601370442159352,0,0,0,0,normal,0,normal
2024-10-09 21:00:00,21.3,70,1009.8,0,normal,0,0.10508534599867886,0,0,0,0,normal,0,normal
2024-10-09 22:00:00,20.8,70,1009.2,0,normal,0,0.10270420812585823,0,0,0,0,normal,0,normal
2024-10-09 23:00:00,20.4,72,1009.1,0,normal,0,0.09685103792622951,0,0,0,0,normal,0,normal
2024-10-10 00:00:00,20.0,73,1009.2,0,normal,0,0.09817951144169818,0,0,0,0,normal,0,normal
2024-10-10 01:00:00,19.6,74,1009.7,0,normal,0,0.10887416761315982,0,0,0,0,normal,0,normal
2024-10-10 02:00:00,21.1,67,1010.3,0,normal,0,0.10264434828218949,0,0,0,0,normal,0,normal
2024-10-10 03:00:00,25.8,64,1010.7,0,normal,0,0.0933622660343576,0,0,0,0,normal,0,normal
2024-10-10 04:00:00,27.3,49,1010.9,0,normal,0,0.0954520193717,0,0,0,0,normal,0,normal
2024-10-10 05:00:00,29.7,41,1010.7,0,normal,0,0.09696892348888414,0,0,0,0,normal,0,normal
2024-10-10 06:00:00,31.4,36,1010.2,0,normal,0,0.1008313336006299,0,0,0,0,normal,0,normal
2024-10-10 07:00:00,32.5,31,1009.2,0,normal,0,0.09370168630010434,0,0,0,0,normal,0,normal
2024-10-10 08:00:00,33.7,27,1008.1,0,normal,0,0.08475645670887771,0,0,0,0,normal,0,normal
2024-10-10 09:00:00,32.8,33,1007.5,0,normal,0,0.08451477072796892,0,0,0,0,normal,0,normal
2024-10-10 10:00:00,33.6,23,1006.9,0,normal,0,0.07297343274438356,0,0,0,0,normal,0,normal
2024-10-10 11:00:00,32.9,24,1007.0,0,normal,0,0.07230367665077686,0,0,0,0,normal,0,normal
2024-10-10 12:00:00,29.8,38,1007.7,0,normal,0,0.05975624662686152,0,0,0,0,normal,0,normal
2024-10-10 13:00:00,27.7,35,1008.2,0,normal,0,0.08057634810567776,0,0,0,0,normal,0,normal
2024-10-10 14:00:00,26.6,39,1008.9,0,normal,0,0.09125305912079301,0,0,0,0,normal,0,normal
2024-10-10 15:00:00,25.2,45,1009.5,0,normal,0,0.09180061203840101,0,0,0,0,normal,0,normal
2024-10-10 16:00:00,23.6,51,1009.9,0,normal,0,0.08835723617221297,0,0,0,0,normal,0,normal
2024-10-10 17:00:00,22.9,56,1010.2,0,normal,0,0.09867852485602069,0,0,0,0,normal,0,normal
2024-10-10 18:00:00,22.2,60,1010.3,0,normal,0,0.1018902177534804,0,0,0,0,normal,0,normal
2024-10-10 19:00:00,21.3,65,1010.3,0,normal,0,0.10578933810264618,0,0,0,0,normal,0,normal
2024-10-10 20:00:00,20.6,69,1010.3,0,normal,0,0.1031038190963795,0,0,0,0,normal,0,normal
2024-10-10 21:00:00,20.0,73,1009.9,0,normal,0,0.10552235391043496,0,0,0,0,normal,0,normal
2024-10-10 22:00:00,19.4,76,1009.4,0,normal,0,0.10804173876286083,0,0,0,0,normal,0,normal
2024-10-10 23:00:00,19.1,76,1009.4,0,normal,0,0.10467533597858497,0,0,0,0,normal,0,normal
2024-10-11 00:00:00,18.8,78,1009.5,0,normal,0,0.09941090008094494,0,0,0,0,normal,0,normal
2024-10-11 01:00:00,18.5,79,1009.6,0,normal,0,0.10707483369923465,0,0,0,0,normal,0,normal
2024-10-11 02:00:00,20.4,72,1010.3,0,normal,0,0.10209152614684136,0,0,0,0,normal,0,normal
2024-10-11 03:00:00,25.2,61,1010.6,0,normal,0,0.09000107556763964,0,0,0,0,normal,0,normal
2024-10-11 04:00:00,26.8,51,1010.9,0,normal,0,0.10038162184174326,0,0,0,0,normal,0,normal
2024-10-11 05:00:00,29.3,43,1010.7,0,normal,0,0.09958386259314722,0,0,0,0,normal,0,normal
2024-10-11 06:00:00,31.2,38,1010.1,0,normal,0,0.10248518474406304,0,0,0,0,normal,0,normal
2024-10-11 07:00:00,32.0,35,1009.7,0,normal,0,0.09814706073293977,0,0,0,0,normal,0,normal
2024-10-11 08:00:00,32.7,32,1008.9,0,normal,0,0.09995718260734926,0,0,0,0,normal,0,normal
2024-10-11 09:00:00,32.8,32,1007.4,0,normal,0,0.09091209346688389,0,0,0,0,normal,0,normal
2024-10-11 10:00:00,32.9,29,1006.9,0,normal,0,0.08753523848183054,0,0,0,0,normal,0,normal
2024-10-11 11:00:00,32.2,32,1006.7,0,normal,0,0.08731722282732168,0,0,0,0,normal,0,normal
2024-10-11 12:00:00,30.4,40,1007.0,0,normal,0,0.09219733584142836,0,0,0,0,normal,0,normal
2024-10-11 13:00:00,27.2,46,1007.2,0,normal,0,0.09398617047373203,0,0,0,0,normal,0,normal
2024-10-11 14:00:00,26.6,48,1008.2,0,normal,0,0.09488899942586976,0,0,0,0,normal,0,normal
2024-10-11 15:00:00,25.1,53,1008.7,0,normal,0,0.10260692847846381,0,0,0,0,normal,0,normal
2024-10-11 16:00:00,23.1,62,1009.0,0,normal,0,0.09941649157587745,0,0,0,0,normal,0,normal
2024-10-11 17:00:00,23.1,61,1009.4,0,normal,0,0.11133494194898119,0,0,0,0,normal,0,normal
2024-10-11 18:00:00,22.9,62,1009.5,0,normal,0,0.10078319396363628,0,0,0,0,normal,0,normal
2024-10-11 19:00:00,23.2,61,1009.5,0,normal,0,0.09552504684615187,0,0,0,0,normal,0,normal
2024-10-11 20:00:00,22.9,62,1009.3,0,normal,0,0.09878583850690542,0,0,0,0,normal,0,normal
2024-10-11 21:00:00,21.6,67,1009.0,0,normal,0,0.09956140651464318,0,0,0,0,normal,0,normal
2024-10-11 22:00:00,20.7,71,1008.7,0,normal,0,0.09853949416866842,0,0,0,0,normal,0,normal
2024-10-11 23:00:00,20.4,71,1008.7,0,normal,0,0.10128093099499869,0,0,0,0,normal,0,normal
2024-10-12 00:00:00,20.0,73,1009.0,0,normal,0,0.09552185586471368,0,0,0,0,normal,0,normal
2024-10-12 01:00:00,18.5,80,1009.6,0,normal,0,0.09727036846870762,0,0,0,0,normal,0,normal
2024-10-12 02:00:00,20.6,71,1010.3,0,normal,0,0.10087637072860522,0,0,0,0,normal,0,normal
2024-10-12 03:00:00,24.6,71,1010.6,0,normal,0,0.09883581923071388,0,0,0,0,normal,0,normal
2024-10-12 04:00:00,27.6,49,1011.1,0,normal,0,0.07636751707137351,0,0,0,0,normal,0,normal
2024-10-12 05:00:00,29.6,41,1011.3,0,normal,0,0.0906767334544053,0,0,0,0,normal,0,normal
2024-10-12 06:00:00,31.0,72,1010.7,0,normal,0,0.041870344921122404,0,0,0,0,normal,0,normal
2024-10-12 07:00:00,32.2,32,1010.6,0,normal,0,0.025828790080495545,0,0,0,0,normal,0,normal
2024-10-12 08:00:00,32.7,29,1009.9,0,normal,0,0.0696321187819503,0,0,0,0,normal,0,normal
2024-10-12 09:00:00,33.6,42,1009.0,0,normal,0,0.0815189094273655,0,0,0,0,normal,0,normal
2024-10-12 10:00:00,33.0,27,1008.3,0,normal,0,0.07104441980078952,0,0,0,0,normal,0,normal
2024-10-12 11:00:00,32.3,28,1008.2,0,normal,0,0.07913821937050791,0,0,0,0,normal,0,normal
2024-10-12 12:00:00,30.4,42,1008.6,0,normal,0,0.07901044071450636,0,0,0,0,normal,0,normal
2024-10-12 13:00:00,26.8,43,1008.8,0,normal,0,0.09373049140183887,0,0,0,0,normal,0,normal
2024-10-12 14:00:00,25.3,50,1009.2,0,normal,0,0.10133656065083246,0,0,0,0,normal,0,normal
2024-10-12 15:00:00,23.9,61,1009.7,0,normal,0,0.10264086417359997,0,0,0,0,normal,0,normal
2024-10-12 16:00:00,23.6,62,1010.2,0,normal,0,0.1105016167785326,0,0,0,0,normal,0,normal
2024-10-12 17:00:00,22.4,64,1010.7,0,normal,0,0.11138968931640597,0,0,0,0,normal,0,normal
2024-10-12 18:00:00,22.9,60,1010.8,0,normal,0,0.09883737414795507,0,0,0,0,normal,0,normal
2024-10-12 19:00:00,22.6,60,1010.9,0,normal,0,0.10088492989786313,0,0,0,0,normal,0,normal
2024-10-12 20:00:00,21.9,71,1010.0,0,normal,0,0.08828908116327605,0,0,0,0,normal,0,normal
2024-10-12 21:00:00,21.8,71,1009.9,0,normal,0,0.10376237606206273,0,0,0,0,normal,0,normal
2024-10-12 22:00:00,21.4,72,1009.8,0,normal,0,0.10130383039997543,0,0,0,0,normal,0,normal
2024-10-12 23:00:00,21.7,70,1010.0,0,normal,0,0.08881328676805061,0,0,0,0,normal,0,normal
2024-10-13 00:00:00,20.2,78,1010.4,0,normal,0,0.0885185056186209,0,0,0,0,normal,0,normal
2024-10-13 01:00:00,19.1,83,1011.1,0,normal,0,0.09645052324326558,0,0,0,0,normal,0,normal
2024-10-13 02:00:00,20.6,78,1011.7,0,normal,0,0.11069418869207959,0,0,0,0,normal,0,normal
2024-10-13 03:00:00,24.6,74,1012.5,0,normal,0,0.10272962990681694,0,0,0,0,normal,0,normal
2024-10-13 04:00:00,27.3,54,1012.6,0,normal,0,0.08752135609864231,0,0,0,0,normal,0,normal
2024-10-13 05:00:00,29.8,45,1012.5,0,normal,0,0.08760575000338111,0,0,0,0,normal,0,normal
2024-10-13 06:00:00,30.4,52,1011.6,0,normal,0,0.09725440830507082,0,0,0,0,normal,0,normal
2024-10-13 07:00:00,32.5,31,1011.2,0,normal,0,0.07798696674987354,0,0,0,0,normal,0,normal
2024-10-13 08:00:00,33.0,28,1010.5,0,normal,0,0.0841363305903211,0,0,0,0,normal,0,normal
2024-10-13 09:00:00,33.0,45,1009.0,0,normal,0,0.0672717412580292,0,0,0,0,normal,0,normal
2024-10-13 10:00:00,33.0,25,1009.1,0,normal,0,0.04925347410588832,0,0,0,0,normal,0,normal
2024-10-13 11:00:00,32.0,31,1008.9,0,normal,0,0.07617564572970881,0,0,0,0,normal,0,normal
2024-10-13 12:00:00,30.2,44,1008.8,0,normal,0,0.08472671096656093,0,0,0,0,normal,0,normal
2024-10-13 13:00:00,27.1,44,1008.8,0,normal,0,0.09513319979747525,0,0,0,0,normal,0,normal
2024-10-13 14:00:00,25.7,48,1009.4,0,normal,0,0.10062597654905941,0,0,0,0,normal,0,normal
2024-10-13 15:00:00,24.7,54,1010.2,0,normal,0,0.09989084304218826,0,0,0,0,normal,0,normal
2024-10-13 16:00:00,25.3,53,1010.8,0,normal,0,0.08865414811575767,0,0,0,0,normal,0,normal
2024-10-13 17:00:00,24.2,57,1011.4,0,normal,0,0.09973650988603155,0,0,0,0,normal,0,normal
2024-10-13 18:00:00,23.1,61,1011.7,0,normal,0,0.10159585434768359,0,0,0,0,normal,0,normal
2024-10-13 19:00:00,22.9,62,1011.7,0,normal,0,0.104462529306244,0,0,0,0,normal,0,normal
2024-10-13 20:00:00,21.2,71,1011.4,0,normal,0,0.09029230589671106,0,0,0,0,normal,0,normal
2024-10-13 21:00:00,21.2,72,1010.6,0,normal,0,0.09991529276575123,0,0,0,0,normal,0,normal
2024-10-13 22:00:00,20.4,76,1010.5,0,normal,0,0.10920206870325266,0,0,0,0,normal,0,normal
2024-10-13 23:00:00,19.7,78,1010.7,0,normal,0,0.10033896923313923,0,0,0,0,normal,0,normal
2024-10-14 00:00:00,19.6,78,1011.1,0,normal,0,0.1046670889572035,0,0,0,0,normal,0,normal
2024-10-14 01:00:00,20.8,71,1011.7,0,normal,0,0.0950454924502499,0,0,0,0,normal,0,normal
2024-10-14 02:00:00,21.6,72,1012.6,0,normal,0,0.10523722152637377,0,0,0,0,normal,0,normal
2024-10-14 03:00:00,23.6,78,1013.2,0,normal,0,0.10275720780025982,0,0,0,0,normal,0,normal
2024-10-14 04:00:00,27.8,52,1013.9,0,normal,0,0.05954877111718504,0,0,0,0,normal,0,normal
2024-10-14 05:00:00,29.9,44,1013.5,0,normal,0,0.08136016121030937,0,0,0,0,normal,0,normal
2024-10-14 06:00:00,30.2,46,1012.9,0,normal,0,0.10042990391876822,0,0,0,0,normal,0,normal
2024-10-14 07:00:00,32.0,35,1012.0,0,normal,0,0.09236888565389528,0,0,0,0,normal,0,normal
2024-10-14 08:00:00,32.4,33,1011.1,0,normal,0,0.09648290441595736,0,0,0,0,normal,0,normal
2024-10-14 09:00:00,32.4,39,1009.9,0,normal,0,0.09234744118762961,0,0,0,0,normal,0,normal
2024-10-14 10:00:00,32.5,31,1009.5,0,normal,0,0.0853130334628312,0,0,0,0,normal,0,normal
2024-10-14 11:00:00,32.0,31,1009.2,0,normal,0,0.08697705064051503,0,0,0,0,normal,0,normal
2024-10-14 12:00:00,30.6,45,1009.5,0,normal,0,0.08582926195621887,0,0,0,0,normal,0,normal
2024-10-14 13:00:00,26.2,50,1009.3,0,normal,0,0.09312103816242084,0,0,0,0,normal,0,normal
2024-10-14 14:00:00,25.2,53,1010.0,0,normal,0,0.10388367013358879,0,0,0,0,normal,0,normal
2024-10-14 15:00:00,24.1,56,1010.6,0,normal,0,0.10872382668597952,0,0,0,0,normal,0,normal
2024-10-14 16:00:00,23.0,61,1011.1,0,normal,0,0.11024862588000223,0,0,0,0,normal,0,normal
2024-10-14 17:00:00,22.6,61,1011.2,0,normal,0,0.11032591972687228,0,0,0,0,normal,0,normal
2024-10-14 18:00:00,22.2,62,1011.3,0,normal,0,0.1009786695519368,0,0,0,0,normal,0,normal
2024-10-14 19:00:00,21.2,67,1011.3,0,normal,0,0.10615604878170215,0,0,0,0,normal,0,normal
2024-10-14 20:00:00,20.5,71,1011.3,0,normal,0,0.10189892798163686,0,0,0,0,normal,0,normal
2024-10-14 21:00:00,19.9,74,1010.9,0,normal,0,0.10911428111755195,0,0,0,0,normal,0,normal
2024-10-14 22:00:00,19.4,77,1010.6,0,normal,0,0.11165839562664287,0,0,0,0,normal,0,normal
2024-10-14 23:00:00,20.9,66,1010.4,0,normal,0,0.0638841270389714,0,0,0,0,normal,0,normal
2024-10-15 00:00:00,21.3,64,1010.5,0,normal,0,0.0881603836835348,0,0,0,0,normal,0,normal
2024-10-15 01:00:00,20.7,67,1010.9,0,normal,0,0.09210268563785518,0,0,0,0,normal,0,normal
2024-10-15 02:00:00,21.1,67,1011.5,0,normal,0,0.09989549635790168,0,0,0,0,normal,0,normal
2024-10-15 03:00:00,25.0,67,1012.3,0,normal,0,0.09054047284236733,0,0,0,0,normal,0,normal
2024-10-15 04:00:00,26.9,50,1012.7,0,normal,0,0.09029189107320645,0,0,0,0,normal,0,normal
2024-10-15 05:00:00,29.2,42,1012.4,0,normal,0,0.0923382329086474,0,0,0,0,normal,0,normal
2024-10-15 06:00:00,30.7,38,1011.7,0,normal,0,0.099563071025285,0,0,0,0,normal,0,normal
2024-10-15 07:00:00,31.9,34,1010.7,0,normal,0,0.09642511555117372,0,0,0,0,normal,0,normal
2024-10-15 08:00:00,32.6,31,1009.7,0,normal,0,0.0974437003503793,0,0,0,0,normal,0,normal
2024-10-15 09:00:00,33.1,31,1008.3,0,normal,0,0.08778593401987761,0,0,0,0,normal,0,normal
2024-10-15 10:00:00,33.0,30,1007.7,0,normal,0,0.08407867303623112,0,0,0,0,normal,0,normal
2024-10-15 11:00:00,32.3,31,1007.8,0,normal,0,0.08246605770608828,0,0,0,0,normal,0,normal
2024-10-15 12:00:00,29.5,39,1007.9,0,normal,0,0.0825568842439357,0,0,0,0,normal,0,normal
2024-10-15 13:00:00,27.0,45,1008.3,0,normal,0,0.09703561766056679,0,0,0,0,normal,0,normal
2024-10-15 14:00:00,25.8,48,1009.3,0,normal,0,0.09551578553994095,0,0,0,0,normal,0,normal
2024-10-15 15:00:00,24.3,54,1010.0,0,normal,0,0.10056108891408383,0,0,0,0,normal,0,normal
2024-10-15 16:00:00,23.0,60,1010.3,0,normal,0,0.10735856073592803,0,0,0,0,normal,0,normal
2024-10-15 17:00:00,22.7,63,1010.4,0,normal,0,0.11238859060715489,0,0,0,0,normal,0,normal
2024-10-15 18:00:00,23.1,61,1010.0,0,normal,0,0.09569344819906167,0,0,0,0,normal,0,normal
2024-10-15 19:00:00,22.8,63,1009.6,0,normal,0,0.0985443026672485,0,0,0,0,normal,0,normal
2024-10-15 20:00:00,21.8,68,1009.2,0,normal,0,0.10268459225963644,0,0,0,0,normal,0,normal
2024-10-15 21:00:00,20.8,73,1008.8,0,normal,0,0.10190949461998655,0,0,0,0,normal,0,normal
2024-10-15 22:00:00,20.7,74,1008.6,0,normal,0,0.11147583921488935,0,0,0,0,normal,0,normal
2024-10-15 23:00:00,21.5,70,1008.6,0,normal,0,0.09054424567378266,0,0,0,0,normal,0,normal
2024-10-16 00:00:00,21.2,67,1008.5,0,normal,0,0.08538666589425459,0,0,0,0,normal,0,normal
2024-10-16 01:00:00,20.5,70,1009.2,0,normal,0,0.09858985956298849,0,0,0,0,normal,0,normal
2024-10-16 02:00:00,20.6,72,1009.9,0,normal,0,0.10420673364114363,0,0,0,0,normal,0,normal
2024-10-16 03:00:00,23.4,76,1010.0,0,normal,0,0.10207248981207051,0,0,0,0,normal,0,normal
2024-10-16 04:00:00,26.8,51,1010.9,0,normal,0,0.06880541756355485,0,0,0,0,normal,0,normal
2024-10-16 05:00:00,29.3,43,1010.5,0,normal,0,0.08963615332247982,0,0,0,0,normal,0,normal
2024-10-16 06:00:00,30.2,45,1009.8,0,normal,0,0.1035396083583855,0,0,0,0,normal,0,normal
2024-10-16 07:00:00,32.2,33,1009.4,0,normal,0,0.09597764010979448,0,0,0,0,normal,0,normal
2024-10-16 08:00:00,32.8,30,1008.6,0,normal,0,0.09546923260181023,0,0,0,0,normal,0,normal
2024-10-16 09:00:00,33.0,35,1007.3,0,normal,0,0.08620294312575044,0,0,0,0,normal,0,normal
2024-10-16 10:00:00,33.4,30,1006.5,0,normal,0,0.08824633092791423,0,0,0,0,normal,0,normal
2024-10-16 11:00:00,32.7,32,1006.7,0,normal,0,0.08718186104032882,0,0,0,0,normal,0,normal
2024-10-16 12:00:00,30.8,46,1007.7,0,normal,0,0.07925314285865026,0,0,0,0,normal,0,normal
2024-10-16 13:00:00,29.8,38,1007.6,0,normal,0,0.09207912128290024,0,0,0,0,normal,0,normal
2024-10-16 14:00:00,26.6,48,1008.4,0,normal,0,0.088207492674509,0,0,0,0,normal,0,normal
2024-10-16 15:00:00,23.7,61,1009.3,0,normal,0,0.08487791601670452,0,0,0,0,normal,0,normal
2024-10-16 16:00:00,22.8,65,1009.6,0,normal,0,0.11062476880178734,0,0,0,0,normal,0,normal
2024-10-16 17:00:00,22.0,68,1009.7,0,normal,0,0.11493516681113197,0,0,0,0,normal,0,normal
2024-10-16 18:00:00,21.8,67,1009.8,0,normal,0,0.10803978894087596,0,0,0,0,normal,0,normal
2024-10-16 19:00:00,21.0,70,1010.0,0,normal,0,0.11061451780965353,0,0,0,0,normal,0,normal
2024-10-16 20:00:00,20.6,73,1010.2,0,normal,0,0.10975169900483278,0,0,0,0,normal,0,normal
2024-10-16 21:00:00,20.0,74,1009.9,0,normal,0,0.11196064833677705,0,0,0,0,normal,0,normal
2024-10-16 22:00:00,19.5,77,1009.6,0,normal,0,0.11304730042811117,0,0,0,0,normal,0,normal
2024-10-16 23:00:00,19.0,81,1009.7,0,normal,0,0.10137342192940452,0,0,0,0,normal,0,normal
2024-10-17 00:00:00,18.6,86,1010.0,0,normal,0,0.10168018995822992,0,0,0,0,normal,0,normal
2024-10-17 01:00:00,18.5,89,1010.4,0,normal,0,0.1096941143024997,0,0,0,0,normal,0,normal
2024-10-17 02:00:00,20.1,84,1010.9,0,normal,0,0.11033715038045355,0,0,0,0,normal,0,normal
2024-10-17 03:00:00,23.2,80,1011.2,0,normal,0,0.10879981501827507,0,0,0,0,normal,0,normal
2024-10-17 04:00:00,27.0,58,1011.9,0,normal,0,0.07803707277106825,0,0,0,0,normal,0,normal
2024-10-17 05:00:00,29.8,46,1011.7,0,normal,0,0.08344107085171182,0,0,0,0,normal,0,normal
2024-10-17 06:00:00,31.2,48,1010.7,0,normal,0,0.10222723467122585,0,0,0,0,normal,0,normal
2024-10-17 07:00:00,33.0,32,1009.7,0,normal,0,0.0803721111668722,0,0,0,0,normal,0,normal
2024-10-17 08:00:00,33.8,29,1008.9,0,normal,0,0.08860847417685025,0,0,0,0,normal,0,normal
2024-10-17 09:00:00,34.2,37,1007.9,0,normal,0,0.08190501899771524,0,0,0,0,normal,0,normal
2024-10-17 10:00:00,34.0,27,1007.3,0,normal,0,0.07087270750582736,0,0,0,0,normal,0,normal
2024-10-17 11:00:00,32.8,35,1007.5,0,normal,0,0.08021792615646967,0,0,0,0,normal,0,normal
2024-10-17 12:00:00,31.4,45,1007.8,0,normal,0,0.09112503648623438,0,0,0,0,normal,0,normal
2024-10-17 13:00:00,27.8,52,1008.3,0,normal,0,0.09444975853409959,0,0,0,0,normal,0,normal
2024-10-17 14:00:00,26.0,58,1009.1,0,normal,0,0.10737112666604665,0,0,0,0,normal,0,normal
2024-10-17 15:00:00,25.3,61,1009.4,0,normal,0,0.1164035946405147,0,0,0,0,normal,0,normal
2024-10-17 16:00:00,25.4,59,1009.5,0,normal,0,0.10503729837001574,0,0,0,0,normal,0,normal
2024-10-17 17:00:00,25.0,59,1009.8,0,normal,0,0.10083475305084821,0,0,0,0,normal,0,normal
2024-10-17 18:00:00,22.8,68,1009.5,0,normal,0,0.09531367093876608,0,0,0,0,normal,0,normal
2024-10-17 19:00:00,21.5,73,1009.5,0,normal,0,0.10263767583031663,0,0,0,0,normal,0,normal
2024-10-17 20:00:00,20.9,75,1009.5,0,normal,0,0.11034034407393084,0,0,0,0,normal,0,normal
2024-10-17 21:00:00,19.7,83,1009.2,0,normal,0,0.10239170112758844,0,0,0,0,normal,0,normal
2024-10-17 22:00:00,19.1,87,1009.1,0,normal,0,0.10934943130216201,0,0,0,0,normal,0,normal
2024-10-17 23:00:00,18.6,91,1009.4,0,normal,0,0.10378820950070855,0,0,0,0,normal,0,normal
2024-10-18 00:00:00,18.3,93,1009.8,0,normal,0,0.10613374733704156,0,0,0,0,normal,0,normal
2024-10-18 01:00:00,18.2,94,1010.4,0,normal,0,0.10668765622376958,0,0,0,0,normal,0,normal
2024-10-18 02:00:00,20.0,85,1011.0,0,normal,0,0.10065279096470253,0,0,0,0,normal,0,normal
2024-10-18 03:00:00,24.0,72,1011.7,0,normal,0,0.09932903533556481,0,0,0,0,normal,0,normal
2024-10-18 04:00:00,26.6,61,1012.1,0,normal,0,0.10233602463107705,0,0,0,0,normal,0,normal
2024-10-18 05:00:00,29.4,48,1012.0,0,normal,0,0.09770832566448717,0,0,0,0,normal,0,normal
2024-10-18 06:00:00,31.0,51,1010.9,0,normal,0,0.09965354065456389,0,0,0,0,normal,0,normal
2024-10-18 07:00:00,32.6,34,1010.3,0,normal,0,0.08797931955113003,0,0,0,0,normal,0,normal
2024-10-18 08:00:00,33.3,31,1009.4,0,normal,0,0.09227793085234509,0,0,0,0,normal,0,normal
2024-10-18 09:00:00,33.6,30,1008.6,0,normal,0,0.08981866964200597,0,0,0,0,normal,0,normal
2024-10-18 10:00:00,33.4,30,1008.0,0,normal,0,0.0767746976658597,0,0,0,0,normal,0,normal
2024-10-18 11:00:00,32.3,33,1007.6,0,normal,0,0.08758034103810697,0,0,0,0,normal,0,normal
2024-10-18 12:00:00,29.4,46,1008.1,0,normal,0,0.0825550868994534,0,0,0,0,normal,0,normal
2024-10-18 13:00:00,27.2,54,1008.4,0,normal,0,0.103742221967771,0,0,0,0,normal,0,normal
2024-10-18 14:00:00,26.1,58,1009.2,0,normal,0,0.1113692796293505,0,0,0,0,normal,0,normal
2024-10-18 15:00:00,25.6,59,1009.6,0,normal,0,0.11494413880746707,0,0,0,0,normal,0,normal
2024-10-18 16:00:00,25.1,60,1009.6,0,normal,0,0.10839569964407425,0,0,0,0,normal,0,normal
2024-10-18 17:00:00,24.1,63,1009.7,0,normal,0,0.10771307389157297,0,0,0,0,normal,0,normal
2024-10-18 18:00:00,22.8,67,1009.7,0,normal,0,0.10684239885429425,0,0,0,0,normal,0,normal
2024-10-18 19:00:00,22.6,68,1009.6,0,normal,0,0.11089170044496366,0,0,0,0,normal,0,normal
2024-10-18 20:00:00,22.7,67,1009.8,0,normal,0,0.09671758728802388,0,0,0,0,normal,0,normal
2024-10-18 21:00:00,22.7,66,1009.7,0,normal,0,0.09576577482102588,0,0,0,0,normal,0,normal
2024-10-18 22:00:00,21.4,75,1009.4,0,normal,0,0.09102190828117063,0,0,0,0,normal,0,normal
2024-10-18 23:00:00,21.1,76,1009.6,0,normal,0,0.09802805263401143,0,0,0,0,normal,0,normal
2024-10-19 00:00:00,20.4,79,1010.2,0,normal,0,0.10056863733096,0,0,0,0,normal,0,normal
2024-10-19 01:00:00,19.7,83,1010.9,0,normal,0,0.10410212828061699,0,0,0,0,normal,0,normal
2024-10-19 02:00:00,21.2,77,1011.9,0,normal,0,0.10497847919586462,0,0,0,0,normal,0,normal
2024-10-19 03:00:00,22.6,81,1012.9,0,normal,0,0.10495079473879981,0,0,0,0,normal,0,normal
2024-10-19 04:00:00,27.3,54,1012.7,0,normal,0,0.06574818988138514,0,0,0,0,normal,0,normal
2024-10-19 05:00:00,29.7,46,1012.6,0,normal,0,0.08096158863973396,0,0,0,0,normal,0,normal
2024-10-19 06:00:00,30.0,53,1011.8,0,normal,0,0.09882073279553927,0,0,0,0,normal,0,normal
2024-10-19 07:00:00,32.4,36,1010.9,0,normal,0,0.08550168254263185,0,0,0,0,normal,0,normal
2024-10-19 08:00:00,32.7,37,1009.6,0,normal,0,0.09500853536515158,0,0,0,0,normal,0,normal
2024-10-19 09:00:00,33.0,40,1008.8,0,normal,0,0.10146650850755123,0,0,0,0,normal,0,normal
2024-10-19 10:00:00,32.6,36,1008.5,0,normal,0,0.09565642240213351,0,0,0,0,normal,0,normal
2024-10-19 11:00:00,31.4,40,1008.2,0,normal,0,0.09997305772736659,0,0,0,0,normal,0,normal
2024-10-19 12:00:00,30.6,48,1008.2,0,normal,0,0.10434489729805002,0,0,0,0,normal,0,normal
2024-10-19 13:00:00,26.4,58,1008.7,0,normal,0,0.10112712546103209,0,0,0,0,normal,0,normal
2024-10-19 14:00:00,25.1,59,1009.0,0,normal,0,0.11385584503655793,0,0,0,0,normal,0,normal
2024-10-19 15:00:00,24.3,61,1009.4,0,normal,0,0.11689685814979822,0,0,0,0,normal,0,normal
2024-10-19 16:00:00,23.6,65,1010.0,0,normal,0,0.11456608047834466,0,0,0,0,normal,0,normal
2024-10-19 17:00:00,22.8,71,1010.3,0,normal,0,0.11231374664778071,0,0,0,0,normal,0,normal
2024-10-19 18:00:00,22.7,72,1010.9,0,normal,0,0.10826282065075049,0,0,0,0,normal,0,normal
2024-10-19 19:00:00,22.2,75,1011.0,0,normal,0,0.11258523786410024,0,0,0,0,normal,0,normal
2024-10-19 20:00:00,21.9,76,1011.0,0,normal,0,0.11523246802086279,0,0,0,0,normal,0,normal
2024-10-19 21:00:00,20.3,85,1010.8,0,normal,0,0.09724408708968785,0,0,0,0,normal,0,normal
2024-10-19 22:00:00,19.7,88,1010.8,0,normal,0,0.1102153681145912,0,0,0,0,normal,0,normal
2024-10-19 23:00:00,19.7,88,1010.6,0,normal,0,0.10695032558786832,0,0,0,0,normal,0,normal
2024-10-20 00:00:00,19.1,91,1011.1,0,normal,0,0.10428704807600403,0,0,0,0,normal,0,normal
2024-10-20 01:00:00,19.0,92,1012.0,0,normal,0,0.10542880237436991,0,0,0,0,normal,0,normal
2024-10-20 02:00:00,20.4,86,1012.8,0,normal,0,0.10622608014049356,0,0,0,0,normal,0,normal
2024-10-20 03:00:00,22.4,81,1013.7,0,normal,0,0.10580658337353088,0,0,0,0,normal,0,normal
2024-10-20 04:00:00,26.8,60,1014.0,0,normal,0,0.07973962515398725,0,0,0,0,normal,0,normal
2024-10-20 05:00:00,29.1,51,1014.0,0,normal,0,0.0908490080322713,0,0,0,0,normal,0,normal
2024-10-20 06:00:00,27.0,68,1013.5,0,normal,0,0.08482371568618097,0,0,0,0,normal,0,normal
2024-10-20 07:00:00,31.7,40,1013.0,0,normal,0,0.0481920414623504,0,0,0,0,normal,0,normal
2024-10-20 08:00:00,32.3,37,1012.1,0,normal,0,0.08320584952301957,0,0,0,0,normal,0,normal
2024-10-20 09:00:00,32.2,41,1011.2,0,normal,0,0.09642279961451278,0,0,0,0,normal,0,normal
2024-10-20 10:00:00,32.4,35,1010.1,0,normal,0,0.08847008782382093,0,0,0,0,normal,0,normal
2024-10-20 11:00:00,31.6,40,1010.2,0,normal,0,0.09942654694821684,0,0,0,0,normal,0,normal
2024-10-20 12:00:00,29.8,43,1010.6,0,normal,0,0.09962141266926505,0,0,0,0,normal,0,normal
2024-10-20 13:00:00,26.9,58,1010.7,0,normal,0,0.09916112259627924,0,0,0,0,normal,0,normal
2024-10-20 14:00:00,25.1,65,1011.3,0,normal,0,0.10967812929514298,0,0,0,0,normal,0,normal
2024-10-20 15:00:00,24.8,66,1011.7,0,normal,0,0.11665741550382286,0,0,0,0,normal,0,normal
2024-10-20 16:00:00,24.8,65,1012.4,0,normal,0,0.1017039714210125,0,0,0,0,normal,0,normal
2024-10-20 17:00:00,24.8,64,1012.7,0,normal,0,0.09682185475282512,0,0,0,0,normal,0,normal
2024-10-20 18:00:00,23.3,70,1012.9,0,normal,0,0.10071296356704984,0,0,0,0,normal,0,normal
2024-10-20 19:00:00,22.2,79,1012.5,0,normal,0,0.10019336978649229,0,0,0,0,normal,0,normal
2024-10-20 20:00:00,20.8,85,1012.4,0,normal,0,0.10583753986978617,0,0,0,0,normal,0,normal
2024-10-20 21:00:00,20.4,88,1012.3,0,normal,0,0.11271145297671203,0,0,0,0,normal,0,normal
2024-10-20 22:00:00,19.8,91,1012.2,0,normal,0,0.11161204976084477,0,0,0,0,normal,0,normal
2024-10-20 23:00:00,19.3,93,1012.3,0,normal,0,0.102035966406824,0,0,0,0,normal,0,normal
2024-10-21 00:00:00,18.9,94,1012.6,0,normal,0,0.10137715582429335,0,0,0,0,normal,0,normal
2024-10-21 01:00:00,18.7,95,1013.2,0,normal,0,0.10231001050831351,0,0,0,0,normal,0,normal
2024-10-21 02:00:00,20.1,89,1014.1,0,normal,0,0.10133538360443645,0,0,0,0,normal,0,normal
2024-10-21 03:00:00,22.0,82,1014.7,0,normal,0,0.10515524118693315,0,0,0,0,normal,0,normal
2024-10-21 04:00:00,26.0,63,1014.9,0,normal,0,0.08673046601397227,0,0,0,0,normal,0,normal
2024-10-21 05:00:00,28.5,54,1014.6,0,normal,0,0.09647796089583416,0,0,0,0,normal,0,normal
2024-10-21 06:00:00,29.8,52,1013.2,0,normal,0,0.09956020211198463,0,0,0,0,normal,0,normal
2024-10-21 07:00:00,31.0,42,1013.2,0,normal,0,0.10092570396936162,0,0,0,0,normal,0,normal
2024-10-21 08:00:00,31.6,39,1012.3,0,normal,0,0.10657077936917242,0,0,0,0,normal,0,normal
2024-10-21 09:00:00,31.6,46,1010.2,0,normal,0,0.08655073400779545,0,0,0,0,normal,0,normal
2024-10-21 10:00:00,31.4,40,1010.3,0,normal,0,0.09895282892137147,0,0,0,0,normal,0,normal
2024-10-21 11:00:00,30.6,44,1010.3,1,temp_drift,0,0.10822977286484009,0,0,1,1,temp_drift,1,temp_drift
2024-10-21 12:00:00,31.48888888888889,57,1009.9,1,temp_drift,0,0.09255605115319787,0,0,1,1,temp_drift,1,temp_drift
2024-10-21 13:00:00,32.37777777777778,58,1011.0,1,temp_drift,0,0.08883219602487458,0,0,1,1,temp_drift,1,temp_drift
2024-10-21 14:00:00,33.266666666666666,67,1011.8,1,temp_drift,0,0.07948859794108087,0,0,1,1,temp_drift,1,temp_drift
2024-10-21 15:00:00,34.15555555555556,70,1012.1,1,temp_drift,0,0.07552954402203466,0,0,1,1,temp_drift,1,temp_drift
2024-10-21 16:00:00,35.044444444444444,71,1012.5,1,temp_drift,0,0.05470911246381088,0,0,1,1,temp_drift,1,temp_drift
2024-10-21 17:00:00,35.93333333333334,77,1012.8,1,temp_drift,0,0.0376854216134917,0,0,1,1,temp_drift,1,temp_drift
2024-10-21 18:00:00,36.82222222222222,78,1013.0,1,temp_drift,0,0.031071474010536226,0,0,1,1,temp_drift,1,temp_drift
2024-10-21 19:00:00,37.71111111111111,79,1013.0,1,temp_drift,0,0.025176068051750156,0,0,1,1,temp_drift,1,temp_drift
2024-10-21 20:00:00,38.6,80,1012.5,1,temp_drift,0,0.018336484052463298,0,0,1,1,temp_drift,1,temp_drift
2024-10-21 21:00:00,21.8,81,1012.5,0,normal,1,-0.05856130768382872,0,0,0,0,normal,1,isolation_forest_anomaly
2024-10-21 22:00:00,20.8,86,1012.6,0,normal,0,0.03672318357372112,0,0,0,0,normal,0,normal
2024-10-21 23:00:00,20.1,90,1012.7,0,normal,0,0.09795031547708033,0,0,0,0,normal,0,normal
2024-10-22 00:00:00,19.7,92,1013.2,0,normal,0,0.10224829180567047,0,0,0,0,normal,0,normal
2024-10-22 01:00:00,19.2,93,1013.8,0,normal,0,0.10569740435849156,0,0,0,0,normal,0,normal
2024-10-22 02:00:00,20.4,88,1014.5,0,normal,0,0.1072087900302171,0,0,0,0,normal,0,normal
2024-10-22 03:00:00,21.8,87,1015.6,0,normal,0,0.10154192182544242,0,0,0,0,normal,0,normal
2024-10-22 04:00:00,26.1,64,1016.0,0,normal,0,0.07330067066895979,0,0,0,0,normal,0,normal
2024-10-22 05:00:00,28.4,55,1015.7,0,normal,0,0.0897668951584098,0,0,0,0,normal,0,normal
2024-10-22 06:00:00,29.4,61,1014.8,0,normal,0,0.0950606056458243,0,0,0,0,normal,0,normal
2024-10-22 07:00:00,31.2,44,1014.2,0,normal,0,0.0887891418806449,0,0,0,0,normal,0,normal
2024-10-22 08:00:00,31.6,41,1013.2,0,normal,0,0.10119307235266983,0,0,0,0,normal,0,normal
2024-10-22 09:00:00,31.4,45,1011.8,0,normal,0,0.09748851941939946,0,0,0,0,normal,0,normal
2024-10-22 10:00:00,31.0,41,1011.8,0,normal,0,0.10160865531517882,0,0,0,0,normal,0,normal
2024-10-22 11:00:00,30.9,41,1011.7,0,normal,0,0.10062320076273207,0,0,0,0,normal,0,normal
2024-10-22 12:00:00,28.8,62,1011.3,0,normal,0,0.09114569910538167,0,0,0,0,normal,0,normal
2024-10-22 13:00:00,26.1,59,1012.4,0,normal,0,0.09811699999294898,0,0,0,0,normal,0,normal
2024-10-22 14:00:00,24.3,70,1013.0,0,normal,0,0.10553162298341678,0,0,0,0,normal,0,normal
2024-10-22 15:00:00,23.3,74,1013.5,0,normal,0,0.11296069118311375,0,0,0,0,normal,0,normal
2024-10-22 16:00:00,22.8,75,1013.7,0,normal,0,0.11376208732764598,0,0,0,0,normal,0,normal
2024-10-22 17:00:00,23.2,72,1013.9,0,normal,0,0.10278395513884298,0,0,0,0,normal,0,normal
2024-10-22 18:00:00,21.9,78,1013.9,0,normal,0,0.10642562427595786,0,0,0,0,normal,0,normal
2024-10-22 19:00:00,21.9,76,1013.7,0,normal,0,0.10966499760220239,0,0,0,0,normal,0,normal
2024-10-22 20:00:00,20.4,84,1013.5,0,normal,0,0.10309204987497228,0,0,0,0,normal,0,normal
2024-10-22 21:00:00,20.3,87,1013.0,0,normal,0,0.10890370702657681,0,0,0,0,normal,0,normal
2024-10-22 22:00:00,19.8,89,1013.1,0,normal,0,0.10823153879231401,0,0,0,0,normal,0,normal
2024-10-22 23:00:00,19.7,88,1013.0,0,normal,0,0.09910172834050623,0,0,0,0,normal,0,normal
2024-10-23 00:00:00,19.7,88,1013.3,0,normal,0,0.09971582673611162,0,0,0,0,normal,0,normal
2024-10-23 01:00:00,18.8,92,1013.9,0,normal,0,0.10200417148635355,0,0,0,0,normal,0,normal
2024-10-23 02:00:00,21.0,81,1014.7,0,normal,0,0.09772021225099742,0,0,0,0,normal,0,normal
2024-10-23 03:00:00,24.2,86,1014.9,0,normal,0,0.09526762382565418,0,0,0,0,normal,0,normal
2024-10-23 04:00:00,26.8,61,1015.6,0,normal,0,0.07136407363572711,0,0,0,0,normal,0,normal
2024-10-23 05:00:00,28.9,53,1015.1,0,normal,0,0.09046755665818035,0,0,0,0,normal,0,normal
2024-10-23 06:00:00,29.8,55,1013.9,0,normal,0,0.09848428381069385,0,0,0,0,normal,0,normal
2024-10-23 07:00:00,31.6,42,1013.0,0,normal,0,0.09505857166385373,0,0,0,0,normal,0,normal
2024-10-23 08:00:00,32.1,38,1011.7,0,normal,0,0.09933542135855811,0,0,0,0,normal,0,normal
2024-10-23 09:00:00,32.6,40,1010.7,0,normal,0,0.10189169733020448,0,0,0,0,normal,0,normal
2024-10-23 10:00:00,32.1,33,1010.6,0,normal,0,0.09033473246484686,0,0,0,0,normal,0,normal
2024-10-23 11:00:00,31.0,37,1010.8,0,normal,0,0.09246434086091582,0,0,0,0,normal,0,normal
2024-10-23 12:00:00,28.2,46,1011.3,0,normal,0,0.0953327457552644,0,0,0,0,normal,0,normal
2024-10-23 13:00:00,26.3,52,1011.5,0,normal,0,0.10551584731994418,0,0,0,0,normal,0,normal
2024-10-23 14:00:00,25.2,55,1012.1,0,normal,0,0.10762093781168403,0,0,0,0,normal,0,normal
2024-10-23 15:00:00,24.7,57,1012.6,0,normal,0,0.11161361418813998,0,0,0,0,normal,0,normal
2024-10-23 16:00:00,23.2,63,1012.9,0,normal,0,0.10608386387279733,0,0,0,0,normal,0,normal
2024-10-23 17:00:00,22.7,68,1013.0,0,normal,0,0.1079728064384568,0,0,0,0,normal,0,normal
2024-10-23 18:00:00,21.6,74,1012.9,0,normal,0,0.10417672647308951,0,0,0,0,normal,0,normal
2024-10-23 19:00:00,20.9,76,1012.7,0,normal,0,0.11558743705050789,0,0,0,0,normal,0,normal
2024-10-23 20:00:00,20.5,77,1012.7,0,normal,0,0.11543938416209704,0,0,0,0,normal,0,normal
2024-10-23 21:00:00,20.1,77,1012.5,0,normal,0,0.11019760612794294,0,0,0,0,normal,0,normal
2024-10-23 22:00:00,19.8,84,1011.7,0,normal,0,0.09925600869075724,0,0,0,0,normal,0,normal
2024-10-23 23:00:00,19.4,84,1011.9,0,normal,0,0.10395433865862391,0,0,0,0,normal,0,normal
2024-10-24 00:00:00,18.7,85,1012.0,0,normal,0,0.1010663046466575,0,0,0,0,normal,0,normal
2024-10-24 01:00:00,18.1,86,1012.4,0,normal,0,0.11113525957915965,0,0,0,0,normal,0,normal
2024-10-24 02:00:00,19.3,80,1013.0,0,normal,0,0.11024126478591256,0,0,0,0,normal,0,normal
2024-10-24 03:00:00,23.8,69,1013.1,0,normal,0,0.09673588101935698,0,0,0,0,normal,0,normal
2024-10-24 04:00:00,25.4,58,1014.0,0,normal,0,0.09772778187986114,0,0,0,0,normal,0,normal
2024-10-24 05:00:00,28.3,49,1013.7,0,normal,0,0.10210767435525742,0,0,0,0,normal,0,normal
2024-10-24 06:00:00,30.0,48,1012.4,0,normal,0,0.09989696795844344,0,0,0,0,normal,0,normal
2024-10-24 07:00:00,31.6,36,1012.2,0,normal,0,0.09540644936179832,0,0,0,0,normal,0,normal
2024-10-24 08:00:00,32.7,31,1011.0,0,normal,0,0.09321771174353322,0,0,0,0,normal,0,normal
2024-10-24 09:00:00,33.2,34,1009.3,0,normal,0,0.08240483500498891,0,0,0,0,normal,0,normal
2024-10-24 10:00:00,32.4,31,1009.6,0,normal,0,0.0858798909555401,0,0,0,0,normal,0,normal
2024-10-24 11:00:00,30.9,37,1009.7,0,normal,0,0.09070462370470667,0,0,0,0,normal,0,normal
2024-10-24 12:00:00,29.4,43,1009.0,0,normal,0,0.09903961113150211,0,0,0,0,normal,0,normal
2024-10-24 13:00:00,26.3,50,1010.2,0,normal,0,0.09517536730286746,0,0,0,0,normal,0,normal
2024-10-24 14:00:00,25.0,55,1010.5,0,normal,0,0.10562517385489406,0,0,0,0,normal,0,normal
2024-10-24 15:00:00,23.8,60,1010.7,0,normal,0,0.11439722868123736,0,0,0,0,normal,0,normal
2024-10-24 16:00:00,22.7,65,1011.1,0,normal,0,0.11201208827623682,0,0,0,0,normal,0,normal
2024-10-24 17:00:00,21.7,70,1011.1,0,normal,0,0.11224321304673357,0,0,0,0,normal,0,normal
2024-10-24 18:00:00,21.1,73,1010.9,0,normal,0,0.11307890284228483,0,0,0,0,normal,0,normal
2024-10-24 19:00:00,20.6,76,1010.5,0,normal,0,0.11561132551931347,0,0,0,0,normal,0,normal
2024-10-24 20:00:00,20.1,79,1010.4,0,normal,0,0.1176903095041047,0,0,0,0,normal,0,normal
2024-10-24 21:00:00,19.4,82,1010.0,0,normal,0,0.11540110787695623,0,0,0,0,normal,0,normal
2024-10-24 22:00:00,19.0,85,1010.0,0,normal,0,0.11321316692427508,0,0,0,0,normal,0,normal
2024-10-24 23:00:00,19.1,88,1010.2,0,normal,0,0.10093265826776093,0,0,0,0,normal,0,normal
2024-10-25 00:00:00,18.7,90,1010.7,0,normal,0,0.102856714968042,0,0,0,0,normal,0,normal
2024-10-25 01:00:00,18.3,92,1011.3,0,normal,0,0.11120932597212002,0,0,0,0,normal,0,normal
2024-10-25 02:00:00,19.4,86,1012.2,0,normal,0,0.10669939024199976,0,0,0,0,normal,0,normal
2024-10-25 03:00:00,22.0,77,1013.6,0,normal,0,0.0962248785132161,0,0,0,0,normal,0,normal
2024-10-25 04:00:00,24.7,61,1013.4,0,normal,0,0.09661026153871405,0,0,0,0,normal,0,normal
2024-10-25 05:00:00,27.1,49,1013.1,0,normal,0,0.09994454358978105,0,0,0,0,normal,0,normal
2024-10-25 06:00:00,30.0,39,1011.5,0,normal,0,0.08852363522706469,0,0,0,0,normal,0,normal
2024-10-25 07:00:00,30.3,39,1011.6,0,normal,0,0.10321073656183039,0,0,0,0,normal,0,normal
2024-10-25 08:00:00,31.1,36,1010.6,0,normal,0,0.10609931133228595,0,0,0,0,normal,0,normal
2024-10-25 09:00:00,33.0,25,1008.7,0,normal,0,0.0735695959449541,0,0,0,0,normal,0,normal
2024-10-25 10:00:00,31.4,34,1009.0,0,normal,0,0.08122359412996788,0,0,0,0,normal,0,normal
2024-10-25 11:00:00,30.3,40,1009.0,0,normal,0,0.0968696299610518,0,0,0,0,normal,0,normal
2024-10-25 12:00:00,30.4,33,1008.2,0,normal,0,0.09096734802574497,0,0,0,0,normal,0,normal
2024-10-25 13:00:00,26.3,52,1009.6,0,normal,0,0.0697943502124847,0,0,0,0,normal,0,normal
2024-10-25 14:00:00,25.3,53,1009.9,0,normal,0,0.09889639933338129,0,0,0,0,normal,0,normal
2024-10-25 15:00:00,23.7,59,1010.3,0,normal,0,0.11170448674173483,0,0,0,0,normal,0,normal
2024-10-25 16:00:00,22.3,65,1010.7,0,normal,0,0.11076755720435849,0,0,0,0,normal,0,normal
2024-10-25 17:00:00,20.7,73,1010.7,0,normal,0,0.10808503233212569,0,0,0,0,normal,0,normal
2024-10-25 18:00:00,19.8,78,1010.5,0,normal,0,0.10940372781159202,0,0,0,0,normal,0,normal
2024-10-25 19:00:00,19.4,79,1010.2,0,normal,0,0.11845286122819587,0,0,0,0,normal,0,normal
2024-10-25 20:00:00,19.1,80,1010.0,0,normal,0,0.11582993352948667,0,0,0,0,normal,0,normal
2024-10-25 21:00:00,20.1,75,1009.8,0,normal,0,0.10000429574287956,0,0,0,0,normal,0,normal
2024-10-25 22:00:00,19.6,76,1009.8,0,normal,0,0.1126337727055905,0,0,0,0,normal,0,normal
2024-10-25 23:00:00,17.7,84,1010.1,0,normal,0,0.08154209270964563,0,0,0,0,normal,0,normal
2024-10-26 00:00:00,17.6,84,1010.7,0,normal,0,0.10051966921314343,0,0,0,0,normal,0,normal
2024-10-26 01:00:00,17.4,86,1011.5,0,normal,0,0.10518766098513749,0,0,0,0,normal,0,normal
2024-10-26 02:00:00,18.7,81,1012.1,0,normal,0,0.11163604888463413,0,0,0,0,normal,0,normal
2024-10-26 03:00:00,21.8,67,1012.6,0,normal,0,0.1009639884225686,0,0,0,0,normal,0,normal
2024-10-26 04:00:00,25.1,60,1013.0,0,normal,0,0.09855793671421481,0,0,0,0,normal,0,normal
2024-10-26 05:00:00,27.9,50,1012.6,0,normal,0,0.09971850316410885,0,0,0,0,normal,0,normal
2024-10-26 06:00:00,30.0,39,1011.5,0,normal,0,0.09807605096144378,0,0,0,0,normal,0,normal
2024-10-26 07:00:00,31.1,39,1010.7,0,normal,0,0.10594654339643567,0,0,0,0,normal,0,normal
2024-10-26 08:00:00,32.0,36,1009.6,0,normal,0,0.10392312849772051,0,0,0,0,normal,0,normal
2024-10-26 09:00:00,33.0,30,1008.0,0,normal,0,0.09194341849907078,0,0,0,0,normal,0,normal
2024-10-26 10:00:00,32.3,37,1007.8,0,normal,0,0.09671784749822276,0,0,0,0,normal,0,normal
2024-10-26 11:00:00,31.1,43,1007.8,0,normal,0,0.10019533868697084,0,0,0,0,normal,0,normal
2024-10-26 12:00:00,30.8,35,1007.2,0,normal,0,0.09149838789237924,0,0,0,0,normal,0,normal
2024-10-26 13:00:00,25.4,62,1008.9,0,normal,0,0.05503094572787853,0,0,0,0,normal,0,normal
2024-10-26 14:00:00,24.1,69,1009.6,0,normal,0,0.09264287565702117,0,0,0,0,normal,0,normal
2024-10-26 15:00:00,23.3,71,1009.6,0,normal,0,0.11898254025726329,0,0,0,0,normal,0,normal
2024-10-26 16:00:00,23.5,69,1009.9,0,normal,0,0.10945746380007576,0,0,0,0,normal,0,normal
2024-10-26 17:00:00,22.9,71,1009.9,0,normal,0,0.10976867969010223,0,0,0,0,normal,0,normal
2024-10-26 18:00:00,21.5,77,1009.9,0,normal,0,0.10804340494389414,0,0,0,0,normal,0,normal
2024-10-26 19:00:00,21.0,78,1009.5,0,normal,0,0.11670697283574827,0,0,0,0,normal,0,normal
2024-10-26 20:00:00,20.1,82,1009.5,0,normal,0,0.11612169938825062,0,0,0,0,normal,0,normal
2024-10-26 21:00:00,19.4,85,1009.4,0,normal,0,0.11714930993463313,0,0,0,0,normal,0,normal
2024-10-26 22:00:00,19.0,88,1009.3,0,normal,0,0.11226939826596088,0,0,0,0,normal,0,normal
2024-10-26 23:00:00,18.7,93,1009.5,0,normal,0,0.09962049672882411,0,0,0,0,normal,0,normal
2024-10-27 00:00:00,18.8,94,1009.9,0,normal,0,0.09998833668333873,0,0,0,0,normal,0,normal
2024-10-27 01:00:00,19.1,94,1010.6,0,normal,0,0.10499250481700778,0,0,0,0,normal,0,normal
2024-10-27 02:00:00,20.2,91,1011.3,0,normal,0,0.10766875780119611,0,0,0,0,normal,0,normal
2024-10-27 03:00:00,21.0,87,1011.8,0,normal,0,0.11016111947085655,0,0,0,0,normal,0,normal
2024-10-27 04:00:00,25.7,68,1012.3,0,normal,0,0.08501007281477452,0,0,0,0,normal,0,normal
2024-10-27 05:00:00,28.3,58,1012.1,0,normal,0,0.09524302750776048,0,0,0,0,normal,0,normal
2024-10-27 06:00:00,28.6,54,1011.3,0,normal,0,0.11161674766113255,0,0,0,0,normal,0,normal
2024-10-27 07:00:00,31.2,44,1010.4,0,normal,0,0.10249282987808356,0,0,0,0,normal,0,normal
2024-10-27 08:00:00,31.7,41,1009.1,0,normal,0,0.10879958019843056,0,0,0,0,normal,0,normal
2024-10-27 09:00:00,32.0,43,1008.1,0,normal,0,0.11101171013225314,0,0,0,0,normal,0,normal
2024-10-27 10:00:00,31.8,40,1007.4,0,normal,0,0.10482636843328441,0,0,0,0,normal,0,normal
2024-10-27 11:00:00,30.9,45,1007.3,0,normal,0,0.11190433034642272,0,0,0,0,normal,0,normal
2024-10-27 12:00:00,30.4,48,1007.6,0,normal,0,0.10785216260483105,0,0,0,0,normal,0,normal
2024-10-27 13:00:00,26.1,64,1007.7,0,normal,0,0.09480494295460712,0,0,0,0,normal,0,normal
2024-10-27 14:00:00,24.9,69,1008.1,0,normal,0,0.11342166425567274,0,0,0,0,normal,0,normal
2024-10-27 15:00:00,24.2,72,1008.5,0,normal,0,0.12169088991869936,0,0,0,0,normal,0,normal
2024-10-27 16:00:00,23.9,72,1008.7,0,normal,0,0.11697175117253145,0,0,0,0,normal,0,normal
2024-10-27 17:00:00,22.9,79,1008.8,0,normal,0,0.114365657946143,0,0,0,0,normal,0,normal
2024-10-27 18:00:00,22.3,80,1008.7,0,normal,0,0.11419332988063158,0,0,0,0,normal,0,normal
2024-10-27 19:00:00,21.8,82,1008.4,0,normal,0,0.11893662050827741,0,0,0,0,normal,0,normal
2024-10-27 20:00:00,21.2,85,1007.9,0,normal,0,0.1164449974501729,0,0,0,0,normal,0,normal
2024-10-27 21:00:00,20.8,88,1007.6,0,normal,0,0.11607515781980321,0,0,0,0,normal,0,normal
2024-10-27 22:00:00,20.2,92,1007.3,0,normal,0,0.11036023565453712,0,0,0,0,normal,0,normal
2024-10-27 23:00:00,19.7,95,1007.5,0,normal,0,0.09792971932644162,0,0,0,0,normal,0,normal
2024-10-28 00:00:00,19.3,96,1007.9,0,normal,0,0.10229612155823326,0,0,0,0,normal,0,normal
2024-10-28 01:00:00,19.1,96,1008.4,0,normal,0,0.10332467086658459,0,0,0,0,normal,0,normal
2024-10-28 02:00:00,20.1,92,1009.2,0,normal,0,0.10231152454802833,0,0,0,0,normal,0,normal
2024-10-28 03:00:00,22.4,87,1010.0,0,normal,0,0.10555139726319479,0,0,0,0,normal,0,normal
2024-10-28 04:00:00,26.1,68,1010.3,0,normal,0,0.09084105501655498,0,0,0,0,normal,0,normal
2024-10-28 05:00:00,28.6,57,1010.3,0,normal,0,0.0999065019657212,0,0,0,0,normal,0,normal
2024-10-28 06:00:00,28.4,61,1009.8,0,normal,0,0.11166134187071547,0,0,0,0,normal,0,normal
2024-10-28 07:00:00,31.2,46,1008.9,0,normal,0,0.09756854650173374,0,0,0,0,normal,0,normal
2024-10-28 08:00:00,31.9,42,1007.3,0,normal,0,0.10137744358644385,0,0,0,0,normal,0,normal
2024-10-28 09:00:00,31.4,46,1007.0,0,normal,0,0.11529623427546515,0,0,0,0,normal,0,normal
2024-10-28 10:00:00,32.0,40,1006.0,0,normal,0,0.10565356973825252,0,0,0,0,normal,0,normal
2024-10-28 11:00:00,31.2,45,1006.2,0,normal,0,0.11053712610562016,0,0,0,0,normal,0,normal
2024-10-28 12:00:00,29.6,54,1006.5,0,normal,0,0.10782478428839942,0,0,0,0,normal,0,normal
2024-10-28 13:00:00,26.4,61,1007.2,0,normal,0,0.111417808253584,0,0,0,0,normal,0,normal
2024-10-28 14:00:00,25.1,67,1007.8,0,normal,0,0.11684905008945018,0,0,0,0,normal,0,normal
2024-10-28 15:00:00,24.3,71,1008.4,0,normal,0,0.11928157450509752,0,0,0,0,normal,0,normal
2024-10-28 16:00:00,24.0,73,1008.7,0,normal,0,0.11816273072666394,0,0,0,0,normal,0,normal
2024-10-28 17:00:00,23.5,76,1008.9,0,normal,0,0.1173390298187314,0,0,0,0,normal,0,normal
2024-10-28 18:00:00,22.2,82,1008.8,0,normal,0,0.10917213519175223,0,0,0,0,normal,0,normal
2024-10-28 19:00:00,21.8,84,1008.3,0,normal,0,0.11584367099827714,0,0,0,0,normal,0,normal
2024-10-28 20:00:00,21.4,87,1008.1,0,normal,0,0.11756589340669682,0,0,0,0,normal,0,normal
2024-10-28 21:00:00,20.7,91,1008.1,0,normal,0,0.11209871303137348,0,0,0,0,normal,0,normal
2024-10-28 22:00:00,20.1,94,1008.3,0,normal,0,0.10844501035441795,0,0,0,0,normal,0,normal
2024-10-28 23:00:00,20.2,95,1008.5,0,normal,0,0.10156065168135059,0,0,0,0,normal,0,normal
2024-10-29 00:00:00,19.9,96,1009.0,0,normal,0,0.09846972782492963,0,0,0,0,normal,0,normal
2024-10-29 01:00:00,19.3,97,1009.7,0,normal,0,0.10340014173110329,0,0,0,0,normal,0,normal
2024-10-29 02:00:00,20.4,94,1010.5,0,normal,0,0.0961873832880219,0,0,0,0,normal,0,normal
2024-10-29 03:00:00,23.0,84,1010.9,0,normal,0,0.10176550443760568,0,0,0,0,normal,0,normal
2024-10-29 04:00:00,26.1,68,1011.3,0,normal,0,0.10111436540062968,0,0,0,0,normal,0,normal
2024-10-29 05:00:00,28.5,58,1011.1,0,normal,0,0.10593313793465742,0,0,0,0,normal,0,normal
2024-10-29 06:00:00,30.1,52,1010.3,0,normal,0,0.112992948121656,0,0,0,0,normal,0,normal
2024-10-29 07:00:00,31.2,46,1009.6,0,normal,0,0.11017537586090453,0,0,0,0,normal,0,normal
2024-10-29 08:00:00,31.9,43,1008.6,0,normal,0,0.11523053150016921,0,0,0,0,normal,0,normal
2024-10-29 09:00:00,33.5,39,1007.1,0,normal,0,0.10260858033899806,0,0,0,0,normal,0,normal
2024-10-29 10:00:00,32.7,36,1006.5,0,normal,0,0.10022788097029839,0,0,0,0,normal,0,normal
2024-10-29 11:00:00,31.8,50,1006.7,0,normal,0,0.09480501764760085,0,0,0,0,normal,0,normal
2024-10-29 12:00:00,30.6,43,1006.5,0,normal,0,0.09812671042642535,0,0,0,0,normal,0,normal
2024-10-29 13:00:00,26.3,61,1007.6,0,normal,0,0.08756185618466417,0,0,0,0,normal,0,normal
2024-10-29 14:00:00,24.9,64,1008.1,0,normal,0,0.10919980870675744,0,0,0,0,normal,0,normal
2024-10-29 15:00:00,23.7,66,1008.5,0,normal,0,0.12026245780852407,0,0,0,0,normal,0,normal
2024-10-29 16:00:00,23.0,67,1008.8,0,normal,0,0.11773082364071658,0,0,0,0,normal,0,normal
2024-10-29 17:00:00,22.2,70,1008.8,0,normal,0,0.11380020544967312,0,0,0,0,normal,0,normal
2024-10-29 18:00:00,21.5,74,1008.9,0,normal,0,0.11278527114132203,0,0,0,0,normal,0,normal
2024-10-29 19:00:00,21.1,77,1008.7,0,normal,0,0.11763516758887543,0,0,0,0,normal,0,normal
2024-10-29 20:00:00,20.3,81,1008.3,0,normal,0,0.1152329854040603,0,0,0,0,normal,0,normal
2024-10-29 21:00:00,19.9,84,1008.1,0,normal,0,0.11671635977550221,0,0,0,0,normal,0,normal
2024-10-29 22:00:00,19.3,87,1008.0,0,normal,0,0.1128497602869673,0,0,0,0,normal,0,normal
2024-10-29 23:00:00,18.8,89,1008.3,0,normal,0,0.1047533244856762,0,0,0,0,normal,0,normal
2024-10-30 00:00:00,19.2,93,1009.0,0,normal,0,0.0953105811928025,0,0,0,0,normal,0,normal
2024-10-30 01:00:00,20.1,88,1009.5,0,normal,0,0.10933996631629284,0,0,0,0,normal,0,normal
2024-10-30 02:00:00,20.0,89,1010.2,0,normal,0,0.1119633725823293,0,0,0,0,normal,0,normal
2024-10-30 03:00:00,22.4,83,1010.8,0,normal,0,0.10868342152360977,0,0,0,0,normal,0,normal
2024-10-30 04:00:00,26.0,65,1011.6,0,normal,0,0.09281097013669909,0,0,0,0,normal,0,normal
2024-10-30 05:00:00,29.2,50,1011.5,0,normal,0,0.08418356171814739,0,0,0,0,normal,0,normal
2024-10-30 06:00:00,29.8,50,1010.9,0,normal,0,0.10695462583962784,0,0,0,0,normal,0,normal
2024-10-30 07:00:00,31.9,40,1010.3,0,normal,0,0.10315305031541921,0,0,0,0,normal,0,normal
2024-10-30 08:00:00,32.6,37,1009.5,0,normal,0,0.11013460306092643,0,0,0,0,normal,0,normal
2024-10-30 09:00:00,32.6,40,1008.4,0,normal,0,0.102416793170644,0,0,0,0,normal,0,normal
2024-10-30 10:00:00,32.8,37,1008.2,0,normal,0,0.09425278005587334,0,0,0,0,normal,0,normal
2024-10-30 11:00:00,31.5,41,1008.3,0,normal,0,0.09701135439280817,0,0,0,0,normal,0,normal
2024-10-30 12:00:00,29.8,47,1008.7,0,normal,0,0.10311167926136111,0,0,0,0,normal,0,normal
2024-10-30 13:00:00,26.3,58,1009.4,0,normal,0,0.10459242149062453,0,0,0,0,normal,0,normal
2024-10-30 14:00:00,25.5,61,1010.1,0,normal,0,0.1119768399909783,0,0,0,0,normal,0,normal
2024-10-30 15:00:00,24.7,65,1010.8,0,normal,0,0.11857546205388197,0,0,0,0,normal,0,normal
2024-10-30 16:00:00,24.0,68,1011.3,0,normal,0,0.1149730183297018,0,0,0,0,normal,0,normal
2024-10-30 17:00:00,22.9,72,1011.5,0,normal,0,0.11149231867643011,0,0,0,0,normal,0,normal
2024-10-30 18:00:00,21.7,77,1011.6,0,normal,0,0.11144853056635612,0,0,0,0,normal,0,normal
2024-10-30 19:00:00,21.1,80,1011.5,0,normal,0,0.11668195220425198,0,0,0,0,normal,0,normal
2024-10-30 20:00:00,20.4,83,1011.5,0,normal,0,0.1164933222237089,0,0,0,0,normal,0,normal
2024-10-30 21:00:00,19.8,84,1011.2,0,normal,0,0.11690684293875941,0,0,0,0,normal,0,normal
2024-10-30 22:00:00,19.3,83,1010.8,0,normal,0,0.11230284573481009,0,0,0,0,normal,0,normal
2024-10-30 23:00:00,18.9,82,1010.7,0,normal,0,0.1071290444000782,0,0,0,0,normal,0,normal
2024-10-31 00:00:00,18.6,79,1011.0,0,normal,0,0.10290099834133104,0,0,0,0,normal,0,normal
2024-10-31 01:00:00,18.5,79,1011.5,0,normal,0,0.1072057539327756,0,0,0,0,normal,0,normal
2024-10-31 02:00:00,19.4,74,1012.2,0,normal,0,0.10487709702248754,0,0,0,0,normal,0,normal
2024-10-31 03:00:00,21.8,76,1012.6,0,normal,0,0.10601182655515579,0,0,0,0,normal,0,normal
2024-10-31 04:00:00,25.0,54,1013.6,0,normal,0,0.07725314757728885,0,0,0,0,normal,0,normal
2024-10-31 05:00:00,27.6,45,1013.6,0,normal,0,0.08971505553766512,0,0,0,0,normal,0,normal
2024-10-31 06:00:00,29.4,50,1012.2,0,normal,0,0.09645998009563617,0,0,0,0,normal,0,normal
2024-10-31 07:00:00,30.8,36,1012.0,0,normal,0,0.09725170615041101,0,0,0,0,normal,0,normal
2024-10-31 08:00:00,31.5,35,1011.1,0,normal,0,0.1025569422657468,0,0,0,0,normal,0,normal
2024-10-31 09:00:00,32.4,27,1009.8,0,normal,0,0.08730270839087229,0,0,0,0,normal,0,normal
2024-10-31 10:00:00,31.5,32,1009.6,0,normal,0,0.08807547162850055,0,0,0,0,normal,0,normal
2024-10-31 11:00:00,30.6,38,1009.3,0,normal,0,0.0968899945751352,0,0,0,0,normal,0,normal
2024-10-31 12:00:00,29.6,35,1009.7,0,normal,0,0.091740266548748,0,0,0,0,normal,0,normal
2024-10-31 13:00:00,25.5,51,1009.8,0,normal,0,0.08651386058931698,0,0,0,0,normal,0,normal
2024-10-31 14:00:00,24.1,56,1010.3,0,normal,0,0.10264473937721275,0,0,0,0,normal,0,normal
2024-10-31 15:00:00,23.2,59,1010.9,0,normal,0,0.11338071055943832,0,0,0,0,normal,0,normal
2024-10-31 16:00:00,22.4,60,1011.3,0,normal,0,0.1114831795241919,0,0,0,0,normal,0,normal
2024-10-31 17:00:00,21.5,64,1011.4,0,normal,0,0.1119058211194251,0,0,0,0,normal,0,normal
2024-10-31 18:00:00,20.5,69,1011.5,0,normal,0,0.10627157386406283,0,0,0,0,normal,0,normal
2024-10-31 19:00:00,19.5,74,1011.4,0,normal,0,0.10669443058006028,0,0,0,0,normal,0,normal
2024-10-31 20:00:00,18.9,76,1011.2,0,normal,0,0.11504433210687282,0,0,0,0,normal,0,normal
2024-10-31 21:00:00,18.5,79,1010.3,0,normal,0,0.10719125527979495,0,0,0,0,normal,0,normal
2024-10-31 22:00:00,18.0,82,1010.0,0,normal,0,0.11011865431164397,0,0,0,0,normal,0,normal
2024-10-31 23:00:00,17.5,84,1010.0,0,normal,0,0.10382698934876566,0,0,0,0,normal,0,normal
2024-11-01 00:00:00,16.9,87,1010.4,0,normal,0,0.09885446861366742,0,0,0,0,normal,0,normal
2024-11-01 01:00:00,16.7,87,1011.0,0,normal,0,0.107729897827824,0,0,0,0,normal,0,normal
2024-11-01 02:00:00,17.7,81,1011.6,0,normal,0,0.1066500087354963,0,0,0,0,normal,0,normal
2024-11-01 03:00:00,21.0,82,1012.3,0,normal,0,0.09669176379927735,0,0,0,0,normal,0,normal
2024-11-01 04:00:00,23.3,58,1013.2,0,normal,0,0.07637546141705681,0,0,0,0,normal,0,normal
2024-11-01 05:00:00,25.9,48,1013.4,0,normal,0,0.09582783117385113,0,0,0,0,normal,0,normal
2024-11-01 06:00:00,30.4,30,1012.1,0,normal,0,0.06190186695671479,0,0,0,0,normal,0,normal
2024-11-01 07:00:00,29.8,36,1012.3,0,normal,0,0.08203486769756146,0,0,0,0,normal,0,normal
2024-11-01 08:00:00,31.0,31,1011.5,0,normal,0,0.08780888597504588,0,0,0,0,normal,0,normal
2024-11-01 09:00:00,33.0,23,1010.1,0,normal,0,0.062380294253832735,0,0,0,0,normal,0,normal
2024-11-01 10:00:00,30.9,28,1010.3,0,normal,0,0.061268207880380066,0,0,0,0,normal,0,normal
2024-11-01 11:00:00,29.1,38,1010.3,0,normal,0,0.06995881251792996,0,0,0,0,normal,0,normal
2024-11-01 12:00:00,29.4,32,1010.4,0,normal,0,0.07669209172569341,0,0,0,0,normal,0,normal
2024-11-01 13:00:00,23.6,54,1011.4,0,normal,0,0.056127899031614026,0,0,0,0,normal,0,normal
2024-11-01 14:00:00,23.2,55,1011.9,0,normal,0,0.09291720660918479,0,0,0,0,normal,0,normal
2024-11-01 15:00:00,21.3,61,1012.7,0,normal,0,0.10572948168280771,0,0,0,0,normal,0,normal
2024-11-01 16:00:00,22.7,54,1013.1,0,normal,0,0.08462664817694127,0,0,0,0,normal,0,normal
2024-11-01 17:00:00,22.1,58,1013.0,0,normal,0,0.10113503941709168,0,0,0,0,normal,0,normal
2024-11-01 18:00:00,21.4,61,1013.0,0,normal,0,0.10055662105267982,0,0,0,0,normal,0,normal
2024-11-01 19:00:00,19.4,70,1012.8,0,normal,0,0.0880892827985762,0,0,0,0,normal,0,normal
2024-11-01 20:00:00,17.8,79,1012.7,0,normal,0,0.08877772510199572,0,0,0,0,normal,0,normal
2024-11-01 21:00:00,17.1,83,1012.4,0,normal,0,0.10980387996006691,0,0,0,0,normal,0,normal
2024-11-01 22:00:00,16.6,85,1012.0,0,normal,0,0.11281360845404537,0,0,0,0,normal,0,normal
2024-11-01 23:00:00,16.1,88,1011.7,0,normal,0,0.09995454243776886,0,0,0,0,normal,0,normal
2024-11-02 00:00:00,15.6,90,1011.7,0,normal,0,0.10591482854075984,0,0,0,0,normal,0,normal
2024-11-02 01:00:00,15.4,90,1012.3,0,normal,0,0.11203816490975294,0,0,0,0,normal,0,normal
2024-11-02 02:00:00,16.7,87,1012.8,0,normal,0,0.10916245623587062,0,0,0,0,normal,0,normal
2024-11-02 03:00:00,18.6,84,1014.0,0,normal,0,0.1055838389730212,0,0,0,0,normal,0,normal
2024-11-02 04:00:00,24.1,56,1014.2,0,normal,0,0.062481004800068074,0,0,0,0,normal,0,normal
2024-11-02 05:00:00,27.0,45,1014.4,0,normal,0,0.08214058362981524,0,0,0,0,normal,0,normal
2024-11-02 06:00:00,29.6,40,1013.8,0,normal,0,0.0965271092195657,0,0,0,0,normal,0,normal
2024-11-02 07:00:00,30.4,32,1012.9,0,normal,0,0.09257708400230397,0,0,0,0,normal,0,normal
2024-11-02 08:00:00,30.9,31,1012.2,0,normal,0,0.08888482814737769,0,0,0,0,normal,0,normal
2024-11-02 09:00:00,31.6,27,1011.2,0,normal,0,0.07942638856408835,0,0,0,0,normal,0,normal
2024-11-02 10:00:00,30.8,28,1011.4,0,normal,0,0.07211795588031439,0,0,0,0,normal,0,normal
2024-11-02 11:00:00,29.1,36,1011.6,0,normal,0,0.08187758541525192,0,0,0,0,normal,0,normal
2024-11-02 12:00:00,29.6,33,1011.3,0,normal,0,0.07927690996570969,0,0,0,0,normal,0,normal
2024-11-02 13:00:00,24.6,48,1012.5,0,normal,0,0.07092403917585716,0,0,0,0,normal,0,normal
2024-11-02 14:00:00,21.8,59,1013.2,0,normal,0,0.08562263210829207,0,0,0,0,normal,0,normal
2024-11-02 15:00:00,20.8,66,1013.8,0,normal,0,0.1140577972824578,0,0,0,0,normal,0,normal
2024-11-02 16:00:00,19.9,71,1014.2,0,normal,0,0.11362004926897035,0,0,0,0,normal,0,normal
2024-11-02 17:00:00,19.6,73,1014.2,0,normal,0,0.11532139534634167,0,0,0,0,normal,0,normal
2024-11-02 18:00:00,18.5,76,1014.3,0,normal,0,0.11367523690757564,0,0,0,0,normal,0,normal
2024-11-02 19:00:00,17.7,79,1014.1,0,normal,0,0.11813541713868114,0,0,0,0,normal,0,normal
2024-11-02 20:00:00,17.3,81,1013.9,0,normal,0,0.1208310910004105,0,0,0,0,normal,0,normal
2024-11-02 21:00:00,16.9,82,1013.8,0,normal,0,0.12020001779584144,0,0,0,0,normal,0,normal
2024-11-02 22:00:00,16.7,82,1013.5,0,normal,0,0.11618611329503226,0,0,0,0,normal,0,normal
2024-11-02 23:00:00,16.4,85,1013.5,0,normal,0,0.1100482995159432,0,0,0,0,normal,0,normal
2024-11-03 00:00:00,15.8,88,1013.7,0,normal,0,0.10601125606845585,0,0,0,0,normal,0,normal
2024-11-03 01:00:00,15.4,91,1014.3,0,normal,0,0.11579377715274519,0,0,0,0,normal,0,normal
2024-11-03 02:00:00,16.6,84,1015.1,0,normal,0,0.11107566968477495,0,0,0,0,normal,0,normal
2024-11-03 03:00:00,19.4,79,1016.1,0,normal,0,0.10884530220026123,0,0,0,0,normal,0,normal
2024-11-03 04:00:00,23.8,58,1016.1,0,normal,0,0.09067603169323651,0,0,0,0,normal,0,normal
2024-11-03 05:00:00,26.8,48,1016.1,0,normal,0,0.08627888154483815,0,0,0,0,normal,0,normal
2024-11-03 06:00:00,28.8,41,1015.5,0,normal,0,0.10073029291723473,0,0,0,0,normal,0,normal
2024-11-03 07:00:00,30.0,37,1014.6,0,normal,0,0.1011394539486683,0,0,0,0,normal,0,normal
2024-11-03 08:00:00,30.6,33,1013.7,0,normal,0,0.09331103180269096,0,0,0,0,normal,0,normal
2024-11-03 09:00:00,30.7,34,1012.7,0,normal,0,0.09113218977115561,0,0,0,0,normal,0,normal
2024-11-03 10:00:00,30.4,34,1012.2,0,normal,0,0.08468426896641451,0,0,0,0,normal,0,normal
2024-11-03 11:00:00,28.8,41,1012.2,0,normal,0,0.095538801933368,0,0,0,0,normal,0,normal
2024-11-03 12:00:00,29.0,40,1012.4,0,normal,0,0.09503257613765259,0,0,0,0,normal,0,normal
2024-11-03 13:00:00,23.3,57,1012.9,0,normal,0,0.08007911255332067,0,0,0,0,normal,0,normal
2024-11-03 14:00:00,22.9,59,1013.9,0,normal,0,0.10023889852454332,0,0,0,0,normal,0,normal
2024-11-03 15:00:00,22.4,63,1014.5,0,normal,0,0.11502560771941239,0,0,0,0,normal,0,normal
2024-11-03 16:00:00,21.2,70,1014.6,0,normal,0,0.11090583838056944,0,0,0,0,normal,0,normal
2024-11-03 17:00:00,20.3,75,1014.8,0,normal,0,0.11099318368282363,0,0,0,0,normal,0,normal
2024-11-03 18:00:00,19.2,81,1014.7,0,normal,0,0.11170083338885034,0,0,0,0,normal,0,normal
2024-11-03 19:00:00,18.6,83,1014.2,0,normal,0,0.11638941360169736,0,0,0,0,normal,0,normal
2024-11-03 20:00:00,18.1,86,1013.8,0,normal,0,0.11784735723573736,0,0,0,0,normal,0,normal
2024-11-03 21:00:00,17.5,88,1013.2,0,normal,0,0.11360846385537476,0,0,0,0,normal,0,normal
2024-11-03 22:00:00,17.2,89,1012.7,0,normal,0,0.11317731466591074,0,0,0,0,normal,0,normal
2024-11-03 23:00:00,16.9,90,1012.3,0,normal,0,0.1021605738711549,0,0,0,0,normal,0,normal
2024-11-04 00:00:00,16.4,92,1012.2,0,normal,0,0.10664081989883317,0,0,0,0,normal,0,normal
2024-11-04 01:00:00,16.2,92,1012.4,0,normal,0,0.11104560619958603,0,0,0,0,normal,0,normal
2024-11-04 02:00:00,17.7,89,1012.9,0,normal,0,0.10894634247963897,0,0,0,0,normal,0,normal
2024-11-04 03:00:00,19.2,84,1013.4,0,normal,0,0.10900381216987515,0,0,0,0,normal,0,normal
2024-11-04 04:00:00,24.3,65,1013.7,0,normal,0,0.083643118111072,0,0,0,0,normal,0,normal
2024-11-04 05:00:00,26.7,55,1013.5,0,normal,0,0.09769751596662773,0,0,0,0,normal,0,normal
2024-11-04 06:00:00,28.4,43,1012.3,0,normal,0,0.09816475483411774,0,0,0,0,normal,0,normal
2024-11-04 07:00:00,29.6,43,1012.2,0,normal,0,0.10510661368516494,0,0,0,0,normal,0,normal
2024-11-04 08:00:00,30.3,39,1011.1,0,normal,0,0.10101375252838474,0,0,0,0,normal,0,normal
2024-11-04 09:00:00,31.8,30,1009.8,0,normal,0,0.08963381702076745,0,0,0,0,normal,0,normal
2024-11-04 10:00:00,30.6,37,1009.7,0,normal,0,0.08741735981161963,0,0,0,0,normal,0,normal
2024-11-04 11:00:00,28.9,47,1009.7,0,normal,0,0.09106149979744638,0,0,0,0,normal,0,normal
2024-11-04 12:00:00,28.8,49,1009.8,0,normal,0,0.09806681583238325,0,0,0,0,normal,0,normal
2024-11-04 13:00:00,24.2,60,1011.1,0,normal,0,0.08585238490013541,0,0,0,0,normal,0,normal
2024-11-04 14:00:00,23.6,62,1012.0,0,normal,0,0.10213905324253308,0,0,0,0,normal,0,normal
2024-11-04 15:00:00,22.8,64,1012.7,0,normal,0,0.11095655353298434,0,0,0,0,normal,0,normal
2024-11-04 16:00:00,21.5,70,1013.6,0,normal,0,0.10679230002222528,0,0,0,0,normal,0,normal
2024-11-04 17:00:00,21.6,69,1014.1,0,normal,0,0.10661219783246961,0,0,0,0,normal,0,normal
2024-11-04 18:00:00,20.5,74,1014.1,0,normal,0,0.1057818186143829,0,0,0,0,normal,0,normal
2024-11-04 19:00:00,19.1,81,1013.9,0,normal,0,0.10551666141979599,0,0,0,0,normal,0,normal
2024-11-04 20:00:00,18.6,85,1013.6,0,normal,0,0.11322872141005841,0,0,0,0,normal,0,normal
2024-11-04 21:00:00,18.3,86,1013.5,0,normal,0,0.11664456995169714,0,0,0,0,normal,0,normal
2024-11-04 22:00:00,18.1,88,1013.4,0,normal,0,0.11432388882448002,0,0,0,0,normal,0,normal
2024-11-04 23:00:00,17.9,93,1013.7,0,normal,0,0.09780207593723078,0,0,0,0,normal,0,normal
2024-11-05 00:00:00,17.9,94,1014.0,0,normal,0,0.10352853605962481,0,0,0,0,normal,0,normal
2024-11-05 01:00:00,18.0,94,1014.7,0,normal,0,0.10781728710505023,0,0,0,0,normal,0,normal
2024-11-05 02:00:00,18.9,90,1015.6,0,normal,0,0.10742973965973351,0,0,0,0,normal,0,normal
2024-11-05 03:00:00,19.5,81,1016.5,0,normal,0,0.10417273932662541,0,0,0,0,normal,0,normal
2024-11-05 04:00:00,23.9,70,1017.3,0,normal,0,0.09657393079945648,0,0,0,0,normal,0,normal
2024-11-05 05:00:00,26.4,62,1017.4,0,normal,0,0.10219516903894887,0,0,0,0,normal,0,normal
2024-11-05 06:00:00,27.6,53,1016.2,0,normal,0,0.10132194592019372,0,0,0,0,normal,0,normal
2024-11-05 07:00:00,29.5,47,1015.7,0,normal,0,0.10440231948516565,0,0,0,0,normal,0,normal
2024-11-05 08:00:00,30.1,42,1014.7,0,normal,0,0.10740771022719087,0,0,0,0,normal,0,normal
2024-11-05 09:00:00,30.8,37,1013.1,0,normal,0,0.09923768094976565,0,0,0,0,normal,0,normal
2024-11-05 10:00:00,30.0,40,1013.4,0,normal,0,0.09701405770740024,0,0,0,0,normal,0,normal
2024-11-05 11:00:00,28.7,50,1013.2,0,normal,0,0.10160597805714738,0,0,0,0,normal,0,normal
2024-11-05 12:00:00,28.4,58,1013.2,0,normal,0,0.10441056277762523,0,0,0,0,normal,0,normal
2024-11-05 13:00:00,24.1,62,1014.1,0,normal,0,0.10060794895496189,0,0,0,0,normal,0,normal
2024-11-05 14:00:00,23.4,64,1014.7,0,normal,0,0.111338972050739,0,0,0,0,normal,0,normal
2024-11-05 15:00:00,24.0,62,1015.2,0,normal,0,0.10266929746860237,0,0,0,0,normal,0,normal
2024-11-05 16:00:00,20.7,76,1015.8,0,normal,0,0.08851838112519372,0,0,0,0,normal,0,normal
2024-11-05 17:00:00,19.8,81,1016.0,0,normal,0,0.1083522839629048,0,0,0,0,normal,0,normal
2024-11-05 18:00:00,19.5,81,1015.8,0,normal,0,0.11590138815079815,0,0,0,0,normal,0,normal
2024-11-05 19:00:00,19.4,78,1015.5,0,normal,0,0.10908627848481217,0,0,0,0,normal,0,normal
2024-11-05 20:00:00,19.5,76,1015.3,0,normal,0,0.10890495529959054,0,0,0,0,normal,0,normal
2024-11-05 21:00:00,18.7,87,1014.7,0,normal,0,0.09454553297683693,0,0,0,0,normal,0,normal
2024-11-05 22:00:00,18.5,88,1014.4,0,normal,0,0.11098066185268746,0,0,0,0,normal,0,normal
2024-11-05 23:00:00,18.6,87,1014.3,0,normal,0,0.10382933517739523,0,0,0,0,normal,0,normal
2024-11-06 00:00:00,18.7,85,1014.5,0,normal,0,0.10524953156714739,0,0,0,0,normal,0,normal
2024-11-06 01:00:00,18.5,85,1014.9,0,normal,0,0.11272930227259403,0,0,0,0,normal,0,normal
2024-11-06 02:00:00,17.6,88,1015.9,0,normal,0,0.10958586489055822,0,0,0,0,normal,0,normal
2024-11-06 03:00:00,20.0,89,1016.9,0,normal,0,0.10624230715486321,0,0,0,0,normal,0,normal
2024-11-06 04:00:00,23.8,65,1017.3,0,normal,0,0.08096011500653488,0,0,0,0,normal,0,normal
2024-11-06 05:00:00,26.4,55,1017.3,0,normal,0,0.09838767265029502,0,0,0,0,normal,0,normal
2024-11-06 06:00:00,27.0,56,1016.3,0,normal,0,0.10423798153104202,0,0,0,0,normal,0,normal
2024-11-06 07:00:00,29.3,41,1015.7,0,normal,0,0.09541886892654816,0,0,0,0,normal,0,normal
2024-11-06 08:00:00,30.0,39,1014.7,0,normal,0,0.10442163321155856,0,0,0,0,normal,0,normal
2024-11-06 09:00:00,30.4,42,1012.9,0,normal,0,0.09227078135648131,0,0,0,0,normal,0,normal
2024-11-06 10:00:00,29.8,38,1013.5,0,normal,0,0.09617922520523337,0,0,0,0,normal,0,normal
2024-11-06 11:00:00,28.5,43,1013.4,0,normal,0,0.10306333291556874,0,0,0,0,normal,0,normal
2024-11-06 12:00:00,27.2,60,1012.7,0,normal,0,0.09090946608038925,0,0,0,0,normal,0,normal
2024-11-06 13:00:00,23.4,63,1013.8,0,normal,0,0.09900316751577637,0,0,0,0,normal,0,normal
2024-11-06 14:00:00,22.6,66,1014.1,0,normal,0,0.1152895228538976,0,0,0,0,normal,0,normal
2024-11-06 15:00:00,21.7,72,1014.3,0,normal,0,0.11520523938375943,0,0,0,0,normal,0,normal
2024-11-06 16:00:00,21.6,72,1014.5,0,normal,0,0.11371065441056488,0,0,0,0,normal,0,normal
2024-11-06 17:00:00,20.8,78,1014.9,0,normal,0,0.11521047414086993,0,0,0,0,normal,0,normal
2024-11-06 18:00:00,19.3,85,1014.9,0,normal,0,0.10771657222525899,0,0,0,0,normal,0,normal
2024-11-06 19:00:00,18.9,86,1014.6,0,normal,0,0.11668403184634923,0,0,0,0,normal,0,normal
2024-11-06 20:00:00,18.5,88,1014.2,0,normal,0,0.11580197546527071,0,0,0,0,normal,0,normal
2024-11-06 21:00:00,18.5,88,1013.9,0,normal,0,0.11507702491624971,0,0,0,0,normal,0,normal
2024-11-06 22:00:00,17.8,92,1013.4,0,normal,0,0.1069239235445501,0,0,0,0,normal,0,normal
2024-11-06 23:00:00,17.4,93,1013.3,0,normal,0,0.10564378717702705,0,0,0,0,normal,0,normal
2024-11-07 00:00:00,17.1,94,1013.5,0,normal,0,0.10509992119406414,0,0,0,0,normal,0,normal
2024-11-07 01:00:00,16.9,94,1014.2,0,normal,0,0.10995232588715065,0,0,0,0,normal,0,normal
2024-11-07 02:00:00,17.9,89,1015.0,0,normal,0,0.1106847211654759,0,0,0,0,normal,0,normal
2024-11-07 03:00:00,19.6,90,1016.2,0,normal,0,0.10574986104853856,0,0,0,0,normal,0,normal
2024-11-07 04:00:00,23.5,67,1016.5,0,normal,0,0.08649187862481011,0,0,0,0,normal,0,normal
2024-11-07 05:00:00,26.1,58,1016.4,0,normal,0,0.10144803186764251,0,0,0,0,normal,0,normal
2024-11-07 06:00:00,26.0,62,1015.5,0,normal,0,0.10558383696168372,0,0,0,0,normal,0,normal
2024-11-07 07:00:00,29.0,47,1014.9,0,normal,0,0.0949663488522689,0,0,0,0,normal,0,normal
2024-11-07 08:00:00,29.7,48,1013.5,0,normal,0,0.10587506642313471,0,0,0,0,normal,0,normal
2024-11-07 09:00:00,28.8,54,1012.5,0,normal,0,0.10415863682242166,0,0,0,0,normal,0,normal
2024-11-07 10:00:00,29.7,47,1012.5,0,normal,0,0.10669963236279068,0,0,0,0,normal,0,normal
2024-11-07 11:00:00,28.6,51,1012.6,0,normal,0,0.10745085715348707,0,0,0,0,normal,0,normal
2024-11-07 12:00:00,26.8,69,1012.4,0,normal,0,0.0947905228768724,0,0,0,0,normal,0,normal
2024-11-07 13:00:00,24.1,66,1013.6,0,normal,0,0.09657869880014458,0,0,0,0,normal,0,normal
2024-11-07 14:00:00,22.7,73,1014.1,0,normal,0,0.11127560957407334,0,0,0,0,normal,0,normal
2024-11-07 15:00:00,21.6,79,1014.6,0,normal,0,0.11682365822554619,0,0,0,0,normal,0,normal
2024-11-07 16:00:00,20.9,82,1014.9,0,normal,0,0.11802855601767609,0,0,0,0,normal,0,normal
2024-11-07 17:00:00,20.4,84,1014.9,0,normal,0,0.11993630035944491,0,0,0,0,normal,0,normal
2024-11-07 18:00:00,19.6,86,1015.0,0,normal,0,0.11608153240024455,0,0,0,0,normal,0,normal
2024-11-07 19:00:00,19.4,85,1014.8,0,normal,0,0.11569481411987709,0,0,0,0,normal,0,normal
2024-11-07 20:00:00,19.2,85,1014.5,0,normal,0,0.11567976706539601,0,0,0,0,normal,0,normal
2024-11-07 21:00:00,18.4,90,1014.1,0,normal,0,0.11144324796216287,0,0,0,0,normal,0,normal
2024-11-07 22:00:00,17.8,93,1013.7,0,normal,0,0.11021447230703235,0,0,0,0,normal,0,normal
2024-11-07 23:00:00,18.0,95,1013.0,0,normal,0,0.08914857570724466,0,0,0,0,normal,0,normal
2024-11-08 00:00:00,17.6,95,1013.4,0,normal,0,0.1019761217709893,0,0,0,0,normal,0,normal
2024-11-08 01:00:00,17.4,96,1014.1,0,normal,0,0.10447779496194243,0,0,0,0,normal,0,normal
2024-11-08 02:00:00,18.4,93,1015.0,0,normal,0,0.10374166948958907,0,0,0,0,normal,0,normal
2024-11-08 03:00:00,19.0,92,1016.2,0,normal,0,0.10225768126439266,0,0,0,0,normal,0,normal
2024-11-08 04:00:00,23.8,71,1016.1,0,normal,0,0.08118690863585876,0,0,0,0,normal,0,normal
2024-11-08 05:00:00,26.4,62,1016.1,0,normal,0,0.09742700320118575,0,0,0,0,normal,0,normal
2024-11-08 06:00:00,25.0,68,1015.6,0,normal,0,0.09933393276116237,0,0,0,0,normal,0,normal
2024-11-08 07:00:00,29.3,49,1014.3,0,normal,0,0.07144617394246089,0,0,0,0,normal,0,normal
2024-11-08 08:00:00,29.9,46,1013.5,0,normal,0,0.10355029281404743,0,0,0,0,normal,0,normal
2024-11-08 09:00:00,29.8,47,1012.3,0,normal,0,0.10588019229299517,0,0,0,0,normal,0,normal
2024-11-08 10:00:00,29.5,47,1011.9,0,normal,0,0.10706461643166049,0,0,0,0,normal,0,normal
2024-11-08 11:00:00,28.4,52,1012.3,0,normal,0,0.10645870609051689,0,0,0,0,normal,0,normal
2024-11-08 12:00:00,27.0,63,1012.0,0,normal,0,0.10659431690723098,0,0,0,0,normal,0,normal
2024-11-08 13:00:00,24.2,68,1013.0,0,normal,0,0.10367565241852461,0,0,0,0,normal,0,normal
2024-11-08 14:00:00,22.4,79,1013.4,0,normal,0,0.10633765319176114,0,0,0,0,normal,0,normal
2024-11-08 15:00:00,21.3,83,1013.8,0,normal,0,0.11405892182207761,0,0,0,0,normal,0,normal
2024-11-08 16:00:00,20.5,86,1014.1,0,normal,0,0.11449926168937263,0,0,0,0,normal,0,normal
2024-11-08 17:00:00,19.8,88,1014.2,0,normal,0,0.11470148741947278,0,0,0,0,normal,0,normal
2024-11-08 18:00:00,19.5,87,1014.1,0,normal,0,0.1085275807446337,0,0,0,0,normal,0,normal
2024-11-08 19:00:00,19.0,89,1014.0,0,normal,0,0.11405292050664079,0,0,0,0,normal,0,normal
2024-11-08 20:00:00,18.5,92,1014.2,0,normal,0,0.10917187934799683,0,0,0,0,normal,0,normal
2024-11-08 21:00:00,18.1,93,1014.1,0,normal,0,0.1150301588338597,0,0,0,0,normal,0,normal
2024-11-08 22:00:00,18.0,93,1013.8,0,normal,0,0.11459791004926567,0,0,0,0,normal,0,normal
2024-11-08 23:00:00,17.6,94,1013.7,0,normal,0,0.10288333489112444,0,0,0,0,normal,0,normal
2024-11-09 00:00:00,17.9,95,1013.8,0,normal,0,0.1010514063820111,0,0,0,0,normal,0,normal
2024-11-09 01:00:00,17.7,95,1014.5,0,normal,0,0.10578908836226453,0,0,0,0,normal,0,normal
2024-11-09 02:00:00,18.3,92,1015.4,0,normal,0,0.1056379361072628,0,0,0,0,normal,0,normal
2024-11-09 03:00:00,19.4,90,1016.1,0,normal,0,0.10762135979255028,0,0,0,0,normal,0,normal
2024-11-09 04:00:00,23.4,74,1016.4,0,normal,0,0.09635813115440645,0,0,0,0,normal,0,normal
2024-11-09 05:00:00,26.1,63,1016.1,0,normal,0,0.10314423045999116,0,0,0,0,normal,0,normal
2024-11-09 06:00:00,25.4,73,1015.5,0,normal,0,0.0959690423605915,0,0,0,0,normal,0,normal
2024-11-09 07:00:00,29.1,52,1014.7,0,normal,0,0.0772970750448374,0,0,0,0,normal,0,normal
2024-11-09 08:00:00,29.6,50,1013.7,0,normal,0,0.10489945711444143,0,0,0,0,normal,0,normal
2024-11-09 09:00:00,29.8,48,1013.0,0,normal,0,0.10841359977737453,0,0,0,0,normal,0,normal
2024-11-09 10:00:00,29.3,48,1012.7,0,normal,0,0.10683000584058072,0,0,0,0,normal,0,normal
2024-11-09 11:00:00,28.3,54,1012.8,0,normal,0,0.1083465831651918,0,0,0,0,normal,0,normal
2024-11-09 12:00:00,26.8,68,1012.3,0,normal,0,0.10301810758686913,0,0,0,0,normal,0,normal
2024-11-09 13:00:00,24.4,65,1013.5,0,normal,0,0.09940975828317988,0,0,0,0,normal,0,normal
2024-11-09 14:00:00,23.3,65,1013.8,0,normal,0,0.1106917408447895,0,0,0,0,normal,0,normal
2024-11-09 15:00:00,21.6,75,1013.9,0,normal,0,0.10996738419405194,0,0,0,0,normal,0,normal
2024-11-09 16:00:00,20.7,80,1014.2,0,normal,0,0.11203511736513722,0,0,0,0,normal,0,normal
2024-11-09 17:00:00,19.9,84,1014.5,0,normal,0,0.11757033239372205,0,0,0,0,normal,0,normal
2024-11-09 18:00:00,19.7,85,1014.7,0,normal,0,0.11724452707891159,0,0,0,0,normal,0,normal
2024-11-09 19:00:00,18.9,89,1014.6,0,normal,0,0.11557217949123078,0,0,0,0,normal,0,normal
2024-11-09 20:00:00,18.7,96,1013.9,0,normal,0,0.09121729466133482,0,0,0,0,normal,0,normal
2024-11-09 21:00:00,18.4,96,1013.7,0,normal,0,0.10177066060180945,0,0,0,0,normal,0,normal
2024-11-09 22:00:00,18.1,97,1013.6,0,normal,0,0.10643983291391002,0,0,0,0,normal,0,normal
2024-11-09 23:00:00,17.7,97,1013.4,0,normal,0,0.09684979666011889,0,0,0,0,normal,0,normal
2024-11-10 00:00:00,17.5,96,1013.9,0,normal,0,0.09622953195897044,0,0,0,0,normal,0,normal
2024-11-10 01:00:00,17.4,96,1014.4,0,normal,0,0.10466932611899904,0,0,0,0,normal,0,normal
2024-11-10 02:00:00,18.4,93,1015.0,0,normal,0,0.10713265352229423,0,0,0,0,normal,0,normal
2024-11-10 03:00:00,18.6,94,1016.4,0,normal,0,0.10069025962971512,0,0,0,0,normal,0,normal
2024-11-10 04:00:00,23.7,72,1016.3,0,normal,0,0.0773411883876351,0,0,0,0,normal,0,normal
2024-11-10 05:00:00,26.0,64,1016.2,0,normal,0,0.10133923801902955,0,0,0,0,normal,0,normal
2024-11-10 06:00:00,25.6,72,1015.8,0,normal,0,0.09718293668246292,0,0,0,0,normal,0,normal
2024-11-10 07:00:00,28.6,52,1014.7,0,normal,0,0.08028602293224324,0,0,0,0,normal,0,normal
2024-11-10 08:00:00,29.1,49,1013.7,0,normal,0,0.10548177503332934,0,0,0,0,normal,0,normal
2024-11-10 09:00:00,27.6,58,1013.1,0,normal,0,0.1073850342628811,0,0,0,0,normal,0,normal
2024-11-10 10:00:00,29.1,49,1012.6,0,normal,0,0.10905771611898935,0,0,0,0,normal,0,normal
2024-11-10 11:00:00,27.9,55,1012.6,0,normal,0,0.1085644737536981,0,0,0,0,normal,0,normal
2024-11-10 12:00:00,27.4,59,1012.4,0,normal,0,0.10702885998329081,0,0,0,0,normal,0,normal
2024-11-10 13:00:00,24.0,72,1013.7,0,normal,0,0.0983663082901563,0,0,0,0,normal,0,normal
2024-11-10 14:00:00,22.8,76,1014.2,0,normal,0,0.11136040702634264,0,0,0,0,normal,0,normal
2024-11-10 15:00:00,21.8,80,1014.8,0,normal,0,0.11568591201927325,0,0,0,0,normal,0,normal
2024-11-10 16:00:00,20.7,84,1015.2,0,normal,0,0.11571714753289847,0,0,0,0,normal,0,normal
2024-11-10 17:00:00,20.2,84,1015.4,0,normal,0,0.11848116901297107,0,0,0,0,normal,0,normal
2024-11-10 18:00:00,20.2,82,1015.1,0,normal,0,0.1069547611673346,0,0,0,0,normal,0,normal
2024-11-10 19:00:00,20.1,82,1015.0,0,normal,0,0.11479241304410265,0,0,0,0,normal,0,normal
2024-11-10 20:00:00,19.4,86,1014.8,0,normal,0,0.11650533795443302,0,0,0,0,normal,0,normal
2024-11-10 21:00:00,18.5,94,1013.8,0,normal,0,0.08680481964004322,0,0,0,0,normal,0,normal
2024-11-10 22:00:00,18.1,95,1013.4,0,normal,0,0.10339022522030922,0,0,0,0,normal,0,normal
2024-11-10 23:00:00,17.8,96,1013.7,0,normal,0,0.09533333678534023,0,0,0,0,normal,0,normal
2024-11-11 00:00:00,17.5,96,1014.2,0,normal,0,0.09927362313476967,0,0,0,0,normal,0,normal
2024-11-11 01:00:00,17.2,97,1014.6,0,normal,0,0.10491578650125294,0,0,0,0,normal,0,normal
2024-11-11 02:00:00,18.0,93,1015.1,0,normal,0,0.10640160513639291,0,0,0,0,normal,0,normal
2024-11-11 03:00:00,19.8,89,1015.9,0,normal,0,0.10833822182593472,0,0,0,0,normal,0,normal
2024-11-11 04:00:00,23.1,72,1016.0,0,normal,0,0.09880191860985554,0,0,0,0,normal,0,normal
2024-11-11 05:00:00,25.5,64,1015.9,0,normal,0,0.11108370133655937,0,0,0,0,normal,0,normal
2024-11-11 06:00:00,24.0,74,1015.4,0,normal,0,0.0958824352325629,0,0,0,0,normal,0,normal
2024-11-11 07:00:00,28.6,52,1014.3,0,normal,0,0.06820790811104466,0,0,0,0,normal,0,normal
2024-11-11 08:00:00,29.1,49,1012.9,0,normal,0,0.09763859320876012,0,0,0,0,normal,0,normal
2024-11-11 09:00:00,27.4,60,1012.2,0,normal,0,0.10447365478395076,0,0,0,0,normal,0,normal
2024-11-11 10:00:00,29.1,47,1012.0,0,normal,0,0.10174525729084116,0,0,0,0,normal,0,normal
2024-11-11 11:00:00,27.8,59,1012.1,0,normal,0,0.10256679469892815,0,0,0,0,normal,0,normal
2024-11-11 12:00:00,25.2,71,1012.2,0,normal,0,0.10286707303530823,0,0,0,0,normal,0,normal
2024-11-11 13:00:00,23.6,69,1012.7,0,normal,0,0.1068554779707847,0,0,0,0,normal,0,normal
2024-11-11 14:00:00,22.7,75,1013.6,0,normal,0,0.10828340995292252,0,0,0,0,normal,0,normal
2024-11-11 15:00:00,22.4,75,1013.6,0,normal,0,0.11745540236071267,0,0,0,0,normal,0,normal
2024-11-11 16:00:00,22.0,76,1013.9,0,normal,0,0.1099712216136125,0,0,0,0,normal,0,normal
2024-11-11 17:00:00,18.9,85,1014.3,0,normal,0,0.09690003898153016,0,0,0,0,normal,0,normal
2024-11-11 18:00:00,18.6,87,1014.2,0,normal,0,0.11416835484094845,0,0,0,0,normal,0,normal
2024-11-11 19:00:00,18.2,89,1014.0,0,normal,0,0.11715667803189089,0,0,0,0,normal,0,normal
2024-11-11 20:00:00,17.9,91,1013.9,0,normal,0,0.11659233234631239,0,0,0,0,normal,0,normal
2024-11-11 21:00:00,17.7,91,1013.6,0,normal,0,0.11607133644327616,0,0,0,0,normal,0,normal
2024-11-11 22:00:00,17.7,94,1013.4,0,normal,0,0.10943465983437278,0,0,0,0,normal,0,normal
2024-11-11 23:00:00,17.5,95,1012.9,0,normal,0,0.09638985977744319,0,0,0,0,normal,0,normal
2024-11-12 00:00:00,17.2,95,1013.3,0,normal,0,0.1025224377880164,0,0,0,0,normal,0,normal
2024-11-12 01:00:00,17.0,96,1013.6,0,normal,0,0.10750592586513685,0,0,0,0,normal,0,normal
2024-11-12 02:00:00,17.5,96,1014.2,0,normal,0,0.10491748768485276,0,0,0,0,normal,0,normal
2024-11-12 03:00:00,19.4,88,1015.7,0,normal,0,0.09568556341382428,0,0,0,0,normal,0,normal
2024-11-12 04:00:00,23.0,72,1015.3,0,normal,0,0.09863859799829539,0,0,0,0,normal,0,normal
2024-11-12 05:00:00,25.0,65,1015.3,0,normal,0,0.11457777598016594,0,0,0,0,normal,0,normal
2024-11-12 06:00:00,24.8,71,1015.2,0,normal,0,0.10325998241604278,0,0,0,0,normal,0,normal
2024-11-12 07:00:00,27.6,55,1013.8,0,normal,0,0.08704820346029224,0,0,0,0,normal,0,normal
2024-11-12 08:00:00,28.3,51,1012.9,0,normal,0,0.11026128819341946,0,0,0,0,normal,0,normal
2024-11-12 09:00:00,27.2,63,1012.4,0,normal,0,0.10714567103601974,0,0,0,0,normal,0,normal
2024-11-12 10:00:00,28.3,44,1011.9,0,normal,0,0.08845527117181301,0,0,0,0,normal,0,normal
2024-11-12 11:00:00,26.7,58,1011.9,0,normal,0,0.10381205136499388,0,0,0,0,normal,0,normal
2024-11-12 12:00:00,25.0,73,1011.9,0,normal,0,0.09711595552831981,0,0,0,0,normal,0,normal
2024-11-12 13:00:00,23.4,77,1012.6,0,normal,0,0.10738696569751771,0,0,0,0,normal,0,normal
2024-11-12 14:00:00,22.5,80,1013.2,0,normal,0,0.11174780586328176,0,0,0,0,normal,0,normal
2024-11-12 15:00:00,21.5,85,1013.6,0,normal,0,0.11336802916718813,0,0,0,0,normal,0,normal
2024-11-12 16:00:00,20.5,89,1013.8,0,normal,0,0.10936445543795387,0,0,0,0,normal,0,normal
2024-11-12 17:00:00,19.9,91,1013.9,0,normal,0,0.11028756811889606,0,0,0,0,normal,0,normal
2024-11-12 18:00:00,19.2,93,1013.6,0,normal,0,0.10593160565778054,0,0,0,0,normal,0,normal
2024-11-12 19:00:00,18.7,94,1013.3,0,normal,0,0.10871672426770085,0,0,0,0,normal,0,normal
2024-11-12 20:00:00,18.3,95,1013.1,0,normal,0,0.10839452781347336,0,0,0,0,normal,0,normal
2024-11-12 21:00:00,18.1,96,1012.7,0,normal,0,0.10391245566707652,0,0,0,0,normal,0,normal
2024-11-12 22:00:00,18.0,96,1012.4,0,normal,0,0.10566355438957858,0,0,0,0,normal,0,normal
2024-11-12 23:00:00,17.6,96,1012.1,0,normal,0,0.09419244823732681,0,0,0,0,normal,0,normal
2024-11-13 00:00:00,17.3,97,1012.1,0,normal,0,0.09460375830131046,0,0,0,0,normal,0,normal
2024-11-13 01:00:00,16.9,97,1012.7,0,normal,0,0.09962087334345343,0,0,0,0,normal,0,normal
2024-11-13 02:00:00,17.2,97,1013.3,0,normal,0,0.09840009468713973,0,0,0,0,normal,0,normal
2024-11-13 03:00:00,20.2,95,1013.9,0,normal,0,0.09359223980048798,0,0,0,0,normal,0,normal
2024-11-13 04:00:00,21.6,81,1014.4,0,normal,0,0.09627755542899763,0,0,0,0,normal,0,normal
2024-11-13 05:00:00,23.1,76,1014.5,0,normal,0,0.1092995649328824,0,0,0,0,normal,0,normal
2024-11-13 06:00:00,21.4,86,1014.4,0,normal,0,0.08812960472596548,0,0,0,0,normal,0,normal
2024-11-13 07:00:00,26.3,57,1013.0,0,normal,0,0.054000961129641534,0,0,0,0,normal,0,normal
2024-11-13 08:00:00,26.9,53,1012.0,0,normal,0,0.09477224158892256,0,0,0,0,normal,0,normal
2024-11-13 09:00:00,22.8,76,1012.0,0,normal,0,0.07917487823595737,0,0,0,0,normal,0,normal
2024-11-13 10:00:00,27.0,49,1010.6,0,normal,0,0.04512420026674424,0,0,0,0,normal,0,normal
2024-11-13 11:00:00,25.9,54,1010.5,0,normal,0,0.10420306579448568,0,0,0,0,normal,0,normal
2024-11-13 12:00:00,20.8,85,1011.5,0,normal,0,0.04510065169460015,0,0,0,0,normal,0,normal
2024-11-13 13:00:00,22.5,71,1011.4,0,normal,0,0.0733341980448663,0,0,0,0,normal,0,normal
2024-11-13 14:00:00,20.9,81,1011.8,0,normal,0,0.09927361006744734,0,0,0,0,normal,0,normal
2024-11-13 15:00:00,19.2,89,1012.7,0,normal,0,0.1003060529558808,0,0,0,0,normal,0,normal
2024-11-13 16:00:00,18.5,90,1013.2,0,normal,0,0.10331045288716051,0,0,0,0,normal,0,normal
2024-11-13 17:00:00,18.0,92,1013.5,0,normal,0,0.10857906752176144,0,0,0,0,normal,0,normal
2024-11-13 18:00:00,17.7,93,1013.8,0,normal,0,0.10787820111257224,0,0,0,0,normal,0,normal
2024-11-13 19:00:00,17.2,94,1014.1,0,normal,0,0.10798006873918187,0,0,0,0,normal,0,normal
2024-11-13 20:00:00,16.8,95,1013.4,0,normal,0,0.10600483175270281,0,0,0,0,normal,0,normal
2024-11-13 21:00:00,16.5,95,1013.6,0,normal,0,0.10848284741023029,0,0,0,0,normal,0,normal
2024-11-13 22:00:00,16.2,96,1013.7,0,normal,0,0.10906210494088392,0,0,0,0,normal,0,normal
2024-11-13 23:00:00,16.0,96,1013.8,0,normal,0,0.10267084960458805,0,0,0,0,normal,0,normal
2024-11-14 00:00:00,15.6,97,1014.2,0,normal,0,0.10298856953192592,0,0,0,0,normal,0,normal
2024-11-14 01:00:00,15.3,98,1014.8,0,normal,0,0.10537554335733534,0,0,0,0,normal,0,normal
2024-11-14 02:00:00,15.3,99,1015.4,0,normal,0,0.10195989378583625,0,0,0,0,normal,0,normal
2024-11-14 03:00:00,18.8,90,1016.8,0,normal,0,0.08815900983087738,0,0,0,0,normal,0,normal
2024-11-14 04:00:00,20.6,84,1016.9,0,normal,0,0.10532159559241888,0,0,0,0,normal,0,normal
2024-11-14 05:00:00,23.5,68,1016.9,0,normal,0,0.1029479259264896,0,0,0,0,normal,0,normal
2024-11-14 06:00:00,20.2,81,1017.2,0,normal,0,0.0776289213224205,0,0,0,0,normal,0,normal
2024-11-14 07:00:00,26.2,50,1015.5,0,normal,0,0.0411624759167627,0,0,0,0,normal,0,normal
2024-11-14 08:00:00,26.8,46,1014.5,0,normal,0,0.09353825788531778,0,0,0,0,normal,0,normal
2024-11-14 09:00:00,22.8,74,1014.7,0,normal,0,0.07013654097165667,0,0,0,0,normal,0,normal
2024-11-14 10:00:00,26.6,45,1013.3,0,normal,0,0.04839472459422328,0,0,0,0,normal,0,normal
2024-11-14 11:00:00,25.5,52,1013.1,0,normal,0,0.10918421667735995,0,0,0,0,normal,0,normal
2024-11-14 12:00:00,21.4,82,1014.1,0,normal,0,0.06796223767405585,0,0,0,0,normal,0,normal
2024-11-14 13:00:00,22.0,69,1014.1,0,normal,0,0.09037724939835784,0,0,0,0,normal,0,normal
2024-11-14 14:00:00,20.6,78,1014.8,0,normal,0,0.11078407361240533,0,0,0,0,normal,0,normal
2024-11-14 15:00:00,19.8,83,1015.2,0,normal,0,0.11681752204424906,0,0,0,0,normal,0,normal
2024-11-14 16:00:00,18.3,90,1015.9,0,normal,0,0.1057862670845503,0,0,0,0,normal,0,normal
2024-11-14 17:00:00,17.5,91,1016.0,0,normal,0,0.11097945750041616,0,0,0,0,normal,0,normal
2024-11-14 18:00:00,17.0,92,1015.9,0,normal,0,0.11245497179422143,0,0,0,0,normal,0,normal
2024-11-14 19:00:00,16.7,92,1015.5,0,normal,0,0.11654525574532743,0,0,0,0,normal,0,normal
2024-11-14 20:00:00,16.6,92,1015.1,0,normal,0,0.11481695410536125,0,0,0,0,normal,0,normal
2024-11-14 21:00:00,15.8,95,1014.4,0,normal,0,0.10642072060193297,0,0,0,0,normal,0,normal
2024-11-14 22:00:00,15.2,97,1014.1,0,normal,0,0.10917846645688967,0,0,0,0,normal,0,normal
2024-11-14 23:00:00,15.1,96,1013.8,0,normal,0,0.10425873027500737,0,0,0,0,normal,0,normal
2024-11-15 00:00:00,15.4,94,1014.1,0,normal,0,0.10295026472498298,0,0,0,0,normal,0,normal
2024-11-15 01:00:00,14.9,94,1014.8,0,normal,0,0.1150940408365192,0,0,0,0,normal,0,normal
2024-11-15 02:00:00,15.0,96,1015.3,0,normal,0,0.11400598440145632,0,0,0,0,normal,0,normal
2024-11-15 03:00:00,16.4,98,1016.2,0,normal,0,0.100756077123684,0,0,0,0,normal,0,normal
2024-11-15 04:00:00,19.6,83,1016.0,0,normal,0,0.08983142962808188,0,0,0,0,normal,0,normal
2024-11-15 05:00:00,22.2,69,1015.9,0,normal,0,0.10531726579631523,0,0,0,0,normal,0,normal
2024-11-15 06:00:00,24.0,61,1015.1,0,normal,0,0.11162913117658774,0,0,0,0,normal,0,normal
2024-11-15 07:00:00,25.0,58,1014.7,0,normal,0,0.11691370930973927,0,0,0,0,normal,0,normal
2024-11-15 08:00:00,25.9,52,1013.5,0,normal,0,0.1152726307792663,0,0,0,0,normal,0,normal
2024-11-15 09:00:00,23.0,68,1013.8,0,normal,0,0.10082765863724635,0,0,0,0,normal,0,normal
2024-11-15 10:00:00,26.0,48,1012.3,0,normal,0,0.07632459717398543,0,0,0,0,normal,0,normal
2024-11-15 11:00:00,24.6,56,1012.2,0,normal,0,0.11298628625380253,0,0,0,0,normal,0,normal
2024-11-15 12:00:00,21.2,78,1013.0,0,normal,0,0.09111588350078414,0,0,0,0,normal,0,normal
2024-11-15 13:00:00,21.3,71,1012.9,0,normal,0,0.10705385487405944,0,0,0,0,normal,0,normal
2024-11-15 14:00:00,20.4,76,1013.3,0,normal,0,0.11283190613630206,0,0,0,0,normal,0,normal
2024-11-15 15:00:00,19.5,80,1013.6,0,normal,0,0.12098017405608946,0,0,0,0,normal,0,normal
2024-11-15 16:00:00,18.6,84,1013.4,0,normal,0,0.11487311149695584,0,0,0,0,normal,0,normal
2024-11-15 17:00:00,18.0,85,1013.5,0,normal,0,0.11908845758496744,0,0,0,0,normal,0,normal
2024-11-15 18:00:00,17.6,86,1013.7,0,normal,0,0.11601392712457087,0,0,0,0,normal,0,normal
2024-11-15 19:00:00,17.4,87,1013.5,0,normal,0,0.11615494460667614,0,0,0,0,normal,0,normal
2024-11-15 20:00:00,17.2,87,1013.4,0,normal,0,0.11640459037270129,0,0,0,0,normal,0,normal
2024-11-15 21:00:00,17.2,87,1013.4,0,normal,0,0.11339210391561061,0,0,0,0,normal,0,normal
2024-11-15 22:00:00,16.6,90,1013.1,0,normal,0,0.11383795435114591,0,0,0,0,normal,0,normal
2024-11-15 23:00:00,16.1,92,1013.0,0,normal,0,0.10766269473229956,0,0,0,0,normal,0,normal
2024-11-16 00:00:00,15.4,93,1013.1,0,normal,0,0.1067595821780809,0,0,0,0,normal,0,normal
2024-11-16 01:00:00,15.2,94,1013.7,0,normal,0,0.11538683284533185,0,0,0,0,normal,0,normal
2024-11-16 02:00:00,15.3,95,1013.9,0,normal,0,0.11438827462154111,0,0,0,0,normal,0,normal
2024-11-16 03:00:00,16.0,96,1014.4,0,normal,0,0.10424005355229299,0,0,0,0,normal,0,normal
2024-11-16 04:00:00,19.2,84,1014.8,0,normal,0,0.09187131524469672,0,0,0,0,normal,0,normal
2024-11-16 05:00:00,22.0,72,1014.9,0,normal,0,0.1077820501061516,0,0,0,0,normal,0,normal
2024-11-16 06:00:00,18.0,92,1014.9,0,normal,0,0.05686373375064663,0,0,0,0,normal,0,normal
2024-11-16 07:00:00,25.2,56,1013.6,0,normal,0,0.02639064166695787,0,0,0,0,normal,0,normal
2024-11-16 08:00:00,25.3,51,1012.7,0,normal,0,0.08192700472246844,0,0,0,0,normal,0,normal
2024-11-16 09:00:00,22.2,76,1012.5,0,normal,0,0.08149602361824243,0,0,0,0,normal,0,normal
2024-11-16 10:00:00,24.9,53,1011.9,0,normal,0,0.07206515424685889,0,0,0,0,normal,0,normal
2024-11-16 11:00:00,23.8,65,1011.9,0,normal,0,0.10898639265323645,0,0,0,0,normal,0,normal
2024-11-16 12:00:00,21.0,78,1011.6,0,normal,0,0.10263224605249255,0,0,0,0,normal,0,normal
2024-11-16 13:00:00,20.0,82,1012.6,0,normal,0,0.10488799288598505,0,0,0,0,normal,0,normal
2024-11-16 14:00:00,19.3,85,1013.3,0,normal,0,0.10838548424364636,0,0,0,0,normal,0,normal
2024-11-16 15:00:00,18.6,84,1013.9,0,normal,0,0.11313096643008469,0,0,0,0,normal,0,normal
2024-11-16 16:00:00,17.4,87,1014.0,0,normal,0,0.11678511453445622,0,0,0,0,normal,0,normal
2024-11-16 17:00:00,16.6,90,1014.3,0,normal,0,0.1139320848778973,0,0,0,0,normal,0,normal
2024-11-16 18:00:00,15.8,93,1014.3,0,normal,0,0.1133884074218387,0,0,0,0,normal,0,normal
2024-11-16 19:00:00,15.2,95,1014.1,0,normal,0,0.11472206116656525,0,0,0,0,normal,0,normal
2024-11-16 20:00:00,14.9,96,1014.0,0,normal,0,0.11376068920368398,0,0,0,0,normal,0,normal
2024-11-16 21:00:00,15.0,95,1014.0,0,normal,0,0.11099356383048314,0,0,0,0,normal,0,normal
2024-11-16 22:00:00,14.9,95,1013.7,0,normal,0,0.1146371578082635,0,0,0,0,normal,0,normal
2024-11-16 23:00:00,14.7,95,1013.5,0,normal,0,0.10828785429332405,0,0,0,0,normal,0,normal
2024-11-17 00:00:00,14.5,93,1013.7,0,normal,0,0.1092922480590689,0,0,0,0,normal,0,normal
2024-11-17 01:00:00,14.3,93,1014.3,0,normal,0,0.1175160257205316,0,0,0,0,normal,0,normal
2024-11-17 02:00:00,14.4,94,1014.8,0,normal,0,0.11633505700286789,0,0,0,0,normal,0,normal
2024-11-17 03:00:00,16.2,98,1015.6,0,normal,0,0.09918902203310509,0,0,0,0,normal,0,normal
2024-11-17 04:00:00,18.4,79,1016.1,0,normal,0,0.08536223691227834,0,0,0,0,normal,0,normal
2024-11-17 05:00:00,20.9,75,1016.2,0,normal,0,0.11170582190359607,0,0,0,0,normal,0,normal
2024-11-17 06:00:00,18.2,88,1016.2,0,normal,0,0.07939483215193327,0,0,0,0,normal,0,normal
2024-11-17 07:00:00,23.7,64,1014.8,0,normal,0,0.06728682232603284,0,0,0,0,normal,0,normal
2024-11-17 08:00:00,24.4,59,1014.1,0,normal,0,0.10383540511524891,0,0,0,0,normal,0,normal
2024-11-17 09:00:00,22.4,68,1013.5,0,normal,0,0.11208042935770796,0,0,0,0,normal,0,normal
2024-11-17 10:00:00,24.2,56,1012.7,0,normal,0,0.10281718078260021,0,0,0,0,normal,0,normal
2024-11-17 11:00:00,22.9,64,1012.6,0,normal,0,0.11899473287621054,0,0,0,0,normal,0,normal
2024-11-17 12:00:00,20.9,73,1012.9,0,normal,0,0.11546991550486524,0,0,0,0,normal,0,normal
2024-11-17 13:00:00,19.8,78,1013.4,0,normal,0,0.11692567974069978,0,0,0,0,normal,0,normal
2024-11-17 14:00:00,18.9,83,1014.1,0,normal,0,0.11766940907446899,0,0,0,0,normal,0,normal
2024-11-17 15:00:00,17.3,89,1014.7,0,normal,0,0.11336467039255438,0,0,0,0,normal,0,normal
2024-11-17 16:00:00,16.8,90,1015.0,0,normal,0,0.11182113571895969,0,0,0,0,normal,0,normal
2024-11-17 17:00:00,16.1,92,1015.3,0,normal,0,0.11368215411353733,0,0,0,0,normal,0,normal
2024-11-17 18:00:00,15.6,94,1015.3,0,normal,0,0.11297600790648465,0,0,0,0,normal,0,normal
2024-11-17 19:00:00,15.2,95,1015.1,0,normal,0,0.11664216974078367,0,0,0,0,normal,0,normal
2024-11-17 20:00:00,15.1,95,1014.7,0,normal,0,0.11396303530578694,0,0,0,0,normal,0,normal
2024-11-17 21:00:00,14.9,95,1014.7,0,normal,0,0.11805521471494496,0,0,0,0,normal,0,normal
2024-11-17 22:00:00,14.6,95,1014.9,0,normal,0,0.11381747601463987,0,0,0,0,normal,0,normal
2024-11-17 23:00:00,14.1,95,1015.0,0,normal,0,0.11164444688155334,0,0,0,0,normal,0,normal
2024-11-18 00:00:00,13.7,94,1015.2,0,normal,0,0.11169370899100833,0,0,0,0,normal,0,normal
2024-11-18 01:00:00,13.6,97,1014.9,0,normal,0,0.10661434136739556,0,0,0,0,normal,0,normal
2024-11-18 02:00:00,13.8,97,1015.7,0,normal,0,0.11053278416205509,0,0,0,0,normal,0,normal
2024-11-18 03:00:00,15.2,93,1016.5,0,normal,0,0.10453745858497177,0,0,0,0,normal,0,normal
2024-11-18 04:00:00,17.5,84,1017.1,0,normal,0,0.10580750502619607,0,0,0,0,normal,0,normal
2024-11-18 05:00:00,19.9,73,1017.3,0,normal,0,0.11261771600078213,0,0,0,0,normal,0,normal
2024-11-18 06:00:00,21.9,63,1016.7,0,normal,0,0.11197830273584042,0,0,0,0,normal,0,normal
2024-11-18 07:00:00,23.2,55,1015.8,0,normal,0,0.11473601880332301,0,0,0,0,normal,0,normal
2024-11-18 08:00:00,24.0,50,1014.8,0,normal,0,0.1200736907304572,0,0,0,0,normal,0,normal
2024-11-18 09:00:00,24.2,45,1014.3,0,normal,0,0.12075519971038595,0,0,0,0,normal,0,normal
2024-11-18 10:00:00,23.8,46,1013.8,0,normal,0,0.11696301052675301,0,0,0,0,normal,0,normal
2024-11-18 11:00:00,22.2,56,1014.0,0,normal,0,0.11626787027768831,0,0,0,0,normal,0,normal
2024-11-18 12:00:00,19.7,66,1014.5,0,normal,0,0.11736712346792882,0,0,0,0,normal,0,normal
2024-11-18 13:00:00,18.4,72,1015.1,0,normal,0,0.11903378698452372,0,0,0,0,normal,0,normal
2024-11-18 14:00:00,17.3,76,1015.7,0,normal,0,0.11792664932269831,0,0,0,0,normal,0,normal
2024-11-18 15:00:00,16.4,79,1016.3,0,normal,0,0.11980266414023649,0,0,0,0,normal,0,normal
2024-11-18 16:00:00,15.5,85,1016.7,0,normal,0,0.11510356947227718,0,0,0,0,normal,0,normal
2024-11-18 17:00:00,14.8,87,1017.0,0,normal,0,0.11866341108740319,0,0,0,0,normal,0,normal
2024-11-18 18:00:00,14.1,88,1017.0,0,normal,0,0.11670201497693666,0,0,0,0,normal,0,normal
2024-11-18 19:00:00,13.5,89,1016.7,0,normal,0,0.12001384548379446,0,0,0,0,normal,0,normal
2024-11-18 20:00:00,13.2,89,1016.6,0,normal,0,0.11911376415169,0,0,0,0,normal,0,normal
2024-11-18 21:00:00,13.0,88,1015.8,0,normal,0,0.10932111421450807,0,0,0,0,normal,0,normal
2024-11-18 22:00:00,12.7,88,1015.5,0,normal,0,0.11627146749108347,0,0,0,0,normal,0,normal
2024-11-18 23:00:00,12.4,89,1015.5,0,normal,0,0.1113932267709728,0,0,0,0,normal,0,normal
2024-11-19 00:00:00,12.2,89,1015.7,0,normal,0,0.11056525459620331,0,0,0,0,normal,0,normal
2024-11-19 01:00:00,11.8,89,1016.1,0,normal,0,0.11292029902160056,0,0,0,0,normal,0,normal
2024-11-19 02:00:00,12.1,90,1016.7,0,normal,0,0.11397724466158127,0,0,0,0,normal,0,normal
2024-11-19 03:00:00,14.3,85,1017.5,0,normal,0,0.10672065395975078,0,0,0,0,normal,0,normal
2024-11-19 04:00:00,17.4,74,1018.5,0,normal,0,0.10333858771476256,0,0,0,0,normal,0,normal
2024-11-19 05:00:00,20.0,64,1018.9,0,normal,0,0.1065295980251556,0,0,0,0,normal,0,normal
2024-11-19 06:00:00,22.0,55,1018.5,0,normal,0,0.10937847014863467,0,0,0,0,normal,0,normal
2024-11-19 07:00:00,23.0,51,1017.3,0,normal,0,0.11124161571185248,0,0,0,0,normal,0,normal
2024-11-19 08:00:00,23.8,47,1016.3,0,normal,0,0.11720504725899944,0,0,0,0,normal,0,normal
2024-11-19 09:00:00,24.1,45,1015.7,0,normal,0,0.11813079456865733,0,0,0,0,normal,0,normal
2024-11-19 10:00:00,23.6,47,1015.1,0,normal,0,0.11430467578305953,0,0,0,0,normal,0,normal
2024-11-19 11:00:00,22.0,56,1015.1,0,normal,0,0.11656229352546743,0,0,0,0,normal,0,normal
2024-11-19 12:00:00,19.3,66,1015.5,0,normal,0,0.11457346105852156,0,0,0,0,normal,0,normal
2024-11-19 13:00:00,17.8,73,1016.0,0,normal,0,0.11566015083439923,0,0,0,0,normal,0,normal
2024-11-19 14:00:00,16.5,80,1016.4,0,normal,0,0.11530310538485466,0,0,0,0,normal,0,normal
2024-11-19 15:00:00,15.7,83,1016.7,0,normal,0,0.1176828529889844,0,0,0,0,normal,0,normal
2024-11-19 16:00:00,15.0,86,1016.9,0,normal,0,0.11826223376972039,0,0,0,0,normal,0,normal
2024-11-19 17:00:00,14.5,86,1017.1,0,normal,0,0.11988803818157812,0,0,0,0,normal,0,normal
2024-11-19 18:00:00,14.0,87,1016.8,0,normal,0,0.11559006249424497,0,0,0,0,normal,0,normal
2024-11-19 19:00:00,13.5,88,1016.4,0,normal,0,0.12012315385119754,0,0,0,0,normal,0,normal
2024-11-19 20:00:00,13.1,89,1016.0,0,normal,0,0.11829897482483415,0,0,0,0,normal,0,normal
2024-11-19 21:00:00,12.6,90,1015.5,0,normal,0,0.11863625003048833,0,0,0,0,normal,0,normal
2024-11-19 22:00:00,12.5,89,1014.8,0,normal,0,0.11019989056533575,0,0,0,0,normal,0,normal
2024-11-19 23:00:00,12.1,90,1014.8,0,normal,0,0.11021838997964267,0,0,0,0,normal,0,normal
2024-11-20 00:00:00,11.9,90,1014.9,0,normal,0,0.10940107250686598,0,0,0,0,normal,0,normal
2024-11-20 01:00:00,11.6,90,1015.1,0,normal,0,0.11354071921166536,0,0,0,0,normal,0,normal
2024-11-20 02:00:00,11.8,91,1015.7,0,normal,0,0.11525327590433632,0,0,0,0,normal,0,normal
2024-11-20 03:00:00,14.0,87,1016.5,0,normal,0,0.10735222212416451,0,0,0,0,normal,0,normal
2024-11-20 04:00:00,17.1,78,1016.9,0,normal,0,0.10994529754940313,0,0,0,0,normal,0,normal
2024-11-20 05:00:00,19.8,68,1016.9,0,normal,0,0.11279364428282646,0,0,0,0,normal,0,normal
2024-11-20 06:00:00,21.9,58,1016.5,0,normal,0,0.11288180475315979,0,0,0,0,normal,0,normal
2024-11-20 07:00:00,23.2,54,1015.5,0,normal,0,0.11446393028743623,0,0,0,0,normal,0,normal
2024-11-20 08:00:00,23.7,50,1014.6,0,normal,0,0.11956245441779578,0,0,0,0,normal,0,normal
2024-11-20 09:00:00,24.1,48,1014.0,0,normal,0,0.12113598574586482,0,0,0,0,normal,0,normal
2024-11-20 10:00:00,23.7,49,1013.6,0,normal,0,0.11464988008343646,0,0,0,0,normal,0,normal
2024-11-20 11:00:00,22.0,62,1013.8,0,normal,0,0.11263523863811886,0,0,0,0,normal,0,normal
2024-11-20 12:00:00,19.3,70,1014.2,0,normal,0,0.11588324581539239,0,0,0,0,normal,0,normal
2024-11-20 13:00:00,18.1,75,1014.8,0,normal,0,0.11941485944752656,0,0,0,0,normal,0,normal
2024-11-20 14:00:00,16.9,80,1015.1,0,normal,0,0.11886433891075848,0,0,0,0,normal,0,normal
2024-11-20 15:00:00,16.2,82,1015.7,0,normal,0,0.11921778249260206,0,0,0,0,normal,0,normal
2024-11-20 16:00:00,15.3,86,1016.0,0,normal,0,0.11720814165220805,0,0,0,0,normal,0,normal
2024-11-20 17:00:00,14.7,88,1016.2,0,normal,0,0.12021192040174666,0,0,0,0,normal,0,normal
2024-11-20 18:00:00,14.0,89,1016.0,0,normal,0,0.11836142757772145,0,0,0,0,normal,0,normal
2024-11-20 19:00:00,13.4,91,1015.8,0,normal,0,0.12281272812892158,0,0,0,0,normal,0,normal
2024-11-20 20:00:00,13.0,92,1015.3,0,normal,0,0.11934939649052317,0,0,0,0,normal,0,normal
2024-11-20 21:00:00,12.6,92,1015.1,0,normal,0,0.12072981949769163,0,0,0,0,normal,0,normal
2024-11-20 22:00:00,12.2,93,1014.9,0,normal,0,0.12091880646057784,0,0,0,0,normal,0,normal
2024-11-20 23:00:00,12.1,95,1014.6,0,normal,0,0.11053285770022309,0,0,0,0,normal,0,normal
2024-11-21 00:00:00,11.8,95,1014.5,0,normal,0,0.10829661960311904,0,0,0,0,normal,0,normal
2024-11-21 01:00:00,11.6,95,1015.0,0,normal,0,0.11225811701212346,0,0,0,0,normal,0,normal
2024-11-21 02:00:00,11.8,95,1015.6,0,normal,0,0.11361467292903193,0,0,0,0,normal,0,normal
2024-11-21 03:00:00,14.0,90,1016.6,0,normal,0,0.10363141808446219,0,0,0,0,normal,0,normal
2024-11-21 04:00:00,17.3,80,1016.9,0,normal,0,0.10571766741474575,0,0,0,0,normal,0,normal
2024-11-21 05:00:00,20.0,69,1017.0,0,normal,0,0.11056100760928245,0,0,0,0,normal,0,normal
2024-11-21 06:00:00,21.9,60,1016.5,0,normal,0,0.11292059045302516,0,0,0,0,normal,0,normal
2024-11-21 07:00:00,23.1,55,1015.6,0,normal,0,0.11549237005524932,0,0,0,0,normal,0,normal
2024-11-21 08:00:00,23.7,51,1014.5,0,normal,0,0.11833708273551502,0,0,0,0,normal,0,normal
2024-11-21 09:00:00,23.9,49,1014.0,0,normal,0,0.12026215855285999,0,0,0,0,normal,0,normal
2024-11-21 10:00:00,23.3,52,1013.4,0,normal,0,0.11766795751051023,0,0,0,0,normal,0,normal
2024-11-21 11:00:00,21.8,62,1013.5,0,normal,0,0.1178470377013679,0,0,0,0,normal,0,normal
2024-11-21 12:00:00,19.2,71,1013.8,0,normal,0,0.11547541965535596,0,0,0,0,normal,0,normal
2024-11-21 13:00:00,17.9,77,1014.6,0,normal,0,0.11811199386606452,0,0,0,0,normal,0,normal
2024-11-21 14:00:00,17.0,81,1014.9,0,normal,0,0.11898477974681876,0,0,0,0,normal,0,normal
2024-11-21 15:00:00,16.7,83,1015.2,0,normal,0,0.12102871492809147,0,0,0,0,normal,0,normal
2024-11-21 16:00:00,16.0,85,1015.5,0,normal,0,0.11868213050734983,0,0,0,0,normal,0,normal
2024-11-21 17:00:00,15.4,88,1015.4,0,normal,0,0.11992319573536692,0,0,0,0,normal,0,normal
2024-11-21 18:00:00,14.6,91,1015.3,0,normal,0,0.11688265542929038,0,0,0,0,normal,0,normal
2024-11-21 19:00:00,13.8,93,1015.0,0,normal,0,0.11997977902323265,0,0,0,0,normal,0,normal
2024-11-21 20:00:00,13.3,95,1014.5,0,normal,0,0.11469431967207488,0,0,0,0,normal,0,normal
2024-11-21 21:00:00,12.8,97,1014.4,0,normal,0,0.1149076867610127,0,0,0,0,normal,0,normal
2024-11-21 22:00:00,12.4,97,1014.2,0,normal,0,0.11169432081144814,0,0,0,0,normal,0,normal
2024-11-21 23:00:00,12.4,95,1014.0,0,normal,0,0.10329784019581989,0,0,0,0,normal,0,normal
2024-11-22 00:00:00,12.5,94,1013.9,0,normal,0,0.10437707747249231,0,0,0,0,normal,0,normal
2024-11-22 01:00:00,12.5,93,1014.4,0,normal,0,0.11452373603515942,0,0,0,0,normal,0,normal
2024-11-22 02:00:00,13.0,92,1015.0,0,normal,0,0.11611376803664702,0,0,0,0,normal,0,normal
2024-11-22 03:00:00,12.2,93,1016.6,0,normal,0,0.09884526813387895,0,0,0,0,normal,0,normal
2024-11-22 04:00:00,17.9,80,1016.6,0,normal,0,0.08319973568509925,0,0,0,0,normal,0,normal
2024-11-22 05:00:00,20.6,69,1016.8,0,normal,0,0.09812705185107407,0,0,0,0,normal,0,normal
2024-11-22 06:00:00,23.4,52,1016.3,0,normal,0,0.10183405381964322,0,0,0,0,normal,0,normal
2024-11-22 07:00:00,23.5,54,1015.5,0,normal,0,0.11337666685520226,0,0,0,0,normal,0,normal
2024-11-22 08:00:00,24.3,50,1014.4,0,normal,0,0.11717086725578696,0,0,0,0,normal,0,normal
2024-11-22 09:00:00,26.8,35,1012.9,0,normal,0,0.09560924611510335,0,0,0,0,normal,0,normal
2024-11-22 10:00:00,24.4,48,1012.8,0,normal,0,0.1056765088517348,0,0,0,0,normal,0,normal
2024-11-22 11:00:00,22.6,66,1013.0,0,normal,0,0.10015600072186992,0,0,0,0,normal,0,normal
2024-11-22 12:00:00,22.8,52,1012.8,0,normal,0,0.10220769689741682,0,0,0,0,normal,0,normal
2024-11-22 13:00:00,18.6,75,1013.9,0,normal,0,0.09659656898044056,0,0,0,0,normal,0,normal
2024-11-22 14:00:00,17.7,79,1014.2,0,normal,0,0.11322606083157127,0,0,0,0,normal,0,normal
2024-11-22 15:00:00,16.6,84,1014.5,0,normal,0,0.11868596579591512,0,0,0,0,normal,0,normal
2024-11-22 16:00:00,16.0,88,1014.8,0,normal,0,0.11731573179034199,0,0,0,0,normal,0,normal
2024-11-22 17:00:00,15.5,88,1014.7,0,normal,0,0.11996586657581088,0,0,0,0,normal,0,normal
2024-11-22 18:00:00,15.2,89,1014.7,0,normal,0,0.11696888507695957,0,0,0,0,normal,0,normal
2024-11-22 19:00:00,14.6,90,1014.3,0,normal,0,0.12128097643610158,0,0,0,0,normal,0,normal
2024-11-22 20:00:00,14.3,91,1014.1,0,normal,0,0.12126981549119698,0,0,0,0,normal,0,normal
2024-11-22 21:00:00,14.1,91,1013.6,0,normal,0,0.12028773583146718,0,0,0,0,normal,0,normal
2024-11-22 22:00:00,13.8,90,1013.9,0,normal,0,0.11539365261030887,0,0,0,0,normal,0,normal
2024-11-22 23:00:00,13.2,92,1013.7,0,normal,0,0.11302966510762846,0,0,0,0,normal,0,normal
2024-11-23 00:00:00,12.9,92,1013.9,0,normal,0,0.11346205909524643,0,0,0,0,normal,0,normal
2024-11-23 01:00:00,12.9,92,1014.4,0,normal,0,0.11444535810472617,0,0,0,0,normal,0,normal
2024-11-23 02:00:00,13.1,92,1015.0,0,normal,0,0.11619893248672925,0,0,0,0,normal,0,normal
2024-11-23 03:00:00,13.6,91,1016.5,0,normal,0,0.1047429861085456,0,0,0,0,normal,0,normal
2024-11-23 04:00:00,28.4,76,1016.3,1,multivariate_inconsistency,1,-0.016404177044015533,0,0,0,0,normal,1,isolation_forest_anomaly
2024-11-23 05:00:00,21.5,64,1016.6,0,normal,0,0.03534768852455794,0,0,0,0,normal,0,normal
2024-11-23 06:00:00,22.0,50,1016.4,0,normal,0,0.09740956029938708,0,0,0,0,normal,0,normal
2024-11-23 07:00:00,24.4,49,1015.4,0,normal,0,0.10766352583401673,0,0,0,0,normal,0,normal
2024-11-23 08:00:00,25.2,45,1014.3,0,normal,0,0.11752411783369976,0,0,0,0,normal,0,normal
2024-11-23 09:00:00,26.4,40,1013.5,0,normal,0,0.11462915085628139,0,0,0,0,normal,0,normal
2024-11-23 10:00:00,25.3,43,1013.6,0,normal,0,0.11422456352875471,0,0,0,0,normal,0,normal
2024-11-23 11:00:00,23.0,58,1013.9,0,normal,0,0.10814181842517828,0,0,0,0,normal,0,normal
2024-11-23 12:00:00,23.8,47,1012.9,0,normal,0,0.10210410658424651,0,0,0,0,normal,0,normal
2024-11-23 13:00:00,19.6,70,1015.1,0,normal,0,0.07304128948361482,0,0,0,0,normal,0,normal
2024-11-23 14:00:00,18.6,71,1015.6,0,normal,0,0.10907364866322089,0,0,0,0,normal,0,normal
2024-11-23 15:00:00,17.1,78,1016.2,0,normal,0,0.11399830770987279,0,0,0,0,normal,0,normal
2024-11-23 16:00:00,16.3,81,1016.5,0,normal,0,0.11670182387921951,0,0,0,0,normal,0,normal
2024-11-23 17:00:00,16.1,80,1016.2,0,normal,0,0.1193322467546809,0,0,0,0,normal,0,normal
2024-11-23 18:00:00,16.4,75,1016.0,0,normal,0,0.09989903425288804,0,0,0,0,normal,0,normal
2024-11-23 19:00:00,16.1,74,1015.6,0,normal,0,0.1149667403075616,0,0,0,0,normal,0,normal
2024-11-23 20:00:00,14.9,80,1015.4,0,normal,0,0.11119207798611863,0,0,0,0,normal,0,normal
2024-11-23 21:00:00,14.1,84,1015.2,0,normal,0,0.11577992355889272,0,0,0,0,normal,0,normal
2024-11-23 22:00:00,14.8,77,1014.4,0,normal,0,0.09038575171304475,0,0,0,0,normal,0,normal
2024-11-23 23:00:00,14.0,80,1014.6,0,normal,0,0.10722717558607248,0,0,0,0,normal,0,normal
2024-11-24 00:00:00,13.8,82,1014.9,0,normal,0,0.10698395487892753,0,0,0,0,normal,0,normal
2024-11-24 01:00:00,13.2,84,1015.4,0,normal,0,0.11050007019146535,0,0,0,0,normal,0,normal
2024-11-24 02:00:00,13.0,87,1016.0,0,normal,0,0.11178663120388244,0,0,0,0,normal,0,normal
2024-11-24 03:00:00,15.2,89,1016.9,0,normal,0,0.10728027293698172,0,0,0,0,normal,0,normal
2024-11-24 04:00:00,18.4,74,1016.7,0,normal,0,0.10558269607312554,0,0,0,0,normal,0,normal
2024-11-24 05:00:00,21.0,66,1017.0,0,normal,0,0.1092872218202135,0,0,0,0,normal,0,normal
2024-11-24 06:00:00,23.8,47,1016.1,0,normal,0,0.09626380922598182,0,0,0,0,normal,0,normal
2024-11-24 07:00:00,24.2,51,1015.3,0,normal,0,0.11149932906794824,0,0,0,0,normal,0,normal
2024-11-24 08:00:00,24.5,50,1014.5,0,normal,0,0.11812851145531844,0,0,0,0,normal,0,normal
2024-11-24 09:00:00,27.6,33,1013.2,0,normal,0,0.08880653826016355,0,0,0,0,normal,0,normal
2024-11-24 10:00:00,24.4,53,1013.5,0,normal,0,0.08930231362631302,0,0,0,0,normal,0,normal
2024-11-24 11:00:00,22.7,65,1013.5,0,normal,0,0.10990858658012359,0,0,0,0,normal,0,normal
2024-11-24 12:00:00,24.8,42,1012.4,0,normal,0,0.07238543820849147,0,0,0,0,normal,0,normal
2024-11-24 13:00:00,19.6,79,1014.0,0,normal,0,0.04227883567378071,0,0,0,0,normal,0,normal
2024-11-24 14:00:00,18.8,82,1014.6,0,normal,0,0.0924394964649134,0,0,0,0,normal,0,normal
2024-11-24 15:00:00,18.2,85,1014.9,0,normal,0,0.11951380358338654,0,0,0,0,normal,0,normal
2024-11-24 16:00:00,17.4,87,1015.2,0,normal,0,0.11693148209054172,0,0,0,0,normal,0,normal
2024-11-24 17:00:00,16.7,88,1015.2,0,normal,0,0.11795400096835051,0,0,0,0,normal,0,normal
2024-11-24 18:00:00,16.1,90,1015.2,0,normal,0,0.11558788136187553,0,0,0,0,normal,0,normal
2024-11-24 19:00:00,15.4,92,1014.9,0,normal,0,0.11953603027389925,0,0,0,0,normal,0,normal
2024-11-24 20:00:00,15.0,94,1014.6,0,normal,0,0.11892749770369726,0,0,0,0,normal,0,normal
2024-11-24 21:00:00,14.5,94,1014.3,0,normal,0,0.12100411542815737,0,0,0,0,normal,0,normal
2024-11-24 22:00:00,14.0,94,1013.8,0,normal,0,0.11555050246503124,0,0,0,0,normal,0,normal
2024-11-24 23:00:00,13.6,95,1014.1,0,normal,0,0.1081802586906559,0,0,0,0,normal,0,normal
2024-11-25 00:00:00,13.3,94,1014.5,0,normal,0,0.10932012583929074,0,0,0,0,normal,0,normal
2024-11-25 01:00:00,12.9,93,1015.2,0,normal,0,0.11525835674334445,0,0,0,0,normal,0,normal
2024-11-25 02:00:00,12.8,92,1016.3,0,normal,0,0.11261022725915992,0,0,0,0,normal,0,normal
2024-11-25 03:00:00,13.4,88,1017.3,0,normal,0,0.10611719079322085,0,0,0,0,normal,0,normal
2024-11-25 04:00:00,16.3,81,1017.6,0,normal,0,0.10637507864643897,0,0,0,0,normal,0,normal
2024-11-25 05:00:00,18.7,72,1017.9,0,normal,0,0.11397116947852226,0,0,0,0,normal,0,normal
2024-11-25 06:00:00,24.0,50,1016.7,0,normal,0,0.07599817855249202,0,0,0,0,normal,0,normal
2024-11-25 07:00:00,22.4,57,1016.1,0,normal,0,0.1028580804786991,0,0,0,0,normal,0,normal
2024-11-25 08:00:00,23.3,51,1015.2,0,normal,0,0.11859189814292315,0,0,0,0,normal,0,normal
2024-11-25 09:00:00,26.2,35,1013.5,0,normal,0,0.08882140188653653,0,0,0,0,normal,0,normal
2024-11-25 10:00:00,23.0,51,1013.7,0,normal,0,0.09719106351978068,0,0,0,0,normal,0,normal
2024-11-25 11:00:00,21.3,59,1013.6,0,normal,0,0.11585546316643386,0,0,0,0,normal,0,normal
2024-11-25 12:00:00,22.4,47,1012.6,0,normal,0,0.10158236076085925,0,0,0,0,normal,0,normal
2024-11-25 13:00:00,17.9,75,1014.1,0,normal,0,0.0745602625008146,0,0,0,0,normal,0,normal
2024-11-25 14:00:00,17.0,79,1014.6,0,normal,0,0.10550281966207209,0,0,0,0,normal,0,normal
2024-11-25 15:00:00,16.8,76,1015.3,0,normal,0,0.1140906593756193,0,0,0,0,normal,0,normal
2024-11-25 16:00:00,16.0,79,1015.4,0,normal,0,0.11968858654230408,0,0,0,0,normal,0,normal
2024-11-25 17:00:00,15.0,84,1015.7,0,normal,0,0.1169890033613537,0,0,0,0,normal,0,normal
2024-11-25 18:00:00,14.1,86,1015.8,0,normal,0,0.11972168077305745,0,0,0,0,normal,0,normal
2024-11-25 19:00:00,13.3,87,1015.5,0,normal,0,0.121402747539271,0,0,0,0,normal,0,normal
2024-11-25 20:00:00,13.3,86,1015.1,0,normal,0,0.11628140557131289,0,0,0,0,normal,0,normal
2024-11-25 21:00:00,12.9,87,1014.9,0,normal,0,0.12088846330944203,0,0,0,0,normal,0,normal
2024-11-25 22:00:00,12.6,88,1014.6,0,normal,0,0.1179452630982667,0,0,0,0,normal,0,normal
2024-11-25 23:00:00,12.2,88,1014.6,0,normal,0,0.11180494989614292,0,0,0,0,normal,0,normal
2024-11-26 00:00:00,12.0,88,1015.1,0,normal,0,0.10886551216448226,0,0,0,0,normal,0,normal
2024-11-26 01:00:00,11.9,88,1015.7,0,normal,0,0.11095752156508382,0,0,0,0,normal,0,normal
2024-11-26 02:00:00,12.0,88,1016.4,0,normal,0,0.11288622547768168,0,0,0,0,normal,0,normal
2024-11-26 03:00:00,14.8,81,1017.3,0,normal,0,0.10375403022805485,0,0,0,0,normal,0,normal
2024-11-26 04:00:00,16.2,78,1017.5,0,normal,0,0.11154919399549534,0,0,0,0,normal,0,normal
2024-11-26 05:00:00,18.8,69,1017.6,0,normal,0,0.11397096335212736,0,0,0,0,normal,0,normal
2024-11-26 06:00:00,24.0,37,1016.7,0,normal,0,0.0514606276792719,0,0,0,0,normal,0,normal
2024-11-26 07:00:00,22.2,56,1016.0,0,normal,0,0.0830448236977287,0,0,0,0,normal,0,normal
2024-11-26 08:00:00,23.0,53,1014.9,0,normal,0,0.11774073486101155,0,0,0,0,normal,0,normal
2024-11-26 09:00:00,26.4,30,1013.4,0,normal,0,0.07024646967632964,0,0,0,0,normal,0,normal
2024-11-26 10:00:00,23.0,53,1013.5,0,normal,0,0.0837863923427612,0,0,0,0,normal,0,normal
2024-11-26 11:00:00,21.5,63,1013.3,0,normal,0,0.10843841706494961,0,0,0,0,normal,0,normal
2024-11-26 12:00:00,24.2,37,1012.6,0,normal,0,0.061543622527752084,0,0,0,0,normal,0,normal
2024-11-26 13:00:00,18.0,75,1013.8,0,normal,0,0.030993162401989627,0,0,0,0,normal,0,normal
2024-11-26 14:00:00,16.7,81,1014.3,0,normal,0,0.08821881262379944,0,0,0,0,normal,0,normal
2024-11-26 15:00:00,15.8,84,1014.7,0,normal,0,0.11825552398327244,0,0,0,0,normal,0,normal
2024-11-26 16:00:00,15.2,84,1015.4,0,normal,0,0.11751933032613959,0,0,0,0,normal,0,normal
2024-11-26 17:00:00,14.4,87,1015.4,0,normal,0,0.12168820861590668,0,0,0,0,normal,0,normal
2024-11-26 18:00:00,13.7,89,1015.3,0,normal,0,0.11855813639668361,0,0,0,0,normal,0,normal
2024-11-26 19:00:00,13.1,90,1014.7,0,normal,0,0.1187381701292724,0,0,0,0,normal,0,normal
2024-11-26 20:00:00,12.7,91,1014.2,0,normal,0,0.11700122301073101,0,0,0,0,normal,0,normal
2024-11-26 21:00:00,12.5,90,1013.7,0,normal,0,0.11438769296472057,0,0,0,0,normal,0,normal
2024-11-26 22:00:00,12.0,91,1013.4,0,normal,0,0.11773046172332596,0,0,0,0,normal,0,normal
2024-11-26 23:00:00,11.6,92,1013.3,0,normal,0,0.11251584036366474,0,0,0,0,normal,0,normal
2024-11-27 00:00:00,11.3,92,1013.5,0,normal,0,0.10900419419133528,0,0,0,0,normal,0,normal
2024-11-27 01:00:00,11.1,92,1014.1,0,normal,0,0.11327333093924474,0,0,0,0,normal,0,normal
2024-11-27 02:00:00,11.1,92,1014.9,0,normal,0,0.11161653957891915,0,0,0,0,normal,0,normal
2024-11-27 03:00:00,13.1,88,1015.6,0,normal,0,0.10486280893358729,0,0,0,0,normal,0,normal
2024-11-27 04:00:00,16.2,80,1016.4,0,normal,0,0.10221929264484692,0,0,0,0,normal,0,normal
2024-11-27 05:00:00,19.2,69,1016.7,0,normal,0,0.10919318910538767,0,0,0,0,normal,0,normal
2024-11-27 06:00:00,21.2,50,1016.6,0,normal,0,0.09612981364137924,0,0,0,0,normal,0,normal
2024-11-27 07:00:00,22.0,53,1015.5,0,normal,0,0.10717387070492929,0,0,0,0,normal,0,normal
2024-11-27 08:00:00,22.7,51,1014.7,0,normal,0,0.11806133621756543,0,0,0,0,normal,0,normal
2024-11-27 09:00:00,24.2,40,1013.6,0,normal,0,0.11198389888309457,0,0,0,0,normal,0,normal
2024-11-27 10:00:00,22.5,52,1013.6,0,normal,0,0.11210878181395395,0,0,0,0,normal,0,normal
2024-11-27 11:00:00,21.0,64,1013.6,0,normal,0,0.10964554846907859,0,0,0,0,normal,0,normal
2024-11-27 12:00:00,21.0,49,1013.4,0,normal,0,0.10221447077826706,0,0,0,0,normal,0,normal
2024-11-27 13:00:00,17.3,75,1014.5,0,normal,0,0.09306579091500788,0,0,0,0,normal,0,normal
2024-11-27 14:00:00,16.0,82,1015.0,0,normal,0,0.10486606501100432,0,0,0,0,normal,0,normal
2024-11-27 15:00:00,15.0,86,1015.4,0,normal,0,0.11651330442182939,0,0,0,0,normal,0,normal
2024-11-27 16:00:00,14.5,86,1015.7,0,normal,0,0.11777493207538275,0,0,0,0,normal,0,normal
2024-11-27 17:00:00,14.1,88,1016.1,0,normal,0,0.11730032824648656,0,0,0,0,normal,0,normal
2024-11-27 18:00:00,13.5,89,1015.9,0,normal,0,0.11989165607477165,0,0,0,0,normal,0,normal
2024-11-27 19:00:00,12.9,90,1015.7,0,normal,0,0.12139008126889589,0,0,0,0,normal,0,normal
2024-11-27 20:00:00,12.4,90,1015.4,0,normal,0,0.11895440375126831,0,0,0,0,normal,0,normal
2024-11-27 21:00:00,12.2,90,1015.5,0,normal,0,0.11809483206188287,0,0,0,0,normal,0,normal
2024-11-27 22:00:00,12.1,90,1015.5,0,normal,0,0.11502650219685034,0,0,0,0,normal,0,normal
2024-11-27 23:00:00,11.8,90,1015.4,0,normal,0,0.10863407412443693,0,0,0,0,normal,0,normal
2024-11-28 00:00:00,11.5,91,1015.4,0,normal,0,0.10811234718630292,0,0,0,0,normal,0,normal
2024-11-28 01:00:00,11.0,93,1015.8,0,normal,0,0.11368468849370905,0,0,0,0,normal,0,normal
2024-11-28 02:00:00,10.7,94,1016.7,0,normal,0,0.11139730720828983,0,0,0,0,normal,0,normal
2024-11-28 03:00:00,11.4,92,1018.3,0,normal,0,0.09447454074013445,0,0,0,0,normal,0,normal
2024-11-28 04:00:00,15.8,82,1018.2,0,normal,0,0.0939107329467675,0,0,0,0,normal,0,normal
2024-11-28 05:00:00,18.5,73,1018.7,0,normal,0,0.10293750220250664,0,0,0,0,normal,0,normal
2024-11-28 06:00:00,22.0,49,1018.1,0,normal,0,0.08151174101127495,0,0,0,0,normal,0,normal
2024-11-28 07:00:00,21.8,59,1017.5,0,normal,0,0.10006940273357284,0,0,0,0,normal,0,normal
2024-11-28 08:00:00,22.6,56,1016.4,0,normal,0,0.11545177658436023,0,0,0,0,normal,0,normal
2024-11-28 09:00:00,24.4,40,1015.4,0,normal,0,0.10246592467817356,0,0,0,0,normal,0,normal
2024-11-28 10:00:00,22.7,55,1015.2,0,normal,0,0.10851109221227923,0,0,0,0,normal,0,normal
2024-11-28 11:00:00,21.3,69,1015.4,0,normal,0,0.10860963429355691,0,0,0,0,normal,0,normal
2024-11-28 12:00:00,21.0,57,1015.2,0,normal,0,0.1065515411190131,0,0,0,0,normal,0,normal
2024-11-28 13:00:00,17.1,81,1016.4,0,normal,0,0.08676928292457364,0,0,0,0,normal,0,normal
2024-11-28 14:00:00,16.0,85,1016.8,0,normal,0,0.10617378563268454,0,0,0,0,normal,0,normal
2024-11-28 15:00:00,15.3,87,1017.3,0,normal,0,0.11410241389503362,0,0,0,0,normal,0,normal
2024-11-28 16:00:00,14.7,88,1017.5,0,normal,0,0.11462873669262247,0,0,0,0,normal,0,normal
2024-11-28 17:00:00,14.0,89,1017.8,0,normal,0,0.11467329788357317,0,0,0,0,normal,0,normal
2024-11-28 18:00:00,13.2,91,1017.8,0,normal,0,0.11546128784961723,0,0,0,0,normal,0,normal
2024-11-28 19:00:00,12.6,93,1017.6,0,normal,0,0.11691824272780449,0,0,0,0,normal,0,normal
2024-11-28 20:00:00,12.4,93,1017.4,0,normal,0,0.11578956789169415,0,0,0,0,normal,0,normal
2024-11-28 21:00:00,12.1,92,1017.2,0,normal,0,0.11640479027797057,0,0,0,0,normal,0,normal
2024-11-28 22:00:00,11.7,93,1016.9,0,normal,0,0.11652134856991947,0,0,0,0,normal,0,normal
2024-11-28 23:00:00,11.7,92,1016.9,0,normal,0,0.10704094393307961,0,0,0,0,normal,0,normal
2024-11-29 00:00:00,11.1,94,1017.3,0,normal,0,0.10369433255544797,0,0,0,0,normal,0,normal
2024-11-29 01:00:00,10.4,96,1018.1,0,normal,0,0.10012763177087297,0,0,0,0,normal,0,normal
2024-11-29 02:00:00,10.1,97,1018.7,0,normal,0,0.10052193705742529,0,0,0,0,normal,0,normal
2024-11-29 03:00:00,10.2,92,1020.1,0,normal,0,0.08700382444972787,0,0,0,0,normal,0,normal
2024-11-29 04:00:00,15.5,83,1019.5,0,normal,0,0.06539240505277871,0,0,0,0,normal,0,normal
2024-11-29 05:00:00,18.1,73,1019.7,0,normal,0,0.09500935751842793,0,0,0,0,normal,0,normal
2024-11-29 06:00:00,22.0,46,1019.1,0,normal,0,0.06871937910876685,0,0,0,0,normal,0,normal
2024-11-29 07:00:00,21.5,59,1018.3,0,normal,0,0.08803626637901146,0,0,0,0,normal,0,normal
2024-11-29 08:00:00,22.2,55,1017.2,0,normal,0,0.1122270669563431,0,0,0,0,normal,0,normal
2024-11-29 09:00:00,25.0,33,1016.0,0,normal,0,0.07720564067504687,0,0,0,0,normal,0,normal
2024-11-29 10:00:00,22.1,55,1015.9,0,normal,0,0.08421503793115892,0,0,0,0,normal,0,normal
2024-11-29 11:00:00,20.7,67,1015.8,0,normal,0,0.10634495526270554,0,0,0,0,normal,0,normal
2024-11-29 12:00:00,20.2,45,1015.9,0,normal,0,0.08367884264980052,0,0,0,0,normal,0,normal
2024-11-29 13:00:00,17.0,81,1016.7,0,normal,0,0.057575663106986585,0,0,0,0,normal,0,normal
2024-11-29 14:00:00,15.9,85,1017.1,0,normal,0,0.0931074046532685,0,0,0,0,normal,0,normal
2024-11-29 15:00:00,16.5,78,1017.1,0,normal,0,0.10070175284121607,0,0,0,0,normal,0,normal
2024-11-29 16:00:00,15.7,82,1017.3,0,normal,0,0.11473748482294921,0,0,0,0,normal,0,normal
2024-11-29 17:00:00,14.9,87,1017.3,0,normal,0,0.11602016800152254,0,0,0,0,normal,0,normal
2024-11-29 18:00:00,14.2,89,1017.2,0,normal,0,0.11593235994823964,0,0,0,0,normal,0,normal
2024-11-29 19:00:00,13.5,89,1016.8,0,normal,0,0.1178119160609617,0,0,0,0,normal,0,normal
2024-11-29 20:00:00,12.9,89,1016.0,0,normal,0,0.10650367425448337,0,0,0,0,normal,0,normal
2024-11-29 21:00:00,12.8,89,1016.1,0,normal,0,0.1168660917297803,0,0,0,0,normal,0,normal
2024-11-29 22:00:00,12.9,89,1016.0,0,normal,0,0.11543217753592128,0,0,0,0,normal,0,normal
2024-11-29 23:00:00,12.4,89,1015.9,0,normal,0,0.10764678104507647,0,0,0,0,normal,0,normal
2024-11-30 00:00:00,12.0,90,1016.0,0,normal,0,0.11029958965600506,0,0,0,0,normal,0,normal
2024-11-30 01:00:00,11.8,90,1016.5,0,normal,0,0.11623703897841242,0,0,0,0,normal,0,normal
2024-11-30 02:00:00,12.0,91,1017.3,0,normal,0,0.11127696747910903,0,0,0,0,normal,0,normal
2024-11-30 03:00:00,13.8,88,1017.9,0,normal,0,0.10785589486999314,0,0,0,0,normal,0,normal
2024-11-30 04:00:00,16.0,82,1018.4,0,normal,0,0.1076660207487643,0,0,0,0,normal,0,normal
2024-11-30 05:00:00,17.8,74,1018.6,0,normal,0,0.11132104456305864,0,0,0,0,normal,0,normal
2024-11-30 06:00:00,18.7,64,1018.2,0,normal,0,0.10265330618938784,0,0,0,0,normal,0,normal
2024-11-30 07:00:00,19.9,61,1017.3,0,normal,0,0.10900135269492789,0,0,0,0,normal,0,normal
2024-11-30 08:00:00,20.3,63,1016.0,0,normal,0,0.10844471330953143,0,0,0,0,normal,0,normal
2024-11-30 09:00:00,25.2,32,1013.2,0,normal,0,0.020155432757985037,0,0,0,0,normal,0,normal
2024-11-30 10:00:00,20.3,65,1014.3,0,normal,0,0.04118909826719358,0,0,0,0,normal,0,normal
2024-11-30 11:00:00,20.5,65,1013.5,0,normal,0,0.10134123617142327,0,0,0,0,normal,0,normal
2024-11-30 12:00:00,21.2,45,1012.6,0,normal,0,0.08102766841783543,0,0,0,0,normal,0,normal
2024-11-30 13:00:00,17.4,78,1013.8,0,normal,0,0.06824895815963544,0,0,0,0,normal,0,normal
2024-11-30 14:00:00,16.6,81,1014.1,0,normal,0,0.10234944943196583,0,0,0,0,normal,0,normal
2024-11-30 15:00:00,16.1,84,1014.4,0,normal,0,0.11736005959432405,0,0,0,0,normal,0,normal
2024-11-30 16:00:00,16.0,85,1014.5,0,normal,0,0.11643441218806067,0,0,0,0,normal,0,normal
2024-11-30 17:00:00,15.2,88,1014.8,0,normal,0,0.11909391955694792,0,0,0,0,normal,0,normal
2024-11-30 18:00:00,14.6,90,1014.7,0,normal,0,0.1195033260573396,0,0,0,0,normal,0,normal
2024-11-30 19:00:00,14.2,90,1014.2,0,normal,0,0.12029646795683124,0,0,0,0,normal,0,normal
2024-11-30 20:00:00,13.7,90,1014.0,0,normal,0,0.119608541261367,0,0,0,0,normal,0,normal
2024-11-30 21:00:00,13.0,88,1013.5,0,normal,0,0.11556886821760692,0,0,0,0,normal,0,normal
2024-11-30 22:00:00,12.6,88,1013.6,0,normal,0,0.11634031606522854,0,0,0,0,normal,0,normal
2024-11-30 23:00:00,12.2,88,1013.7,0,normal,0,0.10880530736509725,0,0,0,0,normal,0,normal
2024-12-01 00:00:00,11.8,88,1014.2,0,normal,0,0.10221162441925746,0,0,0,0,normal,0,normal
2024-12-01 01:00:00,11.3,90,1014.9,0,normal,0,0.10849887250964096,0,0,0,0,normal,0,normal
2024-12-01 02:00:00,11.0,89,1015.3,0,normal,0,0.11128222187090131,0,0,0,0,normal,0,normal
2024-12-01 03:00:00,12.9,84,1015.9,0,normal,0,0.10430964649058144,0,0,0,0,normal,0,normal
2024-12-01 04:00:00,15.8,78,1016.2,0,normal,0,0.10332986900297847,0,0,0,0,normal,0,normal
2024-12-01 05:00:00,18.3,67,1016.2,0,normal,0,0.10367093431621949,0,0,0,0,normal,0,normal
2024-12-01 06:00:00,20.2,60,1015.5,0,normal,0,0.10386158334809642,0,0,0,0,normal,0,normal
2024-12-01 07:00:00,21.6,56,1014.3,0,normal,0,0.10199947436422069,0,0,0,0,normal,0,normal
2024-12-01 08:00:00,22.2,53,1013.0,0,normal,0,0.10371448656647136,0,0,0,0,normal,0,normal
2024-12-01 09:00:00,22.4,53,1011.9,0,normal,0,0.09583879055321542,0,0,0,0,normal,0,normal
2024-12-01 10:00:00,22.0,54,1011.4,0,normal,0,0.09381846862559035,0,0,0,0,normal,0,normal
2024-12-01 11:00:00,20.5,63,1011.2,0,normal,0,0.09503219743288238,0,0,0,0,normal,0,normal
2024-12-01 12:00:00,18.5,70,1011.2,0,normal,0,0.09540631628812651,0,0,0,0,normal,0,normal
2024-12-01 13:00:00,17.4,76,1011.7,0,normal,0,0.08671437317850761,0,0,0,0,normal,0,normal
2024-12-01 14:00:00,16.3,81,1012.4,0,normal,0,0.09118297837150491,0,0,0,0,normal,0,normal
2024-12-01 15:00:00,15.5,85,1012.7,0,normal,0,0.10132608805521226,0,0,0,0,normal,0,normal
2024-12-01 16:00:00,14.6,87,1012.9,0,normal,0,0.09947817960997168,0,0,0,0,normal,0,normal
2024-12-01 17:00:00,13.8,87,1012.9,0,normal,0,0.10143033678732544,0,0,0,0,normal,0,normal
2024-12-01 18:00:00,13.2,89,1012.8,0,normal,0,0.10115428996952819,0,0,0,0,normal,0,normal
2024-12-01 19:00:00,13.1,89,1012.7,0,normal,0,0.1032051507875561,0,0,0,0,normal,0,normal
2024-12-01 20:00:00,13.0,89,1012.7,0,normal,0,0.09847662611442615,0,0,0,0,normal,0,normal
2024-12-01 21:00:00,12.7,88,1012.5,0,normal,0,0.09852409222912861,0,0,0,0,normal,0,normal
2024-12-01 22:00:00,13.0,87,1012.1,0,normal,0,0.092805853154663,0,0,0,0,normal,0,normal
2024-12-01 23:00:00,12.7,87,1012.2,0,normal,0,0.0893715890829963,0,0,0,0,normal,0,normal
2024-12-02 00:00:00,12.2,88,1012.7,0,normal,0,0.09643736032021877,0,0,0,0,normal,0,normal
2024-12-02 01:00:00,11.9,89,1013.3,0,normal,0,0.10338001506136735,0,0,0,0,normal,0,normal
2024-12-02 02:00:00,11.8,88,1014.2,0,normal,0,0.10279023491207306,0,0,0,0,normal,0,normal
2024-12-02 03:00:00,16.2,68,1015.0,0,normal,0,0.07611891311424562,0,0,0,0,normal,0,normal
2024-12-02 04:00:00,16.2,78,1015.1,0,normal,0,0.09147830756562358,0,0,0,0,normal,0,normal
2024-12-02 05:00:00,19.0,68,1015.3,0,normal,0,0.10000631161320522,0,0,0,0,normal,0,normal
2024-12-02 06:00:00,23.8,39,1014.7,0,normal,0,0.05302727297231674,0,0,0,0,normal,0,normal
2024-12-02 07:00:00,22.4,57,1014.1,0,normal,0,0.08163532228202858,0,0,0,0,normal,0,normal
2024-12-02 08:00:00,22.9,54,1013.6,0,normal,0,0.10573948758558588,0,0,0,0,normal,0,normal
2024-12-02 09:00:00,26.6,29,1012.4,0,normal,0,0.04508329264386696,0,0,0,0,normal,0,normal
2024-12-02 10:00:00,22.7,55,1012.7,0,normal,0,0.05811622450909881,0,0,0,0,normal,0,normal
2024-12-02 11:00:00,21.1,65,1012.9,0,normal,0,0.09338924216484967,0,0,0,0,normal,0,normal
2024-12-02 12:00:00,23.0,40,1012.6,0,normal,0,0.05240716318024102,0,0,0,0,normal,0,normal
2024-12-02 13:00:00,18.7,74,1013.8,0,normal,0,0.041547763162897655,0,0,0,0,normal,0,normal
2024-12-02 14:00:00,17.7,78,1014.7,0,normal,0,0.08173260995117365,0,0,0,0,normal,0,normal
2024-12-02 15:00:00,17.1,79,1015.4,0,normal,0,0.1081204921204238,0,0,0,0,normal,0,normal
2024-12-02 16:00:00,17.0,77,1015.6,0,normal,0,0.10316084116183288,0,0,0,0,normal,0,normal
2024-12-02 17:00:00,16.4,79,1015.7,0,normal,0,0.110795340675785,0,0,0,0,normal,0,normal
2024-12-02 18:00:00,15.6,81,1015.7,0,normal,0,0.11099887557398874,0,0,0,0,normal,0,normal
2024-12-02 19:00:00,15.6,79,1015.5,0,normal,0,0.10572605062527357,0,0,0,0,normal,0,normal
2024-12-02 20:00:00,15.3,78,1015.4,0,normal,0,0.10543044678485003,0,0,0,0,normal,0,normal
2024-12-02 21:00:00,13.7,84,1015.6,0,normal,0,0.0983286515567608,0,0,0,0,normal,0,normal
2024-12-02 22:00:00,14.0,84,1015.4,0,normal,0,0.10702419502818478,0,0,0,0,normal,0,normal
2024-12-02 23:00:00,12.2,88,1015.2,0,normal,0,0.09086943957474297,0,0,0,0,normal,0,normal
2024-12-03 00:00:00,12.1,89,1015.7,0,normal,0,0.10461456944000902,0,0,0,0,normal,0,normal
2024-12-03 01:00:00,11.8,89,1016.5,0,normal,0,0.1100097418412454,0,0,0,0,normal,0,normal
2024-12-03 02:00:00,11.5,89,1017.1,0,normal,0,0.11105857369315414,0,0,0,0,normal,0,normal
2024-12-03 03:00:00,17.4,65,1016.7,0,normal,0,0.06533436431705447,0,0,0,0,normal,0,normal
2024-12-03 04:00:00,15.7,79,1018.2,0,normal,0,0.06467758467789109,0,0,0,0,normal,0,normal
2024-12-03 05:00:00,17.3,73,1018.6,0,normal,0,0.09830185498472715,0,0,0,0,normal,0,normal
2024-12-03 06:00:00,24.2,41,1017.0,0,normal,0,0.02021972575624703,0,0,0,0,normal,0,normal
2024-12-03 07:00:00,19.1,65,1017.3,0,normal,0,0.040528861346913025,0,0,0,0,normal,0,normal
2024-12-03 08:00:00,19.6,65,1016.9,0,normal,0,0.1009378256107431,0,0,0,0,normal,0,normal
2024-12-03 09:00:00,26.4,33,1015.4,0,normal,0,0.01690355952042949,0,0,0,0,normal,0,normal
2024-12-03 10:00:00,22.4,53,1015.2,0,normal,0,0.06911823499315672,0,0,0,0,normal,0,normal
2024-12-03 11:00:00,20.9,62,1015.0,0,normal,0,0.10471320854797,0,0,0,0,normal,0,normal
2024-12-03 12:00:00,22.2,44,1014.9,0,normal,0,0.08016673541671954,0,0,0,0,normal,0,normal
2024-12-03 13:00:00,17.9,76,1015.8,0,normal,0,0.0599434656819956,0,0,0,0,normal,0,normal
2024-12-03 14:00:00,18.0,74,1016.4,0,normal,0,0.09013606724741569,0,0,0,0,normal,0,normal
2024-12-03 15:00:00,17.1,75,1016.8,0,normal,0,0.10615108017470798,0,0,0,0,normal,0,normal
2024-12-03 16:00:00,16.3,75,1017.1,0,normal,0,0.10539567515924025,0,0,0,0,normal,0,normal
2024-12-03 17:00:00,15.6,76,1017.3,0,normal,0,0.10794870375674503,0,0,0,0,normal,0,normal
2024-12-03 18:00:00,14.8,78,1017.1,0,normal,0,0.10698900228816072,0,0,0,0,normal,0,normal
2024-12-03 19:00:00,14.2,78,1016.6,0,normal,0,0.10722530065424735,0,0,0,0,normal,0,normal
2024-12-03 20:00:00,14.4,78,1016.2,0,normal,0,0.10085588151459046,0,0,0,0,normal,0,normal
2024-12-03 21:00:00,13.8,79,1015.8,0,normal,0,0.10700313553658886,0,0,0,0,normal,0,normal
2024-12-03 22:00:00,13.3,80,1015.4,0,normal,0,0.10811005757166631,0,0,0,0,normal,0,normal
2024-12-03 23:00:00,12.7,82,1015.0,0,normal,0,0.09649979516016244,0,0,0,0,normal,0,normal
2024-12-04 00:00:00,12.0,84,1015.1,0,normal,0,0.097299595511671,0,0,0,0,normal,0,normal
2024-12-04 01:00:00,11.5,85,1015.4,0,normal,0,0.10622544099904419,0,0,0,0,normal,0,normal
2024-12-04 02:00:00,11.2,85,1016.1,0,normal,0,0.10750931272485875,0,0,0,0,normal,0,normal
2024-12-04 03:00:00,15.2,66,1016.5,0,normal,0,0.08611447946258427,0,0,0,0,normal,0,normal
2024-12-04 04:00:00,14.4,72,1017.2,0,normal,0,0.09020808005698827,0,0,0,0,normal,0,normal
2024-12-04 05:00:00,16.5,63,1017.2,0,normal,0,0.09552180716683661,0,0,0,0,normal,0,normal
2024-12-04 06:00:00,18.7,60,1016.4,0,normal,0,0.10386623603704148,0,0,0,0,normal,0,normal
2024-12-04 07:00:00,20.2,56,1015.3,0,normal,0,0.10102414739715487,0,0,0,0,normal,0,normal
2024-12-04 08:00:00,21.1,53,1014.4,0,normal,0,0.11095444511964059,0,0,0,0,normal,0,normal
2024-12-04 09:00:00,26.0,26,1013.4,0,normal,0,0.03671000404971719,0,0,0,0,normal,0,normal
2024-12-04 10:00:00,21.1,54,1013.1,0,normal,0,0.04926540844806099,0,0,0,0,normal,0,normal
2024-12-04 11:00:00,19.7,61,1013.4,0,normal,0,0.0872178832839342,0,0,0,0,normal,0,normal
2024-12-04 12:00:00,23.6,30,1013.0,0,normal,0,0.025299522039784694,0,0,0,0,normal,0,normal
2024-12-04 13:00:00,16.6,70,1014.2,0,normal,1,-0.0024694596591555706,0,0,0,0,normal,1,isolation_forest_anomaly
2024-12-04 14:00:00,15.1,76,1014.7,0,normal,0,0.07259356916448811,0,0,0,0,normal,0,normal
2024-12-04 15:00:00,13.8,5,1015.1,1,humidity_drop,1,-0.06973930912895243,0,0,0,0,normal,1,isolation_forest_anomaly
2024-12-04 16:00:00,13.6,77,1015.5,0,normal,1,-0.10425308352491058,0,0,0,0,normal,1,isolation_forest_anomaly
2024-12-04 17:00:00,13.1,76,1015.6,0,normal,0,0.02725552224157196,0,0,0,0,normal,0,normal
2024-12-04 18:00:00,12.6,76,1015.2,0,normal,0,0.10701936028857095,0,0,0,0,normal,0,normal
2024-12-04 19:00:00,11.8,78,1015.0,0,normal,0,0.10864695796134255,0,0,0,0,normal,0,normal
2024-12-04 20:00:00,11.3,79,1015.0,0,normal,0,0.10515409984176632,0,0,0,0,normal,0,normal
2024-12-04 21:00:00,11.2,78,1014.3,0,normal,0,0.09148891445466295,0,0,0,0,normal,0,normal
2024-12-04 22:00:00,10.8,79,1014.1,0,normal,0,0.10011744365182773,0,0,0,0,normal,0,normal
2024-12-04 23:00:00,10.1,82,1013.9,0,normal,0,0.09212763359133463,0,0,0,0,normal,0,normal
2024-12-05 00:00:00,9.5,83,1013.9,0,normal,0,0.09135695186467424,0,0,0,0,normal,0,normal
2024-12-05 01:00:00,9.1,84,1014.3,0,normal,0,0.09797669337176823,0,0,0,0,normal,0,normal
2024-12-05 02:00:00,8.9,86,1014.9,0,normal,0,0.10163667609210092,0,0,0,0,normal,0,normal
2024-12-05 03:00:00,12.2,74,1015.6,0,normal,0,0.08795228263262389,0,0,0,0,normal,0,normal
2024-12-05 04:00:00,12.9,73,1015.9,0,normal,0,0.09661919790995172,0,0,0,0,normal,0,normal
2024-12-05 05:00:00,15.8,64,1016.3,0,normal,0,0.09665364532948817,0,0,0,0,normal,0,normal
2024-12-05 06:00:00,21.8,39,1015.3,0,normal,0,0.04837346958178729,0,0,0,0,normal,0,normal
2024-12-05 07:00:00,19.8,52,1014.4,0,normal,0,0.08109780167633701,0,0,0,0,normal,0,normal
2024-12-05 08:00:00,20.8,48,1013.5,0,normal,0,0.10745014637491396,0,0,0,0,normal,0,normal
2024-12-05 09:00:00,25.0,25,1012.7,0,normal,0,0.04064598212513232,0,0,0,0,normal,0,normal
2024-12-05 10:00:00,20.8,47,1012.7,0,normal,0,0.05322525694046554,0,0,0,0,normal,0,normal
2024-12-05 11:00:00,19.0,57,1012.7,0,normal,0,0.08296688691008586,0,0,0,0,normal,0,normal
2024-12-05 12:00:00,22.4,38,1012.3,0,normal,0,0.051745441006205206,0,0,0,0,normal,0,normal
2024-12-05 13:00:00,15.1,72,1013.4,0,normal,0,0.021254622614820973,0,0,0,0,normal,0,normal
2024-12-05 14:00:00,14.3,74,1013.8,0,normal,0,0.07996507172544398,0,0,0,0,normal,0,normal
2024-12-05 15:00:00,13.3,78,1014.1,0,normal,0,0.10640514061345963,0,0,0,0,normal,0,normal
2024-12-05 16:00:00,12.4,80,1014.3,0,normal,0,0.10903553030870006,0,0,0,0,normal,0,normal
2024-12-05 17:00:00,11.7,80,1014.8,0,normal,0,0.11010645854055334,0,0,0,0,normal,0,normal
2024-12-05 18:00:00,11.1,80,1014.6,0,normal,0,0.10480011548893253,0,0,0,0,normal,0,normal
2024-12-05 19:00:00,10.5,81,1014.4,0,normal,0,0.10692289454466436,0,0,0,0,normal,0,normal
2024-12-05 20:00:00,9.8,82,1014.1,0,normal,0,0.1045814194720574,0,0,0,0,normal,0,normal
2024-12-05 21:00:00,9.2,83,1013.9,0,normal,0,0.1050901684796271,0,0,0,0,normal,0,normal
2024-12-05 22:00:00,9.1,86,1013.5,0,normal,0,0.09840015105507377,0,0,0,0,normal,0,normal
2024-12-05 23:00:00,8.8,86,1013.2,0,normal,0,0.09239459032904124,0,0,0,0,normal,0,normal
2024-12-06 00:00:00,8.5,86,1013.4,0,normal,0,0.09512943914188837,0,0,0,0,normal,0,normal
2024-12-06 01:00:00,8.2,87,1013.8,0,normal,0,0.10101713515279986,0,0,0,0,normal,0,normal
2024-12-06 02:00:00,8.3,87,1014.4,0,normal,0,0.10056727535050947,0,0,0,0,normal,0,normal
2024-12-06 03:00:00,10.2,84,1015.3,0,normal,0,0.09309205314818447,0,0,0,0,normal,0,normal
2024-12-06 04:00:00,13.2,75,1015.1,0,normal,0,0.09084209822288047,0,0,0,0,normal,0,normal
2024-12-06 05:00:00,15.9,67,1015.2,0,normal,0,0.09715381908538884,0,0,0,0,normal,0,normal
2024-12-06 06:00:00,22.0,32,1014.9,0,normal,0,0.014955069426037249,0,0,0,0,normal,0,normal
2024-12-06 07:00:00,19.6,51,1013.7,0,normal,0,0.05809159054018942,0,0,0,0,normal,0,normal
2024-12-06 08:00:00,20.3,48,1012.5,0,normal,0,0.09809339907298303,0,0,0,0,normal,0,normal
2024-12-06 09:00:00,25.2,24,1011.5,0,normal,0,0.026443884330975276,0,0,0,0,normal,0,normal
2024-12-06 10:00:00,20.1,47,1011.4,0,normal,0,0.039067677060722505,0,0,0,0,normal,0,normal
2024-12-06 11:00:00,18.4,56,1011.4,0,normal,0,0.07534605346810358,0,0,0,0,normal,0,normal
2024-12-06 12:00:00,24.0,25,1011.0,0,normal,0,0.003293059395672593,0,0,0,0,normal,0,normal
2024-12-06 13:00:00,15.8,65,1011.8,0,normal,1,-0.023874745309539036,0,0,0,0,normal,1,isolation_forest_anomaly
2024-12-06 14:00:00,14.1,72,1012.5,0,normal,0,0.04392366437925671,0,0,0,0,normal,0,normal
2024-12-06 15:00:00,12.9,76,1012.8,0,normal,0,0.09575578196994805,0,0,0,0,normal,0,normal
2024-12-06 16:00:00,12.4,77,1013.2,0,normal,0,0.10081684618879955,0,0,0,0,normal,0,normal
2024-12-06 17:00:00,11.6,79,1013.3,0,normal,0,0.10554319282814689,0,0,0,0,normal,0,normal
2024-12-06 18:00:00,10.5,82,1013.3,0,normal,0,0.09645088800753931,0,0,0,0,normal,0,normal
2024-12-06 19:00:00,9.7,85,1012.8,0,normal,0,0.09377051913697387,0,0,0,0,normal,0,normal
2024-12-06 20:00:00,8.9,87,1012.5,0,normal,0,0.09478461216541334,0,0,0,0,normal,0,normal
2024-12-06 21:00:00,8.4,88,1011.9,0,normal,0,0.08832375784663621,0,0,0,0,normal,0,normal
2024-12-06 22:00:00,8.1,88,1011.4,0,normal,0,0.07826562683506971,0,0,0,0,normal,0,normal
2024-12-06 23:00:00,8.2,88,1011.0,0,normal,0,0.06474090543242672,0,0,0,0,normal,0,normal
2024-12-07 00:00:00,8.1,88,1011.1,0,normal,0,0.07230118664219432,0,0,0,0,normal,0,normal
2024-12-07 01:00:00,7.9,86,1011.7,0,normal,0,0.07259250012669588,0,0,0,0,normal,0,normal
2024-12-07 02:00:00,7.8,86,1012.6,0,normal,0,0.07602881521256777,0,0,0,0,normal,0,normal
2024-12-07 03:00:00,8.0,86,1014.9,0,normal,0,0.061311099122884016,0,0,0,0,normal,0,normal
2024-12-07 04:00:00,11.9,78,1014.1,0,normal,0,0.06861515802523399,0,0,0,0,normal,0,normal
2024-12-07 05:00:00,14.9,68,1014.6,0,normal,0,0.0877589794246853,0,0,0,0,normal,0,normal
2024-12-07 06:00:00,19.0,51,1014.3,0,normal,0,0.08217261395984005,0,0,0,0,normal,0,normal
2024-12-07 07:00:00,18.7,52,1013.3,0,normal,0,0.0971607447978633,0,0,0,0,normal,0,normal
2024-12-07 08:00:00,19.5,49,1012.2,0,normal,0,0.09400008824452188,0,0,0,0,normal,0,normal
2024-12-07 09:00:00,23.4,32,1011.8,0,normal,0,0.06022105201295819,0,0,0,0,normal,0,normal
2024-12-07 10:00:00,19.4,51,1011.3,0,normal,0,0.06684851971785605,0,0,0,0,normal,0,normal
2024-12-07 11:00:00,18.1,66,1011.5,0,normal,0,0.08459176677818253,0,0,0,0,normal,0,normal
2024-12-07 12:00:00,20.4,44,1011.4,0,normal,0,0.053421821774824296,0,0,0,0,normal,0,normal
2024-12-07 13:00:00,13.6,76,1012.3,0,normal,0,0.025267547231826115,0,0,0,0,normal,0,normal
2024-12-07 14:00:00,12.5,79,1012.7,0,normal,0,0.07492338429574763,0,0,0,0,normal,0,normal
2024-12-07 15:00:00,11.4,84,1013.1,0,normal,0,0.09837220616272313,0,0,0,0,normal,0,normal
2024-12-07 16:00:00,10.8,87,1013.4,0,normal,0,0.10202753177045504,0,0,0,0,normal,0,normal
2024-12-07 17:00:00,10.8,85,1013.8,0,normal,0,0.09566655706518645,0,0,0,0,normal,0,normal
2024-12-07 18:00:00,10.4,84,1014.0,0,normal,0,0.09935930399912468,0,0,0,0,normal,0,normal
2024-12-07 19:00:00,9.9,86,1013.7,0,normal,0,0.10490028603508839,0,0,0,0,normal,0,normal
2024-12-07 20:00:00,9.4,87,1013.4,0,normal,0,0.10238959483453502,0,0,0,0,normal,0,normal
2024-12-07 21:00:00,8.9,87,1013.4,0,normal,0,0.10369326032607656,0,0,0,0,normal,0,normal
2024-12-07 22:00:00,8.7,87,1013.3,0,normal,0,0.09907838230169769,0,0,0,0,normal,0,normal
2024-12-07 23:00:00,8.8,88,1013.1,0,normal,0,0.09194707267970431,0,0,0,0,normal,0,normal
2024-12-08 00:00:00,9.0,88,1013.1,0,normal,0,0.09366868980006399,0,0,0,0,normal,0,normal
2024-12-08 01:00:00,9.3,86,1013.4,0,normal,0,0.09429405493349152,0,0,0,0,normal,0,normal
2024-12-08 02:00:00,9.7,84,1013.5,0,normal,0,0.09603629835991223,0,0,0,0,normal,0,normal
2024-12-08 03:00:00,7.8,89,1015.3,0,normal,0,0.06701208743433357,0,0,0,0,normal,0,normal
2024-12-08 04:00:00,13.7,68,1014.1,0,normal,0,0.04111189673811777,0,0,0,0,normal,0,normal
2024-12-08 05:00:00,15.4,62,1014.4,0,normal,0,0.08639579801556008,0,0,0,0,normal,0,normal
2024-12-08 06:00:00,19.2,50,1014.2,0,normal,0,0.08862068565691289,0,0,0,0,normal,0,normal
2024-12-08 07:00:00,14.6,70,1013.5,0,normal,0,0.058140945009496625,0,0,0,0,normal,0,normal
2024-12-08 08:00:00,14.8,69,1012.0,0,normal,0,0.07811140186697818,0,0,0,0,normal,0,normal
2024-12-08 09:00:00,23.2,32,1010.7,0,normal,1,-0.02625693567918308,0,0,0,0,normal,1,isolation_forest_anomaly
2024-12-08 10:00:00,14.6,75,1010.2,0,normal,1,-0.04175089724313186,0,0,0,0,normal,1,isolation_forest_anomaly
2024-12-08 11:00:00,13.8,70,1009.9,0,normal,0,0.04043988906160201,0,0,0,0,normal,0,normal
2024-12-08 12:00:00,20.0,52,1010.9,0,normal,0,0.023894357147783374,0,0,0,0,normal,0,normal
2024-12-08 13:00:00,12.1,82,1011.6,0,normal,0,0.011831075319938489,0,0,0,0,normal,0,normal
2024-12-08 14:00:00,11.7,82,1012.1,0,normal,0,0.06584996927882775,0,0,0,0,normal,0,normal
2024-12-08 15:00:00,11.1,79,1012.0,0,normal,0,0.08369175374038462,0,0,0,0,normal,0,normal
2024-12-08 16:00:00,10.8,80,1012.0,0,normal,0,0.0866753497591165,0,0,0,0,normal,0,normal
2024-12-08 17:00:00,11.2,85,1012.2,0,normal,0,0.08138942325186699,0,0,0,0,normal,0,normal
2024-12-08 18:00:00,11.2,85,1012.3,0,normal,0,0.08962202841845412,0,0,0,0,normal,0,normal
2024-12-08 19:00:00,11.0,81,1012.2,0,normal,0,0.08555132577425589,0,0,0,0,normal,0,normal
2024-12-08 20:00:00,11.0,74,1012.0,0,normal,0,0.06400119272527482,0,0,0,0,normal,0,normal
2024-12-08 21:00:00,10.5,78,1012.5,0,normal,0,0.07852472913846342,0,0,0,0,normal,0,normal
2024-12-08 22:00:00,10.1,79,1012.9,0,normal,0,0.08507418186054277,0,0,0,0,normal,0,normal
2024-12-08 23:00:00,10.2,77,1013.2,0,normal,0,0.07387495063219562,0,0,0,0,normal,0,normal
2024-12-09 00:00:00,10.2,77,1013.8,0,normal,0,0.08015291650069589,0,0,0,0,normal,0,normal
2024-12-09 01:00:00,9.0,82,1014.5,0,normal,0,0.07636175368920728,0,0,0,0,normal,0,normal
2024-12-09 02:00:00,8.4,86,1015.3,0,normal,0,0.09042732986261348,0,0,0,0,normal,0,normal
2024-12-09 03:00:00,8.6,89,1017.0,0,normal,0,0.0864125205696577,0,0,0,0,normal,0,normal
2024-12-09 04:00:00,11.3,82,1017.0,0,normal,0,0.0946429306757306,0,0,0,0,normal,0,normal
2024-12-09 05:00:00,13.2,73,1017.5,0,normal,0,0.09810111769072716,0,0,0,0,normal,0,normal
2024-12-09 06:00:00,19.8,49,1017.9,0,normal,0,0.050758344237408604,0,0,0,0,normal,0,normal
2024-12-09 07:00:00,17.6,56,1017.1,0,normal,0,0.08365049429304472,0,0,0,0,normal,0,normal
2024-12-09 08:00:00,18.3,53,1016.3,0,normal,0,0.10884733994953177,0,0,0,0,normal,0,normal
2024-12-09 09:00:00,19.8,46,1016.6,0,normal,0,0.09954642011901244,0,0,0,0,normal,0,normal
2024-12-09 10:00:00,18.3,52,1015.7,0,normal,0,0.10010362749523866,0,0,0,0,normal,0,normal
2024-12-09 11:00:00,17.2,62,1016.1,0,normal,0,0.10701784122930191,0,0,0,0,normal,0,normal
2024-12-09 12:00:00,16.8,59,1017.1,0,normal,0,0.10305016225456337,0,0,0,0,normal,0,normal
2024-12-09 13:00:00,13.9,75,1017.5,0,normal,0,0.0933389943666425,0,0,0,0,normal,0,normal
2024-12-09 14:00:00,13.1,78,1018.3,0,normal,0,0.10172439575794556,0,0,0,0,normal,0,normal
2024-12-09 15:00:00,12.5,79,1018.8,0,normal,0,0.10710472888069378,0,0,0,0,normal,0,normal
2024-12-09 16:00:00,11.9,80,1018.8,0,normal,0,0.10737893878123306,0,0,0,0,normal,0,normal
2024-12-09 17:00:00,11.2,81,1018.7,0,normal,0,0.10800592503877199,0,0,0,0,normal,0,normal
2024-12-09 18:00:00,10.6,82,1018.7,0,normal,0,0.10630657641560387,0,0,0,0,normal,0,normal
2024-12-09 19:00:00,9.6,85,1018.5,0,normal,0,0.10431689493819002,0,0,0,0,normal,0,normal
2024-12-09 20:00:00,8.5,87,1018.5,0,normal,0,0.10196697138310001,0,0,0,0,normal,0,normal
2024-12-09 21:00:00,8.4,87,1018.4,0,normal,0,0.1077206577389952,0,0,0,0,normal,0,normal
2024-12-09 22:00:00,8.3,87,1018.0,0,normal,0,0.10059022271879475,0,0,0,0,normal,0,normal
2024-12-09 23:00:00,7.8,88,1017.8,0,normal,0,0.09650985048768401,0,0,0,0,normal,0,normal
2024-12-10 00:00:00,7.6,87,1017.9,0,normal,0,0.09844503470098609,0,0,0,0,normal,0,normal
2024-12-10 01:00:00,7.2,86,1018.3,0,normal,0,0.09815939526730444,0,0,0,0,normal,0,normal
2024-12-10 02:00:00,6.6,87,1018.9,0,normal,0,0.09842924456832919,0,0,0,0,normal,0,normal
2024-12-10 03:00:00,9.6,87,1019.3,0,normal,0,0.09069097931584169,0,0,0,0,normal,0,normal
2024-12-10 04:00:00,10.4,77,1020.0,0,normal,0,0.08955619520361696,0,0,0,0,normal,0,normal
2024-12-10 05:00:00,12.9,66,1020.3,0,normal,0,0.08786314219527691,0,0,0,0,normal,0,normal
2024-12-10 06:00:00,18.2,37,1019.1,0,normal,0,0.03331954282026339,0,0,0,0,normal,0,normal
2024-12-10 07:00:00,16.4,46,1018.6,0,normal,0,0.07142605612158498,0,0,0,0,normal,0,normal
2024-12-10 08:00:00,17.3,40,1017.6,0,normal,0,0.08518295386964148,0,0,0,0,normal,0,normal
2024-12-10 09:00:00,20.8,26,1016.7,0,normal,0,0.057081401682226196,0,0,0,0,normal,0,normal
2024-12-10 10:00:00,17.1,40,1016.5,0,normal,0,0.05390107995670973,0,0,0,0,normal,0,normal
2024-12-10 11:00:00,15.6,49,1016.2,0,normal,0,0.08597687427890532,0,0,0,0,normal,0,normal
2024-12-10 12:00:00,16.8,39,1016.5,0,normal,0,0.06772647357437,0,0,0,0,normal,0,normal
2024-12-10 13:00:00,11.8,64,1016.6,0,normal,0,0.05586159528431672,0,0,0,0,normal,0,normal
2024-12-10 14:00:00,11.1,66,1016.8,0,normal,0,0.08062960689059828,0,0,0,0,normal,0,normal
2024-12-10 15:00:00,10.7,66,1017.1,0,normal,0,0.09077208379362978,0,0,0,0,normal,0,normal
2024-12-10 16:00:00,10.2,67,1017.3,0,normal,0,0.08571116763420256,0,0,0,0,normal,0,normal
2024-12-10 17:00:00,9.8,68,1017.5,0,normal,0,0.0847984360483015,0,0,0,0,normal,0,normal
2024-12-10 18:00:00,9.2,69,1017.6,0,normal,0,0.0805913422351548,0,0,0,0,normal,0,normal
2024-12-10 19:00:00,8.7,69,1017.6,0,normal,0,0.07515295709154518,0,0,0,0,normal,0,normal
2024-12-10 20:00:00,8.4,69,1017.5,0,normal,0,0.06763553848252796,0,0,0,0,normal,0,normal
2024-12-10 21:00:00,8.0,70,1017.5,0,normal,0,0.07311486790029431,0,0,0,0,normal,0,normal
2024-12-10 22:00:00,7.6,71,1017.2,0,normal,0,0.0704751329407926,0,0,0,0,normal,0,normal
2024-12-10 23:00:00,7.3,71,1016.9,0,normal,0,0.054873776735638535,0,0,0,0,normal,0,normal
2024-12-11 00:00:00,6.9,72,1017.0,0,normal,0,0.051915844201356476,0,0,0,0,normal,0,normal
2024-12-11 01:00:00,6.6,73,1017.4,0,normal,0,0.06099651559947533,0,0,0,0,normal,0,normal
2024-12-11 02:00:00,6.4,73,1017.7,0,normal,0,0.06817686272758378,0,0,0,0,normal,0,normal
2024-12-11 03:00:00,9.8,84,1019.2,0,normal,0,0.05590082397543239,0,0,0,0,normal,0,normal
2024-12-11 04:00:00,10.4,65,1018.5,0,normal,0,0.06984411258296191,0,0,0,0,normal,0,normal
2024-12-11 05:00:00,13.2,55,1018.5,0,normal,0,0.07475285513116026,0,0,0,0,normal,0,normal
2024-12-11 06:00:00,15.6,48,1017.9,0,normal,0,0.08190389175725654,0,0,0,0,normal,0,normal
2024-12-11 07:00:00,17.2,42,1017.0,0,normal,0,0.08565613045370979,0,0,0,0,normal,0,normal
2024-12-11 08:00:00,18.1,39,1016.1,0,normal,0,0.09077750437385956,0,0,0,0,normal,0,normal
2024-12-11 09:00:00,21.4,25,1016.0,0,normal,0,0.05541079983155084,0,0,0,0,normal,0,normal
2024-12-11 10:00:00,17.8,44,1014.9,0,normal,0,0.047663160812705996,0,0,0,0,normal,0,normal
2024-12-11 11:00:00,16.3,54,1014.6,0,normal,0,0.09133722919096288,0,0,0,0,normal,0,normal
2024-12-11 12:00:00,17.6,37,1015.7,0,normal,0,0.05394462243770198,0,0,0,0,normal,0,normal
2024-12-11 13:00:00,12.8,68,1014.8,0,normal,0,0.0421696777929883,0,0,0,0,normal,0,normal
2024-12-11 14:00:00,12.2,69,1014.9,0,normal,0,0.0884153562617126,0,0,0,0,normal,0,normal
2024-12-11 15:00:00,11.7,70,1015.0,0,normal,0,0.09811753639704351,0,0,0,0,normal,0,normal
2024-12-11 16:00:00,11.0,72,1015.1,0,normal,0,0.09672734144495876,0,0,0,0,normal,0,normal
2024-12-11 17:00:00,9.9,76,1015.1,0,normal,0,0.0953336720693414,0,0,0,0,normal,0,normal
2024-12-11 18:00:00,8.8,79,1015.2,0,normal,0,0.09356708856739443,0,0,0,0,normal,0,normal
2024-12-11 19:00:00,8.0,80,1015.0,0,normal,0,0.0964552441290184,0,0,0,0,normal,0,normal
2024-12-11 20:00:00,7.5,81,1014.9,0,normal,0,0.09152781979107993,0,0,0,0,normal,0,normal
2024-12-11 21:00:00,7.1,82,1014.9,0,normal,0,0.08841743028925769,0,0,0,0,normal,0,normal
2024-12-11 22:00:00,6.7,83,1014.8,0,normal,0,0.08756883692754647,0,0,0,0,normal,0,normal
2024-12-11 23:00:00,6.3,85,1014.8,0,normal,0,0.0793060490116177,0,0,0,0,normal,0,normal
2024-12-12 00:00:00,6.0,86,1015.0,0,normal,0,0.08019852272243355,0,0,0,0,normal,0,normal
2024-12-12 03:00:00,6.4,85,1018.0,0,normal,0,0.06138641824252039,0,0,0,0,normal,0,normal
2024-12-12 06:00:00,17.8,44,1017.8,0,normal,1,-0.0032670904309257676,0,0,0,0,normal,1,isolation_forest_anomaly
2024-12-12 09:00:00,20.2,45,1016.0,0,normal,0,0.051247748022041295,0,0,0,0,normal,0,normal
2024-12-12 12:00:00,16.8,53,1016.7,0,normal,0,0.09601512170271231,0,0,0,0,normal,0,normal
2024-12-12 18:00:00,8.4,77,1018.0,0,normal,1,-0.0038220965717260524,0,0,0,0,normal,1,isolation_forest_anomaly
2024-12-13 00:00:00,7.0,73,1018.1,0,normal,0,0.031791137616711374,0,0,0,0,normal,0,normal
2024-12-13 03:00:00,8.8,84,1020.6,0,normal,0,0.05981420801313447,0,0,0,0,normal,0,normal
2024-12-13 06:00:00,17.4,52,1019.6,0,normal,0,0.03655551403485374,0,0,0,0,normal,0,normal
2024-12-13 09:00:00,21.0,42,1016.8,0,normal,0,0.04318298681656274,0,0,0,0,normal,0,normal
2024-12-13 12:00:00,17.6,48,1016.1,0,normal,0,0.08825922319088259,0,0,0,0,normal,0,normal
2024-12-13 15:00:00,11.8,64,1018.3,0,normal,0,0.03656698198636743,0,0,0,0,normal,0,normal
2024-12-13 16:00:00,11.1,64,1018.7,0,normal,0,0.06882253702307961,0,0,0,0,normal,0,normal
2024-12-13 17:00:00,10.4,65,1018.7,0,normal,0,0.08122808962913902,0,0,0,0,normal,0,normal
2024-12-13 18:00:00,9.7,66,1018.6,0,normal,0,0.07469754221447378,0,0,0,0,normal,0,normal
2024-12-13 19:00:00,9.0,68,1018.4,0,normal,0,0.07045778197411812,0,0,0,0,normal,0,normal
2024-12-13 20:00:00,8.8,70,1017.7,0,normal,0,0.062005563946546494,0,0,0,0,normal,0,normal
2024-12-13 21:00:00,8.1,71,1017.3,0,normal,0,0.07467230275977715,0,0,0,0,normal,0,normal
2024-12-13 22:00:00,7.6,72,1016.8,0,normal,0,0.07320710214755805,0,0,0,0,normal,0,normal
2024-12-13 23:00:00,7.1,73,1016.8,0,normal,0,0.057002195992249205,0,0,0,0,normal,0,normal
2024-12-14 00:00:00,6.7,73,1017.1,0,normal,0,0.059303694918563854,0,0,0,0,normal,0,normal
2024-12-14 01:00:00,6.3,77,1017.9,0,normal,0,0.0554841458876566,0,0,0,0,normal,0,normal
2024-12-14 02:00:00,6.2,75,1018.3,0,normal,0,0.06943877136367532,0,0,0,0,normal,0,normal
2024-12-14 03:00:00,10.2,67,1018.9,0,normal,0,0.05985713239883711,0,0,0,0,normal,0,normal
2024-12-14 04:00:00,9.8,67,1020.0,0,normal,0,0.070412599986866,0,0,0,0,normal,0,normal
2024-12-14 05:00:00,12.3,58,1019.9,0,normal,0,0.07067405557389844,0,0,0,0,normal,0,normal
2024-12-14 06:00:00,14.5,53,1019.2,0,normal,0,0.08272751558153552,0,0,0,0,normal,0,normal
2024-12-14 07:00:00,16.0,50,1018.3,0,normal,0,0.0865890301411022,0,0,0,0,normal,0,normal
2024-12-14 08:00:00,17.1,47,1017.4,0,normal,0,0.09169222394762178,0,0,0,0,normal,0,normal
2024-12-14 09:00:00,21.4,38,1016.8,0,normal,0,0.07767931988504584,0,0,0,0,normal,0,normal
2024-12-14 10:00:00,17.6,47,1016.8,0,normal,0,0.08343386531711733,0,0,0,0,normal,0,normal
2024-12-14 11:00:00,16.3,54,1016.8,0,normal,0,0.09889249513883958,0,0,0,0,normal,0,normal
2024-12-14 12:00:00,18.0,51,1017.3,0,normal,0,0.09208518073842503,0,0,0,0,normal,0,normal
2024-12-14 13:00:00,12.6,74,1017.9,0,normal,0,0.07336520851506079,0,0,0,0,normal,0,normal
2024-12-14 14:00:00,11.9,78,1018.1,0,normal,0,0.09212628284271512,0,0,0,0,normal,0,normal
2024-12-14 15:00:00,11.3,78,1018.4,0,normal,0,0.10578740438724366,0,0,0,0,normal,0,normal
2024-12-14 16:00:00,10.8,78,1018.6,0,normal,0,0.10292238391361319,0,0,0,0,normal,0,normal
2024-12-14 17:00:00,10.8,75,1019.0,0,normal,0,0.09344708572510319,0,0,0,0,normal,0,normal
2024-12-14 18:00:00,10.1,75,1018.7,0,normal,0,0.09460858237160341,0,0,0,0,normal,0,normal
2024-12-14 19:00:00,9.4,76,1018.4,0,normal,0,0.09371840084846861,0,0,0,0,normal,0,normal
2024-12-14 20:00:00,8.7,77,1018.1,0,normal,0,0.09293097881941792,0,0,0,0,normal,0,normal
2024-12-14 21:00:00,8.2,78,1018.0,0,normal,0,0.0964352708908911,0,0,0,0,normal,0,normal
2024-12-14 22:00:00,8.0,78,1017.7,0,normal,0,0.09064609645620014,0,0,0,0,normal,0,normal
2024-12-14 23:00:00,7.7,79,1017.6,0,normal,0,0.07879046938825035,0,0,0,0,normal,0,normal
2024-12-15 00:00:00,7.3,81,1017.7,0,normal,0,0.07673593280112434,0,0,0,0,normal,0,normal
2024-12-15 01:00:00,7.0,82,1018.6,0,normal,0,0.08076190473155398,0,0,0,0,normal,0,normal
2024-12-15 02:00:00,6.9,82,1019.4,0,normal,0,0.08152304565038088,0,0,0,0,normal,0,normal
2024-12-15 03:00:00,8.8,84,1020.8,0,normal,0,0.07563816284214991,0,0,0,0,normal,0,normal
2024-12-15 04:00:00,10.1,77,1021.2,0,normal,0,0.08291725169469155,0,0,0,0,normal,0,normal
2024-12-15 05:00:00,12.8,68,1021.5,0,normal,0,0.08076194421134425,0,0,0,0,normal,0,normal
2024-12-15 06:00:00,17.0,63,1021.8,0,normal,0,0.0721178418242448,0,0,0,0,normal,0,normal
2024-12-15 07:00:00,17.1,53,1020.3,0,normal,0,0.07665173771517914,0,0,0,0,normal,0,normal
2024-12-15 08:00:00,17.8,51,1019.5,0,normal,0,0.0908154183756778,0,0,0,0,normal,0,normal
2024-12-15 09:00:00,21.6,34,1019.1,0,normal,0,0.06274342024924401,0,0,0,0,normal,0,normal
2024-12-15 10:00:00,18.1,51,1018.4,0,normal,0,0.06723838891767653,0,0,0,0,normal,0,normal
2024-12-15 11:00:00,16.4,66,1018.2,0,normal,0,0.08959575381961848,0,0,0,0,normal,0,normal
2024-12-15 12:00:00,17.6,63,1018.2,0,normal,0,0.09571693768875966,0,0,0,0,normal,0,normal
2024-12-15 13:00:00,12.5,73,1018.8,0,normal,0,0.08197808081038777,0,0,0,0,normal,0,normal
2024-12-15 14:00:00,11.6,75,1019.0,0,normal,0,0.09691018343822794,0,0,0,0,normal,0,normal
2024-12-15 15:00:00,10.7,80,1019.1,0,normal,0,0.10054376513512814,0,0,0,0,normal,0,normal
2024-12-15 16:00:00,10.1,83,1019.3,0,normal,0,0.10398820770789413,0,0,0,0,normal,0,normal
2024-12-15 17:00:00,9.4,86,1019.5,0,normal,0,0.10713234526011878,0,0,0,0,normal,0,normal
2024-12-15 18:00:00,8.6,89,1019.3,0,normal,0,0.10466240797589416,0,0,0,0,normal,0,normal
2024-12-15 19:00:00,7.7,92,1019.0,0,normal,0,0.10343653248358081,0,0,0,0,normal,0,normal
2024-12-15 20:00:00,7.0,95,1018.7,0,normal,0,0.09701671366236653,0,0,0,0,normal,0,normal
2024-12-15 21:00:00,6.6,96,1018.5,0,normal,0,0.10305629323676618,0,0,0,0,normal,0,normal
2024-12-15 22:00:00,6.2,97,1018.3,0,normal,0,0.10038330416483926,0,0,0,0,normal,0,normal
2024-12-15 23:00:00,5.8,94,1018.1,0,normal,0,0.08080506853594788,0,0,0,0,normal,0,normal
2024-12-16 00:00:00,5.3,96,1018.0,0,normal,0,0.08289249123813741,0,0,0,0,normal,0,normal
2024-12-16 01:00:00,4.9,98,1018.6,0,normal,0,0.07570046156890725,0,0,0,0,normal,0,normal
2024-12-16 02:00:00,4.6,98,1019.4,0,normal,0,0.0749307769081165,0,0,0,0,normal,0,normal
2024-12-16 03:00:00,5.2,97,1020.9,0,normal,0,0.06094348452850101,0,0,0,0,normal,0,normal
2024-12-16 04:00:00,6.7,95,1020.6,0,normal,0,0.07123847053733484,0,0,0,0,normal,0,normal
2024-12-16 05:00:00,9.7,89,1021.0,0,normal,0,0.07096097824873743,0,0,0,0,normal,0,normal
2024-12-16 06:00:00,13.1,72,1020.5,0,normal,0,0.06604699153659177,0,0,0,0,normal,0,normal
2024-12-16 07:00:00,15.4,61,1019.2,0,normal,0,0.0810141039308872,0,0,0,0,normal,0,normal
2024-12-16 08:00:00,16.8,53,1017.9,0,normal,0,0.09611144833202961,0,0,0,0,normal,0,normal
2024-12-16 09:00:00,17.1,51,1017.0,0,normal,0,0.10012678810734438,0,0,0,0,normal,0,normal
2024-12-16 10:00:00,16.9,52,1016.7,0,normal,0,0.10135779841818243,0,0,0,0,normal,0,normal
2024-12-16 11:00:00,15.2,69,1016.1,0,normal,0,0.09317835443156736,0,0,0,0,normal,0,normal
2024-12-16 12:00:00,16.2,62,1015.7,0,normal,0,0.09591988536937451,0,0,0,0,normal,0,normal
2024-12-16 13:00:00,11.4,76,1016.2,0,normal,0,0.08433660260901987,0,0,0,0,normal,0,normal
2024-12-16 14:00:00,11.1,83,1016.5,0,normal,0,0.09795323871397793,0,0,0,0,normal,0,normal
2024-12-16 15:00:00,10.0,86,1016.4,0,normal,0,0.10249087271853313,0,0,0,0,normal,0,normal
2024-12-16 16:00:00,9.1,85,1016.6,0,normal,0,0.102056111161476,0,0,0,0,normal,0,normal
2024-12-16 17:00:00,8.3,85,1016.7,0,normal,0,0.10340523805629287,0,0,0,0,normal,0,normal
2024-12-16 18:00:00,7.6,85,1016.7,0,normal,0,0.10119192462995352,0,0,0,0,normal,0,normal
2024-12-16 19:00:00,7.2,88,1016.2,0,normal,0,0.09208374720537177,0,0,0,0,normal,0,normal
2024-12-16 20:00:00,6.5,90,1015.6,0,normal,0,0.08854210993255768,0,0,0,0,normal,0,normal
2024-12-16 21:00:00,5.8,93,1015.3,0,normal,0,0.08886720716713203,0,0,0,0,normal,0,normal
2024-12-16 22:00:00,5.4,93,1015.1,0,normal,0,0.08679401958343097,0,0,0,0,normal,0,normal
2024-12-16 23:00:00,5.3,92,1014.9,0,normal,0,0.07629357374781914,0,0,0,0,normal,0,normal
2024-12-17 00:00:00,5.1,91,1015.1,0,normal,0,0.07473851164417727,0,0,0,0,normal,0,normal
2024-12-17 01:00:00,4.6,92,1015.4,0,normal,0,0.08113272059604304,0,0,0,0,normal,0,normal
2024-12-17 02:00:00,4.4,92,1016.4,0,normal,0,0.07778854154162385,0,0,0,0,normal,0,normal
2024-12-17 03:00:00,6.0,100,1018.4,0,normal,0,0.029286247124156395,0,0,0,0,normal,0,normal
2024-12-17 04:00:00,8.9,80,1018.3,0,normal,0,0.0610462194272976,0,0,0,0,normal,0,normal
2024-12-17 05:00:00,11.6,71,1019.0,0,normal,0,0.08256876102954247,0,0,0,0,normal,0,normal
2024-12-17 06:00:00,17.4,61,1018.2,0,normal,0,0.07281407279616642,0,0,0,0,normal,0,normal
2024-12-17 07:00:00,16.3,54,1017.8,0,normal,0,0.09457696860421849,0,0,0,0,normal,0,normal
2024-12-17 08:00:00,17.4,46,1017.0,0,normal,0,0.09736892123228119,0,0,0,0,normal,0,normal
2024-12-17 09:00:00,21.2,54,1016.0,0,normal,0,0.07840193441864557,0,0,0,0,normal,0,normal
2024-12-17 10:00:00,17.8,48,1016.2,0,normal,0,0.09282423492525566,0,0,0,0,normal,0,normal
2024-12-17 11:00:00,16.2,64,1016.1,0,normal,0,0.09692729926612337,0,0,0,0,normal,0,normal
2024-12-17 12:00:00,16.6,72,1015.7,0,normal,0,0.10072373683121172,0,0,0,0,normal,0,normal
2024-12-17 13:00:00,11.9,77,1016.5,0,normal,0,0.089315350406031,0,0,0,0,normal,0,normal
2024-12-17 14:00:00,10.6,82,1016.8,0,normal,0,0.09682136892033794,0,0,0,0,normal,0,normal
2024-12-17 15:00:00,10.6,81,1017.0,0,normal,0,0.10551734898748688,0,0,0,0,normal,0,normal
2024-12-17 16:00:00,10.2,80,1017.4,0,normal,0,0.10110030795579339,0,0,0,0,normal,0,normal
2024-12-17 17:00:00,9.4,82,1017.5,0,normal,0,0.1070173003920733,0,0,0,0,normal,0,normal
2024-12-17 18:00:00,8.5,84,1017.8,0,normal,0,0.10326502389599024,0,0,0,0,normal,0,normal
2024-12-17 19:00:00,8.2,84,1017.6,0,normal,0,0.1045774828126651,0,0,0,0,normal,0,normal
2024-12-17 20:00:00,8.2,86,1016.7,0,normal,0,0.08528258354516388,0,0,0,0,normal,0,normal
2024-12-17 21:00:00,7.7,87,1016.6,0,normal,0,0.10221988530023646,0,0,0,0,normal,0,normal
2024-12-17 22:00:00,7.3,87,1016.3,0,normal,0,0.10122496112542512,0,0,0,0,normal,0,normal
2024-12-17 23:00:00,6.8,88,1015.9,0,normal,0,0.09124350465330178,0,0,0,0,normal,0,normal
2024-12-18 00:00:00,6.4,88,1016.1,0,normal,0,0.09575510258229131,0,0,0,0,normal,0,normal
2024-12-18 01:00:00,5.8,92,1016.9,0,normal,0,0.07887657984683483,0,0,0,0,normal,0,normal
2024-12-18 02:00:00,5.4,92,1017.1,0,normal,0,0.09587548260979156,0,0,0,0,normal,0,normal
2024-12-18 03:00:00,7.0,87,1017.4,0,normal,0,0.08750276213116065,0,0,0,0,normal,0,normal
2024-12-18 04:00:00,10.0,79,1017.8,0,normal,0,0.08418466110030659,0,0,0,0,normal,0,normal
2024-12-18 05:00:00,13.1,68,1018.1,0,normal,0,0.09216553805934385,0,0,0,0,normal,0,normal
2024-12-18 06:00:00,20.2,48,1016.6,0,normal,0,0.03957260524943251,0,0,0,0,normal,0,normal
2024-12-18 07:00:00,17.4,53,1016.0,0,normal,0,0.08278285320778017,0,0,0,0,normal,0,normal
2024-12-18 08:00:00,18.4,49,1015.0,0,normal,0,0.1024020836641451,0,0,0,0,normal,0,normal
2024-12-18 09:00:00,18.9,49,1014.3,0,normal,0,0.10130324600851454,0,0,0,0,normal,0,normal
2024-12-18 10:00:00,18.6,50,1013.8,0,normal,0,0.10355798096272173,0,0,0,0,normal,0,normal
2024-12-18 11:00:00,17.1,64,1013.7,0,normal,0,0.10112761029493739,0,0,0,0,normal,0,normal
2024-12-18 12:00:00,13.7,73,1013.8,0,normal,0,0.09396229132698086,0,0,0,0,normal,0,normal
2024-12-18 13:00:00,12.8,75,1014.4,0,normal,0,0.09672877307201572,0,0,0,0,normal,0,normal
2024-12-18 14:00:00,12.0,78,1014.6,0,normal,0,0.1056720216813502,0,0,0,0,normal,0,normal
2024-12-18 15:00:00,11.2,81,1014.5,0,normal,0,0.10655192455607237,0,0,0,0,normal,0,normal
2024-12-18 16:00:00,10.6,82,1014.6,0,normal,0,0.10672248003615598,0,0,0,0,normal,0,normal
2024-12-18 17:00:00,10.2,85,1014.9,0,normal,0,0.10890429417290709,0,0,0,0,normal,0,normal
2024-12-18 18:00:00,9.3,88,1014.7,0,normal,0,0.10484438346614922,0,0,0,0,normal,0,normal
2024-12-18 19:00:00,8.9,89,1014.4,0,normal,0,0.10957417055685048,0,0,0,0,normal,0,normal
2024-12-18 20:00:00,8.2,91,1014.5,0,normal,0,0.10635903829225823,0,0,0,0,normal,0,normal
2024-12-18 21:00:00,7.5,92,1014.5,0,normal,0,0.10466971155528404,0,0,0,0,normal,0,normal
2024-12-18 22:00:00,7.2,93,1014.1,0,normal,0,0.10017111314846944,0,0,0,0,normal,0,normal
2024-12-18 23:00:00,6.8,93,1014.2,0,normal,0,0.09494970323269786,0,0,0,0,normal,0,normal
2024-12-19 00:00:00,5.9,96,1014.7,0,normal,0,0.07823786973346614,0,0,0,0,normal,0,normal
2024-12-19 01:00:00,5.5,97,1015.6,0,normal,0,0.08106463290224836,0,0,0,0,normal,0,normal
2024-12-19 02:00:00,5.6,97,1016.2,0,normal,0,0.08779002300785399,0,0,0,0,normal,0,normal
2024-12-19 03:00:00,7.8,100,1018.0,0,normal,0,0.0664115002721955,0,0,0,0,normal,0,normal
2024-12-19 04:00:00,9.3,94,1018.0,0,normal,0,0.0848181863321727,0,0,0,0,normal,0,normal
2024-12-19 05:00:00,12.2,85,1018.8,0,normal,0,0.08950505528123942,0,0,0,0,normal,0,normal
2024-12-19 06:00:00,17.2,66,1018.1,0,normal,0,0.07558294046934932,0,0,0,0,normal,0,normal
2024-12-19 07:00:00,17.3,66,1017.3,0,normal,0,0.09825975840181,0,0,0,0,normal,0,normal
2024-12-19 08:00:00,17.7,57,1016.5,0,normal,0,0.10020945638120665,0,0,0,0,normal,0,normal
2024-12-19 09:00:00,19.4,62,1015.5,0,normal,0,0.10171282176675012,0,0,0,0,normal,0,normal
2024-12-19 10:00:00,17.7,52,1015.2,0,normal,0,0.10085268983178408,0,0,0,0,normal,0,normal
2024-12-19 11:00:00,16.5,65,1014.9,0,normal,0,0.10394039114935011,0,0,0,0,normal,0,normal
2024-12-19 12:00:00,16.6,77,1014.6,0,normal,0,0.09952914141635999,0,0,0,0,normal,0,normal
2024-12-19 13:00:00,13.0,72,1015.6,0,normal,0,0.08600111886258577,0,0,0,0,normal,0,normal
2024-12-19 14:00:00,11.8,75,1016.0,0,normal,0,0.10018159260951148,0,0,0,0,normal,0,normal
2024-12-19 15:00:00,10.7,81,1016.4,0,normal,0,0.10513700707447743,0,0,0,0,normal,0,normal
2024-12-19 16:00:00,9.7,87,1016.6,0,normal,0,0.10321082706071144,0,0,0,0,normal,0,normal
2024-12-19 17:00:00,9.0,90,1017.0,0,normal,0,0.10595398829620134,0,0,0,0,normal,0,normal
2024-12-19 18:00:00,8.9,91,1017.1,0,normal,0,0.11112445285156697,0,0,0,0,normal,0,normal
2024-12-19 19:00:00,8.6,92,1017.2,0,normal,0,0.11425855267918256,0,0,0,0,normal,0,normal
2024-12-19 20:00:00,8.1,93,1017.0,0,normal,0,0.11149311108889337,0,0,0,0,normal,0,normal
2024-12-19 21:00:00,7.3,95,1017.1,0,normal,0,0.10416570413275533,0,0,0,0,normal,0,normal
2024-12-19 22:00:00,7.0,96,1017.1,0,normal,0,0.10204805749783574,0,0,0,0,normal,0,normal
2024-12-19 23:00:00,6.7,95,1016.3,0,normal,0,0.08602266897651373,0,0,0,0,normal,0,normal
2024-12-20 00:00:00,6.4,95,1016.3,0,normal,0,0.09817604937912072,0,0,0,0,normal,0,normal
2024-12-20 01:00:00,6.2,95,1017.0,0,normal,0,0.09540094861330128,0,0,0,0,normal,0,normal
2024-12-20 02:00:00,6.1,95,1017.8,0,normal,0,0.09457212003757509,0,0,0,0,normal,0,normal
2024-12-20 03:00:00,8.0,100,1018.8,0,normal,0,0.07757281447318942,0,0,0,0,normal,0,normal
2024-12-20 04:00:00,11.6,83,1018.9,0,normal,0,0.0774070223699414,0,0,0,0,normal,0,normal
2024-12-20 05:00:00,15.2,73,1019.3,0,normal,0,0.0910191341960569,0,0,0,0,normal,0,normal
2024-12-20 06:00:00,18.0,60,1018.3,0,normal,0,0.0942076099172478,0,0,0,0,normal,0,normal
2024-12-20 07:00:00,19.0,55,1017.4,0,normal,0,0.10303982169618986,0,0,0,0,normal,0,normal
2024-12-20 08:00:00,19.7,50,1016.3,0,normal,0,0.10889672670334366,0,0,0,0,normal,0,normal
2024-12-20 09:00:00,21.6,49,1014.9,0,normal,0,0.09711046209468804,0,0,0,0,normal,0,normal
2024-12-20 10:00:00,19.8,50,1014.8,0,normal,0,0.10507555995058765,0,0,0,0,normal,0,normal
2024-12-20 11:00:00,18.4,59,1014.5,0,normal,0,0.10807112380711859,0,0,0,0,normal,0,normal
2024-12-20 12:00:00,18.6,66,1014.2,0,normal,0,0.10886616116174386,0,0,0,0,normal,0,normal
2024-12-20 13:00:00,14.8,73,1015.0,0,normal,0,0.09767066546235403,0,0,0,0,normal,0,normal
2024-12-20 14:00:00,13.9,73,1015.4,0,normal,0,0.10550604124932683,0,0,0,0,normal,0,normal
2024-12-20 15:00:00,13.0,75,1015.6,0,normal,0,0.10922197582234755,0,0,0,0,normal,0,normal
2024-12-20 16:00:00,12.1,77,1015.8,0,normal,0,0.10932030892059019,0,0,0,0,normal,0,normal
2024-12-20 17:00:00,11.1,80,1015.9,0,normal,0,0.11084923123864687,0,0,0,0,normal,0,normal
2024-12-20 18:00:00,10.4,82,1015.7,0,normal,0,0.10762242962503965,0,0,0,0,normal,0,normal
2024-12-20 19:00:00,10.0,5,1015.9,1,humidity_drop,1,-0.09819631423426878,0,0,0,0,normal,1,isolation_forest_anomaly
2024-12-20 20:00:00,9.5,88,1015.6,0,normal,1,-0.1444449463950157,0,0,0,0,normal,1,isolation_forest_anomaly
2024-12-20 21:00:00,9.1,88,1015.7,0,normal,0,0.008895100064167882,0,0,0,0,normal,0,normal
2024-12-20 22:00:00,8.5,88,1015.4,0,normal,0,0.10515955695683576,0,0,0,0,normal,0,normal
2024-12-20 23:00:00,7.9,89,1015.3,0,normal,0,0.10204205791090576,0,0,0,0,normal,0,normal
2024-12-21 00:00:00,7.4,90,1015.3,0,normal,0,0.10187824727223493,0,0,0,0,normal,0,normal
2024-12-21 01:00:00,7.3,90,1015.9,0,normal,0,0.10380745246869477,0,0,0,0,normal,0,normal
2024-12-21 02:00:00,7.1,91,1016.6,0,normal,0,0.10179995967318944,0,0,0,0,normal,0,normal
2024-12-21 03:00:00,7.2,100,1017.9,0,normal,0,0.06455888393488601,0,0,0,0,normal,0,normal
2024-12-21 04:00:00,10.8,81,1018.0,0,normal,0,0.0729933787274461,0,0,0,0,normal,0,normal
2024-12-21 05:00:00,13.7,71,1018.1,0,normal,0,0.09054281691467497,0,0,0,0,normal,0,normal
2024-12-21 06:00:00,18.2,54,1017.2,0,normal,0,0.07970203457880315,0,0,0,0,normal,0,normal
2024-12-21 07:00:00,17.7,57,1017.0,0,normal,0,0.10115768724511387,0,0,0,0,normal,0,normal
2024-12-21 08:00:00,18.6,51,1016.3,0,normal,0,0.1073435303818579,0,0,0,0,normal,0,normal
2024-12-21 09:00:00,21.4,50,1014.9,0,normal,0,0.09327855404887658,0,0,0,0,normal,0,normal
2024-12-21 10:00:00,18.4,48,1015.1,0,normal,0,0.09833181669781271,0,0,0,0,normal,0,normal
2024-12-21 11:00:00,17.0,57,1015.1,0,normal,0,0.10392133468712939,0,0,0,0,normal,0,normal
2024-12-21 12:00:00,18.6,64,1014.8,0,normal,0,0.0989652586832705,0,0,0,0,normal,0,normal
2024-12-21 13:00:00,13.7,68,1015.9,0,normal,0,0.08784099899666864,0,0,0,0,normal,0,normal
2024-12-21 14:00:00,12.6,74,1016.2,0,normal,0,0.09950829824387636,0,0,0,0,normal,0,normal
2024-12-21 15:00:00,11.6,80,1016.6,0,normal,0,0.1089424582348989,0,0,0,0,normal,0,normal
2024-12-21 16:00:00,10.7,83,1017.2,0,normal,0,0.10736830558856864,0,0,0,0,normal,0,normal
2024-12-21 17:00:00,9.6,86,1017.4,0,normal,0,0.10803113105447332,0,0,0,0,normal,0,normal
2024-12-21 18:00:00,9.2,88,1017.1,0,normal,0,0.10718938158816244,0,0,0,0,normal,0,normal
2024-12-21 19:00:00,8.8,89,1016.7,0,normal,0,0.11057906108033483,0,0,0,0,normal,0,normal
2024-12-21 20:00:00,9.1,91,1016.0,0,normal,0,0.09604538263387052,0,0,0,0,normal,0,normal
2024-12-21 21:00:00,8.7,92,1015.7,0,normal,0,0.11254419728317644,0,0,0,0,normal,0,normal
2024-12-21 22:00:00,8.6,92,1015.3,0,normal,0,0.1116686673567393,0,0,0,0,normal,0,normal
2024-12-21 23:00:00,8.5,92,1014.9,0,normal,0,0.10056933018161246,0,0,0,0,normal,0,normal
2024-12-22 00:00:00,8.2,92,1014.9,0,normal,0,0.10486381603456457,0,0,0,0,normal,0,normal
2024-12-22 01:00:00,7.6,93,1015.9,0,normal,0,0.10377700095933251,0,0,0,0,normal,0,normal
2024-12-22 02:00:00,7.1,94,1016.4,0,normal,0,0.10502698605727118,0,0,0,0,normal,0,normal
2024-12-22 03:00:00,7.4,100,1017.8,0,normal,0,0.07789704852703072,0,0,0,0,normal,0,normal
2024-12-22 04:00:00,11.3,81,1017.5,0,normal,0,0.07049317338110739,0,0,0,0,normal,0,normal
2024-12-22 05:00:00,14.4,68,1017.8,0,normal,0,0.09086265388344489,0,0,0,0,normal,0,normal
2024-12-22 06:00:00,18.0,56,1017.6,0,normal,0,0.09062224711162709,0,0,0,0,normal,0,normal
2024-12-22 07:00:00,17.9,51,1016.6,0,normal,0,0.09987667413352036,0,0,0,0,normal,0,normal
2024-12-22 08:00:00,18.5,48,1015.7,0,normal,0,0.10076534745306898,0,0,0,0,normal,0,normal
2024-12-22 09:00:00,20.2,54,1014.7,0,normal,0,0.09645157618712713,0,0,0,0,normal,0,normal
2024-12-22 10:00:00,18.4,49,1014.1,0,normal,0,0.10460487043965977,0,0,0,0,normal,0,normal
2024-12-22 11:00:00,17.2,64,1014.3,0,normal,0,0.09920086471526207,0,0,0,0,normal,0,normal
2024-12-22 12:00:00,16.6,72,1014.2,0,normal,0,0.10618294290093294,0,0,0,0,normal,0,normal
2024-12-22 13:00:00,12.9,75,1014.8,0,normal,0,0.09394770846096356,0,0,0,0,normal,0,normal
2024-12-22 14:00:00,12.2,76,1015.2,0,normal,0,0.10324505145295632,0,0,0,0,normal,0,normal
2024-12-22 15:00:00,11.5,80,1015.5,0,normal,0,0.11032510090883546,0,0,0,0,normal,0,normal
2024-12-22 16:00:00,11.0,81,1015.7,0,normal,0,0.10981977262821291,0,0,0,0,normal,0,normal
2024-12-22 17:00:00,10.3,85,1016.0,0,normal,0,0.10916454452338381,0,0,0,0,normal,0,normal
2024-12-22 18:00:00,10.1,82,1015.4,0,normal,0,0.09657186432930637,0,0,0,0,normal,0,normal
2024-12-22 19:00:00,9.9,81,1014.7,0,normal,0,0.09518277695983873,0,0,0,0,normal,0,normal
2024-12-22 20:00:00,9.4,82,1014.5,0,normal,0,0.1013387655748123,0,0,0,0,normal,0,normal
2024-12-22 21:00:00,8.1,88,1014.7,0,normal,0,0.09169564711643524,0,0,0,0,normal,0,normal
2024-12-22 22:00:00,9.5,83,1014.8,0,normal,0,0.07110860275189324,0,0,0,0,normal,0,normal
2024-12-22 23:00:00,9.9,82,1014.8,0,normal,0,0.08817124256816633,0,0,0,0,normal,0,normal
2024-12-23 00:00:00,9.3,87,1015.0,0,normal,0,0.08651458924133915,0,0,0,0,normal,0,normal
2024-12-23 01:00:00,9.9,86,1015.4,0,normal,0,0.09937908146357172,0,0,0,0,normal,0,normal
2024-12-23 02:00:00,9.8,87,1017.0,0,normal,0,0.09799052622378046,0,0,0,0,normal,0,normal
2024-12-23 03:00:00,10.4,95,1018.9,0,normal,0,0.07423674379899325,0,0,0,0,normal,0,normal
2024-12-23 04:00:00,10.1,87,1018.9,0,normal,0,0.09472685343071024,0,0,0,0,normal,0,normal
2024-12-23 05:00:00,10.5,93,1019.7,0,normal,0,0.0829578044253968,0,0,0,0,normal,0,normal
2024-12-23 06:00:00,11.5,91,1019.2,0,normal,0,0.09198151098490137,0,0,0,0,normal,0,normal
2024-12-23 07:00:00,11.9,89,1018.9,0,normal,0,0.0868450062910428,0,0,0,0,normal,0,normal
2024-12-23 08:00:00,13.9,80,1017.6,0,normal,0,0.07700784824683815,0,0,0,0,normal,0,normal
2024-12-23 09:00:00,14.4,82,1018.2,0,normal,0,0.09107824144570598,0,0,0,0,normal,0,normal
2024-12-23 10:00:00,13.2,80,1016.8,0,normal,0,0.08065733282704701,0,0,0,0,normal,0,normal
2024-12-23 11:00:00,13.0,82,1016.7,0,normal,0,0.0918202622053485,0,0,0,0,normal,0,normal
2024-12-23 12:00:00,12.6,91,1017.2,0,normal,0,0.08888216102299695,0,0,0,0,normal,0,normal
2024-12-23 13:00:00,10.6,91,1017.1,0,normal,0,0.085739222319343,0,0,0,0,normal,0,normal
2024-12-23 14:00:00,10.1,92,1017.4,0,normal,0,0.09420582754863427,0,0,0,0,normal,0,normal
2024-12-23 15:00:00,10.1,93,1017.7,0,normal,0,0.10263047295487115,0,0,0,0,normal,0,normal
2024-12-23 16:00:00,10.6,90,1017.7,0,normal,0,0.09479220031177188,0,0,0,0,normal,0,normal
2024-12-23 17:00:00,10.6,89,1017.8,0,normal,0,0.1096747325250193,0,0,0,0,normal,0,normal
2024-12-23 18:00:00,8.9,92,1017.8,0,normal,0,0.0999775841171216,0,0,0,0,normal,0,normal
2024-12-23 19:00:00,9.6,90,1017.8,0,normal,0,0.09787369547261732,0,0,0,0,normal,0,normal
2024-12-23 20:00:00,10.0,89,1017.5,0,normal,0,0.10897175656241653,0,0,0,0,normal,0,normal
2024-12-23 21:00:00,9.5,91,1017.5,0,normal,0,0.11195767408874663,0,0,0,0,normal,0,normal
2024-12-23 22:00:00,9.2,92,1017.2,0,normal,0,0.11487364129008576,0,0,0,0,normal,0,normal
2024-12-23 23:00:00,7.9,89,1017.0,0,normal,0,0.09050944439832659,0,0,0,0,normal,0,normal
2024-12-24 00:00:00,7.2,90,1017.0,0,normal,0,0.09654678998422161,0,0,0,0,normal,0,normal
2024-12-24 01:00:00,6.8,91,1017.2,0,normal,0,0.10488217024201746,0,0,0,0,normal,0,normal
2024-12-24 02:00:00,6.6,92,1017.9,0,normal,0,0.1058125937196348,0,0,0,0,normal,0,normal
2024-12-24 03:00:00,9.4,95,1018.6,0,normal,0,0.09290718943535403,0,0,0,0,normal,0,normal
2024-12-24 04:00:00,11.2,83,1018.4,0,normal,0,0.09575498640382069,0,0,0,0,normal,0,normal
2024-12-24 05:00:00,13.7,73,1018.9,0,normal,0,0.09699843829597327,0,0,0,0,normal,0,normal
2024-12-24 06:00:00,17.2,65,1018.9,0,normal,0,0.09781711910406188,0,0,0,0,normal,0,normal
2024-12-24 07:00:00,17.3,60,1017.8,0,normal,0,0.0994966512374244,0,0,0,0,normal,0,normal
2024-12-24 08:00:00,18.2,56,1016.8,0,normal,0,0.10589045003292874,0,0,0,0,normal,0,normal
2024-12-24 09:00:00,20.0,57,1016.9,0,normal,0,0.10155729067437524,0,0,0,0,normal,0,normal
2024-12-24 10:00:00,19.0,50,1016.3,0,normal,0,0.1044993516240118,0,0,0,0,normal,0,normal
2024-12-24 11:00:00,17.8,61,1016.3,0,normal,0,0.10696320794928166,0,0,0,0,normal,0,normal
2024-12-24 12:00:00,17.0,76,1017.0,0,normal,0,0.09974116672052341,0,0,0,0,normal,0,normal
2024-12-24 13:00:00,14.3,74,1017.3,0,normal,0,0.09817732555819658,0,0,0,0,normal,0,normal
2024-12-24 14:00:00,12.2,87,1018.1,0,normal,0,0.09096874928183785,0,0,0,0,normal,0,normal
2024-12-24 15:00:00,11.4,88,1018.6,0,normal,0,0.10379726303232556,0,0,0,0,normal,0,normal
2024-12-24 16:00:00,10.8,89,1018.9,0,normal,0,0.11024999706581956,0,0,0,0,normal,0,normal
2024-12-24 17:00:00,10.2,91,1019.0,0,normal,0,0.11061375306143617,0,0,0,0,normal,0,normal
2024-12-24 18:00:00,10.0,92,1019.3,0,normal,0,0.11105262648976177,0,0,0,0,normal,0,normal
2024-12-24 19:00:00,9.5,93,1019.2,0,normal,0,0.11302425781380959,0,0,0,0,normal,0,normal
2024-12-24 20:00:00,8.9,93,1019.0,0,normal,0,0.1121928933077343,0,0,0,0,normal,0,normal
2024-12-24 21:00:00,8.4,93,1018.9,0,normal,0,0.11254106855999574,0,0,0,0,normal,0,normal
2024-12-24 22:00:00,8.0,93,1018.8,0,normal,0,0.10759672623634114,0,0,0,0,normal,0,normal
2024-12-24 23:00:00,7.5,94,1018.4,0,normal,0,0.10015759830399995,0,0,0,0,normal,0,normal
2024-12-25 00:00:00,7.1,94,1018.6,0,normal,0,0.10218639595222706,0,0,0,0,normal,0,normal
2024-12-25 01:00:00,6.9,93,1019.0,0,normal,0,0.10426503308899482,0,0,0,0,normal,0,normal
2024-12-25 02:00:00,6.7,92,1019.6,0,normal,0,0.10274407802404872,0,0,0,0,normal,0,normal
2024-12-25 03:00:00,8.4,100,1020.4,0,normal,0,0.07233643474124979,0,0,0,0,normal,0,normal
2024-12-25 04:00:00,11.2,83,1020.8,0,normal,0,0.07874094376544832,0,0,0,0,normal,0,normal
2024-12-25 05:00:00,14.4,74,1020.9,0,normal,0,0.08451522756184043,0,0,0,0,normal,0,normal
2024-12-25 06:00:00,16.6,66,1020.5,0,normal,0,0.08986439300407745,0,0,0,0,normal,0,normal
2024-12-25 07:00:00,18.2,61,1019.7,0,normal,0,0.0944422733175499,0,0,0,0,normal,0,normal
2024-12-25 08:00:00,19.2,58,1018.8,0,normal,0,0.10052837808290499,0,0,0,0,normal,0,normal
2024-12-25 09:00:00,21.2,56,1017.7,0,normal,0,0.10052938614969376,0,0,0,0,normal,0,normal
2024-12-25 10:00:00,19.3,53,1018.0,0,normal,0,0.10179880482884324,0,0,0,0,normal,0,normal
2024-12-25 11:00:00,18.0,61,1018.0,0,normal,0,0.10717159853405611,0,0,0,0,normal,0,normal
2024-12-25 12:00:00,18.6,68,1017.8,0,normal,0,0.09971408992427044,0,0,0,0,normal,0,normal
2024-12-25 13:00:00,14.5,78,1018.9,0,normal,0,0.08565558525146799,0,0,0,0,normal,0,normal
2024-12-25 14:00:00,13.4,81,1019.5,0,normal,0,0.09786204443435337,0,0,0,0,normal,0,normal
2024-12-25 15:00:00,13.0,82,1020.4,0,normal,0,0.09340471332170686,0,0,0,0,normal,0,normal
2024-12-25 16:00:00,12.2,83,1020.8,0,normal,0,0.0971146202952497,0,0,0,0,normal,0,normal
2024-12-25 17:00:00,11.4,84,1021.0,0,normal,0,0.0992480611244217,0,0,0,0,normal,0,normal
2024-12-25 18:00:00,10.7,85,1020.9,0,normal,0,0.09862821306310732,0,0,0,0,normal,0,normal
2024-12-25 19:00:00,10.2,86,1020.8,0,normal,0,0.1020813551324789,0,0,0,0,normal,0,normal
2024-12-25 20:00:00,10.1,90,1020.0,0,normal,0,0.08460562038494401,0,0,0,0,normal,0,normal
2024-12-25 21:00:00,9.7,90,1019.8,0,normal,0,0.10376349306395194,0,0,0,0,normal,0,normal
2024-12-25 22:00:00,9.3,90,1019.8,0,normal,0,0.10229179755332074,0,0,0,0,normal,0,normal
2024-12-25 23:00:00,8.8,91,1019.7,0,normal,0,0.09682996616563883,0,0,0,0,normal,0,normal
2024-12-26 00:00:00,8.0,92,1039.1638686144008,1,pressure_spike,1,-0.1192335548174519,0,0,0,0,normal,1,isolation_forest_anomaly
2024-12-26 01:00:00,7.3,93,1020.9,0,normal,1,-0.11398478255427269,0,0,0,0,normal,1,isolation_forest_anomaly
2024-12-26 02:00:00,6.8,94,1021.9,0,normal,1,-0.01697497152652283,0,0,0,0,normal,1,isolation_forest_anomaly
2024-12-26 03:00:00,8.0,93,1022.4,0,normal,0,0.08020685680929274,0,0,0,0,normal,0,normal
2024-12-26 04:00:00,10.6,87,1023.3,0,normal,0,0.06879700945522144,0,0,0,0,normal,0,normal
2024-12-26 05:00:00,13.4,75,1023.6,0,normal,0,0.06556906955393876,0,0,0,0,normal,0,normal
2024-12-26 06:00:00,16.4,75,1023.0,0,normal,0,0.05569897588773148,0,0,0,0,normal,0,normal
2024-12-26 07:00:00,17.4,61,1022.1,0,normal,0,0.06155948608760836,0,0,0,0,normal,0,normal
2024-12-26 08:00:00,18.6,57,1021.0,0,normal,0,0.0792997946886353,0,0,0,0,normal,0,normal
2024-12-26 09:00:00,22.0,57,1020.0,0,normal,0,0.07635910377763855,0,0,0,0,normal,0,normal
2024-12-26 10:00:00,19.1,54,1019.8,0,normal,0,0.08126765330681679,0,0,0,0,normal,0,normal
2024-12-26 11:00:00,18.0,69,1019.8,0,normal,0,0.08946115411582539,0,0,0,0,normal,0,normal
2024-12-26 12:00:00,19.2,70,1019.6,0,normal,0,0.08694964390123289,0,0,0,0,normal,0,normal
2024-12-26 13:00:00,14.0,80,1020.0,0,normal,0,0.07373604044311488,0,0,0,0,normal,0,normal
2024-12-26 14:00:00,13.1,81,1020.3,0,normal,0,0.08877274708435767,0,0,0,0,normal,0,normal
2024-12-26 15:00:00,12.3,84,1020.4,0,normal,0,0.09951447597933144,0,0,0,0,normal,0,normal
2024-12-26 16:00:00,11.8,89,1020.7,0,normal,0,0.09720763686484146,0,0,0,0,normal,0,normal
2024-12-26 17:00:00,10.8,93,1020.8,0,normal,0,0.09536701211268517,0,0,0,0,normal,0,normal
2024-12-26 18:00:00,9.9,98,1020.8,0,normal,0,0.08217780090067134,0,0,0,0,normal,0,normal
2024-12-26 19:00:00,9.4,99,1020.6,0,normal,0,0.09369490942613834,0,0,0,0,normal,0,normal
2024-12-26 20:00:00,8.8,100,1020.5,0,normal,0,0.09297472145111124,0,0,0,0,normal,0,normal
2024-12-26 21:00:00,8.1,100,1020.1,0,normal,0,0.09052159691214129,0,0,0,0,normal,0,normal
2024-12-26 22:00:00,8.3,99,1019.6,0,normal,0,0.09009256879553079,0,0,0,0,normal,0,normal
2024-12-26 23:00:00,8.3,99,1019.1,0,normal,0,0.08581115332611361,0,0,0,0,normal,0,normal
2024-12-27 00:00:00,8.7,99,1019.5,0,normal,0,0.08724858364462018,0,0,0,0,normal,0,normal
2024-12-27 01:00:00,8.7,98,1019.6,0,normal,0,0.09682093517593998,0,0,0,0,normal,0,normal
2024-12-27 02:00:00,10.4,91,1019.6,0,normal,0,0.09030584726732283,0,0,0,0,normal,0,normal
2024-12-27 03:00:00,12.0,100,1020.2,0,normal,0,0.07625648639178972,0,0,0,0,normal,0,normal
2024-12-27 04:00:00,11.9,93,1022.2,0,normal,0,0.06454981450966302,0,0,0,0,normal,0,normal
2024-12-27 05:00:00,12.9,91,1022.7,0,normal,0,0.06988595842801631,0,0,0,0,normal,0,normal
2024-12-27 06:00:00,14.5,82,1022.5,0,normal,0,0.07016733397381048,0,0,0,0,normal,0,normal
2024-12-27 07:00:00,15.0,81,1021.4,0,normal,0,0.06847430338893079,0,0,0,0,normal,0,normal
2024-12-27 08:00:00,14.1,92,1020.0,0,normal,0,0.04753842105276862,0,0,0,0,normal,0,normal
2024-12-27 09:00:00,14.6,96,1013.9,0,normal,0,0.011381685604337555,0,0,0,0,normal,0,normal
2024-12-27 10:00:00,15.0,82,1018.7,0,normal,0,0.007629480302253522,0,0,0,0,normal,0,normal
2024-12-27 11:00:00,15.1,81,1018.2,0,normal,0,0.07377061058312095,0,0,0,0,normal,0,normal
2024-12-27 12:00:00,12.6,96,1018.7,0,normal,0,0.06425411334213837,0,0,0,0,normal,0,normal
2024-12-27 13:00:00,13.0,91,1018.7,0,normal,0,0.07948871506703631,0,0,0,0,normal,0,normal
2024-12-27 14:00:00,12.7,93,1018.9,0,normal,0,0.09494507541724656,0,0,0,0,normal,0,normal
2024-12-27 15:00:00,12.3,95,1019.1,0,normal,0,0.09923843382914649,0,0,0,0,normal,0,normal
2024-12-27 16:00:00,12.3,95,1019.3,0,normal,0,0.10001294377293951,0,0,0,0,normal,0,normal
2024-12-27 17:00:00,12.1,97,1019.5,0,normal,0,0.10088085267710822,0,0,0,0,normal,0,normal
2024-12-27 18:00:00,12.2,97,1019.7,0,normal,0,0.0984469648796813,0,0,0,0,normal,0,normal
2024-12-27 19:00:00,12.2,97,1019.2,0,normal,0,0.0973320102262149,0,0,0,0,normal,0,normal
2024-12-27 20:00:00,12.2,97,1019.0,0,normal,0,0.09922351713463207,0,0,0,0,normal,0,normal
2024-12-27 21:00:00,12.2,97,1018.6,0,normal,0,0.10186077941180771,0,0,0,0,normal,0,normal
2024-12-27 22:00:00,12.1,96,1018.1,0,normal,0,0.10250255576268724,0,0,0,0,normal,0,normal
2024-12-27 23:00:00,11.5,94,1017.4,0,normal,0,0.08922361433467296,0,0,0,0,normal,0,normal
2024-12-28 00:00:00,11.4,97,1017.8,0,normal,0,0.10364937921284922,0,0,0,0,normal,0,normal
2024-12-28 01:00:00,11.4,96,1018.1,0,normal,0,0.10652161338396848,0,0,0,0,normal,0,normal
2024-12-28 02:00:00,11.5,96,1018.6,0,normal,0,0.10854777822451755,0,0,0,0,normal,0,normal
2024-12-28 03:00:00,13.6,100,1019.7,0,normal,0,0.08147686839279755,0,0,0,0,normal,0,normal
2024-12-28 04:00:00,12.6,95,1020.3,0,normal,0,0.0834466339804194,0,0,0,0,normal,0,normal
2024-12-28 05:00:00,13.8,89,1020.7,0,normal,0,0.09084497647982565,0,0,0,0,normal,0,normal
2024-12-28 06:00:00,14.2,96,1020.9,0,normal,0,0.07363033607068437,0,0,0,0,normal,0,normal
2024-12-28 07:00:00,15.4,82,1019.8,0,normal,0,0.07093459933705992,0,0,0,0,normal,0,normal
2024-12-28 08:00:00,15.7,81,1018.8,0,normal,0,0.08422965699484147,0,0,0,0,normal,0,normal
2024-12-28 09:00:00,15.2,91,1019.4,0,normal,0,0.07891475729341574,0,0,0,0,normal,0,normal
2024-12-28 10:00:00,16.9,74,1018.3,0,normal,0,0.07062100722766373,0,0,0,0,normal,0,normal
2024-12-28 11:00:00,16.2,79,1018.4,0,normal,0,0.09878092219595669,0,0,0,0,normal,0,normal
2024-12-28 12:00:00,13.8,93,1019.4,0,normal,0,0.07387887031595403,0,0,0,0,normal,0,normal
2024-12-28 13:00:00,13.4,89,1019.6,0,normal,0,0.08466961081006014,0,0,0,0,normal,0,normal
2024-12-28 14:00:00,11.4,94,1020.9,0,normal,0,0.06499558797635518,0,0,0,0,normal,0,normal
2024-12-28 15:00:00,10.5,97,1021.6,0,normal,0,0.07695710524106608,0,0,0,0,normal,0,normal
2024-12-28 16:00:00,10.0,99,1021.8,0,normal,0,0.07986490946072222,0,0,0,0,normal,0,normal
2024-12-28 17:00:00,9.5,99,1022.0,0,normal,0,0.07536265728563346,0,0,0,0,normal,0,normal
2024-12-28 18:00:00,9.0,99,1022.1,0,normal,0,0.07192589696336343,0,0,0,0,normal,0,normal
2024-12-28 19:00:00,9.1,99,1021.3,0,normal,0,0.06408317677905068,0,0,0,0,normal,0,normal
2024-12-28 20:00:00,8.7,99,1021.3,0,normal,0,0.07988261527813856,0,0,0,0,normal,0,normal
2024-12-28 21:00:00,8.2,100,1021.2,0,normal,0,0.08500115058938512,0,0,0,0,normal,0,normal
2024-12-28 22:00:00,8.0,100,1021.0,0,normal,0,0.08266753283483369,0,0,0,0,normal,0,normal
2024-12-28 23:00:00,8.4,100,1020.8,0,normal,0,0.07127705296302089,0,0,0,0,normal,0,normal
2024-12-29 00:00:00,8.5,100,1021.3,0,normal,0,0.07013218074772559,0,0,0,0,normal,0,normal
2024-12-29 01:00:00,8.5,100,1021.7,0,normal,0,0.07302133708605024,0,0,0,0,normal,0,normal
2024-12-29 02:00:00,8.8,100,1022.2,0,normal,0,0.07083645612710321,0,0,0,0,normal,0,normal
2024-12-29 03:00:00,10.6,97,1022.6,0,normal,0,0.06843108575230367,0,0,0,0,normal,0,normal
2024-12-29 04:00:00,10.2,97,1022.6,0,normal,0,0.07518347043070855,0,0,0,0,normal,0,normal
2024-12-29 05:00:00,12.6,89,1023.0,0,normal,0,0.06073352166967133,0,0,0,0,normal,0,normal
2024-12-29 06:00:00,13.2,91,1023.2,0,normal,0,0.06214535399266974,0,0,0,0,normal,0,normal
2024-12-29 07:00:00,16.1,78,1021.4,0,normal,0,0.054358647276361416,0,0,0,0,normal,0,normal
2024-12-29 08:00:00,16.9,74,1020.3,0,normal,0,0.07656501776028213,0,0,0,0,normal,0,normal
2024-12-29 09:00:00,15.2,85,1020.6,0,normal,0,0.0775543070358094,0,0,0,0,normal,0,normal
2024-12-29 10:00:00,17.6,70,1019.6,0,normal,0,0.06946421862919949,0,0,0,0,normal,0,normal
2024-12-29 11:00:00,16.8,76,1019.4,0,normal,0,0.09249208052359204,0,0,0,0,normal,0,normal
2024-12-29 12:00:00,13.6,93,1020.1,0,normal,0,0.07055807199294706,0,0,0,0,normal,0,normal
2024-12-29 13:00:00,13.7,89,1019.7,0,normal,0,0.07641599767596896,0,0,0,0,normal,0,normal
2024-12-29 14:00:00,12.8,90,1020.0,0,normal,0,0.09439328800132912,0,0,0,0,normal,0,normal
2024-12-29 15:00:00,11.9,92,1021.1,0,normal,0,0.08160916391789169,0,0,0,0,normal,0,normal
2024-12-29 16:00:00,11.5,92,1021.4,0,normal,0,0.09628968863583037,0,0,0,0,normal,0,normal
2024-12-29 17:00:00,11.2,92,1021.6,0,normal,0,0.09406422404062542,0,0,0,0,normal,0,normal
2024-12-29 18:00:00,10.8,93,1021.5,0,normal,0,0.09590145395574251,0,0,0,0,normal,0,normal
2024-12-29 19:00:00,10.3,94,1021.1,0,normal,0,0.09531897487364316,0,0,0,0,normal,0,normal
2024-12-29 20:00:00,9.7,96,1020.4,0,normal,0,0.0904677935254719,0,0,0,0,normal,0,normal
2024-12-29 21:00:00,9.4,96,1019.8,0,normal,0,0.09878540664961755,0,0,0,0,normal,0,normal
2024-12-29 22:00:00,9.0,96,1019.1,0,normal,0,0.09410492675498233,0,0,0,0,normal,0,normal
2024-12-29 23:00:00,8.5,96,1018.6,0,normal,0,0.09361951723283862,0,0,0,0,normal,0,normal
2024-12-30 00:00:00,8.2,96,1018.5,0,normal,0,0.10067620125189652,0,0,0,0,normal,0,normal
2024-12-30 01:00:00,8.3,98,1019.3,0,normal,0,0.09870337894397307,0,0,0,0,normal,0,normal
2024-12-30 02:00:00,7.9,98,1019.9,0,normal,0,0.10092498257121285,0,0,0,0,normal,0,normal
2024-12-30 03:00:00,9.8,97,1020.9,0,normal,0,0.08901958221139672,0,0,0,0,normal,0,normal
2024-12-30 04:00:00,9.9,95,1020.8,0,normal,0,0.09300977507604347,0,0,0,0,normal,0,normal
2024-12-30 05:00:00,11.8,87,1020.9,0,normal,0,0.0824486700442914,0,0,0,0,normal,0,normal
2024-12-30 06:00:00,13.7,78,1020.7,0,normal,0,0.08520652686069002,0,0,0,0,normal,0,normal
2024-12-30 07:00:00,15.4,70,1019.8,0,normal,0,0.08781287399505944,0,0,0,0,normal,0,normal
2024-12-30 08:00:00,16.4,65,1018.9,0,normal,0,0.09500444215245452,0,0,0,0,normal,0,normal
2024-12-30 09:00:00,13.4,77,1020.2,0,normal,0,0.06944706496560027,0,0,0,0,normal,0,normal
2024-12-30 10:00:00,16.7,63,1017.8,0,normal,0,0.05757211478583746,0,0,0,0,normal,0,normal
2024-12-30 11:00:00,15.9,73,1018.4,0,normal,0,0.09353844055510457,0,0,0,0,normal,0,normal
2024-12-30 12:00:00,12.8,86,1020.0,0,normal,0,0.06842151933738777,0,0,0,0,normal,0,normal
2024-12-30 13:00:00,12.8,86,1018.7,0,normal,0,0.07955527247222638,0,0,0,0,normal,0,normal
2024-12-30 14:00:00,12.2,88,1019.0,0,normal,0,0.09841030989226363,0,0,0,0,normal,0,normal
2024-12-30 15:00:00,11.5,89,1019.3,0,normal,0,0.1066217155545584,0,0,0,0,normal,0,normal
2024-12-30 16:00:00,9.7,92,1020.2,0,normal,0,0.08345236448260757,0,0,0,0,normal,0,normal
2024-12-30 17:00:00,8.9,94,1020.6,0,normal,0,0.09614262358763687,0,0,0,0,normal,0,normal
2024-12-30 18:00:00,8.8,94,1021.2,0,normal,0,0.09108108053307151,0,0,0,0,normal,0,normal
2024-12-30 19:00:00,8.5,94,1021.0,0,normal,0,0.09544431250413632,0,0,0,0,normal,0,normal
2024-12-30 20:00:00,8.0,94,1020.8,0,normal,0,0.09870570161614478,0,0,0,0,normal,0,normal
2024-12-30 21:00:00,6.6,98,1020.7,0,normal,0,0.07517772006471107,0,0,0,0,normal,0,normal
2024-12-30 22:00:00,6.1,100,1020.3,0,normal,0,0.0738277358210015,0,0,0,0,normal,0,normal
2024-12-30 23:00:00,5.6,100,1019.7,0,normal,0,0.06475768929391096,0,0,0,0,normal,0,normal
2024-12-31 00:00:00,5.7,100,1019.7,0,normal,0,0.06349859126904478,0,0,0,0,normal,0,normal
2024-12-31 01:00:00,5.9,100,1020.7,0,normal,0,0.05620163906855308,0,0,0,0,normal,0,normal
2024-12-31 02:00:00,6.3,99,1021.5,0,normal,0,0.06567815361098234,0,0,0,0,normal,0,normal
2024-12-31 03:00:00,8.3,97,1022.7,0,normal,0,0.06278925863183399,0,0,0,0,normal,0,normal
2024-12-31 04:00:00,8.9,97,1023.1,0,normal,0,0.06609926982010178,0,0,0,0,normal,0,normal
2024-12-31 05:00:00,10.1,94,1023.4,0,normal,0,0.05872935929734613,0,0,0,0,normal,0,normal
2024-12-31 06:00:00,11.4,80,1023.5,0,normal,0,0.05499155941162409,0,0,0,0,normal,0,normal
2024-12-31 07:00:00,13.7,80,1021.4,0,normal,0,0.041156806165922044,0,0,0,0,normal,0,normal
2024-12-31 08:00:00,14.9,78,1020.3,0,normal,0,0.06820711565573911,0,0,0,0,normal,0,normal
2024-12-31 09:00:00,12.4,79,1021.3,0,normal,0,0.06470622884489158,0,0,0,0,normal,0,normal
2024-12-31 10:00:00,15.6,76,1019.2,0,normal,0,0.05821395281490599,0,0,0,0,normal,0,normal
2024-12-31 11:00:00,15.0,81,1019.5,0,normal,0,0.08843934600542513,0,0,0,0,normal,0,normal
2024-12-31 12:00:00,11.2,88,1020.5,0,normal,0,0.06998302332772094,0,0,0,0,normal,0,normal
2024-12-31 13:00:00,12.2,91,1019.9,0,normal,0,0.07211609992889889,0,0,0,0,normal,0,normal
2024-12-31 14:00:00,11.8,92,1020.1,0,normal,0,0.09200765433356728,0,0,0,0,normal,0,normal
2024-12-31 15:00:00,10.6,95,1020.2,0,normal,0,0.0919059669939512,0,0,0,0,normal,0,normal
2024-12-31 16:00:00,9.8,98,1020.2,0,normal,0,0.09134187245414371,0,0,0,0,normal,0,normal
2024-12-31 17:00:00,9.1,100,1020.1,0,normal,0,0.08746613972503736,0,0,0,0,normal,0,normal
2024-12-31 18:00:00,8.6,99,1021.2,0,normal,0,0.06344810784184352,0,0,0,0,normal,0,normal
2024-12-31 19:00:00,8.2,99,1020.8,0,normal,0,0.08290932595186978,0,0,0,0,normal,0,normal
2024-12-31 20:00:00,8.3,100,1020.8,0,normal,0,0.08477192489357127,0,0,0,0,normal,0,normal
2024-12-31 21:00:00,8.4,99,1020.5,0,normal,0,0.08511977813972499,0,0,0,0,normal,0,normal
2024-12-31 22:00:00,8.2,100,1019.6,0,normal,0,0.07553632270618255,0,0,0,0,normal,0,normal
2024-12-31 23:00:00,8.2,99,1019.7,0,normal,0,0.08383883856292945,0,0,0,0,normal,0,normal
